{
  "experiment_name": "candidate_q_net_0_neuron_56",
  "coalition_neurons": [
    "q_net.4_neuron_2",
    "q_net.4_neuron_3",
    "q_net.0_neuron_24",
    "q_net.0_neuron_38",
    "q_net.0_neuron_3",
    "q_net.0_neuron_27",
    "q_net.0_neuron_9",
    "q_net.2_neuron_15",
    "q_net.0_neuron_40",
    "q_net.0_neuron_5",
    "q_net.2_neuron_0",
    "q_net.2_neuron_52",
    "q_net.2_neuron_33",
    "q_net.0_neuron_17",
    "q_net.0_neuron_20",
    "q_net.0_neuron_47",
    "q_net.0_neuron_49",
    "q_net.0_neuron_26",
    "q_net.2_neuron_63",
    "q_net.0_neuron_36",
    "q_net.0_neuron_33",
    "q_net.2_neuron_30",
    "q_net.0_neuron_35",
    "q_net.2_neuron_38",
    "q_net.0_neuron_61",
    "q_net.0_neuron_56"
  ],
  "patch_config": {
    "q_net.4": [
      2,
      3
    ],
    "q_net.0": [
      24,
      38,
      3,
      27,
      9,
      40,
      5,
      17,
      20,
      47,
      49,
      26,
      36,
      33,
      35,
      61,
      56
    ],
    "q_net.2": [
      15,
      0,
      52,
      33,
      63,
      30,
      38
    ]
  },
  "noising": {
    "metrics": {
      "mean": 0.5016044241049542,
      "std": 0.5130309564851422,
      "count": 6,
      "values": [
        1.293468973620743,
        0.06968214260191852,
        0.23126999049775732,
        1.1427189971220184,
        0.22142547133360513,
        0.051060969453683436
      ]
    },
    "num_results": 6
  },
  "denoising": {
    "metrics": {
      "mean": 0.2300067970164734,
      "std": 0.21094355978276397,
      "count": 6,
      "values": [
        0.6885222325447568,
        0.09799126665476299,
        0.1892180064431881,
        0.16101836589930063,
        0.19024253166505123,
        0.05304837889178082
      ]
    },
    "num_results": 6
  },
  "target_metric_score": 0.5016044241049542,
  "timestamp": "2025-05-30T17:14:37.760435"
}