{
  "experiment_name": "candidate_q_net_2_neuron_50",
  "coalition_neurons": [
    "q_net.0_neuron_38",
    "q_net.0_neuron_24",
    "q_net.0_neuron_27",
    "q_net.0_neuron_36",
    "q_net.0_neuron_9",
    "q_net.0_neuron_61",
    "q_net.0_neuron_47",
    "q_net.0_neuron_26",
    "q_net.0_neuron_35",
    "q_net.0_neuron_49",
    "q_net.2_neuron_33",
    "q_net.0_neuron_40",
    "q_net.0_neuron_52",
    "q_net.2_neuron_63",
    "q_net.0_neuron_20",
    "q_net.2_neuron_40",
    "q_net.0_neuron_14",
    "q_net.2_neuron_30",
    "q_net.2_neuron_21",
    "q_net.2_neuron_36",
    "q_net.2_neuron_34",
    "q_net.0_neuron_42",
    "q_net.0_neuron_46",
    "q_net.2_neuron_50"
  ],
  "patch_config": {
    "q_net.0": [
      38,
      24,
      27,
      36,
      9,
      61,
      47,
      26,
      35,
      49,
      40,
      52,
      20,
      14,
      42,
      46
    ],
    "q_net.2": [
      33,
      63,
      40,
      30,
      21,
      36,
      34,
      50
    ]
  },
  "noising": {
    "metrics": {
      "mean": 0.3538028611652024,
      "std": 0.41588500725981115,
      "count": 6,
      "values": [
        1.2709962682321558,
        0.10099614769898368,
        0.1595856775363239,
        0.3116511991701826,
        0.16727428580307946,
        0.11231358855048923
      ]
    },
    "num_results": 6
  },
  "denoising": {
    "metrics": {
      "mean": 0.35289667921374845,
      "std": 0.3622652751434411,
      "count": 6,
      "values": [
        1.1446014997902318,
        0.09986167847821292,
        0.13680983196755725,
        0.34603154464885055,
        0.1923910002241348,
        0.19768452017350358
      ]
    },
    "num_results": 6
  },
  "target_metric_score": 0.35334977018947544,
  "timestamp": "2025-05-30T23:16:32.124482"
}