{
  "experiment_name": "candidate_q_net_0_neuron_56",
  "coalition_neurons": [
    "q_net.4_neuron_2",
    "q_net.4_neuron_3",
    "q_net.0_neuron_24",
    "q_net.0_neuron_38",
    "q_net.0_neuron_3",
    "q_net.0_neuron_27",
    "q_net.0_neuron_9",
    "q_net.2_neuron_15",
    "q_net.0_neuron_40",
    "q_net.0_neuron_5",
    "q_net.2_neuron_0",
    "q_net.2_neuron_52",
    "q_net.2_neuron_33",
    "q_net.0_neuron_17",
    "q_net.0_neuron_20",
    "q_net.0_neuron_47",
    "q_net.0_neuron_49",
    "q_net.0_neuron_26",
    "q_net.2_neuron_63",
    "q_net.0_neuron_36",
    "q_net.0_neuron_33",
    "q_net.2_neuron_30",
    "q_net.0_neuron_35",
    "q_net.2_neuron_38",
    "q_net.0_neuron_56"
  ],
  "patch_config": {
    "q_net.4": [
      2,
      3
    ],
    "q_net.0": [
      24,
      38,
      3,
      27,
      9,
      40,
      5,
      17,
      20,
      47,
      49,
      26,
      36,
      33,
      35,
      56
    ],
    "q_net.2": [
      15,
      0,
      52,
      33,
      63,
      30,
      38
    ]
  },
  "noising": {
    "metrics": {
      "mean": 0.5073012557859179,
      "std": 0.5231930943343928,
      "count": 6,
      "values": [
        1.3402271577822162,
        0.07075702082223023,
        0.23119688141922723,
        1.1315553424433364,
        0.22152076372284646,
        0.0485503685256512
      ]
    },
    "num_results": 6
  },
  "denoising": {
    "metrics": {
      "mean": 0.22586831466306764,
      "std": 0.2044374085415734,
      "count": 6,
      "values": [
        0.6694282156788789,
        0.09243111050669617,
        0.18901507427279252,
        0.15929068798532076,
        0.189848296985193,
        0.05519650254952457
      ]
    },
    "num_results": 6
  },
  "target_metric_score": 0.5073012557859179,
  "timestamp": "2025-05-30T17:14:37.572059"
}