{
  "experiment_name": "candidate_q_net_0_neuron_49",
  "coalition_neurons": [
    "q_net.0_neuron_38",
    "q_net.0_neuron_24",
    "q_net.0_neuron_27",
    "q_net.0_neuron_9",
    "q_net.0_neuron_61",
    "q_net.2_neuron_10",
    "q_net.2_neuron_33",
    "q_net.0_neuron_47",
    "q_net.2_neuron_15",
    "q_net.0_neuron_5",
    "q_net.0_neuron_32",
    "q_net.0_neuron_2",
    "q_net.0_neuron_4",
    "q_net.0_neuron_49"
  ],
  "patch_config": {
    "q_net.0": [
      38,
      24,
      27,
      9,
      61,
      47,
      5,
      32,
      2,
      4,
      49
    ],
    "q_net.2": [
      10,
      33,
      15
    ]
  },
  "noising": {
    "metrics": {
      "mean": 0.40622962221937176,
      "std": 0.7028762246524656,
      "count": 6,
      "values": [
        1.970574496198265,
        0.04531260253052327,
        0.06543973688125237,
        0.23400085541551208,
        0.09736381567810226,
        0.024686226612575912
      ]
    },
    "num_results": 6
  },
  "denoising": {
    "metrics": {
      "mean": 0.08143071903017801,
      "std": 0.04755637685055607,
      "count": 6,
      "values": [
        0.14793351704614777,
        0.05418566010190817,
        0.04090214045287621,
        0.1471270253513518,
        0.06283502936441088,
        0.03560094186437324
      ]
    },
    "num_results": 6
  },
  "target_metric_score": 0.40622962221937176,
  "timestamp": "2025-05-30T22:49:10.613814"
}