{
  "experiment_name": "candidate_q_net_2_neuron_63",
  "coalition_neurons": [
    "q_net.4_neuron_2",
    "q_net.4_neuron_3",
    "q_net.0_neuron_24",
    "q_net.0_neuron_38",
    "q_net.0_neuron_3",
    "q_net.0_neuron_27",
    "q_net.0_neuron_9",
    "q_net.2_neuron_15",
    "q_net.0_neuron_40",
    "q_net.0_neuron_5",
    "q_net.2_neuron_0",
    "q_net.2_neuron_63"
  ],
  "patch_config": {
    "q_net.4": [
      2,
      3
    ],
    "q_net.0": [
      24,
      38,
      3,
      27,
      9,
      40,
      5
    ],
    "q_net.2": [
      15,
      0,
      63
    ]
  },
  "noising": {
    "metrics": {
      "mean": 0.5139370339666213,
      "std": 0.5913334824661691,
      "count": 6,
      "values": [
        1.516623932003247,
        0.038011795556537664,
        0.18565930995383928,
        1.145841542366755,
        0.18337088374458044,
        0.01411474017476777
      ]
    },
    "num_results": 6
  },
  "denoising": {
    "metrics": {
      "mean": 0.217010097697391,
      "std": 0.16930854520502103,
      "count": 6,
      "values": [
        0.5830334899527447,
        0.13194124833015408,
        0.15507047841400956,
        0.18713880104349834,
        0.18633664670899586,
        0.05853992173494327
      ]
    },
    "num_results": 6
  },
  "target_metric_score": 0.5139370339666213,
  "timestamp": "2025-05-30T17:14:35.186447"
}