{
  "experiment_name": "candidate_q_net_0_neuron_16",
  "coalition_neurons": [
    "q_net.4_neuron_2",
    "q_net.4_neuron_3",
    "q_net.0_neuron_24",
    "q_net.0_neuron_38",
    "q_net.0_neuron_3",
    "q_net.0_neuron_27",
    "q_net.0_neuron_9",
    "q_net.2_neuron_15",
    "q_net.0_neuron_40",
    "q_net.0_neuron_5",
    "q_net.2_neuron_0",
    "q_net.2_neuron_52",
    "q_net.2_neuron_33",
    "q_net.0_neuron_17",
    "q_net.0_neuron_20",
    "q_net.0_neuron_47",
    "q_net.0_neuron_49",
    "q_net.0_neuron_26",
    "q_net.2_neuron_63",
    "q_net.0_neuron_36",
    "q_net.0_neuron_33",
    "q_net.0_neuron_16"
  ],
  "patch_config": {
    "q_net.4": [
      2,
      3
    ],
    "q_net.0": [
      24,
      38,
      3,
      27,
      9,
      40,
      5,
      17,
      20,
      47,
      49,
      26,
      36,
      33,
      16
    ],
    "q_net.2": [
      15,
      0,
      52,
      33,
      63
    ]
  },
  "noising": {
    "metrics": {
      "mean": 0.48624329417548157,
      "std": 0.5396267285658031,
      "count": 6,
      "values": [
        1.4332526946466286,
        0.06004626201031882,
        0.1867473736641979,
        1.0188673553826146,
        0.1838115523777929,
        0.03473452697133672
      ]
    },
    "num_results": 6
  },
  "denoising": {
    "metrics": {
      "mean": 0.2056191707755969,
      "std": 0.17136066168558026,
      "count": 6,
      "values": [
        0.5799517945251403,
        0.12043450874344519,
        0.15380487519749564,
        0.14187354796523233,
        0.1779474306302513,
        0.059702867592016595
      ]
    },
    "num_results": 6
  },
  "target_metric_score": 0.48624329417548157,
  "timestamp": "2025-05-30T17:14:36.970095"
}