{
  "experiment_name": "candidate_q_net_0_neuron_20",
  "coalition_neurons": [
    "q_net.0_neuron_38",
    "q_net.0_neuron_24",
    "q_net.0_neuron_27",
    "q_net.0_neuron_9",
    "q_net.0_neuron_61",
    "q_net.2_neuron_10",
    "q_net.2_neuron_33",
    "q_net.0_neuron_47",
    "q_net.2_neuron_15",
    "q_net.0_neuron_5",
    "q_net.0_neuron_32",
    "q_net.0_neuron_2",
    "q_net.0_neuron_4",
    "q_net.0_neuron_45",
    "q_net.0_neuron_33",
    "q_net.0_neuron_8",
    "q_net.2_neuron_20",
    "q_net.0_neuron_59",
    "q_net.0_neuron_23",
    "q_net.2_neuron_7",
    "q_net.0_neuron_28",
    "q_net.0_neuron_12",
    "q_net.2_neuron_50",
    "q_net.2_neuron_19",
    "q_net.0_neuron_3",
    "q_net.2_neuron_45",
    "q_net.0_neuron_46",
    "q_net.0_neuron_42",
    "q_net.2_neuron_32",
    "q_net.0_neuron_20"
  ],
  "patch_config": {
    "q_net.0": [
      38,
      24,
      27,
      9,
      61,
      47,
      5,
      32,
      2,
      4,
      45,
      33,
      8,
      59,
      23,
      28,
      12,
      3,
      46,
      42,
      20
    ],
    "q_net.2": [
      10,
      33,
      15,
      20,
      7,
      50,
      19,
      45,
      32
    ]
  },
  "noising": {
    "metrics": {
      "mean": 0.4598235878542824,
      "std": 0.6587430771199008,
      "count": 6,
      "values": [
        1.890080477009925,
        0.09544531039195159,
        0.1479248492570997,
        0.5055020915935069,
        0.11546620846126743,
        0.004522590411943805
      ]
    },
    "num_results": 6
  },
  "denoising": {
    "metrics": {
      "mean": 0.11321640988346292,
      "std": 0.06282838705596137,
      "count": 6,
      "values": [
        0.19885562182521355,
        0.0920365475871715,
        0.10881716737750158,
        0.17670241251263663,
        0.09737879691212159,
        0.005507913086132632
      ]
    },
    "num_results": 6
  },
  "target_metric_score": 0.4598235878542824,
  "timestamp": "2025-05-30T23:34:19.611240"
}