{
  "experiment_name": "candidate_q_net_0_neuron_7",
  "coalition_neurons": [
    "q_net.4_neuron_2",
    "q_net.4_neuron_3",
    "q_net.0_neuron_24",
    "q_net.0_neuron_38",
    "q_net.0_neuron_3",
    "q_net.0_neuron_27",
    "q_net.0_neuron_9",
    "q_net.0_neuron_7"
  ],
  "patch_config": {
    "q_net.4": [
      2,
      3
    ],
    "q_net.0": [
      24,
      38,
      3,
      27,
      9,
      7
    ]
  },
  "noising": {
    "metrics": {
      "mean": 0.46733184576470493,
      "std": 0.5546904514910047,
      "count": 6,
      "values": [
        1.4417153239583689,
        0.03714630230786675,
        0.15927811258394142,
        1.015546361828097,
        0.14057671936808558,
        0.009728254541870096
      ]
    },
    "num_results": 6
  },
  "denoising": {
    "metrics": {
      "mean": 0.20762871203922473,
      "std": 0.16080113540152685,
      "count": 6,
      "values": [
        0.544697622515476,
        0.23982073933821013,
        0.13552710325940964,
        0.1462481398863591,
        0.13291470930649196,
        0.04656395792940149
      ]
    },
    "num_results": 6
  },
  "target_metric_score": 0.46733184576470493,
  "timestamp": "2025-05-30T17:14:34.473743"
}