{
  "experiment_name": "candidate_q_net_0_neuron_13",
  "coalition_neurons": [
    "q_net.4_neuron_2",
    "q_net.0_neuron_13"
  ],
  "patch_config": {
    "q_net.4": [
      2
    ],
    "q_net.0": [
      13
    ]
  },
  "noising": {
    "metrics": {
      "mean": 0.19192999066201613,
      "std": 0.18112897967910183,
      "count": 6,
      "values": [
        0.5857232069351765,
        0.1282146567070367,
        0.17191897731866412,
        0.06847032167056777,
        0.14689464446345446,
        0.05035813687719726
      ]
    },
    "num_results": 6
  },
  "denoising": {
    "metrics": {
      "mean": 0.15603009732650416,
      "std": 0.09025589889863858,
      "count": 6,
      "values": [
        0.08558282515775639,
        0.32466929828168134,
        0.14565485927944088,
        0.2021912470602899,
        0.1351998018689795,
        0.04288255231087701
      ]
    },
    "num_results": 6
  },
  "target_metric_score": 0.19192999066201613,
  "timestamp": "2025-05-30T17:14:33.467735"
}