{
  "experiment_name": "candidate_q_net_0_neuron_12",
  "coalition_neurons": [
    "q_net.0_neuron_38",
    "q_net.0_neuron_24",
    "q_net.0_neuron_27",
    "q_net.0_neuron_9",
    "q_net.0_neuron_61",
    "q_net.2_neuron_10",
    "q_net.2_neuron_33",
    "q_net.0_neuron_47",
    "q_net.2_neuron_15",
    "q_net.0_neuron_5",
    "q_net.0_neuron_32",
    "q_net.0_neuron_2",
    "q_net.0_neuron_4",
    "q_net.0_neuron_45",
    "q_net.0_neuron_33",
    "q_net.0_neuron_8",
    "q_net.0_neuron_12"
  ],
  "patch_config": {
    "q_net.0": [
      38,
      24,
      27,
      9,
      61,
      47,
      5,
      32,
      2,
      4,
      45,
      33,
      8,
      12
    ],
    "q_net.2": [
      10,
      33,
      15
    ]
  },
  "noising": {
    "metrics": {
      "mean": 0.4219653211605127,
      "std": 0.6713225013776032,
      "count": 6,
      "values": [
        1.9118947974145355,
        0.06293640895461516,
        0.13022228380563883,
        0.28209271303300365,
        0.12743073839619123,
        0.017214985359091495
      ]
    },
    "num_results": 6
  },
  "denoising": {
    "metrics": {
      "mean": 0.09680515804201857,
      "std": 0.05727461206904113,
      "count": 6,
      "values": [
        0.18729572573383957,
        0.04519454790657085,
        0.09601762818770354,
        0.14312121952310486,
        0.0941097411268782,
        0.015092085774014441
      ]
    },
    "num_results": 6
  },
  "target_metric_score": 0.4219653211605127,
  "timestamp": "2025-05-30T22:49:11.835398"
}