{
  "experiment_name": "candidate_q_net_0_neuron_4",
  "coalition_neurons": [
    "q_net.0_neuron_38",
    "q_net.0_neuron_24",
    "q_net.0_neuron_27",
    "q_net.0_neuron_9",
    "q_net.0_neuron_61",
    "q_net.2_neuron_10",
    "q_net.2_neuron_33",
    "q_net.0_neuron_47",
    "q_net.2_neuron_15",
    "q_net.0_neuron_4"
  ],
  "patch_config": {
    "q_net.0": [
      38,
      24,
      27,
      9,
      61,
      47,
      4
    ],
    "q_net.2": [
      10,
      33,
      15
    ]
  },
  "noising": {
    "metrics": {
      "mean": 0.3822898733140609,
      "std": 0.6775425868879196,
      "count": 6,
      "values": [
        1.8872687209842218,
        0.01936315025774349,
        0.031504347961186285,
        0.2429550711831795,
        0.09329962958477467,
        0.019348319913259915
      ]
    },
    "num_results": 6
  },
  "denoising": {
    "metrics": {
      "mean": 0.06631698602023112,
      "std": 0.059836919924142556,
      "count": 6,
      "values": [
        0.17032524550593675,
        0.014107997356107016,
        0.01860614649632364,
        0.12069717833954319,
        0.059403358328484646,
        0.014761990094991462
      ]
    },
    "num_results": 6
  },
  "target_metric_score": 0.3822898733140609,
  "timestamp": "2025-05-31T15:22:12.351505"
}