{
  "experiment_name": "candidate_q_net_2_neuron_30",
  "coalition_neurons": [
    "q_net.4_neuron_2",
    "q_net.4_neuron_3",
    "q_net.2_neuron_30"
  ],
  "patch_config": {
    "q_net.4": [
      2,
      3
    ],
    "q_net.2": [
      30
    ]
  },
  "noising": {
    "metrics": {
      "mean": 0.31196998730488296,
      "std": 0.3185774660724626,
      "count": 6,
      "values": [
        0.9077141857791247,
        0.04307862881021529,
        0.19362460906362944,
        0.5483035364776354,
        0.16997012949730417,
        0.009128834201388658
      ]
    },
    "num_results": 6
  },
  "denoising": {
    "metrics": {
      "mean": 0.24576379326455658,
      "std": 0.20844906249338,
      "count": 6,
      "values": [
        0.6379132111390688,
        0.3939430718534952,
        0.17603885579530631,
        0.06540094720032052,
        0.1528716263994896,
        0.048415047199659056
      ]
    },
    "num_results": 6
  },
  "target_metric_score": 0.31196998730488296,
  "timestamp": "2025-05-30T17:14:33.685311"
}