{
  "experiment_name": "candidate_q_net_2_neuron_61",
  "coalition_neurons": [
    "q_net.0_neuron_38",
    "q_net.0_neuron_24",
    "q_net.0_neuron_27",
    "q_net.0_neuron_9",
    "q_net.0_neuron_61",
    "q_net.2_neuron_10",
    "q_net.2_neuron_33",
    "q_net.0_neuron_47",
    "q_net.2_neuron_61"
  ],
  "patch_config": {
    "q_net.0": [
      38,
      24,
      27,
      9,
      61,
      47
    ],
    "q_net.2": [
      10,
      33,
      61
    ]
  },
  "noising": {
    "metrics": {
      "mean": 0.36139018453806276,
      "std": 0.6642543284315396,
      "count": 6,
      "values": [
        1.8420123973324571,
        0.01670765419437692,
        0.026483393170512515,
        0.1650628274618372,
        0.09654282931723279,
        0.021532005751959793
      ]
    },
    "num_results": 6
  },
  "denoising": {
    "metrics": {
      "mean": 0.07147158326482707,
      "std": 0.06630885249100046,
      "count": 6,
      "values": [
        0.181384424291698,
        0.013554397809762753,
        0.016509265408466534,
        0.14212604151278307,
        0.05554726678992605,
        0.019708103776326036
      ]
    },
    "num_results": 6
  },
  "target_metric_score": 0.36139018453806276,
  "timestamp": "2025-05-30T22:49:08.819832"
}