{
  "experiment_name": "candidate_q_net_0_neuron_26",
  "coalition_neurons": [
    "q_net.0_neuron_38",
    "q_net.0_neuron_24",
    "q_net.0_neuron_27",
    "q_net.0_neuron_9",
    "q_net.0_neuron_61",
    "q_net.2_neuron_10",
    "q_net.2_neuron_33",
    "q_net.0_neuron_47",
    "q_net.2_neuron_15",
    "q_net.0_neuron_5",
    "q_net.0_neuron_32",
    "q_net.0_neuron_2",
    "q_net.0_neuron_4",
    "q_net.0_neuron_45",
    "q_net.0_neuron_33",
    "q_net.0_neuron_8",
    "q_net.2_neuron_20",
    "q_net.0_neuron_59",
    "q_net.0_neuron_23",
    "q_net.2_neuron_7",
    "q_net.0_neuron_28",
    "q_net.0_neuron_12",
    "q_net.2_neuron_50",
    "q_net.2_neuron_19",
    "q_net.0_neuron_3",
    "q_net.0_neuron_26"
  ],
  "patch_config": {
    "q_net.0": [
      38,
      24,
      27,
      9,
      61,
      47,
      5,
      32,
      2,
      4,
      45,
      33,
      8,
      59,
      23,
      28,
      12,
      3,
      26
    ],
    "q_net.2": [
      10,
      33,
      15,
      20,
      7,
      50,
      19
    ]
  },
  "noising": {
    "metrics": {
      "mean": 0.4544510602417718,
      "std": 0.6955945472333864,
      "count": 6,
      "values": [
        1.9862729797465972,
        0.08651100213607599,
        0.13530342098775583,
        0.3976722547540823,
        0.11402915317091011,
        0.006917550655209603
      ]
    },
    "num_results": 6
  },
  "denoising": {
    "metrics": {
      "mean": 0.10875789634019047,
      "std": 0.062480812039138155,
      "count": 6,
      "values": [
        0.19858450372300718,
        0.08092512202694468,
        0.10216716692496286,
        0.1735488125994118,
        0.08812623044067269,
        0.009195542326143613
      ]
    },
    "num_results": 6
  },
  "target_metric_score": 0.4544510602417718,
  "timestamp": "2025-05-30T22:49:15.342858"
}