{
  "experiment_name": "candidate_q_net_0_neuron_26",
  "coalition_neurons": [
    "q_net.0_neuron_38",
    "q_net.0_neuron_24",
    "q_net.0_neuron_27",
    "q_net.0_neuron_9",
    "q_net.0_neuron_61",
    "q_net.2_neuron_10",
    "q_net.2_neuron_33",
    "q_net.0_neuron_47",
    "q_net.2_neuron_15",
    "q_net.0_neuron_5",
    "q_net.0_neuron_32",
    "q_net.0_neuron_26"
  ],
  "patch_config": {
    "q_net.0": [
      38,
      24,
      27,
      9,
      61,
      47,
      5,
      32,
      26
    ],
    "q_net.2": [
      10,
      33,
      15
    ]
  },
  "noising": {
    "metrics": {
      "mean": 0.39057422772213596,
      "std": 0.6934799904228486,
      "count": 6,
      "values": [
        1.9362246748083,
        0.03410766770556739,
        0.06441061814605764,
        0.1944552529678376,
        0.08998117399395755,
        0.02426597871109526
      ]
    },
    "num_results": 6
  },
  "denoising": {
    "metrics": {
      "mean": 0.08588299850255722,
      "std": 0.06336985087131838,
      "count": 6,
      "values": [
        0.186905340278526,
        0.038358352280953634,
        0.04068669550280579,
        0.16118445621126332,
        0.05861754317605017,
        0.029545603565744427
      ]
    },
    "num_results": 6
  },
  "target_metric_score": 0.39057422772213596,
  "timestamp": "2025-05-30T23:34:11.537952"
}