{
  "experiment_name": "candidate_q_net_2_neuron_3",
  "coalition_neurons": [
    "q_net.4_neuron_2",
    "q_net.4_neuron_3",
    "q_net.0_neuron_24",
    "q_net.0_neuron_38",
    "q_net.0_neuron_3",
    "q_net.0_neuron_27",
    "q_net.0_neuron_9",
    "q_net.2_neuron_15",
    "q_net.0_neuron_40",
    "q_net.0_neuron_5",
    "q_net.2_neuron_0",
    "q_net.2_neuron_52",
    "q_net.2_neuron_3"
  ],
  "patch_config": {
    "q_net.4": [
      2,
      3
    ],
    "q_net.0": [
      24,
      38,
      3,
      27,
      9,
      40,
      5
    ],
    "q_net.2": [
      15,
      0,
      52,
      3
    ]
  },
  "noising": {
    "metrics": {
      "mean": 0.49855276167955287,
      "std": 0.5886320871732404,
      "count": 6,
      "values": [
        1.4598167628655379,
        0.037719667032282134,
        0.14816472607405928,
        1.179607915064001,
        0.15567053265416042,
        0.01033696638727677
      ]
    },
    "num_results": 6
  },
  "denoising": {
    "metrics": {
      "mean": 0.19039935404735245,
      "std": 0.1527689244231301,
      "count": 6,
      "values": [
        0.5188342169286568,
        0.1405191087819051,
        0.1278504674965314,
        0.1626624792345659,
        0.15654879209786354,
        0.03598105974459209
      ]
    },
    "num_results": 6
  },
  "target_metric_score": 0.49855276167955287,
  "timestamp": "2025-05-30T17:14:35.343103"
}