{
  "experiment_name": "candidate_q_net_0_neuron_35",
  "coalition_neurons": [
    "q_net.0_neuron_38",
    "q_net.0_neuron_24",
    "q_net.0_neuron_27",
    "q_net.0_neuron_9",
    "q_net.0_neuron_61",
    "q_net.2_neuron_10",
    "q_net.2_neuron_33",
    "q_net.0_neuron_47",
    "q_net.2_neuron_15",
    "q_net.0_neuron_5",
    "q_net.0_neuron_32",
    "q_net.0_neuron_2",
    "q_net.0_neuron_4",
    "q_net.0_neuron_45",
    "q_net.0_neuron_33",
    "q_net.0_neuron_8",
    "q_net.2_neuron_20",
    "q_net.0_neuron_59",
    "q_net.0_neuron_23",
    "q_net.2_neuron_7",
    "q_net.0_neuron_28",
    "q_net.0_neuron_35"
  ],
  "patch_config": {
    "q_net.0": [
      38,
      24,
      27,
      9,
      61,
      47,
      5,
      32,
      2,
      4,
      45,
      33,
      8,
      59,
      23,
      28,
      35
    ],
    "q_net.2": [
      10,
      33,
      15,
      20,
      7
    ]
  },
  "noising": {
    "metrics": {
      "mean": 0.43906899928300797,
      "std": 0.6856096831220538,
      "count": 6,
      "values": [
        1.9572935607833009,
        0.07653067784199874,
        0.12071803293833394,
        0.33048849648114076,
        0.12590269887167915,
        0.023480528781594234
      ]
    },
    "num_results": 6
  },
  "denoising": {
    "metrics": {
      "mean": 0.10097203784069313,
      "std": 0.05700243515528028,
      "count": 6,
      "values": [
        0.20834838723806892,
        0.06044477398399306,
        0.08693737868938933,
        0.12224468396829136,
        0.10220108882388135,
        0.025655914340534713
      ]
    },
    "num_results": 6
  },
  "target_metric_score": 0.43906899928300797,
  "timestamp": "2025-05-30T22:49:13.768461"
}