{
  "experiment_name": "candidate_q_net_0_neuron_7",
  "coalition_neurons": [
    "q_net.0_neuron_38",
    "q_net.0_neuron_7"
  ],
  "patch_config": {
    "q_net.0": [
      38,
      7
    ]
  },
  "noising": {
    "metrics": {
      "mean": 0.008525060345491072,
      "std": 0.01606628124947143,
      "count": 6,
      "values": [
        0.0007437789699794584,
        3.3306690738754696e-16,
        1.1102230246251565e-16,
        0.04409571417636082,
        0.006310868926605706,
        0.0
      ]
    },
    "num_results": 6
  },
  "denoising": {
    "metrics": {
      "mean": 0.017108861991726083,
      "std": 0.036494869862736375,
      "count": 6,
      "values": [
        0.00016716966023089253,
        0.0,
        0.0,
        0.09865509786783411,
        0.0038309044222913924,
        1.1102230246251565e-16
      ]
    },
    "num_results": 6
  },
  "target_metric_score": 0.017108861991726083,
  "timestamp": "2025-05-31T15:22:09.071156"
}