{
  "experiment_name": "candidate_q_net_0_neuron_16",
  "coalition_neurons": [
    "q_net.0_neuron_38",
    "q_net.0_neuron_24",
    "q_net.0_neuron_27",
    "q_net.0_neuron_9",
    "q_net.0_neuron_61",
    "q_net.2_neuron_10",
    "q_net.2_neuron_33",
    "q_net.0_neuron_47",
    "q_net.2_neuron_15",
    "q_net.0_neuron_5",
    "q_net.0_neuron_32",
    "q_net.0_neuron_2",
    "q_net.0_neuron_4",
    "q_net.0_neuron_45",
    "q_net.0_neuron_33",
    "q_net.0_neuron_8",
    "q_net.2_neuron_20",
    "q_net.0_neuron_59",
    "q_net.0_neuron_23",
    "q_net.2_neuron_7",
    "q_net.0_neuron_28",
    "q_net.0_neuron_16"
  ],
  "patch_config": {
    "q_net.0": [
      38,
      24,
      27,
      9,
      61,
      47,
      5,
      32,
      2,
      4,
      45,
      33,
      8,
      59,
      23,
      28,
      16
    ],
    "q_net.2": [
      10,
      33,
      15,
      20,
      7
    ]
  },
  "noising": {
    "metrics": {
      "mean": 0.41314241238017857,
      "std": 0.708444422859809,
      "count": 6,
      "values": [
        1.9942497005442423,
        0.10384749717391173,
        0.0851663146245738,
        0.1785586666456106,
        0.08749864830685516,
        0.029533646985878015
      ]
    },
    "num_results": 6
  },
  "denoising": {
    "metrics": {
      "mean": 0.09175990575965438,
      "std": 0.04314748560370175,
      "count": 6,
      "values": [
        0.1731367788536201,
        0.09445488120026801,
        0.059929067718824336,
        0.11111951938032527,
        0.0731271960341987,
        0.03879199137068989
      ]
    },
    "num_results": 6
  },
  "target_metric_score": 0.41314241238017857,
  "timestamp": "2025-05-30T23:34:16.064920"
}