{
  "experiment_name": "candidate_q_net_0_neuron_28",
  "coalition_neurons": [
    "q_net.0_neuron_38",
    "q_net.0_neuron_24",
    "q_net.0_neuron_27",
    "q_net.0_neuron_36",
    "q_net.0_neuron_9",
    "q_net.0_neuron_61",
    "q_net.0_neuron_47",
    "q_net.0_neuron_26",
    "q_net.0_neuron_35",
    "q_net.0_neuron_49",
    "q_net.2_neuron_33",
    "q_net.0_neuron_40",
    "q_net.0_neuron_52",
    "q_net.2_neuron_63",
    "q_net.0_neuron_20",
    "q_net.2_neuron_40",
    "q_net.0_neuron_14",
    "q_net.2_neuron_30",
    "q_net.2_neuron_21",
    "q_net.2_neuron_36",
    "q_net.2_neuron_34",
    "q_net.0_neuron_42",
    "q_net.0_neuron_46",
    "q_net.0_neuron_62",
    "q_net.0_neuron_32",
    "q_net.0_neuron_33",
    "q_net.0_neuron_28"
  ],
  "patch_config": {
    "q_net.0": [
      38,
      24,
      27,
      36,
      9,
      61,
      47,
      26,
      35,
      49,
      40,
      52,
      20,
      14,
      42,
      46,
      62,
      32,
      33,
      28
    ],
    "q_net.2": [
      33,
      63,
      40,
      30,
      21,
      36,
      34
    ]
  },
  "noising": {
    "metrics": {
      "mean": 0.37402571298211623,
      "std": 0.41776049864166515,
      "count": 6,
      "values": [
        1.2903240874751618,
        0.08408034403691667,
        0.2455779521726862,
        0.32465437845260947,
        0.1941675804628339,
        0.10534993529248904
      ]
    },
    "num_results": 6
  },
  "denoising": {
    "metrics": {
      "mean": 0.40300018733884135,
      "std": 0.4119096055126925,
      "count": 6,
      "values": [
        1.309090591764945,
        0.08647892947193114,
        0.25054713124097283,
        0.33267206525546367,
        0.2458447727017291,
        0.19336763359800657
      ]
    },
    "num_results": 6
  },
  "target_metric_score": 0.3885129501604788,
  "timestamp": "2025-05-30T23:16:33.381903"
}