{
  "experiment_name": "candidate_q_net_2_neuron_32",
  "coalition_neurons": [
    "q_net.0_neuron_38",
    "q_net.0_neuron_24",
    "q_net.0_neuron_27",
    "q_net.0_neuron_9",
    "q_net.0_neuron_61",
    "q_net.2_neuron_10",
    "q_net.2_neuron_33",
    "q_net.0_neuron_47",
    "q_net.2_neuron_15",
    "q_net.0_neuron_5",
    "q_net.0_neuron_32",
    "q_net.0_neuron_2",
    "q_net.0_neuron_4",
    "q_net.0_neuron_45",
    "q_net.0_neuron_33",
    "q_net.0_neuron_8",
    "q_net.2_neuron_20",
    "q_net.0_neuron_59",
    "q_net.0_neuron_23",
    "q_net.2_neuron_7",
    "q_net.0_neuron_28",
    "q_net.0_neuron_12",
    "q_net.2_neuron_50",
    "q_net.2_neuron_19",
    "q_net.2_neuron_32"
  ],
  "patch_config": {
    "q_net.0": [
      38,
      24,
      27,
      9,
      61,
      47,
      5,
      32,
      2,
      4,
      45,
      33,
      8,
      59,
      23,
      28,
      12
    ],
    "q_net.2": [
      10,
      33,
      15,
      20,
      7,
      50,
      19,
      32
    ]
  },
  "noising": {
    "metrics": {
      "mean": 0.45310339529114585,
      "std": 0.6614531952110645,
      "count": 6,
      "values": [
        1.9000178723692374,
        0.1018193205907999,
        0.1302421388957491,
        0.45118848039910564,
        0.126023477785575,
        0.009329081706407893
      ]
    },
    "num_results": 6
  },
  "denoising": {
    "metrics": {
      "mean": 0.1033101384414999,
      "std": 0.05873830304584901,
      "count": 6,
      "values": [
        0.19646463743115916,
        0.07916708620328428,
        0.09183711271436368,
        0.15126074517205834,
        0.09207239100850773,
        0.009058858119626256
      ]
    },
    "num_results": 6
  },
  "target_metric_score": 0.45310339529114585,
  "timestamp": "2025-05-31T15:22:18.405805"
}