{
  "experiment_name": "candidate_q_net_2_neuron_10",
  "coalition_neurons": [
    "q_net.0_neuron_38",
    "q_net.0_neuron_24",
    "q_net.0_neuron_27",
    "q_net.0_neuron_36",
    "q_net.0_neuron_9",
    "q_net.0_neuron_61",
    "q_net.0_neuron_47",
    "q_net.0_neuron_26",
    "q_net.0_neuron_35",
    "q_net.0_neuron_49",
    "q_net.2_neuron_33",
    "q_net.0_neuron_40",
    "q_net.0_neuron_52",
    "q_net.2_neuron_63",
    "q_net.0_neuron_20",
    "q_net.2_neuron_40",
    "q_net.0_neuron_14",
    "q_net.2_neuron_30",
    "q_net.2_neuron_21",
    "q_net.2_neuron_36",
    "q_net.2_neuron_34",
    "q_net.0_neuron_42",
    "q_net.0_neuron_46",
    "q_net.0_neuron_62",
    "q_net.0_neuron_32",
    "q_net.0_neuron_33",
    "q_net.2_neuron_0",
    "q_net.2_neuron_32",
    "q_net.0_neuron_29",
    "q_net.2_neuron_10"
  ],
  "patch_config": {
    "q_net.0": [
      38,
      24,
      27,
      36,
      9,
      61,
      47,
      26,
      35,
      49,
      40,
      52,
      20,
      14,
      42,
      46,
      62,
      32,
      33,
      29
    ],
    "q_net.2": [
      33,
      63,
      40,
      30,
      21,
      36,
      34,
      0,
      32,
      10
    ]
  },
  "noising": {
    "metrics": {
      "mean": 0.38215815171103856,
      "std": 0.411251150249778,
      "count": 6,
      "values": [
        1.2832952779247413,
        0.09231435794295129,
        0.25463282832826606,
        0.3382739328051977,
        0.20563341493270404,
        0.11879909833237101
      ]
    },
    "num_results": 6
  },
  "denoising": {
    "metrics": {
      "mean": 0.38957101480028705,
      "std": 0.41029983982946355,
      "count": 6,
      "values": [
        1.2973681071903205,
        0.09052739157230871,
        0.24402931964339802,
        0.27082242122454003,
        0.24850067454647107,
        0.18617817462468378
      ]
    },
    "num_results": 6
  },
  "target_metric_score": 0.3858645832556628,
  "timestamp": "2025-05-30T23:16:34.533565"
}