{
  "experiment_name": "candidate_q_net_4_neuron_4",
  "coalition_neurons": [
    "q_net.4_neuron_2",
    "q_net.4_neuron_3",
    "q_net.0_neuron_24",
    "q_net.0_neuron_38",
    "q_net.0_neuron_3",
    "q_net.0_neuron_27",
    "q_net.0_neuron_9",
    "q_net.2_neuron_15",
    "q_net.0_neuron_40",
    "q_net.0_neuron_5",
    "q_net.2_neuron_0",
    "q_net.2_neuron_52",
    "q_net.2_neuron_33",
    "q_net.0_neuron_17",
    "q_net.0_neuron_20",
    "q_net.0_neuron_47",
    "q_net.0_neuron_49",
    "q_net.0_neuron_26",
    "q_net.2_neuron_63",
    "q_net.0_neuron_36",
    "q_net.0_neuron_33",
    "q_net.4_neuron_4"
  ],
  "patch_config": {
    "q_net.4": [
      2,
      3,
      4
    ],
    "q_net.0": [
      24,
      38,
      3,
      27,
      9,
      40,
      5,
      17,
      20,
      47,
      49,
      26,
      36,
      33
    ],
    "q_net.2": [
      15,
      0,
      52,
      33,
      63
    ]
  },
  "noising": {
    "metrics": {
      "mean": 0.4373301809523762,
      "std": 0.43997950661868934,
      "count": 6,
      "values": [
        0.9758183386221306,
        0.03255356175559754,
        0.2547213390408255,
        1.1153132255165565,
        0.2144299788443993,
        0.03114464193474753
      ]
    },
    "num_results": 6
  },
  "denoising": {
    "metrics": {
      "mean": 0.28241306656173065,
      "std": 0.3103490550137139,
      "count": 6,
      "values": [
        0.9483322684267002,
        0.04082336542070475,
        0.2481535933096577,
        0.2429864207248542,
        0.18416824038556034,
        0.030014511102906538
      ]
    },
    "num_results": 6
  },
  "target_metric_score": 0.4373301809523762,
  "timestamp": "2025-05-30T17:14:36.896731"
}