{
  "experiment_name": "candidate_q_net_2_neuron_3",
  "coalition_neurons": [
    "q_net.0_neuron_38",
    "q_net.0_neuron_24",
    "q_net.0_neuron_27",
    "q_net.0_neuron_9",
    "q_net.0_neuron_61",
    "q_net.2_neuron_10",
    "q_net.2_neuron_33",
    "q_net.2_neuron_3"
  ],
  "patch_config": {
    "q_net.0": [
      38,
      24,
      27,
      9,
      61
    ],
    "q_net.2": [
      10,
      33,
      3
    ]
  },
  "noising": {
    "metrics": {
      "mean": 0.3232470673609808,
      "std": 0.6353091063276303,
      "count": 6,
      "values": [
        1.740484475418865,
        0.010260701789140514,
        0.007455258621272609,
        0.1327066192657299,
        0.03843090117762005,
        0.010144447893256525
      ]
    },
    "num_results": 6
  },
  "denoising": {
    "metrics": {
      "mean": 0.05151670555825958,
      "std": 0.05769962667589014,
      "count": 6,
      "values": [
        0.13633934066581777,
        0.010110480608685246,
        0.0030944325299236963,
        0.12888767011706304,
        0.022975815753283224,
        0.0076924936747845285
      ]
    },
    "num_results": 6
  },
  "target_metric_score": 0.3232470673609808,
  "timestamp": "2025-05-30T23:34:09.890247"
}