{
  "experiment_name": "candidate_q_net_2_neuron_27",
  "coalition_neurons": [
    "q_net.0_neuron_38",
    "q_net.0_neuron_24",
    "q_net.0_neuron_27",
    "q_net.0_neuron_9",
    "q_net.0_neuron_61",
    "q_net.2_neuron_10",
    "q_net.2_neuron_33",
    "q_net.0_neuron_47",
    "q_net.2_neuron_15",
    "q_net.0_neuron_5",
    "q_net.0_neuron_32",
    "q_net.0_neuron_2",
    "q_net.0_neuron_4",
    "q_net.0_neuron_45",
    "q_net.0_neuron_33",
    "q_net.0_neuron_8",
    "q_net.2_neuron_20",
    "q_net.2_neuron_27"
  ],
  "patch_config": {
    "q_net.0": [
      38,
      24,
      27,
      9,
      61,
      47,
      5,
      32,
      2,
      4,
      45,
      33,
      8
    ],
    "q_net.2": [
      10,
      33,
      15,
      20,
      27
    ]
  },
  "noising": {
    "metrics": {
      "mean": 0.4156725356733049,
      "std": 0.6624377041449141,
      "count": 6,
      "values": [
        1.8838670257132062,
        0.06365163818257313,
        0.11634626058676434,
        0.301394958158437,
        0.10894546500560875,
        0.01982986639324047
      ]
    },
    "num_results": 6
  },
  "denoising": {
    "metrics": {
      "mean": 0.09067729242192592,
      "std": 0.050371962881534234,
      "count": 6,
      "values": [
        0.16685715323847816,
        0.04452245807426802,
        0.08051380516526918,
        0.1409681478840994,
        0.08874639704391474,
        0.022455793125526036
      ]
    },
    "num_results": 6
  },
  "target_metric_score": 0.4156725356733049,
  "timestamp": "2025-05-31T15:22:15.613250"
}