{
  "experiment_name": "candidate_q_net_0_neuron_36",
  "coalition_neurons": [
    "q_net.0_neuron_38",
    "q_net.0_neuron_24",
    "q_net.0_neuron_27",
    "q_net.0_neuron_9",
    "q_net.0_neuron_61",
    "q_net.2_neuron_10",
    "q_net.2_neuron_33",
    "q_net.0_neuron_47",
    "q_net.2_neuron_15",
    "q_net.0_neuron_36"
  ],
  "patch_config": {
    "q_net.0": [
      38,
      24,
      27,
      9,
      61,
      47,
      36
    ],
    "q_net.2": [
      10,
      33,
      15
    ]
  },
  "noising": {
    "metrics": {
      "mean": 0.37633154876679575,
      "std": 0.6775823415433703,
      "count": 6,
      "values": [
        1.884304221176757,
        0.02419188717128673,
        0.02810546270875669,
        0.2082309447164703,
        0.09345431700975293,
        0.01970245981775065
      ]
    },
    "num_results": 6
  },
  "denoising": {
    "metrics": {
      "mean": 0.08380318182484502,
      "std": 0.08033579315646784,
      "count": 6,
      "values": [
        0.23515105188399865,
        0.02142916161042563,
        0.0163901736686356,
        0.13757471890663253,
        0.07488561231019175,
        0.017388372569185906
      ]
    },
    "num_results": 6
  },
  "target_metric_score": 0.37633154876679575,
  "timestamp": "2025-05-30T23:34:10.804197"
}