{
  "experiment_name": "candidate_q_net_2_neuron_61",
  "coalition_neurons": [
    "q_net.0_neuron_38",
    "q_net.0_neuron_24",
    "q_net.0_neuron_27",
    "q_net.0_neuron_9",
    "q_net.0_neuron_61",
    "q_net.2_neuron_10",
    "q_net.2_neuron_33",
    "q_net.0_neuron_47",
    "q_net.2_neuron_15",
    "q_net.0_neuron_5",
    "q_net.0_neuron_32",
    "q_net.0_neuron_2",
    "q_net.0_neuron_4",
    "q_net.0_neuron_45",
    "q_net.0_neuron_33",
    "q_net.0_neuron_8",
    "q_net.2_neuron_20",
    "q_net.0_neuron_59",
    "q_net.2_neuron_61"
  ],
  "patch_config": {
    "q_net.0": [
      38,
      24,
      27,
      9,
      61,
      47,
      5,
      32,
      2,
      4,
      45,
      33,
      8,
      59
    ],
    "q_net.2": [
      10,
      33,
      15,
      20,
      61
    ]
  },
  "noising": {
    "metrics": {
      "mean": 0.4306291817645169,
      "std": 0.6699365046151997,
      "count": 6,
      "values": [
        1.9161955233781731,
        0.10636625389539334,
        0.11131310191221844,
        0.3112251022305377,
        0.11148222666544516,
        0.027192882505333804
      ]
    },
    "num_results": 6
  },
  "denoising": {
    "metrics": {
      "mean": 0.09584519732559756,
      "std": 0.046186636855962644,
      "count": 6,
      "values": [
        0.17020956762939732,
        0.07665349784511932,
        0.07588668314014191,
        0.1365044274528232,
        0.0893007876456231,
        0.026516220240480504
      ]
    },
    "num_results": 6
  },
  "target_metric_score": 0.4306291817645169,
  "timestamp": "2025-05-30T23:34:15.032706"
}