{
  "experiment_name": "candidate_q_net_2_neuron_62",
  "coalition_neurons": [
    "q_net.0_neuron_38",
    "q_net.0_neuron_24",
    "q_net.0_neuron_27",
    "q_net.0_neuron_9",
    "q_net.0_neuron_61",
    "q_net.2_neuron_10",
    "q_net.2_neuron_33",
    "q_net.0_neuron_47",
    "q_net.2_neuron_15",
    "q_net.0_neuron_5",
    "q_net.0_neuron_32",
    "q_net.0_neuron_2",
    "q_net.0_neuron_4",
    "q_net.0_neuron_45",
    "q_net.0_neuron_33",
    "q_net.0_neuron_8",
    "q_net.2_neuron_20",
    "q_net.0_neuron_59",
    "q_net.0_neuron_23",
    "q_net.2_neuron_7",
    "q_net.0_neuron_28",
    "q_net.0_neuron_12",
    "q_net.2_neuron_50",
    "q_net.2_neuron_19",
    "q_net.2_neuron_62"
  ],
  "patch_config": {
    "q_net.0": [
      38,
      24,
      27,
      9,
      61,
      47,
      5,
      32,
      2,
      4,
      45,
      33,
      8,
      59,
      23,
      28,
      12
    ],
    "q_net.2": [
      10,
      33,
      15,
      20,
      7,
      50,
      19,
      62
    ]
  },
  "noising": {
    "metrics": {
      "mean": 0.4411816470967593,
      "std": 0.647389023611995,
      "count": 6,
      "values": [
        1.8612203198805373,
        0.10552242649391297,
        0.12593396656454026,
        0.4188244566987144,
        0.126023477785575,
        0.009565235157275587
      ]
    },
    "num_results": 6
  },
  "denoising": {
    "metrics": {
      "mean": 0.10371135082598787,
      "std": 0.059306647648806055,
      "count": 6,
      "values": [
        0.19873804164078768,
        0.07916708620328428,
        0.09183711271436368,
        0.15126074517205834,
        0.09207239100850773,
        0.009192728216925516
      ]
    },
    "num_results": 6
  },
  "target_metric_score": 0.4411816470967593,
  "timestamp": "2025-05-30T22:49:15.092975"
}