{
  "experiment_name": "candidate_q_net_0_neuron_51",
  "coalition_neurons": [
    "q_net.0_neuron_38",
    "q_net.0_neuron_24",
    "q_net.0_neuron_27",
    "q_net.0_neuron_9",
    "q_net.0_neuron_61",
    "q_net.2_neuron_10",
    "q_net.2_neuron_33",
    "q_net.0_neuron_47",
    "q_net.2_neuron_15",
    "q_net.0_neuron_5",
    "q_net.0_neuron_32",
    "q_net.0_neuron_2",
    "q_net.0_neuron_4",
    "q_net.0_neuron_45",
    "q_net.0_neuron_33",
    "q_net.0_neuron_51"
  ],
  "patch_config": {
    "q_net.0": [
      38,
      24,
      27,
      9,
      61,
      47,
      5,
      32,
      2,
      4,
      45,
      33,
      51
    ],
    "q_net.2": [
      10,
      33,
      15
    ]
  },
  "noising": {
    "metrics": {
      "mean": 0.40958217218277176,
      "std": 0.6972277020885473,
      "count": 6,
      "values": [
        1.9605431620043192,
        0.04265039467876641,
        0.09580561519995245,
        0.2419222047202395,
        0.09863465189934861,
        0.01793700459400438
      ]
    },
    "num_results": 6
  },
  "denoising": {
    "metrics": {
      "mean": 0.08498897499059006,
      "std": 0.05081611692196469,
      "count": 6,
      "values": [
        0.16513173913283574,
        0.0424189078953342,
        0.06457569006973118,
        0.1399098274205688,
        0.07372593571364683,
        0.024171749711423662
      ]
    },
    "num_results": 6
  },
  "target_metric_score": 0.40958217218277176,
  "timestamp": "2025-05-30T22:49:11.438558"
}