{
  "experiment_name": "candidate_q_net_2_neuron_2",
  "coalition_neurons": [
    "q_net.0_neuron_38",
    "q_net.0_neuron_24",
    "q_net.0_neuron_27",
    "q_net.0_neuron_9",
    "q_net.0_neuron_61",
    "q_net.2_neuron_10",
    "q_net.2_neuron_33",
    "q_net.0_neuron_47",
    "q_net.2_neuron_15",
    "q_net.0_neuron_5",
    "q_net.0_neuron_32",
    "q_net.0_neuron_2",
    "q_net.0_neuron_4",
    "q_net.0_neuron_45",
    "q_net.0_neuron_33",
    "q_net.0_neuron_8",
    "q_net.2_neuron_20",
    "q_net.0_neuron_59",
    "q_net.0_neuron_23",
    "q_net.2_neuron_2"
  ],
  "patch_config": {
    "q_net.0": [
      38,
      24,
      27,
      9,
      61,
      47,
      5,
      32,
      2,
      4,
      45,
      33,
      8,
      59,
      23
    ],
    "q_net.2": [
      10,
      33,
      15,
      20,
      2
    ]
  },
  "noising": {
    "metrics": {
      "mean": 0.4105208378332255,
      "std": 0.6305767298980361,
      "count": 6,
      "values": [
        1.804739525946831,
        0.09110819370573175,
        0.10815413759912884,
        0.3276284058379547,
        0.1096657025653176,
        0.021829061344389555
      ]
    },
    "num_results": 6
  },
  "denoising": {
    "metrics": {
      "mean": 0.0904348397836377,
      "std": 0.040544776955479984,
      "count": 6,
      "values": [
        0.14956351674003976,
        0.07271480490767779,
        0.07500203958140528,
        0.13063877235166477,
        0.08903615612478977,
        0.025653748996248837
      ]
    },
    "num_results": 6
  },
  "target_metric_score": 0.4105208378332255,
  "timestamp": "2025-05-31T15:22:16.398042"
}