{
  "experiment_name": "candidate_q_net_2_neuron_55",
  "coalition_neurons": [
    "q_net.0_neuron_38",
    "q_net.0_neuron_24",
    "q_net.0_neuron_27",
    "q_net.0_neuron_9",
    "q_net.0_neuron_61",
    "q_net.2_neuron_10",
    "q_net.2_neuron_33",
    "q_net.0_neuron_47",
    "q_net.2_neuron_15",
    "q_net.0_neuron_5",
    "q_net.0_neuron_32",
    "q_net.0_neuron_2",
    "q_net.0_neuron_4",
    "q_net.0_neuron_45",
    "q_net.0_neuron_33",
    "q_net.0_neuron_8",
    "q_net.2_neuron_20",
    "q_net.0_neuron_59",
    "q_net.0_neuron_23",
    "q_net.2_neuron_7",
    "q_net.2_neuron_55"
  ],
  "patch_config": {
    "q_net.0": [
      38,
      24,
      27,
      9,
      61,
      47,
      5,
      32,
      2,
      4,
      45,
      33,
      8,
      59,
      23
    ],
    "q_net.2": [
      10,
      33,
      15,
      20,
      7,
      55
    ]
  },
  "noising": {
    "metrics": {
      "mean": 0.43848496683989824,
      "std": 0.6834914995553569,
      "count": 6,
      "values": [
        1.9558738244741996,
        0.11579834798158539,
        0.11090567592215905,
        0.3038349128048462,
        0.10879357117308375,
        0.03570346868351559
      ]
    },
    "num_results": 6
  },
  "denoising": {
    "metrics": {
      "mean": 0.10315349480209492,
      "std": 0.04788185694521534,
      "count": 6,
      "values": [
        0.1927017118184411,
        0.09361563331750866,
        0.07700633087176945,
        0.12684338716539945,
        0.0907782196133986,
        0.03797568602605228
      ]
    },
    "num_results": 6
  },
  "target_metric_score": 0.43848496683989824,
  "timestamp": "2025-05-31T15:22:16.658089"
}