{
  "experiment_name": "candidate_q_net_2_neuron_30",
  "coalition_neurons": [
    "q_net.4_neuron_2",
    "q_net.4_neuron_3",
    "q_net.0_neuron_24",
    "q_net.0_neuron_38",
    "q_net.0_neuron_3",
    "q_net.0_neuron_27",
    "q_net.0_neuron_9",
    "q_net.2_neuron_15",
    "q_net.0_neuron_40",
    "q_net.0_neuron_5",
    "q_net.2_neuron_0",
    "q_net.2_neuron_52",
    "q_net.2_neuron_33",
    "q_net.0_neuron_17",
    "q_net.0_neuron_20",
    "q_net.0_neuron_47",
    "q_net.0_neuron_49",
    "q_net.0_neuron_26",
    "q_net.2_neuron_63",
    "q_net.2_neuron_30"
  ],
  "patch_config": {
    "q_net.4": [
      2,
      3
    ],
    "q_net.0": [
      24,
      38,
      3,
      27,
      9,
      40,
      5,
      17,
      20,
      47,
      49,
      26
    ],
    "q_net.2": [
      15,
      0,
      52,
      33,
      63,
      30
    ]
  },
  "noising": {
    "metrics": {
      "mean": 0.5255660935968648,
      "std": 0.5351209376774074,
      "count": 6,
      "values": [
        1.3327771920228857,
        0.06586989000549104,
        0.25128041626177544,
        1.211980314681779,
        0.24646666090253888,
        0.04502208770671867
      ]
    },
    "num_results": 6
  },
  "denoising": {
    "metrics": {
      "mean": 0.25060343905145827,
      "std": 0.22928453949929345,
      "count": 6,
      "values": [
        0.7528194380404337,
        0.12077391363981982,
        0.19758546973115432,
        0.16082221963404186,
        0.203356269153803,
        0.06826332410949687
      ]
    },
    "num_results": 6
  },
  "target_metric_score": 0.5255660935968648,
  "timestamp": "2025-05-30T17:14:36.624625"
}