{
  "experiment_name": "candidate_q_net_0_neuron_7",
  "coalition_neurons": [
    "q_net.4_neuron_2",
    "q_net.4_neuron_3",
    "q_net.0_neuron_24",
    "q_net.0_neuron_38",
    "q_net.0_neuron_3",
    "q_net.0_neuron_27",
    "q_net.0_neuron_9",
    "q_net.2_neuron_15",
    "q_net.0_neuron_40",
    "q_net.0_neuron_5",
    "q_net.2_neuron_0",
    "q_net.2_neuron_52",
    "q_net.2_neuron_33",
    "q_net.0_neuron_17",
    "q_net.0_neuron_20",
    "q_net.0_neuron_47",
    "q_net.0_neuron_7"
  ],
  "patch_config": {
    "q_net.4": [
      2,
      3
    ],
    "q_net.0": [
      24,
      38,
      3,
      27,
      9,
      40,
      5,
      17,
      20,
      47,
      7
    ],
    "q_net.2": [
      15,
      0,
      52,
      33
    ]
  },
  "noising": {
    "metrics": {
      "mean": 0.5200548089019028,
      "std": 0.5958483643569659,
      "count": 6,
      "values": [
        1.512016641399385,
        0.04788579788395442,
        0.18316758670513456,
        1.1844948182056274,
        0.16460579483393567,
        0.028158214383380065
      ]
    },
    "num_results": 6
  },
  "denoising": {
    "metrics": {
      "mean": 0.21393411010969154,
      "std": 0.17758269396183873,
      "count": 6,
      "values": [
        0.6066103430414479,
        0.14850299000535583,
        0.15241913552956965,
        0.15229607208134288,
        0.14600324185092117,
        0.07777287814951173
      ]
    },
    "num_results": 6
  },
  "target_metric_score": 0.5200548089019028,
  "timestamp": "2025-05-30T17:14:36.053248"
}