{
  "experiment_name": "candidate_q_net_2_neuron_63",
  "coalition_neurons": [
    "q_net.4_neuron_2",
    "q_net.4_neuron_3",
    "q_net.0_neuron_24",
    "q_net.0_neuron_38",
    "q_net.0_neuron_3",
    "q_net.0_neuron_27",
    "q_net.0_neuron_9",
    "q_net.2_neuron_15",
    "q_net.2_neuron_63"
  ],
  "patch_config": {
    "q_net.4": [
      2,
      3
    ],
    "q_net.0": [
      24,
      38,
      3,
      27,
      9
    ],
    "q_net.2": [
      15,
      63
    ]
  },
  "noising": {
    "metrics": {
      "mean": 0.4903501273428785,
      "std": 0.5567783851205205,
      "count": 6,
      "values": [
        1.4027896296546372,
        0.04342150695174962,
        0.17621370302520944,
        1.12676925752479,
        0.17922293203219108,
        0.013683734868693342
      ]
    },
    "num_results": 6
  },
  "denoising": {
    "metrics": {
      "mean": 0.21811149446099573,
      "std": 0.17934642019835334,
      "count": 6,
      "values": [
        0.6058698373031761,
        0.1755385596949739,
        0.14848211622837093,
        0.16010691073882088,
        0.1762115723633254,
        0.04245997043730698
      ]
    },
    "num_results": 6
  },
  "target_metric_score": 0.4903501273428785,
  "timestamp": "2025-05-30T17:14:34.680041"
}