{
  "experiment_name": "candidate_q_net_2_neuron_1",
  "coalition_neurons": [
    "q_net.0_neuron_38",
    "q_net.0_neuron_24",
    "q_net.0_neuron_27",
    "q_net.0_neuron_9",
    "q_net.0_neuron_61",
    "q_net.2_neuron_10",
    "q_net.2_neuron_33",
    "q_net.0_neuron_47",
    "q_net.2_neuron_15",
    "q_net.0_neuron_5",
    "q_net.0_neuron_32",
    "q_net.0_neuron_2",
    "q_net.2_neuron_1"
  ],
  "patch_config": {
    "q_net.0": [
      38,
      24,
      27,
      9,
      61,
      47,
      5,
      32,
      2
    ],
    "q_net.2": [
      10,
      33,
      15,
      1
    ]
  },
  "noising": {
    "metrics": {
      "mean": 0.39949416775607727,
      "std": 0.7021175802979586,
      "count": 6,
      "values": [
        1.9652305667914118,
        0.06798151664339247,
        0.06019854742719699,
        0.19047998443895442,
        0.09071360553898888,
        0.022360785696519225
      ]
    },
    "num_results": 6
  },
  "denoising": {
    "metrics": {
      "mean": 0.08899857714663145,
      "std": 0.04938291763552967,
      "count": 6,
      "values": [
        0.1531238190721076,
        0.09590037873320711,
        0.036671028487653246,
        0.15282127266373735,
        0.05904873840304126,
        0.036426225520042155
      ]
    },
    "num_results": 6
  },
  "target_metric_score": 0.39949416775607727,
  "timestamp": "2025-05-30T23:34:12.049504"
}