{
  "experiment_name": "candidate_q_net_0_neuron_52",
  "coalition_neurons": [
    "q_net.0_neuron_38",
    "q_net.0_neuron_24",
    "q_net.0_neuron_27",
    "q_net.0_neuron_9",
    "q_net.0_neuron_61",
    "q_net.2_neuron_10",
    "q_net.2_neuron_33",
    "q_net.0_neuron_52"
  ],
  "patch_config": {
    "q_net.0": [
      38,
      24,
      27,
      9,
      61,
      52
    ],
    "q_net.2": [
      10,
      33
    ]
  },
  "noising": {
    "metrics": {
      "mean": 0.35238402585615675,
      "std": 0.6847348205832825,
      "count": 6,
      "values": [
        1.8801380232098066,
        0.010209607062453996,
        0.009218118541556186,
        0.13887749500813595,
        0.05966825142057974,
        0.016192659894407546
      ]
    },
    "num_results": 6
  },
  "denoising": {
    "metrics": {
      "mean": 0.0597191475354106,
      "std": 0.06261489598250702,
      "count": 6,
      "values": [
        0.1613878838312437,
        0.009802444533725696,
        0.005875370184894146,
        0.13150261696405607,
        0.03524282870576001,
        0.014503740992783953
      ]
    },
    "num_results": 6
  },
  "target_metric_score": 0.35238402585615675,
  "timestamp": "2025-05-30T23:34:10.164032"
}