{
  "experiment_name": "candidate_q_net_0_neuron_16",
  "coalition_neurons": [
    "q_net.0_neuron_38",
    "q_net.0_neuron_24",
    "q_net.0_neuron_27",
    "q_net.0_neuron_9",
    "q_net.0_neuron_16"
  ],
  "patch_config": {
    "q_net.0": [
      38,
      24,
      27,
      9,
      16
    ]
  },
  "noising": {
    "metrics": {
      "mean": 0.15209720212306618,
      "std": 0.2702784717585662,
      "count": 6,
      "values": [
        0.7507003013300226,
        0.00028329184778419503,
        0.0036978988501445986,
        0.10612000149499223,
        0.047538516200884784,
        0.004243203014568597
      ]
    },
    "num_results": 6
  },
  "denoising": {
    "metrics": {
      "mean": 0.04012491891597314,
      "std": 0.05164346830070525,
      "count": 6,
      "values": [
        0.06253468244444504,
        0.0015023808502676594,
        0.0021212583162451004,
        0.1449822545997682,
        0.02677943191883092,
        0.0028295053662819036
      ]
    },
    "num_results": 6
  },
  "target_metric_score": 0.15209720212306618,
  "timestamp": "2025-05-30T23:34:08.725251"
}