{
  "experiment_name": "candidate_q_net_0_neuron_13",
  "coalition_neurons": [
    "q_net.4_neuron_2",
    "q_net.4_neuron_3",
    "q_net.0_neuron_24",
    "q_net.0_neuron_38",
    "q_net.0_neuron_3",
    "q_net.0_neuron_27",
    "q_net.0_neuron_9",
    "q_net.2_neuron_15",
    "q_net.0_neuron_40",
    "q_net.0_neuron_5",
    "q_net.2_neuron_0",
    "q_net.2_neuron_52",
    "q_net.2_neuron_33",
    "q_net.0_neuron_17",
    "q_net.0_neuron_20",
    "q_net.0_neuron_47",
    "q_net.0_neuron_49",
    "q_net.0_neuron_26",
    "q_net.2_neuron_63",
    "q_net.0_neuron_36",
    "q_net.0_neuron_33",
    "q_net.2_neuron_30",
    "q_net.0_neuron_13"
  ],
  "patch_config": {
    "q_net.4": [
      2,
      3
    ],
    "q_net.0": [
      24,
      38,
      3,
      27,
      9,
      40,
      5,
      17,
      20,
      47,
      49,
      26,
      36,
      33,
      13
    ],
    "q_net.2": [
      15,
      0,
      52,
      33,
      63,
      30
    ]
  },
  "noising": {
    "metrics": {
      "mean": 0.5104237629345768,
      "std": 0.5403884675231482,
      "count": 6,
      "values": [
        1.3872302864452055,
        0.06453978232083823,
        0.22655936399895915,
        1.1361237580120764,
        0.2072880703437957,
        0.04080131648658547
      ]
    },
    "num_results": 6
  },
  "denoising": {
    "metrics": {
      "mean": 0.22542188857707543,
      "std": 0.19397258525305888,
      "count": 6,
      "values": [
        0.6473610279979334,
        0.10316481775371811,
        0.1816030841042281,
        0.16875025554633027,
        0.18828541849692348,
        0.06336672756331907
      ]
    },
    "num_results": 6
  },
  "target_metric_score": 0.5104237629345768,
  "timestamp": "2025-05-30T17:14:37.134371"
}