{
  "experiment_name": "candidate_q_net_2_neuron_16",
  "coalition_neurons": [
    "q_net.0_neuron_38",
    "q_net.0_neuron_24",
    "q_net.0_neuron_27",
    "q_net.0_neuron_9",
    "q_net.0_neuron_61",
    "q_net.2_neuron_10",
    "q_net.2_neuron_33",
    "q_net.0_neuron_47",
    "q_net.2_neuron_15",
    "q_net.0_neuron_5",
    "q_net.0_neuron_32",
    "q_net.0_neuron_2",
    "q_net.0_neuron_4",
    "q_net.0_neuron_45",
    "q_net.0_neuron_33",
    "q_net.0_neuron_8",
    "q_net.2_neuron_20",
    "q_net.0_neuron_59",
    "q_net.0_neuron_23",
    "q_net.2_neuron_16"
  ],
  "patch_config": {
    "q_net.0": [
      38,
      24,
      27,
      9,
      61,
      47,
      5,
      32,
      2,
      4,
      45,
      33,
      8,
      59,
      23
    ],
    "q_net.2": [
      10,
      33,
      15,
      20,
      16
    ]
  },
  "noising": {
    "metrics": {
      "mean": 0.43292492090594054,
      "std": 0.6826058864850786,
      "count": 6,
      "values": [
        1.945153658115844,
        0.08765720118255016,
        0.10947785479380168,
        0.32371361693910317,
        0.1076897228132423,
        0.023857471591102408
      ]
    },
    "num_results": 6
  },
  "denoising": {
    "metrics": {
      "mean": 0.0900727488508649,
      "std": 0.040783525739779405,
      "count": 6,
      "values": [
        0.15944611165828126,
        0.07170723451227046,
        0.07630637821066388,
        0.11895772231148805,
        0.08546661207698192,
        0.028552434335503807
      ]
    },
    "num_results": 6
  },
  "target_metric_score": 0.43292492090594054,
  "timestamp": "2025-05-30T22:49:13.024160"
}