{
  "experiment_name": "candidate_q_net_2_neuron_40",
  "coalition_neurons": [
    "q_net.0_neuron_38",
    "q_net.0_neuron_24",
    "q_net.0_neuron_27",
    "q_net.0_neuron_9",
    "q_net.0_neuron_61",
    "q_net.2_neuron_10",
    "q_net.2_neuron_33",
    "q_net.0_neuron_47",
    "q_net.2_neuron_40"
  ],
  "patch_config": {
    "q_net.0": [
      38,
      24,
      27,
      9,
      61,
      47
    ],
    "q_net.2": [
      10,
      33,
      40
    ]
  },
  "noising": {
    "metrics": {
      "mean": 0.34431259344465875,
      "std": 0.6012487467124662,
      "count": 6,
      "values": [
        1.6809564645159236,
        0.0147312178407204,
        0.043091229089118555,
        0.20066454867602612,
        0.10990655812223027,
        0.01652554242393356
      ]
    },
    "num_results": 6
  },
  "denoising": {
    "metrics": {
      "mean": 0.07805294677831677,
      "std": 0.07088871424033691,
      "count": 6,
      "values": [
        0.19820025390927132,
        0.015102304087566742,
        0.027906957973572455,
        0.1491307414016383,
        0.06280465168581273,
        0.015172771612039115
      ]
    },
    "num_results": 6
  },
  "target_metric_score": 0.34431259344465875,
  "timestamp": "2025-05-30T22:49:08.512970"
}