{
  "experiment_name": "candidate_q_net_0_neuron_2",
  "coalition_neurons": [
    "q_net.4_neuron_2",
    "q_net.4_neuron_3",
    "q_net.0_neuron_24",
    "q_net.0_neuron_38",
    "q_net.0_neuron_3",
    "q_net.0_neuron_27",
    "q_net.0_neuron_9",
    "q_net.2_neuron_15",
    "q_net.0_neuron_40",
    "q_net.0_neuron_5",
    "q_net.2_neuron_0",
    "q_net.2_neuron_52",
    "q_net.2_neuron_33",
    "q_net.0_neuron_17",
    "q_net.0_neuron_20",
    "q_net.0_neuron_47",
    "q_net.0_neuron_49",
    "q_net.0_neuron_26",
    "q_net.2_neuron_63",
    "q_net.0_neuron_36",
    "q_net.0_neuron_33",
    "q_net.2_neuron_30",
    "q_net.0_neuron_35",
    "q_net.2_neuron_38",
    "q_net.0_neuron_61",
    "q_net.0_neuron_2"
  ],
  "patch_config": {
    "q_net.4": [
      2,
      3
    ],
    "q_net.0": [
      24,
      38,
      3,
      27,
      9,
      40,
      5,
      17,
      20,
      47,
      49,
      26,
      36,
      33,
      35,
      61,
      2
    ],
    "q_net.2": [
      15,
      0,
      52,
      33,
      63,
      30,
      38
    ]
  },
  "noising": {
    "metrics": {
      "mean": 0.5143547702822502,
      "std": 0.5284190536666634,
      "count": 6,
      "values": [
        1.3317246053655136,
        0.0607595065107972,
        0.23836669799574584,
        1.1713487598183088,
        0.23240389974474918,
        0.05152515225838672
      ]
    },
    "num_results": 6
  },
  "denoising": {
    "metrics": {
      "mean": 0.2344120340639649,
      "std": 0.22367142397020293,
      "count": 6,
      "values": [
        0.7159862019124542,
        0.07146686791946588,
        0.1919919918059505,
        0.18175530004142304,
        0.20057384128647782,
        0.04469800141801794
      ]
    },
    "num_results": 6
  },
  "target_metric_score": 0.5143547702822502,
  "timestamp": "2025-05-30T17:14:37.797188"
}