{
  "experiment_name": "candidate_q_net_0_neuron_7",
  "coalition_neurons": [
    "q_net.0_neuron_38",
    "q_net.0_neuron_24",
    "q_net.0_neuron_27",
    "q_net.0_neuron_7"
  ],
  "patch_config": {
    "q_net.0": [
      38,
      24,
      27,
      7
    ]
  },
  "noising": {
    "metrics": {
      "mean": 0.10476446753238695,
      "std": 0.17386126237798563,
      "count": 6,
      "values": [
        0.4788685967810131,
        0.0011909849425960628,
        0.009078630342379101,
        0.1333781263796704,
        0.005572007033894377,
        0.0004984597147686953
      ]
    },
    "num_results": 6
  },
  "denoising": {
    "metrics": {
      "mean": 0.041374080349006435,
      "std": 0.06855714240775887,
      "count": 6,
      "values": [
        0.05149544584795196,
        0.0009608071418625297,
        0.005137095383413781,
        0.18918502638995127,
        0.0010758445067315936,
        0.00039026282412746305
      ]
    },
    "num_results": 6
  },
  "target_metric_score": 0.10476446753238695,
  "timestamp": "2025-05-31T15:22:09.793372"
}