{
  "experiment_name": "candidate_q_net_0_neuron_3",
  "coalition_neurons": [
    "q_net.0_neuron_38",
    "q_net.0_neuron_24",
    "q_net.0_neuron_27",
    "q_net.0_neuron_36",
    "q_net.0_neuron_9",
    "q_net.0_neuron_61",
    "q_net.0_neuron_47",
    "q_net.0_neuron_26",
    "q_net.0_neuron_35",
    "q_net.0_neuron_49",
    "q_net.2_neuron_33",
    "q_net.0_neuron_40",
    "q_net.0_neuron_52",
    "q_net.2_neuron_63",
    "q_net.0_neuron_20",
    "q_net.2_neuron_40",
    "q_net.0_neuron_14",
    "q_net.2_neuron_30",
    "q_net.2_neuron_21",
    "q_net.2_neuron_36",
    "q_net.2_neuron_34",
    "q_net.0_neuron_42",
    "q_net.0_neuron_46",
    "q_net.0_neuron_62",
    "q_net.0_neuron_32",
    "q_net.0_neuron_33",
    "q_net.2_neuron_0",
    "q_net.0_neuron_3"
  ],
  "patch_config": {
    "q_net.0": [
      38,
      24,
      27,
      36,
      9,
      61,
      47,
      26,
      35,
      49,
      40,
      52,
      20,
      14,
      42,
      46,
      62,
      32,
      33,
      3
    ],
    "q_net.2": [
      33,
      63,
      40,
      30,
      21,
      36,
      34,
      0
    ]
  },
  "noising": {
    "metrics": {
      "mean": 0.37230403336469936,
      "std": 0.4604491488207821,
      "count": 6,
      "values": [
        1.385457383773368,
        0.05279253286845842,
        0.24167036521704255,
        0.28947564175490503,
        0.17858863751906462,
        0.08583963905535752
      ]
    },
    "num_results": 6
  },
  "denoising": {
    "metrics": {
      "mean": 0.3720621855091033,
      "std": 0.33500461077161436,
      "count": 6,
      "values": [
        1.0855457489008808,
        0.07119304253497394,
        0.2460931518761741,
        0.4066271853566461,
        0.26213492682004125,
        0.1607790575659036
      ]
    },
    "num_results": 6
  },
  "target_metric_score": 0.37218310943690136,
  "timestamp": "2025-05-30T23:16:33.459303"
}