{
  "experiment_name": "candidate_q_net_0_neuron_36",
  "coalition_neurons": [
    "q_net.0_neuron_38",
    "q_net.0_neuron_24",
    "q_net.0_neuron_27",
    "q_net.0_neuron_9",
    "q_net.0_neuron_61",
    "q_net.2_neuron_10",
    "q_net.2_neuron_33",
    "q_net.0_neuron_47",
    "q_net.2_neuron_15",
    "q_net.0_neuron_5",
    "q_net.0_neuron_32",
    "q_net.0_neuron_2",
    "q_net.0_neuron_4",
    "q_net.0_neuron_45",
    "q_net.0_neuron_33",
    "q_net.0_neuron_8",
    "q_net.2_neuron_20",
    "q_net.0_neuron_59",
    "q_net.0_neuron_36"
  ],
  "patch_config": {
    "q_net.0": [
      38,
      24,
      27,
      9,
      61,
      47,
      5,
      32,
      2,
      4,
      45,
      33,
      8,
      59,
      36
    ],
    "q_net.2": [
      10,
      33,
      15,
      20
    ]
  },
  "noising": {
    "metrics": {
      "mean": 0.43118187402113417,
      "std": 0.676796405349805,
      "count": 6,
      "values": [
        1.9308820504519697,
        0.09110819370573175,
        0.10815413759912884,
        0.31851266510626053,
        0.1166051359193252,
        0.021829061344389555
      ]
    },
    "num_results": 6
  },
  "denoising": {
    "metrics": {
      "mean": 0.10955540424822703,
      "std": 0.0641749374478821,
      "count": 6,
      "values": [
        0.22814202943534534,
        0.07271480490767779,
        0.07500203958140528,
        0.14175403829028854,
        0.11406576427839643,
        0.025653748996248837
      ]
    },
    "num_results": 6
  },
  "target_metric_score": 0.43118187402113417,
  "timestamp": "2025-05-30T23:34:14.936614"
}