{
  "experiment_name": "candidate_q_net_4_neuron_1",
  "coalition_neurons": [
    "q_net.4_neuron_2",
    "q_net.4_neuron_3",
    "q_net.0_neuron_24",
    "q_net.0_neuron_38",
    "q_net.0_neuron_3",
    "q_net.0_neuron_27",
    "q_net.0_neuron_9",
    "q_net.2_neuron_15",
    "q_net.0_neuron_40",
    "q_net.0_neuron_5",
    "q_net.2_neuron_0",
    "q_net.2_neuron_52",
    "q_net.2_neuron_33",
    "q_net.0_neuron_17",
    "q_net.0_neuron_20",
    "q_net.4_neuron_1"
  ],
  "patch_config": {
    "q_net.4": [
      2,
      3,
      1
    ],
    "q_net.0": [
      24,
      38,
      3,
      27,
      9,
      40,
      5,
      17,
      20
    ],
    "q_net.2": [
      15,
      0,
      52,
      33
    ]
  },
  "noising": {
    "metrics": {
      "mean": 0.48066527814211213,
      "std": 0.5678566962040322,
      "count": 6,
      "values": [
        1.5489635823253134,
        0.04445383966506289,
        0.1886030173794626,
        0.9275118533932195,
        0.15307164153104813,
        0.021387734558566462
      ]
    },
    "num_results": 6
  },
  "denoising": {
    "metrics": {
      "mean": 0.1955941276005947,
      "std": 0.18657210868486712,
      "count": 6,
      "values": [
        0.5979913855124985,
        0.16687893734197978,
        0.159131434774322,
        0.028908058713970397,
        0.14534330934556927,
        0.07531163991522827
      ]
    },
    "num_results": 6
  },
  "target_metric_score": 0.48066527814211213,
  "timestamp": "2025-05-30T17:14:35.806342"
}