{
  "experiment_name": "candidate_q_net_2_neuron_59",
  "coalition_neurons": [
    "q_net.0_neuron_38",
    "q_net.0_neuron_24",
    "q_net.0_neuron_27",
    "q_net.0_neuron_9",
    "q_net.0_neuron_61",
    "q_net.2_neuron_10",
    "q_net.2_neuron_33",
    "q_net.0_neuron_47",
    "q_net.2_neuron_15",
    "q_net.0_neuron_5",
    "q_net.0_neuron_32",
    "q_net.0_neuron_2",
    "q_net.0_neuron_4",
    "q_net.0_neuron_45",
    "q_net.0_neuron_33",
    "q_net.0_neuron_8",
    "q_net.2_neuron_20",
    "q_net.0_neuron_59",
    "q_net.0_neuron_23",
    "q_net.2_neuron_7",
    "q_net.0_neuron_28",
    "q_net.2_neuron_59"
  ],
  "patch_config": {
    "q_net.0": [
      38,
      24,
      27,
      9,
      61,
      47,
      5,
      32,
      2,
      4,
      45,
      33,
      8,
      59,
      23,
      28
    ],
    "q_net.2": [
      10,
      33,
      15,
      20,
      7,
      59
    ]
  },
  "noising": {
    "metrics": {
      "mean": 0.43664456670380436,
      "std": 0.6925408070116605,
      "count": 6,
      "values": [
        1.9714651147679745,
        0.09582003755876423,
        0.1003166154284787,
        0.32511336685171766,
        0.09460297395165207,
        0.032549291664239255
      ]
    },
    "num_results": 6
  },
  "denoising": {
    "metrics": {
      "mean": 0.10080884182849838,
      "std": 0.04512173892359298,
      "count": 6,
      "values": [
        0.18436265901554205,
        0.10027348449902529,
        0.06931419002389594,
        0.1245708236481693,
        0.08370592031319479,
        0.042625973471162926
      ]
    },
    "num_results": 6
  },
  "target_metric_score": 0.43664456670380436,
  "timestamp": "2025-05-31T15:22:17.255189"
}