{
  "experiment_name": "candidate_q_net_0_neuron_5",
  "coalition_neurons": [
    "q_net.0_neuron_38",
    "q_net.0_neuron_24",
    "q_net.0_neuron_27",
    "q_net.0_neuron_36",
    "q_net.0_neuron_9",
    "q_net.0_neuron_61",
    "q_net.0_neuron_47",
    "q_net.0_neuron_26",
    "q_net.0_neuron_35",
    "q_net.0_neuron_49",
    "q_net.2_neuron_33",
    "q_net.0_neuron_40",
    "q_net.0_neuron_52",
    "q_net.2_neuron_63",
    "q_net.0_neuron_20",
    "q_net.2_neuron_40",
    "q_net.0_neuron_14",
    "q_net.2_neuron_30",
    "q_net.2_neuron_21",
    "q_net.2_neuron_36",
    "q_net.2_neuron_34",
    "q_net.0_neuron_42",
    "q_net.0_neuron_46",
    "q_net.0_neuron_62",
    "q_net.0_neuron_32",
    "q_net.0_neuron_33",
    "q_net.2_neuron_0",
    "q_net.2_neuron_32",
    "q_net.0_neuron_5"
  ],
  "patch_config": {
    "q_net.0": [
      38,
      24,
      27,
      36,
      9,
      61,
      47,
      26,
      35,
      49,
      40,
      52,
      20,
      14,
      42,
      46,
      62,
      32,
      33,
      5
    ],
    "q_net.2": [
      33,
      63,
      40,
      30,
      21,
      36,
      34,
      0,
      32
    ]
  },
  "noising": {
    "metrics": {
      "mean": 0.3756992516155648,
      "std": 0.44806764504430546,
      "count": 6,
      "values": [
        1.3555895078573168,
        0.05261920367579187,
        0.2528335562055999,
        0.32240404238029086,
        0.19270618170390685,
        0.0780430178704824
      ]
    },
    "num_results": 6
  },
  "denoising": {
    "metrics": {
      "mean": 0.3933183034181802,
      "std": 0.3768267382275269,
      "count": 6,
      "values": [
        1.2002580532716642,
        0.07051638336047628,
        0.2554967032571319,
        0.4162718087665115,
        0.27552570887827754,
        0.1418411629750198
      ]
    },
    "num_results": 6
  },
  "target_metric_score": 0.3845087775168725,
  "timestamp": "2025-05-30T23:16:33.986028"
}