{
  "experiment_name": "candidate_q_net_0_neuron_9",
  "coalition_neurons": [
    "q_net.0_neuron_38",
    "q_net.0_neuron_24",
    "q_net.0_neuron_9"
  ],
  "patch_config": {
    "q_net.0": [
      38,
      24,
      9
    ]
  },
  "noising": {
    "metrics": {
      "mean": 0.10429319522241587,
      "std": 0.15228150062711207,
      "count": 6,
      "values": [
        0.42323452613093004,
        0.0020632951285270984,
        0.0012379850365206169,
        0.15252294184994253,
        0.04472062994663384,
        0.0019797932419410857
      ]
    },
    "num_results": 6
  },
  "denoising": {
    "metrics": {
      "mean": 0.04133238754945434,
      "std": 0.06864070379124289,
      "count": 6,
      "values": [
        0.030366889526391327,
        0.0028104732150665557,
        0.0007518923048859261,
        0.19284766363397854,
        0.01992407348030889,
        0.0012933331360948097
      ]
    },
    "num_results": 6
  },
  "target_metric_score": 0.10429319522241587,
  "timestamp": "2025-05-30T22:49:05.643040"
}