{
  "experiment_name": "candidate_q_net_0_neuron_56",
  "coalition_neurons": [
    "q_net.0_neuron_38",
    "q_net.0_neuron_24",
    "q_net.0_neuron_27",
    "q_net.0_neuron_9",
    "q_net.0_neuron_61",
    "q_net.2_neuron_10",
    "q_net.2_neuron_33",
    "q_net.0_neuron_47",
    "q_net.2_neuron_15",
    "q_net.0_neuron_5",
    "q_net.0_neuron_32",
    "q_net.0_neuron_2",
    "q_net.0_neuron_4",
    "q_net.0_neuron_45",
    "q_net.0_neuron_33",
    "q_net.0_neuron_8",
    "q_net.2_neuron_20",
    "q_net.0_neuron_59",
    "q_net.0_neuron_23",
    "q_net.0_neuron_56"
  ],
  "patch_config": {
    "q_net.0": [
      38,
      24,
      27,
      9,
      61,
      47,
      5,
      32,
      2,
      4,
      45,
      33,
      8,
      59,
      23,
      56
    ],
    "q_net.2": [
      10,
      33,
      15,
      20
    ]
  },
  "noising": {
    "metrics": {
      "mean": 0.41228924564663577,
      "std": 0.6149069624826886,
      "count": 6,
      "values": [
        1.7687704441902388,
        0.08803551025291878,
        0.12639750147543738,
        0.34744902554825674,
        0.12314240276021682,
        0.0199405896527457
      ]
    },
    "num_results": 6
  },
  "denoising": {
    "metrics": {
      "mean": 0.09727066607140301,
      "std": 0.0530716896107002,
      "count": 6,
      "values": [
        0.19857544378292036,
        0.0675615509460894,
        0.08886064539986616,
        0.1098443815051443,
        0.09583113722998404,
        0.02295083756441385
      ]
    },
    "num_results": 6
  },
  "target_metric_score": 0.41228924564663577,
  "timestamp": "2025-05-31T15:22:16.166042"
}