{
  "experiment_name": "candidate_q_net_0_neuron_51",
  "coalition_neurons": [
    "q_net.0_neuron_38",
    "q_net.0_neuron_24",
    "q_net.0_neuron_27",
    "q_net.0_neuron_9",
    "q_net.0_neuron_61",
    "q_net.2_neuron_10",
    "q_net.2_neuron_33",
    "q_net.0_neuron_47",
    "q_net.2_neuron_15",
    "q_net.0_neuron_5",
    "q_net.0_neuron_51"
  ],
  "patch_config": {
    "q_net.0": [
      38,
      24,
      27,
      9,
      61,
      47,
      5,
      51
    ],
    "q_net.2": [
      10,
      33,
      15
    ]
  },
  "noising": {
    "metrics": {
      "mean": 0.38188426533999437,
      "std": 0.7057132644941025,
      "count": 6,
      "values": [
        1.9558178673364193,
        0.035466449707707515,
        0.02895490063875461,
        0.17045844443409108,
        0.08000226629598528,
        0.02060566362700811
      ]
    },
    "num_results": 6
  },
  "denoising": {
    "metrics": {
      "mean": 0.07756496483578983,
      "std": 0.0618477000538119,
      "count": 6,
      "values": [
        0.16425954627424955,
        0.039289016070715665,
        0.016747964714680097,
        0.1629710290941705,
        0.05354839184156146,
        0.028573841019361668
      ]
    },
    "num_results": 6
  },
  "target_metric_score": 0.38188426533999437,
  "timestamp": "2025-05-31T15:22:12.685400"
}