{
  "experiment_name": "candidate_q_net_0_neuron_32",
  "coalition_neurons": [
    "q_net.0_neuron_38",
    "q_net.0_neuron_24",
    "q_net.0_neuron_27",
    "q_net.0_neuron_36",
    "q_net.0_neuron_9",
    "q_net.0_neuron_61",
    "q_net.0_neuron_47",
    "q_net.0_neuron_26",
    "q_net.0_neuron_35",
    "q_net.0_neuron_49",
    "q_net.2_neuron_33",
    "q_net.0_neuron_40",
    "q_net.0_neuron_52",
    "q_net.2_neuron_63",
    "q_net.0_neuron_32"
  ],
  "patch_config": {
    "q_net.0": [
      38,
      24,
      27,
      36,
      9,
      61,
      47,
      26,
      35,
      49,
      40,
      52,
      32
    ],
    "q_net.2": [
      33,
      63
    ]
  },
  "noising": {
    "metrics": {
      "mean": 0.3638950898905166,
      "std": 0.5429670173619053,
      "count": 6,
      "values": [
        1.5755289796298138,
        0.08406268852501131,
        0.11451140764142265,
        0.18675643989489343,
        0.1366759852174556,
        0.08583503843450302
      ]
    },
    "num_results": 6
  },
  "denoising": {
    "metrics": {
      "mean": 0.2231115140614078,
      "std": 0.1964438996390592,
      "count": 6,
      "values": [
        0.6426733978257028,
        0.08742687485282408,
        0.08370864873375172,
        0.2588490370184484,
        0.14167286803290613,
        0.12433825790481379
      ]
    },
    "num_results": 6
  },
  "target_metric_score": 0.2935033019759622,
  "timestamp": "2025-05-30T23:16:28.335620"
}