{
  "experiment_name": "candidate_q_net_2_neuron_3",
  "coalition_neurons": [
    "q_net.0_neuron_38",
    "q_net.0_neuron_24",
    "q_net.0_neuron_27",
    "q_net.0_neuron_9",
    "q_net.0_neuron_61",
    "q_net.2_neuron_10",
    "q_net.2_neuron_33",
    "q_net.0_neuron_47",
    "q_net.2_neuron_15",
    "q_net.0_neuron_5",
    "q_net.0_neuron_32",
    "q_net.0_neuron_2",
    "q_net.0_neuron_4",
    "q_net.0_neuron_45",
    "q_net.0_neuron_33",
    "q_net.0_neuron_8",
    "q_net.2_neuron_20",
    "q_net.0_neuron_59",
    "q_net.0_neuron_23",
    "q_net.2_neuron_7",
    "q_net.0_neuron_28",
    "q_net.0_neuron_12",
    "q_net.2_neuron_50",
    "q_net.2_neuron_19",
    "q_net.0_neuron_3",
    "q_net.2_neuron_45",
    "q_net.0_neuron_46",
    "q_net.0_neuron_42",
    "q_net.2_neuron_3"
  ],
  "patch_config": {
    "q_net.0": [
      38,
      24,
      27,
      9,
      61,
      47,
      5,
      32,
      2,
      4,
      45,
      33,
      8,
      59,
      23,
      28,
      12,
      3,
      46,
      42
    ],
    "q_net.2": [
      10,
      33,
      15,
      20,
      7,
      50,
      19,
      45,
      3
    ]
  },
  "noising": {
    "metrics": {
      "mean": 0.42809962255667217,
      "std": 0.6792793315024978,
      "count": 6,
      "values": [
        1.929905442262151,
        0.0812503582806543,
        0.12923472813826442,
        0.33519180129536086,
        0.08905446527304794,
        0.003960940090554699
      ]
    },
    "num_results": 6
  },
  "denoising": {
    "metrics": {
      "mean": 0.10206362572791104,
      "std": 0.055556823264977365,
      "count": 6,
      "values": [
        0.1687822814455947,
        0.08577638614109895,
        0.10409426752162876,
        0.16541905910738242,
        0.08338388964064314,
        0.004925870511118258
      ]
    },
    "num_results": 6
  },
  "target_metric_score": 0.42809962255667217,
  "timestamp": "2025-05-30T23:34:19.089735"
}