{
  "experiment_name": "candidate_q_net_2_neuron_55",
  "coalition_neurons": [
    "q_net.0_neuron_38",
    "q_net.0_neuron_24",
    "q_net.2_neuron_55"
  ],
  "patch_config": {
    "q_net.0": [
      38,
      24
    ],
    "q_net.2": [
      55
    ]
  },
  "noising": {
    "metrics": {
      "mean": 0.05265263800735209,
      "std": 0.060885115920055945,
      "count": 6,
      "values": [
        0.13686646911785694,
        0.006464433081925791,
        0.00046985262773846515,
        0.13842511864895135,
        0.030489129157032724,
        0.0032008254106072886
      ]
    },
    "num_results": 6
  },
  "denoising": {
    "metrics": {
      "mean": 0.03874593016500658,
      "std": 0.06815832239084997,
      "count": 6,
      "values": [
        0.01585506376098078,
        0.006982509189788821,
        0.00019605640127018376,
        0.19051137005268903,
        0.016775612072368107,
        0.002154969512942584
      ]
    },
    "num_results": 6
  },
  "target_metric_score": 0.05265263800735209,
  "timestamp": "2025-05-30T22:49:05.768238"
}