{
  "experiment_name": "candidate_q_net_2_neuron_40",
  "coalition_neurons": [
    "q_net.0_neuron_38",
    "q_net.0_neuron_24",
    "q_net.0_neuron_27",
    "q_net.0_neuron_9",
    "q_net.0_neuron_61",
    "q_net.2_neuron_10",
    "q_net.2_neuron_33",
    "q_net.0_neuron_47",
    "q_net.2_neuron_15",
    "q_net.0_neuron_5",
    "q_net.0_neuron_32",
    "q_net.0_neuron_2",
    "q_net.0_neuron_4",
    "q_net.0_neuron_45",
    "q_net.2_neuron_40"
  ],
  "patch_config": {
    "q_net.0": [
      38,
      24,
      27,
      9,
      61,
      47,
      5,
      32,
      2,
      4,
      45
    ],
    "q_net.2": [
      10,
      33,
      15,
      40
    ]
  },
  "noising": {
    "metrics": {
      "mean": 0.3928704648633639,
      "std": 0.6256415872221847,
      "count": 6,
      "values": [
        1.778703904337632,
        0.049430960182779815,
        0.10886313779066703,
        0.28709393594045196,
        0.11794910601890485,
        0.015181744909747996
      ]
    },
    "num_results": 6
  },
  "denoising": {
    "metrics": {
      "mean": 0.09063312335154616,
      "std": 0.057010756680161444,
      "count": 6,
      "values": [
        0.17930058562810225,
        0.037422915040798754,
        0.07336907526735459,
        0.14986795783716345,
        0.08357150780077649,
        0.02026669853508145
      ]
    },
    "num_results": 6
  },
  "target_metric_score": 0.3928704648633639,
  "timestamp": "2025-05-30T22:49:10.835658"
}