{
  "experiment_name": "candidate_q_net_0_neuron_48",
  "coalition_neurons": [
    "q_net.0_neuron_38",
    "q_net.0_neuron_24",
    "q_net.0_neuron_27",
    "q_net.0_neuron_9",
    "q_net.0_neuron_61",
    "q_net.2_neuron_10",
    "q_net.2_neuron_33",
    "q_net.0_neuron_47",
    "q_net.2_neuron_15",
    "q_net.0_neuron_5",
    "q_net.0_neuron_32",
    "q_net.0_neuron_2",
    "q_net.0_neuron_4",
    "q_net.0_neuron_45",
    "q_net.0_neuron_33",
    "q_net.0_neuron_8",
    "q_net.2_neuron_20",
    "q_net.0_neuron_59",
    "q_net.0_neuron_23",
    "q_net.2_neuron_7",
    "q_net.0_neuron_28",
    "q_net.0_neuron_12",
    "q_net.2_neuron_50",
    "q_net.2_neuron_19",
    "q_net.0_neuron_3",
    "q_net.2_neuron_45",
    "q_net.0_neuron_46",
    "q_net.0_neuron_42",
    "q_net.2_neuron_32",
    "q_net.0_neuron_48"
  ],
  "patch_config": {
    "q_net.0": [
      38,
      24,
      27,
      9,
      61,
      47,
      5,
      32,
      2,
      4,
      45,
      33,
      8,
      59,
      23,
      28,
      12,
      3,
      46,
      42,
      48
    ],
    "q_net.2": [
      10,
      33,
      15,
      20,
      7,
      50,
      19,
      45,
      32
    ]
  },
  "noising": {
    "metrics": {
      "mean": 0.46037021436004616,
      "std": 0.6928554793981233,
      "count": 6,
      "values": [
        1.9796625896602373,
        0.093339284624543,
        0.14341842559367945,
        0.4397176827840116,
        0.10106866323096098,
        0.005014640266845061
      ]
    },
    "num_results": 6
  },
  "denoising": {
    "metrics": {
      "mean": 0.10338592029125403,
      "std": 0.05502186546930905,
      "count": 6,
      "values": [
        0.16311107000957137,
        0.08844221905567407,
        0.10519114567917076,
        0.17105248459562483,
        0.0866641423904394,
        0.0058544600170437056
      ]
    },
    "num_results": 6
  },
  "target_metric_score": 0.46037021436004616,
  "timestamp": "2025-05-31T15:22:20.561798"
}