{
  "experiment_name": "candidate_q_net_0_neuron_49",
  "coalition_neurons": [
    "q_net.0_neuron_38",
    "q_net.0_neuron_24",
    "q_net.0_neuron_27",
    "q_net.0_neuron_49"
  ],
  "patch_config": {
    "q_net.0": [
      38,
      24,
      27,
      49
    ]
  },
  "noising": {
    "metrics": {
      "mean": 0.11669758703698603,
      "std": 0.15560797853376748,
      "count": 6,
      "values": [
        0.4385860767349212,
        0.01641523357975272,
        0.009078630342379101,
        0.17735113983154105,
        0.05287106774596806,
        0.005883373987354057
      ]
    },
    "num_results": 6
  },
  "denoising": {
    "metrics": {
      "mean": 0.05470724727913819,
      "std": 0.07583780878435947,
      "count": 6,
      "values": [
        0.047808137310112686,
        0.019464952075983644,
        0.005137095383413781,
        0.2209823956175313,
        0.030350869862105556,
        0.004500033425682171
      ]
    },
    "num_results": 6
  },
  "target_metric_score": 0.11669758703698603,
  "timestamp": "2025-05-30T22:49:06.079918"
}