{
  "experiment_name": "candidate_q_net_2_neuron_61",
  "coalition_neurons": [
    "q_net.0_neuron_38",
    "q_net.2_neuron_61"
  ],
  "patch_config": {
    "q_net.0": [
      38
    ],
    "q_net.2": [
      61
    ]
  },
  "noising": {
    "metrics": {
      "mean": 0.017667636040589185,
      "std": 0.02593642411734517,
      "count": 6,
      "values": [
        0.014998798198585628,
        0.0004013333337877789,
        0.00022881777640759715,
        0.07357819827393275,
        0.01643159697855301,
        0.0003670716822683495
      ]
    },
    "num_results": 6
  },
  "denoising": {
    "metrics": {
      "mean": 0.025987755047779226,
      "std": 0.0525680128323688,
      "count": 6,
      "values": [
        0.0029509339382550737,
        0.0006390485006892987,
        0.00017768791729555478,
        0.1433603029195809,
        0.008431932122094254,
        0.00036662488876026966
      ]
    },
    "num_results": 6
  },
  "target_metric_score": 0.025987755047779226,
  "timestamp": "2025-05-30T22:49:05.502217"
}