{
  "experiment_name": "candidate_q_net_2_neuron_30",
  "coalition_neurons": [
    "q_net.4_neuron_2",
    "q_net.4_neuron_3",
    "q_net.0_neuron_24",
    "q_net.0_neuron_38",
    "q_net.0_neuron_3",
    "q_net.0_neuron_27",
    "q_net.2_neuron_30"
  ],
  "patch_config": {
    "q_net.4": [
      2,
      3
    ],
    "q_net.0": [
      24,
      38,
      3,
      27
    ],
    "q_net.2": [
      30
    ]
  },
  "noising": {
    "metrics": {
      "mean": 0.44796673635517165,
      "std": 0.49203721370935316,
      "count": 6,
      "values": [
        1.2172994804335366,
        0.0333408574648959,
        0.18556576274071257,
        1.0489730154974872,
        0.19725992389378189,
        0.005361378100615988
      ]
    },
    "num_results": 6
  },
  "denoising": {
    "metrics": {
      "mean": 0.22319054295798915,
      "std": 0.18396382602896783,
      "count": 6,
      "values": [
        0.6145176590630835,
        0.19413123950277855,
        0.15911937334697157,
        0.16449295742139047,
        0.18357951996868793,
        0.023302508445022574
      ]
    },
    "num_results": 6
  },
  "target_metric_score": 0.44796673635517165,
  "timestamp": "2025-05-30T17:14:34.317540"
}