{
  "experiment_name": "candidate_q_net_0_neuron_28",
  "coalition_neurons": [
    "q_net.0_neuron_38",
    "q_net.0_neuron_24",
    "q_net.0_neuron_27",
    "q_net.0_neuron_36",
    "q_net.0_neuron_9",
    "q_net.0_neuron_61",
    "q_net.0_neuron_47",
    "q_net.0_neuron_26",
    "q_net.0_neuron_35",
    "q_net.0_neuron_49",
    "q_net.2_neuron_33",
    "q_net.0_neuron_40",
    "q_net.0_neuron_52",
    "q_net.2_neuron_63",
    "q_net.0_neuron_20",
    "q_net.2_neuron_40",
    "q_net.0_neuron_14",
    "q_net.2_neuron_30",
    "q_net.2_neuron_21",
    "q_net.2_neuron_36",
    "q_net.2_neuron_34",
    "q_net.0_neuron_42",
    "q_net.0_neuron_46",
    "q_net.0_neuron_62",
    "q_net.0_neuron_28"
  ],
  "patch_config": {
    "q_net.0": [
      38,
      24,
      27,
      36,
      9,
      61,
      47,
      26,
      35,
      49,
      40,
      52,
      20,
      14,
      42,
      46,
      62,
      28
    ],
    "q_net.2": [
      33,
      63,
      40,
      30,
      21,
      36,
      34
    ]
  },
  "noising": {
    "metrics": {
      "mean": 0.3672829863745621,
      "std": 0.42076919071593416,
      "count": 6,
      "values": [
        1.2959873792765897,
        0.10532156294120176,
        0.18661119683213023,
        0.3125386538888,
        0.18700297850449554,
        0.1162361468041554
      ]
    },
    "num_results": 6
  },
  "denoising": {
    "metrics": {
      "mean": 0.39101812514252376,
      "std": 0.4097146842794611,
      "count": 6,
      "values": [
        1.2946610323021632,
        0.09839239342176687,
        0.18664604582361277,
        0.3271311926177133,
        0.23387537454629848,
        0.20540271214358774
      ]
    },
    "num_results": 6
  },
  "target_metric_score": 0.37915055575854295,
  "timestamp": "2025-05-30T23:16:32.534453"
}