{
  "experiment_name": "candidate_q_net_2_neuron_36",
  "coalition_neurons": [
    "q_net.0_neuron_38",
    "q_net.0_neuron_24",
    "q_net.0_neuron_27",
    "q_net.0_neuron_9",
    "q_net.0_neuron_61",
    "q_net.2_neuron_10",
    "q_net.2_neuron_33",
    "q_net.0_neuron_47",
    "q_net.2_neuron_15",
    "q_net.0_neuron_5",
    "q_net.0_neuron_32",
    "q_net.0_neuron_2",
    "q_net.0_neuron_4",
    "q_net.0_neuron_45",
    "q_net.0_neuron_33",
    "q_net.0_neuron_8",
    "q_net.2_neuron_20",
    "q_net.0_neuron_59",
    "q_net.0_neuron_23",
    "q_net.2_neuron_7",
    "q_net.0_neuron_28",
    "q_net.0_neuron_12",
    "q_net.2_neuron_36"
  ],
  "patch_config": {
    "q_net.0": [
      38,
      24,
      27,
      9,
      61,
      47,
      5,
      32,
      2,
      4,
      45,
      33,
      8,
      59,
      23,
      28,
      12
    ],
    "q_net.2": [
      10,
      33,
      15,
      20,
      7,
      36
    ]
  },
  "noising": {
    "metrics": {
      "mean": 0.43995594983758496,
      "std": 0.6630100565004976,
      "count": 6,
      "values": [
        1.9067505624734484,
        0.10534576003989882,
        0.12900748482225455,
        0.3445857037269098,
        0.12610795871805758,
        0.02793822924494105
      ]
    },
    "num_results": 6
  },
  "denoising": {
    "metrics": {
      "mean": 0.10366337246349551,
      "std": 0.05317734544605565,
      "count": 6,
      "values": [
        0.19265640871739165,
        0.0792746584976538,
        0.09173290172042181,
        0.14461666258362293,
        0.090389938851413,
        0.023309664410469888
      ]
    },
    "num_results": 6
  },
  "target_metric_score": 0.43995594983758496,
  "timestamp": "2025-05-30T23:34:16.551836"
}