{
  "experiment_name": "candidate_q_net_0_neuron_4",
  "coalition_neurons": [
    "q_net.0_neuron_38",
    "q_net.0_neuron_24",
    "q_net.0_neuron_27",
    "q_net.0_neuron_36",
    "q_net.0_neuron_9",
    "q_net.0_neuron_61",
    "q_net.0_neuron_47",
    "q_net.0_neuron_26",
    "q_net.0_neuron_35",
    "q_net.0_neuron_49",
    "q_net.2_neuron_33",
    "q_net.0_neuron_40",
    "q_net.0_neuron_52",
    "q_net.2_neuron_63",
    "q_net.0_neuron_20",
    "q_net.2_neuron_40",
    "q_net.0_neuron_14",
    "q_net.2_neuron_30",
    "q_net.2_neuron_21",
    "q_net.2_neuron_36",
    "q_net.2_neuron_34",
    "q_net.0_neuron_42",
    "q_net.0_neuron_4"
  ],
  "patch_config": {
    "q_net.0": [
      38,
      24,
      27,
      36,
      9,
      61,
      47,
      26,
      35,
      49,
      40,
      52,
      20,
      14,
      42,
      4
    ],
    "q_net.2": [
      33,
      63,
      40,
      30,
      21,
      36,
      34
    ]
  },
  "noising": {
    "metrics": {
      "mean": 0.3591014690204628,
      "std": 0.41392291815352944,
      "count": 6,
      "values": [
        1.2711082669776488,
        0.10155099761990771,
        0.17443213930777934,
        0.3190073856687654,
        0.1748830336645537,
        0.11362699088412198
      ]
    },
    "num_results": 6
  },
  "denoising": {
    "metrics": {
      "mean": 0.3661543132833944,
      "std": 0.41931910842766906,
      "count": 6,
      "values": [
        1.2919236309826496,
        0.06997618318181631,
        0.15826183791974713,
        0.2960656247545671,
        0.2016245808982371,
        0.17907402196334954
      ]
    },
    "num_results": 6
  },
  "target_metric_score": 0.3626278911519286,
  "timestamp": "2025-05-30T23:16:31.510547"
}