{
  "experiment_name": "candidate_q_net_2_neuron_45",
  "coalition_neurons": [
    "q_net.0_neuron_38",
    "q_net.0_neuron_24",
    "q_net.0_neuron_27",
    "q_net.0_neuron_36",
    "q_net.0_neuron_9",
    "q_net.0_neuron_61",
    "q_net.0_neuron_47",
    "q_net.0_neuron_26",
    "q_net.0_neuron_35",
    "q_net.0_neuron_49",
    "q_net.2_neuron_33",
    "q_net.0_neuron_40",
    "q_net.0_neuron_52",
    "q_net.2_neuron_63",
    "q_net.0_neuron_20",
    "q_net.2_neuron_40",
    "q_net.0_neuron_14",
    "q_net.2_neuron_30",
    "q_net.2_neuron_21",
    "q_net.2_neuron_36",
    "q_net.2_neuron_34",
    "q_net.0_neuron_42",
    "q_net.0_neuron_46",
    "q_net.0_neuron_62",
    "q_net.0_neuron_32",
    "q_net.0_neuron_33",
    "q_net.2_neuron_0",
    "q_net.2_neuron_32",
    "q_net.0_neuron_29",
    "q_net.2_neuron_45"
  ],
  "patch_config": {
    "q_net.0": [
      38,
      24,
      27,
      36,
      9,
      61,
      47,
      26,
      35,
      49,
      40,
      52,
      20,
      14,
      42,
      46,
      62,
      32,
      33,
      29
    ],
    "q_net.2": [
      33,
      63,
      40,
      30,
      21,
      36,
      34,
      0,
      32,
      45
    ]
  },
  "noising": {
    "metrics": {
      "mean": 0.37965716795517346,
      "std": 0.4311513719324117,
      "count": 6,
      "values": [
        1.3250043717526472,
        0.076704833696281,
        0.24626884533983018,
        0.33236440804359535,
        0.18922749452491694,
        0.1083730543737702
      ]
    },
    "num_results": 6
  },
  "denoising": {
    "metrics": {
      "mean": 0.40332757583126355,
      "std": 0.38285011767603383,
      "count": 6,
      "values": [
        1.2348417511036882,
        0.08792504022408254,
        0.2392781112680351,
        0.39789580340192665,
        0.25769489133480294,
        0.20232985765504574
      ]
    },
    "num_results": 6
  },
  "target_metric_score": 0.3914923718932185,
  "timestamp": "2025-05-30T23:16:34.765204"
}