{
  "experiment_name": "candidate_q_net_0_neuron_7",
  "coalition_neurons": [
    "q_net.4_neuron_2",
    "q_net.4_neuron_3",
    "q_net.0_neuron_24",
    "q_net.0_neuron_38",
    "q_net.0_neuron_3",
    "q_net.0_neuron_27",
    "q_net.0_neuron_9",
    "q_net.2_neuron_15",
    "q_net.0_neuron_40",
    "q_net.0_neuron_5",
    "q_net.2_neuron_0",
    "q_net.2_neuron_52",
    "q_net.2_neuron_33",
    "q_net.0_neuron_17",
    "q_net.0_neuron_20",
    "q_net.0_neuron_47",
    "q_net.0_neuron_49",
    "q_net.0_neuron_26",
    "q_net.2_neuron_63",
    "q_net.0_neuron_36",
    "q_net.0_neuron_33",
    "q_net.2_neuron_30",
    "q_net.0_neuron_35",
    "q_net.2_neuron_38",
    "q_net.0_neuron_61",
    "q_net.2_neuron_40",
    "q_net.2_neuron_10",
    "q_net.0_neuron_12",
    "q_net.2_neuron_19",
    "q_net.0_neuron_7"
  ],
  "patch_config": {
    "q_net.4": [
      2,
      3
    ],
    "q_net.0": [
      24,
      38,
      3,
      27,
      9,
      40,
      5,
      17,
      20,
      47,
      49,
      26,
      36,
      33,
      35,
      61,
      12,
      7
    ],
    "q_net.2": [
      15,
      0,
      52,
      33,
      63,
      30,
      38,
      40,
      10,
      19
    ]
  },
  "noising": {
    "metrics": {
      "mean": 0.49912140383328746,
      "std": 0.515060792637734,
      "count": 6,
      "values": [
        1.290692643367143,
        0.05081526642022238,
        0.2676852231022172,
        1.1413426679772651,
        0.2053297224902847,
        0.038862899642592375
      ]
    },
    "num_results": 6
  },
  "denoising": {
    "metrics": {
      "mean": 0.22736053350181837,
      "std": 0.239335353389622,
      "count": 6,
      "values": [
        0.745377911889605,
        0.061165372370128646,
        0.21396438160415665,
        0.146942481504984,
        0.16078666756023552,
        0.03592638608180021
      ]
    },
    "num_results": 6
  },
  "target_metric_score": 0.49912140383328746,
  "timestamp": "2025-05-30T17:14:38.516097"
}