{
  "experiment_name": "candidate_q_net_0_neuron_3",
  "coalition_neurons": [
    "q_net.0_neuron_38",
    "q_net.0_neuron_24",
    "q_net.0_neuron_3"
  ],
  "patch_config": {
    "q_net.0": [
      38,
      24,
      3
    ]
  },
  "noising": {
    "metrics": {
      "mean": 0.0647724863716384,
      "std": 0.08228551786378152,
      "count": 6,
      "values": [
        0.21148658178191249,
        0.003898662061189495,
        0.00012171068717303779,
        0.14204626082186744,
        0.02961784777559895,
        0.0014638551020890178
      ]
    },
    "num_results": 6
  },
  "denoising": {
    "metrics": {
      "mean": 0.044251318736586776,
      "std": 0.08353246083104242,
      "count": 6,
      "values": [
        0.01530628756538377,
        0.0038200241901379384,
        2.7674923172682497e-05,
        0.230555400829629,
        0.014443038061286884,
        0.0013554868499103812
      ]
    },
    "num_results": 6
  },
  "target_metric_score": 0.0647724863716384,
  "timestamp": "2025-05-30T23:34:07.941407"
}