{
  "experiment_name": "candidate_q_net_0_neuron_13",
  "coalition_neurons": [
    "q_net.4_neuron_2",
    "q_net.4_neuron_3",
    "q_net.0_neuron_13"
  ],
  "patch_config": {
    "q_net.4": [
      2,
      3
    ],
    "q_net.0": [
      13
    ]
  },
  "noising": {
    "metrics": {
      "mean": 0.2964021952831734,
      "std": 0.31115911549866115,
      "count": 6,
      "values": [
        0.8762976079927822,
        0.04173152865988583,
        0.16974502234110034,
        0.5371600414292956,
        0.14483625821764012,
        0.008642713058336082
      ]
    },
    "num_results": 6
  },
  "denoising": {
    "metrics": {
      "mean": 0.2356115055342216,
      "std": 0.1991592478916958,
      "count": 6,
      "values": [
        0.5828868450547284,
        0.42847230000039505,
        0.1492640871164782,
        0.06854594766989575,
        0.13537258180384615,
        0.049127271559985974
      ]
    },
    "num_results": 6
  },
  "target_metric_score": 0.2964021952831734,
  "timestamp": "2025-05-30T17:14:33.615397"
}