{
  "experiment_name": "candidate_q_net_2_neuron_0",
  "coalition_neurons": [
    "q_net.0_neuron_38",
    "q_net.0_neuron_24",
    "q_net.0_neuron_27",
    "q_net.0_neuron_9",
    "q_net.0_neuron_61",
    "q_net.2_neuron_10",
    "q_net.2_neuron_33",
    "q_net.2_neuron_0"
  ],
  "patch_config": {
    "q_net.0": [
      38,
      24,
      27,
      9,
      61
    ],
    "q_net.2": [
      10,
      33,
      0
    ]
  },
  "noising": {
    "metrics": {
      "mean": 0.36386097912290855,
      "std": 0.7083638642994079,
      "count": 6,
      "values": [
        1.9443523837388421,
        0.010209607062453996,
        0.009218118541556186,
        0.13887749500813595,
        0.0704361404616961,
        0.01007212992476647
      ]
    },
    "num_results": 6
  },
  "denoising": {
    "metrics": {
      "mean": 0.06949589360047835,
      "std": 0.07157069121656517,
      "count": 6,
      "values": [
        0.1776483197744949,
        0.009802444533725696,
        0.005875370184894146,
        0.15693774421545081,
        0.057522438206486615,
        0.009189044687817893
      ]
    },
    "num_results": 6
  },
  "target_metric_score": 0.36386097912290855,
  "timestamp": "2025-05-30T22:49:08.287214"
}