{
  "experiment_name": "candidate_q_net_2_neuron_62",
  "coalition_neurons": [
    "q_net.0_neuron_38",
    "q_net.0_neuron_24",
    "q_net.0_neuron_27",
    "q_net.0_neuron_9",
    "q_net.0_neuron_61",
    "q_net.2_neuron_62"
  ],
  "patch_config": {
    "q_net.0": [
      38,
      24,
      27,
      9,
      61
    ],
    "q_net.2": [
      62
    ]
  },
  "noising": {
    "metrics": {
      "mean": 0.25764919993709307,
      "std": 0.47381433279733876,
      "count": 6,
      "values": [
        1.3097616100629719,
        0.0019846091964826895,
        0.008836045585969288,
        0.1611397063769685,
        0.06137993247878981,
        0.0027932959213765596
      ]
    },
    "num_results": 6
  },
  "denoising": {
    "metrics": {
      "mean": 0.0626830306944028,
      "std": 0.08356572452528195,
      "count": 6,
      "values": [
        0.09329913631088749,
        0.0021826037183326763,
        0.005644932721053042,
        0.23533695216050798,
        0.03661114544482047,
        0.0030234138108151676
      ]
    },
    "num_results": 6
  },
  "target_metric_score": 0.25764919993709307,
  "timestamp": "2025-05-31T15:22:10.859686"
}