{
  "experiment_name": "candidate_q_net_4_neuron_0",
  "coalition_neurons": [
    "q_net.4_neuron_2",
    "q_net.4_neuron_3",
    "q_net.0_neuron_24",
    "q_net.0_neuron_38",
    "q_net.0_neuron_3",
    "q_net.0_neuron_27",
    "q_net.0_neuron_9",
    "q_net.2_neuron_15",
    "q_net.0_neuron_40",
    "q_net.0_neuron_5",
    "q_net.2_neuron_0",
    "q_net.2_neuron_52",
    "q_net.2_neuron_33",
    "q_net.0_neuron_17",
    "q_net.0_neuron_20",
    "q_net.0_neuron_47",
    "q_net.0_neuron_49",
    "q_net.0_neuron_26",
    "q_net.2_neuron_63",
    "q_net.0_neuron_36",
    "q_net.0_neuron_33",
    "q_net.2_neuron_30",
    "q_net.0_neuron_35",
    "q_net.2_neuron_38",
    "q_net.0_neuron_61",
    "q_net.2_neuron_40",
    "q_net.2_neuron_10",
    "q_net.0_neuron_12",
    "q_net.2_neuron_19",
    "q_net.4_neuron_0"
  ],
  "patch_config": {
    "q_net.4": [
      2,
      3,
      0
    ],
    "q_net.0": [
      24,
      38,
      3,
      27,
      9,
      40,
      5,
      17,
      20,
      47,
      49,
      26,
      36,
      33,
      35,
      61,
      12
    ],
    "q_net.2": [
      15,
      0,
      52,
      33,
      63,
      30,
      38,
      40,
      10,
      19
    ]
  },
  "noising": {
    "metrics": {
      "mean": 0.3873745317744893,
      "std": 0.4261653287664384,
      "count": 6,
      "values": [
        1.2427474459450816,
        0.07890778692871081,
        0.22760528471490882,
        0.6064227440989798,
        0.13742436448130213,
        0.03113956447795252
      ]
    },
    "num_results": 6
  },
  "denoising": {
    "metrics": {
      "mean": 0.2427591872850354,
      "std": 0.22004777371100298,
      "count": 6,
      "values": [
        0.6984504484736023,
        0.08277563650088982,
        0.19645447126559634,
        0.29209577182271584,
        0.15693458229488644,
        0.02984421335252163
      ]
    },
    "num_results": 6
  },
  "target_metric_score": 0.3873745317744893,
  "timestamp": "2025-05-30T17:14:38.467984"
}