{
  "experiment_name": "candidate_q_net_0_neuron_2",
  "coalition_neurons": [
    "q_net.0_neuron_38",
    "q_net.0_neuron_24",
    "q_net.0_neuron_27",
    "q_net.0_neuron_36",
    "q_net.0_neuron_9",
    "q_net.0_neuron_61",
    "q_net.0_neuron_47",
    "q_net.0_neuron_26",
    "q_net.0_neuron_35",
    "q_net.0_neuron_49",
    "q_net.2_neuron_33",
    "q_net.0_neuron_40",
    "q_net.0_neuron_52",
    "q_net.2_neuron_63",
    "q_net.0_neuron_20",
    "q_net.2_neuron_40",
    "q_net.0_neuron_14",
    "q_net.2_neuron_30",
    "q_net.2_neuron_21",
    "q_net.2_neuron_36",
    "q_net.0_neuron_2"
  ],
  "patch_config": {
    "q_net.0": [
      38,
      24,
      27,
      36,
      9,
      61,
      47,
      26,
      35,
      49,
      40,
      52,
      20,
      14,
      2
    ],
    "q_net.2": [
      33,
      63,
      40,
      30,
      21,
      36
    ]
  },
  "noising": {
    "metrics": {
      "mean": 0.33764979027875497,
      "std": 0.42634592933070514,
      "count": 6,
      "values": [
        1.2799109712731944,
        0.0732229130114348,
        0.15441714261123218,
        0.2696471991174615,
        0.16710224871213164,
        0.08159826694707506
      ]
    },
    "num_results": 6
  },
  "denoising": {
    "metrics": {
      "mean": 0.34847172029723844,
      "std": 0.3914498707118822,
      "count": 6,
      "values": [
        1.2013711065593609,
        0.07293551156404632,
        0.14652486359900152,
        0.35226900308602904,
        0.19974285508424627,
        0.11798698189074652
      ]
    },
    "num_results": 6
  },
  "target_metric_score": 0.34306075528799673,
  "timestamp": "2025-05-30T23:16:30.589367"
}