{
  "experiment_name": "candidate_q_net_0_neuron_13",
  "coalition_neurons": [
    "q_net.4_neuron_2",
    "q_net.4_neuron_3",
    "q_net.0_neuron_24",
    "q_net.0_neuron_38",
    "q_net.0_neuron_3",
    "q_net.0_neuron_27",
    "q_net.0_neuron_9",
    "q_net.2_neuron_15",
    "q_net.0_neuron_40",
    "q_net.0_neuron_5",
    "q_net.2_neuron_0",
    "q_net.2_neuron_52",
    "q_net.2_neuron_33",
    "q_net.0_neuron_17",
    "q_net.0_neuron_20",
    "q_net.0_neuron_47",
    "q_net.0_neuron_49",
    "q_net.0_neuron_26",
    "q_net.0_neuron_13"
  ],
  "patch_config": {
    "q_net.4": [
      2,
      3
    ],
    "q_net.0": [
      24,
      38,
      3,
      27,
      9,
      40,
      5,
      17,
      20,
      47,
      49,
      26,
      13
    ],
    "q_net.2": [
      15,
      0,
      52,
      33
    ]
  },
  "noising": {
    "metrics": {
      "mean": 0.5174767220060832,
      "std": 0.5534990982349443,
      "count": 6,
      "values": [
        1.3827599079002708,
        0.06525945170956271,
        0.20319101815218543,
        1.199953726048107,
        0.21408421854806603,
        0.03961200967830725
      ]
    },
    "num_results": 6
  },
  "denoising": {
    "metrics": {
      "mean": 0.23251200515345696,
      "std": 0.1915174038158257,
      "count": 6,
      "values": [
        0.653492886146451,
        0.14311938598247753,
        0.1651329147986219,
        0.16503622974325782,
        0.19076958025906554,
        0.07752103399086796
      ]
    },
    "num_results": 6
  },
  "target_metric_score": 0.5174767220060832,
  "timestamp": "2025-05-30T17:14:36.380871"
}