{
  "experiment_name": "candidate_q_net_2_neuron_32",
  "coalition_neurons": [
    "q_net.0_neuron_38",
    "q_net.0_neuron_24",
    "q_net.0_neuron_27",
    "q_net.0_neuron_9",
    "q_net.0_neuron_61",
    "q_net.2_neuron_10",
    "q_net.2_neuron_33",
    "q_net.2_neuron_32"
  ],
  "patch_config": {
    "q_net.0": [
      38,
      24,
      27,
      9,
      61
    ],
    "q_net.2": [
      10,
      33,
      32
    ]
  },
  "noising": {
    "metrics": {
      "mean": 0.3550429907069154,
      "std": 0.6859105452075457,
      "count": 6,
      "values": [
        1.8845756805945442,
        0.010209607062453996,
        0.010518832695796565,
        0.15375644635714558,
        0.05964917499823241,
        0.01154820253331923
      ]
    },
    "num_results": 6
  },
  "denoising": {
    "metrics": {
      "mean": 0.056179077462456616,
      "std": 0.05874796820198008,
      "count": 6,
      "values": [
        0.14462137941155118,
        0.009802444533725696,
        0.005875370184894146,
        0.13150261696405607,
        0.03448493316720824,
        0.010787720513304344
      ]
    },
    "num_results": 6
  },
  "target_metric_score": 0.3550429907069154,
  "timestamp": "2025-05-30T22:49:08.467803"
}