{
  "model.buffer_size": 87504,
  "model.learning_starts": 216530,
  "model.batch_size": 103,
  "model.learning_rate": 4.79077028986867e-06,
  "model.gamma": 0.9414156356932983,
  "model.train_freq": 915,
  "model.target_update_interval": 41423,
  "model.exploration_fraction": 0.39555633017888914,
  "model.exploration_final_eps": 0.06354508667300805
}