{
  "experiment_name": "candidate_q_net_2_neuron_52",
  "coalition_neurons": [
    "q_net.0_neuron_38",
    "q_net.0_neuron_24",
    "q_net.0_neuron_27",
    "q_net.0_neuron_9",
    "q_net.2_neuron_52"
  ],
  "patch_config": {
    "q_net.0": [
      38,
      24,
      27,
      9
    ],
    "q_net.2": [
      52
    ]
  },
  "noising": {
    "metrics": {
      "mean": 0.19942365785811492,
      "std": 0.3378179858116042,
      "count": 6,
      "values": [
        0.9423323775377426,
        0.0027555293043208806,
        0.010058771204409678,
        0.17755364051388156,
        0.06092484420343758,
        0.0029167843848970643
      ]
    },
    "num_results": 6
  },
  "denoising": {
    "metrics": {
      "mean": 0.058116198900538076,
      "std": 0.07571007694311892,
      "count": 6,
      "values": [
        0.08868706983656038,
        0.0031276081646109954,
        0.006642486972927575,
        0.21335405732953538,
        0.0348367011004711,
        0.0020492699991230268
      ]
    },
    "num_results": 6
  },
  "target_metric_score": 0.19942365785811492,
  "timestamp": "2025-05-31T15:22:10.235060"
}