{
  "experiment_name": "candidate_q_net_2_neuron_38",
  "coalition_neurons": [
    "q_net.0_neuron_38",
    "q_net.0_neuron_24",
    "q_net.0_neuron_27",
    "q_net.0_neuron_9",
    "q_net.0_neuron_61",
    "q_net.2_neuron_10",
    "q_net.2_neuron_33",
    "q_net.0_neuron_47",
    "q_net.2_neuron_15",
    "q_net.0_neuron_5",
    "q_net.0_neuron_32",
    "q_net.0_neuron_2",
    "q_net.0_neuron_4",
    "q_net.0_neuron_45",
    "q_net.0_neuron_33",
    "q_net.0_neuron_8",
    "q_net.2_neuron_38"
  ],
  "patch_config": {
    "q_net.0": [
      38,
      24,
      27,
      9,
      61,
      47,
      5,
      32,
      2,
      4,
      45,
      33,
      8
    ],
    "q_net.2": [
      10,
      33,
      15,
      38
    ]
  },
  "noising": {
    "metrics": {
      "mean": 0.4006273095187789,
      "std": 0.6343456067029074,
      "count": 6,
      "values": [
        1.8049236191521472,
        0.044149815152906946,
        0.13349874449173382,
        0.2929600131348925,
        0.11802268766236557,
        0.01020897751862726
      ]
    },
    "num_results": 6
  },
  "denoising": {
    "metrics": {
      "mean": 0.10801699648508145,
      "std": 0.07661697477224992,
      "count": 6,
      "values": [
        0.2454709345017163,
        0.035304109223102786,
        0.1017324603672356,
        0.14945475030092847,
        0.10440667601892795,
        0.011733048498577592
      ]
    },
    "num_results": 6
  },
  "target_metric_score": 0.4006273095187789,
  "timestamp": "2025-05-31T15:22:14.855172"
}