{
  "experiment_name": "candidate_q_net_2_neuron_63",
  "coalition_neurons": [
    "q_net.0_neuron_38",
    "q_net.0_neuron_24",
    "q_net.0_neuron_27",
    "q_net.0_neuron_9",
    "q_net.0_neuron_61",
    "q_net.2_neuron_10",
    "q_net.2_neuron_33",
    "q_net.0_neuron_47",
    "q_net.2_neuron_15",
    "q_net.0_neuron_5",
    "q_net.2_neuron_63"
  ],
  "patch_config": {
    "q_net.0": [
      38,
      24,
      27,
      9,
      61,
      47,
      5
    ],
    "q_net.2": [
      10,
      33,
      15,
      63
    ]
  },
  "noising": {
    "metrics": {
      "mean": 0.37431842399847354,
      "std": 0.6703759776222015,
      "count": 6,
      "values": [
        1.8681838097640775,
        0.0316739880485426,
        0.04553416044979208,
        0.18591416842406439,
        0.09465787020905758,
        0.019946547095306855
      ]
    },
    "num_results": 6
  },
  "denoising": {
    "metrics": {
      "mean": 0.0865158629065483,
      "std": 0.07150258965227518,
      "count": 6,
      "values": [
        0.21058378316516002,
        0.03397011805655259,
        0.028298829059667296,
        0.15680851809220098,
        0.06338835453554426,
        0.02604557453016465
      ]
    },
    "num_results": 6
  },
  "target_metric_score": 0.37431842399847354,
  "timestamp": "2025-05-31T15:22:12.537363"
}