{
  "experiment_name": "candidate_q_net_2_neuron_23",
  "coalition_neurons": [
    "q_net.0_neuron_38",
    "q_net.0_neuron_24",
    "q_net.0_neuron_27",
    "q_net.0_neuron_47",
    "q_net.0_neuron_36",
    "q_net.0_neuron_40",
    "q_net.2_neuron_63",
    "q_net.2_neuron_38",
    "q_net.2_neuron_21",
    "q_net.0_neuron_20",
    "q_net.0_neuron_13",
    "q_net.0_neuron_14",
    "q_net.0_neuron_56",
    "q_net.2_neuron_5",
    "q_net.0_neuron_45",
    "q_net.0_neuron_52",
    "q_net.2_neuron_33",
    "q_net.0_neuron_33",
    "q_net.2_neuron_0",
    "q_net.0_neuron_4",
    "q_net.0_neuron_12",
    "q_net.0_neuron_26",
    "q_net.0_neuron_46",
    "q_net.2_neuron_23"
  ],
  "patch_config": {
    "q_net.0": [
      38,
      24,
      27,
      47,
      36,
      40,
      20,
      13,
      14,
      56,
      45,
      52,
      33,
      4,
      12,
      26,
      46
    ],
    "q_net.2": [
      63,
      38,
      21,
      5,
      33,
      0,
      23
    ]
  },
  "noising": {
    "metrics": {
      "mean": 0.0012617176528065663,
      "std": 0.0013243338116809627,
      "count": 6,
      "values": [
        0.004126779006676645,
        0.0001485903771290295,
        0.000779303209825102,
        0.000982657069312767,
        0.001136912413847464,
        0.00039606384004839054
      ]
    },
    "num_results": 6
  },
  "denoising": {
    "metrics": {
      "mean": 0.0014251096821436791,
      "std": 0.0016544391214940075,
      "count": 6,
      "values": [
        0.005029501102967409,
        0.00014006562185517974,
        0.0008287946584177005,
        0.0008804996200367052,
        0.0013014658508622413,
        0.0003703312387228386
      ]
    },
    "num_results": 6
  },
  "target_metric_score": 0.0014251096821436791,
  "timestamp": "2025-05-31T15:19:53.348477"
}