{
  "experiment_name": "candidate_q_net_0_neuron_56",
  "coalition_neurons": [
    "q_net.0_neuron_38",
    "q_net.0_neuron_24",
    "q_net.0_neuron_27",
    "q_net.0_neuron_47",
    "q_net.0_neuron_36",
    "q_net.0_neuron_40",
    "q_net.0_neuron_56"
  ],
  "patch_config": {
    "q_net.0": [
      38,
      24,
      27,
      47,
      36,
      40,
      56
    ]
  },
  "noising": {
    "metrics": {
      "mean": 0.0004229613282599178,
      "std": 0.0004187589748915381,
      "count": 6,
      "values": [
        0.0011472605421485515,
        5.8663623905832e-06,
        0.00013096935491089265,
        0.0007172920648780105,
        0.0005268194608853021,
        9.560184346166353e-06
      ]
    },
    "num_results": 6
  },
  "denoising": {
    "metrics": {
      "mean": 0.000417726105449867,
      "std": 0.0004367898779656729,
      "count": 6,
      "values": [
        0.0012443235961032625,
        6.246178287845459e-06,
        0.00012806543504762674,
        0.0005648151181436908,
        0.0005548156645595824,
        8.09064055719405e-06
      ]
    },
    "num_results": 6
  },
  "target_metric_score": 0.0004229613282599178,
  "timestamp": "2025-05-31T15:19:46.276758"
}