{
  "experiment_name": "candidate_q_net_0_neuron_7",
  "coalition_neurons": [
    "q_net.0_neuron_38",
    "q_net.0_neuron_24",
    "q_net.0_neuron_27",
    "q_net.0_neuron_7"
  ],
  "patch_config": {
    "q_net.0": [
      38,
      24,
      27,
      7
    ]
  },
  "noising": {
    "metrics": {
      "mean": 0.00013015110765220535,
      "std": 0.0001673523937192724,
      "count": 6,
      "values": [
        0.00031699509708295846,
        2.521619443001123e-06,
        2.8218073362363053e-05,
        0.0004097412790444186,
        2.2342741493884153e-05,
        1.0878354866067223e-06
      ]
    },
    "num_results": 6
  },
  "denoising": {
    "metrics": {
      "mean": 9.427656941718086e-05,
      "std": 0.00012192845339960322,
      "count": 6,
      "values": [
        0.00022170112221555575,
        2.2089280510576503e-06,
        2.6595744609832206e-05,
        0.0003042408884541114,
        1.0041836618496182e-05,
        8.708965540319801e-07
      ]
    },
    "num_results": 6
  },
  "target_metric_score": 0.00013015110765220535,
  "timestamp": "2025-05-31T15:19:45.198237"
}