{
  "experiment_name": "candidate_q_net_2_neuron_30",
  "coalition_neurons": [
    "q_net.0_neuron_38",
    "q_net.0_neuron_24",
    "q_net.0_neuron_27",
    "q_net.0_neuron_47",
    "q_net.0_neuron_36",
    "q_net.0_neuron_40",
    "q_net.2_neuron_63",
    "q_net.2_neuron_38",
    "q_net.2_neuron_21",
    "q_net.0_neuron_20",
    "q_net.0_neuron_13",
    "q_net.0_neuron_14",
    "q_net.0_neuron_56",
    "q_net.2_neuron_5",
    "q_net.0_neuron_45",
    "q_net.0_neuron_52",
    "q_net.2_neuron_33",
    "q_net.0_neuron_33",
    "q_net.2_neuron_30"
  ],
  "patch_config": {
    "q_net.0": [
      38,
      24,
      27,
      47,
      36,
      40,
      20,
      13,
      14,
      56,
      45,
      52,
      33
    ],
    "q_net.2": [
      63,
      38,
      21,
      5,
      33,
      30
    ]
  },
  "noising": {
    "metrics": {
      "mean": 0.0011943586416783547,
      "std": 0.0013508100123555424,
      "count": 6,
      "values": [
        0.004119005236125876,
        8.245197557189788e-05,
        0.0007668218347075696,
        0.0007976082194456526,
        0.0011060349973614795,
        0.0002942295868576519
      ]
    },
    "num_results": 6
  },
  "denoising": {
    "metrics": {
      "mean": 0.0013107903062141105,
      "std": 0.0015884282310764117,
      "count": 6,
      "values": [
        0.004770189540029201,
        8.353273902480369e-05,
        0.0007763806959352445,
        0.0007100277829172903,
        0.0012188364572417129,
        0.00030577462213640964
      ]
    },
    "num_results": 6
  },
  "target_metric_score": 0.0013107903062141105,
  "timestamp": "2025-05-31T15:19:50.500550"
}