{
  "experiment_name": "candidate_q_net_0_neuron_4",
  "coalition_neurons": [
    "q_net.2_neuron_21",
    "q_net.2_neuron_30",
    "q_net.0_neuron_24",
    "q_net.0_neuron_2",
    "q_net.2_neuron_36",
    "q_net.2_neuron_15",
    "q_net.2_neuron_43",
    "q_net.2_neuron_13",
    "q_net.0_neuron_18",
    "q_net.0_neuron_46",
    "q_net.2_neuron_6",
    "q_net.0_neuron_27",
    "q_net.2_neuron_19",
    "q_net.0_neuron_20",
    "q_net.0_neuron_62",
    "q_net.2_neuron_55",
    "q_net.0_neuron_8",
    "q_net.0_neuron_47",
    "q_net.0_neuron_56",
    "q_net.0_neuron_9",
    "q_net.2_neuron_27",
    "q_net.2_neuron_38",
    "q_net.2_neuron_41",
    "q_net.2_neuron_57",
    "q_net.0_neuron_38",
    "q_net.0_neuron_12",
    "q_net.2_neuron_35",
    "q_net.0_neuron_4"
  ],
  "patch_config": {
    "q_net.2": [
      21,
      30,
      36,
      15,
      43,
      13,
      6,
      19,
      55,
      27,
      38,
      41,
      57,
      35
    ],
    "q_net.0": [
      24,
      2,
      18,
      46,
      27,
      20,
      62,
      8,
      47,
      56,
      9,
      38,
      12,
      4
    ]
  },
  "noising": {
    "metrics": {
      "mean": 0.8459788620654932,
      "std": 0.15337945319342033,
      "count": 6,
      "values": [
        0.9738021548810545,
        0.772819708584279,
        0.9857320850898658,
        0.556437754219008,
        0.9696038799280684,
        0.817477589690683
      ]
    },
    "num_results": 6
  },
  "denoising": {
    "metrics": {
      "mean": 0.8274573796778336,
      "std": 0.1564938853885422,
      "count": 6,
      "values": [
        0.8671191947916326,
        0.7127617674288482,
        0.9816536858672154,
        0.5477771345569691,
        0.9988240965914243,
        0.8566083988309117
      ]
    },
    "num_results": 6
  },
  "target_metric_score": 0.8459788620654932,
  "timestamp": "2025-05-31T15:21:11.337158"
}