{
  "experiment_name": "candidate_q_net_0_neuron_14",
  "coalition_neurons": [
    "q_net.2_neuron_21",
    "q_net.2_neuron_30",
    "q_net.0_neuron_24",
    "q_net.0_neuron_2",
    "q_net.2_neuron_36",
    "q_net.2_neuron_15",
    "q_net.2_neuron_43",
    "q_net.2_neuron_13",
    "q_net.0_neuron_18",
    "q_net.0_neuron_46",
    "q_net.2_neuron_6",
    "q_net.0_neuron_27",
    "q_net.2_neuron_19",
    "q_net.0_neuron_20",
    "q_net.0_neuron_62",
    "q_net.0_neuron_14"
  ],
  "patch_config": {
    "q_net.2": [
      21,
      30,
      36,
      15,
      43,
      13,
      6,
      19
    ],
    "q_net.0": [
      24,
      2,
      18,
      46,
      27,
      20,
      62,
      14
    ]
  },
  "noising": {
    "metrics": {
      "mean": 0.7738114653969287,
      "std": 0.056373228908027644,
      "count": 6,
      "values": [
        0.765779087803655,
        0.8874311909666728,
        0.7280263131270256,
        0.7518839991610609,
        0.792286284416432,
        0.7174619169067262
      ]
    },
    "num_results": 6
  },
  "denoising": {
    "metrics": {
      "mean": 0.7841022343549993,
      "std": 0.06251645961461302,
      "count": 6,
      "values": [
        0.7927542498143647,
        0.8893840993637834,
        0.8041076241642785,
        0.6979628678661771,
        0.8009950292646284,
        0.7194095356567637
      ]
    },
    "num_results": 6
  },
  "target_metric_score": 0.7841022343549993,
  "timestamp": "2025-05-31T15:21:06.104755"
}