{
  "experiment_name": "candidate_q_net_2_neuron_33",
  "coalition_neurons": [
    "q_net.2_neuron_21",
    "q_net.2_neuron_30",
    "q_net.0_neuron_24",
    "q_net.0_neuron_2",
    "q_net.2_neuron_36",
    "q_net.2_neuron_15",
    "q_net.2_neuron_43",
    "q_net.2_neuron_13",
    "q_net.0_neuron_18",
    "q_net.0_neuron_46",
    "q_net.2_neuron_6",
    "q_net.0_neuron_27",
    "q_net.2_neuron_19",
    "q_net.0_neuron_20",
    "q_net.0_neuron_62",
    "q_net.2_neuron_55",
    "q_net.0_neuron_8",
    "q_net.0_neuron_47",
    "q_net.0_neuron_56",
    "q_net.0_neuron_9",
    "q_net.2_neuron_27",
    "q_net.2_neuron_38",
    "q_net.2_neuron_41",
    "q_net.2_neuron_57",
    "q_net.0_neuron_38",
    "q_net.2_neuron_33"
  ],
  "patch_config": {
    "q_net.2": [
      21,
      30,
      36,
      15,
      43,
      13,
      6,
      19,
      55,
      27,
      38,
      41,
      57,
      33
    ],
    "q_net.0": [
      24,
      2,
      18,
      46,
      27,
      20,
      62,
      8,
      47,
      56,
      9,
      38
    ]
  },
  "noising": {
    "metrics": {
      "mean": 0.859252585573648,
      "std": 0.13358328157351448,
      "count": 6,
      "values": [
        0.9812084737471127,
        0.8136778337908478,
        0.9776155909411289,
        0.6056045772096958,
        0.9595378305959376,
        0.8178712071571653
      ]
    },
    "num_results": 6
  },
  "denoising": {
    "metrics": {
      "mean": 0.8488142526589898,
      "std": 0.13547826914907027,
      "count": 6,
      "values": [
        0.9483453629001677,
        0.8799189506098956,
        0.9728001130288594,
        0.5918034856832098,
        0.9444078021798845,
        0.7556098015519224
      ]
    },
    "num_results": 6
  },
  "target_metric_score": 0.859252585573648,
  "timestamp": "2025-05-31T15:21:10.384025"
}