{
  "experiment_name": "candidate_q_net_0_neuron_32",
  "coalition_neurons": [
    "q_net.2_neuron_21",
    "q_net.2_neuron_30",
    "q_net.0_neuron_24",
    "q_net.0_neuron_2",
    "q_net.2_neuron_36",
    "q_net.2_neuron_15",
    "q_net.2_neuron_43",
    "q_net.2_neuron_13",
    "q_net.0_neuron_18",
    "q_net.0_neuron_46",
    "q_net.2_neuron_6",
    "q_net.0_neuron_27",
    "q_net.2_neuron_19",
    "q_net.0_neuron_20",
    "q_net.0_neuron_62",
    "q_net.2_neuron_55",
    "q_net.0_neuron_8",
    "q_net.0_neuron_47",
    "q_net.0_neuron_56",
    "q_net.0_neuron_9",
    "q_net.2_neuron_27",
    "q_net.2_neuron_38",
    "q_net.2_neuron_41",
    "q_net.0_neuron_32"
  ],
  "patch_config": {
    "q_net.2": [
      21,
      30,
      36,
      15,
      43,
      13,
      6,
      19,
      55,
      27,
      38,
      41
    ],
    "q_net.0": [
      24,
      2,
      18,
      46,
      27,
      20,
      62,
      8,
      47,
      56,
      9,
      32
    ]
  },
  "noising": {
    "metrics": {
      "mean": 0.9070520038421971,
      "std": 0.14330511721017344,
      "count": 6,
      "values": [
        0.9831793047743973,
        0.944799114256472,
        0.9309385377030802,
        0.591442803754771,
        0.9947122368591819,
        0.99724002570528
      ]
    },
    "num_results": 6
  },
  "denoising": {
    "metrics": {
      "mean": 0.8825567715726222,
      "std": 0.14163500681353644,
      "count": 6,
      "values": [
        0.9787286116774738,
        0.9695869196128964,
        0.9035989239343237,
        0.5757020793627181,
        0.9767137945630169,
        0.891010300285304
      ]
    },
    "num_results": 6
  },
  "target_metric_score": 0.9070520038421971,
  "timestamp": "2025-05-31T15:21:09.619861"
}