{
  "experiment_name": "candidate_q_net_0_neuron_61",
  "coalition_neurons": [
    "q_net.2_neuron_21",
    "q_net.2_neuron_30",
    "q_net.0_neuron_24",
    "q_net.0_neuron_2",
    "q_net.2_neuron_36",
    "q_net.2_neuron_15",
    "q_net.2_neuron_43",
    "q_net.2_neuron_13",
    "q_net.0_neuron_18",
    "q_net.0_neuron_46",
    "q_net.2_neuron_6",
    "q_net.0_neuron_27",
    "q_net.2_neuron_19",
    "q_net.0_neuron_20",
    "q_net.0_neuron_62",
    "q_net.2_neuron_55",
    "q_net.0_neuron_8",
    "q_net.0_neuron_47",
    "q_net.0_neuron_56",
    "q_net.0_neuron_9",
    "q_net.0_neuron_61"
  ],
  "patch_config": {
    "q_net.2": [
      21,
      30,
      36,
      15,
      43,
      13,
      6,
      19,
      55
    ],
    "q_net.0": [
      24,
      2,
      18,
      46,
      27,
      20,
      62,
      8,
      47,
      56,
      9,
      61
    ]
  },
  "noising": {
    "metrics": {
      "mean": 0.8639482521247607,
      "std": 0.09728407391421068,
      "count": 6,
      "values": [
        0.9460899822174544,
        0.8569787599400704,
        0.9827101553554578,
        0.7501437828080406,
        0.9231887019027838,
        0.7245781305247563
      ]
    },
    "num_results": 6
  },
  "denoising": {
    "metrics": {
      "mean": 0.81667813013615,
      "std": 0.11628880120269036,
      "count": 6,
      "values": [
        0.8870855371330134,
        0.7956938444039168,
        0.9665638459789955,
        0.6534806690667618,
        0.9126176473898292,
        0.684627236844384
      ]
    },
    "num_results": 6
  },
  "target_metric_score": 0.8639482521247607,
  "timestamp": "2025-05-31T15:21:08.241617"
}