{
  "experiment_name": "candidate_q_net_2_neuron_33",
  "coalition_neurons": [
    "q_net.2_neuron_21",
    "q_net.2_neuron_30",
    "q_net.0_neuron_24",
    "q_net.0_neuron_2",
    "q_net.2_neuron_36",
    "q_net.2_neuron_15",
    "q_net.2_neuron_43",
    "q_net.2_neuron_13",
    "q_net.0_neuron_18",
    "q_net.0_neuron_46",
    "q_net.2_neuron_6",
    "q_net.0_neuron_27",
    "q_net.2_neuron_33"
  ],
  "patch_config": {
    "q_net.2": [
      21,
      30,
      36,
      15,
      43,
      13,
      6,
      33
    ],
    "q_net.0": [
      24,
      2,
      18,
      46,
      27
    ]
  },
  "noising": {
    "metrics": {
      "mean": 0.8493581452594224,
      "std": 0.08873882740041486,
      "count": 6,
      "values": [
        0.8810610666932128,
        0.8292112600323533,
        0.9330908207248385,
        0.6921118172003263,
        0.9583740054723482,
        0.8022999014334551
      ]
    },
    "num_results": 6
  },
  "denoising": {
    "metrics": {
      "mean": 0.8182744232897471,
      "std": 0.11365478341491242,
      "count": 6,
      "values": [
        0.8802938365868201,
        0.8380003401965721,
        0.869586199762066,
        0.6188750590930759,
        0.9711854512519086,
        0.7317056528480403
      ]
    },
    "num_results": 6
  },
  "target_metric_score": 0.8493581452594224,
  "timestamp": "2025-05-31T15:21:04.911667"
}