{
  "experiment_name": "candidate_q_net_0_neuron_20",
  "coalition_neurons": [
    "q_net.2_neuron_21",
    "q_net.2_neuron_30",
    "q_net.0_neuron_24",
    "q_net.0_neuron_2",
    "q_net.0_neuron_20"
  ],
  "patch_config": {
    "q_net.2": [
      21,
      30
    ],
    "q_net.0": [
      24,
      2,
      20
    ]
  },
  "noising": {
    "metrics": {
      "mean": 0.8585713829853621,
      "std": 0.10093532121992432,
      "count": 6,
      "values": [
        0.6811128491013418,
        0.8220595091071453,
        0.9886472241184868,
        0.8869495235162007,
        0.9535490357316974,
        0.8191101563373004
      ]
    },
    "num_results": 6
  },
  "denoising": {
    "metrics": {
      "mean": 0.8940661097604269,
      "std": 0.11752618344824894,
      "count": 6,
      "values": [
        0.7416643047097072,
        0.9990698395544374,
        0.9973004648901774,
        0.724550693657484,
        0.9881081505048958,
        0.9137032052458592
      ]
    },
    "num_results": 6
  },
  "target_metric_score": 0.8940661097604269,
  "timestamp": "2025-05-31T15:21:01.903230"
}