{
  "experiment_name": "candidate_q_net_2_neuron_32",
  "coalition_neurons": [
    "q_net.2_neuron_21",
    "q_net.2_neuron_30",
    "q_net.0_neuron_24",
    "q_net.0_neuron_2",
    "q_net.2_neuron_36",
    "q_net.2_neuron_15",
    "q_net.2_neuron_43",
    "q_net.2_neuron_13",
    "q_net.0_neuron_18",
    "q_net.0_neuron_46",
    "q_net.2_neuron_6",
    "q_net.0_neuron_27",
    "q_net.2_neuron_19",
    "q_net.0_neuron_20",
    "q_net.0_neuron_62",
    "q_net.2_neuron_55",
    "q_net.0_neuron_8",
    "q_net.2_neuron_32"
  ],
  "patch_config": {
    "q_net.2": [
      21,
      30,
      36,
      15,
      43,
      13,
      6,
      19,
      55,
      32
    ],
    "q_net.0": [
      24,
      2,
      18,
      46,
      27,
      20,
      62,
      8
    ]
  },
  "noising": {
    "metrics": {
      "mean": 0.8885893751815245,
      "std": 0.08557011113111662,
      "count": 6,
      "values": [
        0.8198890355705766,
        0.9880752315553826,
        0.9818249993141006,
        0.7580258908495345,
        0.8496990416151622,
        0.9340220521843896
      ]
    },
    "num_results": 6
  },
  "denoising": {
    "metrics": {
      "mean": 0.9031855270864887,
      "std": 0.07851315900942064,
      "count": 6,
      "values": [
        0.9421557428940225,
        0.9403205849608978,
        0.9916970518291321,
        0.7477695047884017,
        0.866511400213132,
        0.9306588778333456
      ]
    },
    "num_results": 6
  },
  "target_metric_score": 0.9031855270864887,
  "timestamp": "2025-05-31T15:21:06.948867"
}