{
  "experiment_name": "candidate_q_net_2_neuron_30",
  "coalition_neurons": [
    "q_net.2_neuron_46",
    "q_net.2_neuron_27",
    "q_net.0_neuron_12",
    "q_net.2_neuron_13",
    "q_net.2_neuron_33",
    "q_net.2_neuron_3",
    "q_net.2_neuron_5",
    "q_net.2_neuron_23",
    "q_net.2_neuron_41",
    "q_net.2_neuron_52",
    "q_net.2_neuron_16",
    "q_net.0_neuron_44",
    "q_net.2_neuron_6",
    "q_net.0_neuron_1",
    "q_net.2_neuron_63",
    "q_net.2_neuron_10",
    "q_net.0_neuron_38",
    "q_net.2_neuron_36",
    "q_net.0_neuron_24",
    "q_net.0_neuron_57",
    "q_net.0_neuron_26",
    "q_net.2_neuron_30"
  ],
  "patch_config": {
    "q_net.2": [
      46,
      27,
      13,
      33,
      3,
      5,
      23,
      41,
      52,
      16,
      6,
      63,
      10,
      36,
      30
    ],
    "q_net.0": [
      12,
      44,
      1,
      38,
      24,
      57,
      26
    ]
  },
  "noising": {
    "metrics": {
      "mean": 0.8021314541149769,
      "std": 0.17835832031304744,
      "count": 32,
      "values": [
        0.756171224769987,
        0.8333249106506568,
        0.9044404112693345,
        0.9111857726603256,
        0.9330648966044055,
        0.9172148557305013,
        0.8045739672970031,
        0.42375359363992127,
        0.9508521285040009,
        0.8888684193576083,
        0.57693869629258,
        0.9333365258959255,
        0.8961078563212578,
        0.890900287515975,
        0.9568515102504991,
        0.8875109970026653,
        0.926408516523135,
        0.354213360274121,
        0.8407220739362761,
        0.8897871527376648,
        0.8681268599158071,
        0.8750251238710929,
        0.8560129951118591,
        0.9262066476904506,
        0.7384769458079354,
        0.7808400040522887,
        0.8107041441396112,
        0.8679026665404797,
        0.4382264664674501,
        0.8893826040679279,
        0.8569178506384681,
        0.2841570661420435
      ]
    },
    "num_results": 32
  },
  "denoising": {
    "metrics": {
      "mean": 0.8808858070221849,
      "std": 0.06293917047897829,
      "count": 32,
      "values": [
        0.7432570994340231,
        0.8333249106506568,
        0.9147662298908854,
        0.9131924847989721,
        0.9433719521166974,
        0.9363621728476671,
        0.8045739672970031,
        0.9411213904598712,
        0.9545907573949716,
        0.8888607928505367,
        0.937676412067365,
        0.9273442010547805,
        0.8961021064404482,
        0.8766494597979484,
        0.9269225636405636,
        0.8985037216477103,
        0.929463086402233,
        0.9493315601358951,
        0.8497658398143515,
        0.8990470316317698,
        0.8681327669068799,
        0.8750251238710929,
        0.8560060263083145,
        0.8766691571203488,
        0.7160184067097504,
        0.89556326508685,
        0.8618057178379145,
        0.8679018208577609,
        0.713564486723106,
        0.874962234144911,
        0.8516585567429245,
        0.9668105220257138
      ]
    },
    "num_results": 32
  },
  "target_metric_score": 0.8808858070221849,
  "timestamp": "2025-06-04T19:26:04.761596"
}