{
  "experiment_name": "candidate_q_net_2_neuron_63",
  "coalition_neurons": [
    "q_net.2_neuron_46",
    "q_net.2_neuron_27",
    "q_net.0_neuron_12",
    "q_net.2_neuron_13",
    "q_net.2_neuron_33",
    "q_net.2_neuron_3",
    "q_net.2_neuron_63"
  ],
  "patch_config": {
    "q_net.2": [
      46,
      27,
      13,
      33,
      3,
      63
    ],
    "q_net.0": [
      12
    ]
  },
  "noising": {
    "metrics": {
      "mean": 0.8011381474461976,
      "std": 0.1523495428832318,
      "count": 32,
      "values": [
        0.799166927500599,
        0.9661453172186243,
        0.8519192042899528,
        0.8592226887383474,
        0.7872439820697352,
        0.7706332052957526,
        0.9763509423219536,
        0.41588974997302464,
        0.9741524393146841,
        0.9991763747930745,
        0.5783968266286983,
        0.9418926342978701,
        0.7567814664139698,
        0.9002657986436813,
        0.8093550361739783,
        0.5567714770932943,
        0.829957848309638,
        0.42727103657417553,
        0.8367037138233338,
        0.806024577897281,
        0.711662056313285,
        0.957815897201661,
        0.8832726405634919,
        0.8684653334040705,
        0.9423380921240307,
        0.7274501400100344,
        0.7589984998851832,
        0.7911816499441131,
        0.8131731151998103,
        0.9102084823685488,
        0.9130738047560647,
        0.5154597591363594
      ]
    },
    "num_results": 32
  },
  "denoising": {
    "metrics": {
      "mean": 0.8639288489939972,
      "std": 0.0944905082346165,
      "count": 32,
      "values": [
        0.7807857936360597,
        0.9661329465210339,
        0.8444653708176719,
        0.8592029887836694,
        0.7872439820697352,
        0.8150212347170156,
        0.9763509423219536,
        0.9087674699663187,
        0.9865729925714056,
        0.999176367255689,
        0.8439464100730981,
        0.9394482490601692,
        0.7567830657993069,
        0.9863530125226544,
        0.8294178511673266,
        0.554808691362944,
        0.826015465897139,
        0.8676870279277717,
        0.8726545882710205,
        0.755194512245876,
        0.7116771753800242,
        0.957808682907986,
        0.8832656019738278,
        0.9161044383829066,
        0.9668250470433283,
        0.8330741729008555,
        0.8403020563423351,
        0.7911816499441131,
        0.9583992031122938,
        0.9058984228589102,
        0.9167005486199484,
        0.8084572053535236
      ]
    },
    "num_results": 32
  },
  "target_metric_score": 0.8639288489939972,
  "timestamp": "2025-06-04T19:25:40.336639"
}