{
  "experiment_name": "candidate_q_net_0_neuron_38",
  "coalition_neurons": [
    "q_net.2_neuron_46",
    "q_net.2_neuron_27",
    "q_net.0_neuron_12",
    "q_net.2_neuron_13",
    "q_net.2_neuron_33",
    "q_net.2_neuron_3",
    "q_net.2_neuron_5",
    "q_net.2_neuron_23",
    "q_net.2_neuron_41",
    "q_net.2_neuron_52",
    "q_net.2_neuron_16",
    "q_net.0_neuron_44",
    "q_net.0_neuron_38"
  ],
  "patch_config": {
    "q_net.2": [
      46,
      27,
      13,
      33,
      3,
      5,
      23,
      41,
      52,
      16
    ],
    "q_net.0": [
      12,
      44,
      38
    ]
  },
  "noising": {
    "metrics": {
      "mean": 0.8183244016766382,
      "std": 0.18718438681637317,
      "count": 32,
      "values": [
        0.9636994678440896,
        0.7816792066448855,
        0.9945102319738625,
        0.9530961956186713,
        0.9848571514278696,
        0.891016153874954,
        0.9157862763379276,
        0.42605039705157965,
        0.9191262317375696,
        0.794888014181409,
        0.4293654266475113,
        0.9150639797024986,
        0.8391557770234517,
        0.8505996206529983,
        0.9959216864788536,
        0.8387076510597717,
        0.9539945566009465,
        0.41327342330679084,
        0.8206049100101144,
        0.9389279734907612,
        0.9236423167365445,
        0.7500022013539975,
        0.9903616504113816,
        0.9157597572180837,
        0.7819683108397606,
        0.7233108163959276,
        0.7930355358150558,
        0.9839022833087665,
        0.5035463566933407,
        0.9482226801123461,
        0.9161972339759874,
        0.3361073791247111
      ]
    },
    "num_results": 32
  },
  "denoising": {
    "metrics": {
      "mean": 0.8999331794709021,
      "std": 0.0742125964198097,
      "count": 32,
      "values": [
        0.9399369270654396,
        0.781677410169836,
        0.9790053580147113,
        0.9627066346681128,
        0.9668352041958178,
        0.9497832490922518,
        0.9157989341570107,
        0.9792681828619721,
        0.8934909020958589,
        0.7948785270950056,
        0.7540786207631966,
        0.9144724175935487,
        0.8391654986446652,
        0.8276830403411143,
        0.9891108731430681,
        0.8402710797636822,
        0.958894174121842,
        0.9432216460370657,
        0.9160398019200556,
        0.9088850070856324,
        0.9236376218338033,
        0.7500022013539975,
        0.9903681760373725,
        0.8264874247759911,
        0.9904189773265117,
        0.9230549519496535,
        0.8382571003683158,
        0.9839021341211532,
        0.8758737542943124,
        0.9495982766206219,
        0.9265289945264468,
        0.7645286410308036
      ]
    },
    "num_results": 32
  },
  "target_metric_score": 0.8999331794709021,
  "timestamp": "2025-06-04T19:25:50.554412"
}