{
  "experiment_name": "candidate_q_net_2_neuron_1",
  "coalition_neurons": [
    "q_net.2_neuron_46",
    "q_net.2_neuron_27",
    "q_net.0_neuron_12",
    "q_net.2_neuron_13",
    "q_net.2_neuron_33",
    "q_net.2_neuron_3",
    "q_net.2_neuron_5",
    "q_net.2_neuron_23",
    "q_net.2_neuron_41",
    "q_net.2_neuron_52",
    "q_net.2_neuron_16",
    "q_net.0_neuron_44",
    "q_net.2_neuron_6",
    "q_net.0_neuron_1",
    "q_net.2_neuron_63",
    "q_net.2_neuron_1"
  ],
  "patch_config": {
    "q_net.2": [
      46,
      27,
      13,
      33,
      3,
      5,
      23,
      41,
      52,
      16,
      6,
      63,
      1
    ],
    "q_net.0": [
      12,
      44,
      1
    ]
  },
  "noising": {
    "metrics": {
      "mean": 0.7641186307993582,
      "std": 0.1731308231423478,
      "count": 32,
      "values": [
        0.8280234580483321,
        0.9173622409108968,
        0.8683965614377005,
        0.8710789136244426,
        0.9248275400464688,
        0.9459019737400449,
        0.7391914433012567,
        0.4035109207904737,
        0.8570997686976116,
        0.8620819721243003,
        0.42324078249633446,
        0.9846950061230446,
        0.5826326352109938,
        0.8766936867625751,
        0.727805659433994,
        0.8176655397827799,
        0.9661640713890425,
        0.39741470274855073,
        0.9000399180646117,
        0.6981647755563152,
        0.641893291035391,
        0.8731595470847846,
        0.8260060031817403,
        0.7783573130805979,
        0.7412185443130546,
        0.6858792845555028,
        0.8488387028135984,
        0.8275253492765634,
        0.5750942872157354,
        0.8692816773999079,
        0.8579209551491609,
        0.3346296601836538
      ]
    },
    "num_results": 32
  },
  "denoising": {
    "metrics": {
      "mean": 0.8315982743564311,
      "std": 0.09676133237783548,
      "count": 32,
      "values": [
        0.8285249949240733,
        0.9173624915524043,
        0.8850351919214816,
        0.8711346668172102,
        0.9341680347473686,
        0.8916492525164087,
        0.7391914433012567,
        0.8787323183865774,
        0.8532920643397066,
        0.8620857061984271,
        0.7003343377751907,
        0.983887911962084,
        0.5826277327042533,
        0.9097509719007641,
        0.7272134944333792,
        0.8096603471010628,
        0.9623562728174282,
        0.931135931099265,
        0.913552700427422,
        0.7080949966017343,
        0.6418953949275303,
        0.8731554606175833,
        0.8260085453331193,
        0.8357076601824514,
        0.9466861729383174,
        0.8765166298639088,
        0.7866396537564107,
        0.8275190266906196,
        0.7363214239877154,
        0.8532076911925408,
        0.8523234697443951,
        0.6653727886437036
      ]
    },
    "num_results": 32
  },
  "target_metric_score": 0.8315982743564311,
  "timestamp": "2025-06-04T19:25:54.644809"
}