{
  "experiment_name": "candidate_q_net_0_neuron_5",
  "coalition_neurons": [
    "q_net.2_neuron_46",
    "q_net.2_neuron_27",
    "q_net.0_neuron_12",
    "q_net.2_neuron_13",
    "q_net.2_neuron_33",
    "q_net.2_neuron_3",
    "q_net.2_neuron_5",
    "q_net.2_neuron_23",
    "q_net.2_neuron_41",
    "q_net.2_neuron_52",
    "q_net.2_neuron_16",
    "q_net.0_neuron_44",
    "q_net.2_neuron_6",
    "q_net.0_neuron_1",
    "q_net.2_neuron_63",
    "q_net.2_neuron_10",
    "q_net.0_neuron_38",
    "q_net.2_neuron_36",
    "q_net.0_neuron_24",
    "q_net.0_neuron_57",
    "q_net.0_neuron_26",
    "q_net.0_neuron_62",
    "q_net.0_neuron_61",
    "q_net.0_neuron_47",
    "q_net.0_neuron_16",
    "q_net.0_neuron_63",
    "q_net.2_neuron_43",
    "q_net.0_neuron_34",
    "q_net.0_neuron_5"
  ],
  "patch_config": {
    "q_net.2": [
      46,
      27,
      13,
      33,
      3,
      5,
      23,
      41,
      52,
      16,
      6,
      63,
      10,
      36,
      43
    ],
    "q_net.0": [
      12,
      44,
      1,
      38,
      24,
      57,
      26,
      62,
      61,
      47,
      16,
      63,
      34,
      5
    ]
  },
  "noising": {
    "metrics": {
      "mean": 0.7831494363399363,
      "std": 0.20352505188361328,
      "count": 32,
      "values": [
        0.7036859818065249,
        0.8443869934190718,
        0.873383071704507,
        0.8118566244583274,
        0.8284165907326583,
        0.8200878082430847,
        0.6837844094216957,
        0.4745872052770146,
        0.999036611185479,
        0.9809122946490724,
        0.3869784103998395,
        0.9829395944025835,
        0.80633356614991,
        0.9409637995690484,
        0.8687569399304982,
        0.9064872383120122,
        0.9663533662980647,
        0.3928220976626382,
        0.7675198409568046,
        0.8074265026599925,
        0.8110683978437165,
        0.9429290747298151,
        0.8634341246957808,
        0.879588043837781,
        0.8587016091861885,
        0.9595219564850832,
        0.9324905113405988,
        0.8072107890278231,
        0.42852143183601044,
        0.9320582809242759,
        0.660280603131471,
        0.1382581926005867
      ]
    },
    "num_results": 32
  },
  "denoising": {
    "metrics": {
      "mean": 0.8475076610092336,
      "std": 0.107752803546646,
      "count": 32,
      "values": [
        0.7051043675452644,
        0.8443866951881738,
        0.8851089355114268,
        0.8354786921982997,
        0.8544474627691285,
        0.8346806712294392,
        0.6837864891580063,
        0.9644587008497149,
        0.9139944450835565,
        0.9809091563747895,
        0.739364417758156,
        0.9773124757700387,
        0.8063290367826679,
        0.9273836164047468,
        0.8129047061152651,
        0.8687408562360115,
        0.9705783455226666,
        0.9831956646483676,
        0.7421823029149639,
        0.892458745313912,
        0.8110703566818617,
        0.9429288344595124,
        0.8634319246780988,
        0.8283405326296955,
        0.5855928721202518,
        0.7079315815308093,
        0.9907848194178561,
        0.8072107890278231,
        0.7484022828745384,
        0.9630208912649075,
        0.6565534238645816,
        0.9921710603709408
      ]
    },
    "num_results": 32
  },
  "target_metric_score": 0.8475076610092336,
  "timestamp": "2025-06-04T19:26:17.637683"
}