{
  "experiment_name": "candidate_q_net_0_neuron_16",
  "coalition_neurons": [
    "q_net.2_neuron_46",
    "q_net.2_neuron_27",
    "q_net.0_neuron_12",
    "q_net.2_neuron_13",
    "q_net.2_neuron_33",
    "q_net.2_neuron_3",
    "q_net.2_neuron_5",
    "q_net.2_neuron_23",
    "q_net.2_neuron_41",
    "q_net.0_neuron_16"
  ],
  "patch_config": {
    "q_net.2": [
      46,
      27,
      13,
      33,
      3,
      5,
      23,
      41
    ],
    "q_net.0": [
      12,
      16
    ]
  },
  "noising": {
    "metrics": {
      "mean": 0.7766428761904699,
      "std": 0.1947556244150322,
      "count": 32,
      "values": [
        0.6672523733419258,
        0.9763720626367927,
        0.9889845595621652,
        0.9533513771575827,
        0.9773693686769096,
        0.9124620455706056,
        0.9476980299965388,
        0.3941833654716549,
        0.83868526509304,
        0.9934320974408047,
        0.51064984861888,
        0.9029978744785797,
        0.5984700460961054,
        0.8932050306990615,
        0.9192757545809886,
        0.8291523943396095,
        0.9806492283106913,
        0.40405007236138213,
        0.8541427719128158,
        0.8442634364881877,
        0.853118305693361,
        0.6986054651516653,
        0.6475983056580633,
        0.8835354924885355,
        0.9713584691153874,
        0.6430588847806047,
        0.7537460128544626,
        0.8923504012731015,
        0.7002644668383051,
        0.5818341121589825,
        0.5731145339977064,
        0.26734058525054005
      ]
    },
    "num_results": 32
  },
  "denoising": {
    "metrics": {
      "mean": 0.8703361895074294,
      "std": 0.12762263324905432,
      "count": 32,
      "values": [
        0.6425395200687554,
        0.9763683169687561,
        0.9798642389938245,
        0.9534207777669863,
        0.977366181585595,
        0.9855887817556469,
        0.9476887566590415,
        0.849315835764259,
        0.8328384259441033,
        0.9934262843901214,
        0.9356775048866172,
        0.904126486481163,
        0.5984607220271108,
        0.9191896857315762,
        0.9238194469618366,
        0.8443239051542719,
        0.9858555997795349,
        0.9310650813552228,
        0.8870930713985437,
        0.8527380608575442,
        0.8531216542617287,
        0.6986034834923526,
        0.6476065562478006,
        0.9816294885223676,
        0.9361739892608438,
        0.9624141995943012,
        0.8454129397419148,
        0.8923504012731015,
        0.9866281574483268,
        0.6134144378776817,
        0.5596747632209285,
        0.952961308765882
      ]
    },
    "num_results": 32
  },
  "target_metric_score": 0.8703361895074294,
  "timestamp": "2025-06-04T19:25:44.706900"
}