{
  "experiment_name": "candidate_q_net_0_neuron_27",
  "coalition_neurons": [
    "q_net.2_neuron_46",
    "q_net.2_neuron_27",
    "q_net.0_neuron_12",
    "q_net.2_neuron_13",
    "q_net.2_neuron_33",
    "q_net.2_neuron_3",
    "q_net.2_neuron_5",
    "q_net.2_neuron_23",
    "q_net.2_neuron_41",
    "q_net.2_neuron_52",
    "q_net.2_neuron_16",
    "q_net.0_neuron_44",
    "q_net.2_neuron_6",
    "q_net.0_neuron_1",
    "q_net.2_neuron_63",
    "q_net.2_neuron_10",
    "q_net.0_neuron_38",
    "q_net.2_neuron_36",
    "q_net.0_neuron_24",
    "q_net.0_neuron_57",
    "q_net.0_neuron_26",
    "q_net.0_neuron_62",
    "q_net.0_neuron_61",
    "q_net.0_neuron_27"
  ],
  "patch_config": {
    "q_net.2": [
      46,
      27,
      13,
      33,
      3,
      5,
      23,
      41,
      52,
      16,
      6,
      63,
      10,
      36
    ],
    "q_net.0": [
      12,
      44,
      1,
      38,
      24,
      57,
      26,
      62,
      61,
      27
    ]
  },
  "noising": {
    "metrics": {
      "mean": 0.724491687556743,
      "std": 0.16942590559812368,
      "count": 32,
      "values": [
        0.5924032417041583,
        0.6269759170283264,
        0.7752351978962928,
        0.8261201341744863,
        0.721274129202556,
        0.7525461790164858,
        0.6343892366824002,
        0.3949021341741258,
        0.9723360906513321,
        0.7358711811487679,
        0.5495021807368395,
        0.8891706354041299,
        0.8397242100553912,
        0.7079611220443878,
        0.9944341300516615,
        0.8442922091189523,
        0.9504911143927443,
        0.34851437039832767,
        0.699087201776311,
        0.7030563307189731,
        0.8457439825053596,
        0.7581772179948991,
        0.5420795296540071,
        0.6241295555294335,
        0.9429785754967785,
        0.9455076429502591,
        0.9175402648620167,
        0.8164991967093049,
        0.5588882513972351,
        0.7026442931073158,
        0.5305540954548349,
        0.4407044497776812
      ]
    },
    "num_results": 32
  },
  "denoising": {
    "metrics": {
      "mean": 0.7385374916898946,
      "std": 0.13710167747955843,
      "count": 32,
      "values": [
        0.5733775043586765,
        0.6269759170283264,
        0.7997248333533828,
        0.8365471660622896,
        0.7575648446738235,
        0.7240065141403916,
        0.6343932890448059,
        0.9262972387716268,
        0.9464561201469026,
        0.7358641400017625,
        0.7500964225133833,
        0.8894027306611313,
        0.8397308332956055,
        0.7075440571609082,
        0.9894983133375224,
        0.844402650706198,
        0.9536201870871526,
        0.8108610766241391,
        0.6868444674245198,
        0.6798838939655019,
        0.845740772716823,
        0.758175178479034,
        0.5420781643896164,
        0.6266643972754966,
        0.5965313982505354,
        0.4433126472070039,
        0.8904983743466887,
        0.8164987512216941,
        0.6170514290609646,
        0.6966920196038278,
        0.5275678860605505,
        0.5592965151063414
      ]
    },
    "num_results": 32
  },
  "target_metric_score": 0.7385374916898946,
  "timestamp": "2025-06-04T19:26:09.232601"
}