{
  "experiment_name": "candidate_q_net_0_neuron_56",
  "coalition_neurons": [
    "q_net.2_neuron_46",
    "q_net.2_neuron_27",
    "q_net.0_neuron_12",
    "q_net.2_neuron_13",
    "q_net.0_neuron_56"
  ],
  "patch_config": {
    "q_net.2": [
      46,
      27,
      13
    ],
    "q_net.0": [
      12,
      56
    ]
  },
  "noising": {
    "metrics": {
      "mean": 0.7415019487505279,
      "std": 0.13199922762065489,
      "count": 32,
      "values": [
        0.6495451047777885,
        0.6497690046160105,
        0.8939649691375146,
        0.8629375944257593,
        0.6290308707726691,
        0.9527137473839425,
        0.8289901987148801,
        0.575408318469723,
        0.7716150571186156,
        0.8347211878235747,
        0.6959280191226803,
        0.6317868236677544,
        0.6558299780188768,
        0.8240856403577198,
        0.781210821117965,
        0.7102394503137333,
        0.8108980044694284,
        0.6294277141085359,
        0.7925867304269152,
        0.5697428695988587,
        0.5535677576312693,
        0.8751247380227467,
        0.5009285606382102,
        0.8717278113101622,
        0.904726621635147,
        0.5859693972454405,
        0.8266875135385068,
        0.7906693418084472,
        0.7523497274551524,
        0.8521521618396084,
        0.9760179488959283,
        0.48770867555333
      ]
    },
    "num_results": 32
  },
  "denoising": {
    "metrics": {
      "mean": 0.7485706807075583,
      "std": 0.1089604557482644,
      "count": 32,
      "values": [
        0.6975348993550705,
        0.6497707186702546,
        0.8833147806747322,
        0.8576228034999478,
        0.6683913354610691,
        0.855390128230462,
        0.8289926003176304,
        0.7031352651962337,
        0.7246733282177515,
        0.8347227342051298,
        0.5967593108262955,
        0.6331756280110097,
        0.6558167432084288,
        0.7691436912589192,
        0.8158218104013952,
        0.6498007911013803,
        0.8033486664874854,
        0.7445268925274846,
        0.8490691467876161,
        0.5798313612352339,
        0.5535990338218593,
        0.8751247380227467,
        0.5009451724274624,
        0.811915417194452,
        0.7662057317551285,
        0.8704251349408733,
        0.750787520415269,
        0.7906868658954838,
        0.7442544509996256,
        0.8495691953568998,
        0.9702373262748384,
        0.6696685598636936
      ]
    },
    "num_results": 32
  },
  "target_metric_score": 0.7485706807075583,
  "timestamp": "2025-06-04T19:25:37.576553"
}