{
  "experiment_name": "candidate_q_net_0_neuron_57",
  "coalition_neurons": [
    "q_net.2_neuron_46",
    "q_net.2_neuron_27",
    "q_net.0_neuron_12",
    "q_net.2_neuron_13",
    "q_net.2_neuron_33",
    "q_net.2_neuron_3",
    "q_net.2_neuron_5",
    "q_net.2_neuron_23",
    "q_net.2_neuron_41",
    "q_net.2_neuron_52",
    "q_net.0_neuron_57"
  ],
  "patch_config": {
    "q_net.2": [
      46,
      27,
      13,
      33,
      3,
      5,
      23,
      41,
      52
    ],
    "q_net.0": [
      12,
      57
    ]
  },
  "noising": {
    "metrics": {
      "mean": 0.8090343592675793,
      "std": 0.1770356477869194,
      "count": 32,
      "values": [
        0.897190136973489,
        0.7970987008356276,
        0.9220989860249148,
        0.9946824188470805,
        0.9687617485291042,
        0.9788062138767314,
        0.9722828901650293,
        0.3951098379932573,
        0.9580439615546726,
        0.8735221276657529,
        0.879981246765971,
        0.9329909265078312,
        0.6492154241697508,
        0.8273075207477224,
        0.926378973531627,
        0.8594592148202259,
        0.9728033101698834,
        0.4039077682743534,
        0.973447886517944,
        0.7309499049918315,
        0.7272244310857154,
        0.8796814517717271,
        0.7174348476168986,
        0.7661296033626308,
        0.8692795307099437,
        0.8330190698916885,
        0.888748968615064,
        0.9550735742055525,
        0.6234961071561025,
        0.676572801222333,
        0.752270240529086,
        0.2861296714329936
      ]
    },
    "num_results": 32
  },
  "denoising": {
    "metrics": {
      "mean": 0.8661715619780204,
      "std": 0.10706601490050041,
      "count": 32,
      "values": [
        0.8805473726184482,
        0.7970981345799595,
        0.9251896275504279,
        0.9927792148503984,
        0.9687618480523318,
        0.9808020232866539,
        0.9722895889115686,
        0.9873700947114303,
        0.937834435186356,
        0.8735166488397081,
        0.6816380337319041,
        0.9340536886147146,
        0.6492131575604974,
        0.8362023128448715,
        0.9187937286971437,
        0.8533563107500698,
        0.9776080865728113,
        0.9429445049788288,
        0.9735623031946808,
        0.7765301325773251,
        0.7272322793978414,
        0.8796701343387199,
        0.7174348476168986,
        0.7548404200206953,
        0.9702226670827724,
        0.8886328972197381,
        0.9783133208236384,
        0.9550656591944919,
        0.8479773274230455,
        0.6717718285540387,
        0.7523615988062324,
        0.7138757547084087
      ]
    },
    "num_results": 32
  },
  "target_metric_score": 0.8661715619780204,
  "timestamp": "2025-06-04T19:25:46.864900"
}