{
  "experiment_name": "candidate_q_net_2_neuron_62",
  "coalition_neurons": [
    "q_net.2_neuron_46",
    "q_net.2_neuron_27",
    "q_net.0_neuron_12",
    "q_net.2_neuron_13",
    "q_net.2_neuron_33",
    "q_net.2_neuron_62"
  ],
  "patch_config": {
    "q_net.2": [
      46,
      27,
      13,
      33,
      62
    ],
    "q_net.0": [
      12
    ]
  },
  "noising": {
    "metrics": {
      "mean": 0.6562205304252932,
      "std": 0.1794843842871978,
      "count": 32,
      "values": [
        0.43255471680319435,
        0.8912118169286772,
        0.59106629195846,
        0.5744049246774745,
        0.6421451796096131,
        0.622986170036729,
        0.5889262040270632,
        0.4458394758683607,
        0.49702914029450207,
        0.9106278871075928,
        0.7610321025009483,
        0.5978343952019681,
        0.764792830277654,
        0.9668825114217094,
        0.6505370341961616,
        0.6266097489811395,
        0.6303939301618517,
        0.43775183711732046,
        0.4791933983607236,
        0.9568666055152915,
        0.6832383544477887,
        0.574662200417229,
        0.31729066459596145,
        0.9932627528141441,
        0.6593272521381388,
        0.6466336677298835,
        0.815061337264277,
        0.9899968995643934,
        0.643713736665786,
        0.7220731963269611,
        0.5213324161969827,
        0.3637782944013992
      ]
    },
    "num_results": 32
  },
  "denoising": {
    "metrics": {
      "mean": 0.6853668160769266,
      "std": 0.17088200005646548,
      "count": 32,
      "values": [
        0.42585053092840475,
        0.8912170565462898,
        0.590423515885605,
        0.5744076563565423,
        0.6421451796096131,
        0.6634553992937693,
        0.5889219050132826,
        0.5554118466070825,
        0.4984079377085022,
        0.9106391133496343,
        0.8241426139158277,
        0.5976089683668112,
        0.7648017428467515,
        0.9389641323402859,
        0.6444731288943961,
        0.626731615958155,
        0.6305854910442237,
        0.562160611989428,
        0.47649026344592915,
        0.8631938949928624,
        0.6832624062052338,
        0.574662200417229,
        0.31729602303357163,
        0.9337174618903401,
        0.5808771297713624,
        0.8890874494055806,
        0.9424266472216417,
        0.9899968995643934,
        0.618756886425968,
        0.7286753424035306,
        0.5205551617757136,
        0.8823919012536876
      ]
    },
    "num_results": 32
  },
  "target_metric_score": 0.6853668160769266,
  "timestamp": "2025-06-04T19:25:39.463960"
}