{
  "experiment_name": "candidate_q_net_0_neuron_2",
  "coalition_neurons": [
    "q_net.2_neuron_46",
    "q_net.2_neuron_27",
    "q_net.0_neuron_12",
    "q_net.2_neuron_13",
    "q_net.2_neuron_33",
    "q_net.2_neuron_3",
    "q_net.2_neuron_5",
    "q_net.2_neuron_23",
    "q_net.2_neuron_41",
    "q_net.2_neuron_52",
    "q_net.2_neuron_16",
    "q_net.0_neuron_44",
    "q_net.2_neuron_6",
    "q_net.0_neuron_1",
    "q_net.0_neuron_2"
  ],
  "patch_config": {
    "q_net.2": [
      46,
      27,
      13,
      33,
      3,
      5,
      23,
      41,
      52,
      16,
      6
    ],
    "q_net.0": [
      12,
      44,
      1,
      2
    ]
  },
  "noising": {
    "metrics": {
      "mean": 0.7296330232157623,
      "std": 0.17807204418735897,
      "count": 32,
      "values": [
        0.5902304785143211,
        0.7161668166743682,
        0.8957769861394389,
        0.8561334213978029,
        0.9037914175082626,
        0.8282595235118839,
        0.6343240731019033,
        0.30128026082103454,
        0.8678257666594091,
        0.8254742864376832,
        0.4287118438783605,
        0.986006631568693,
        0.7300263373042126,
        0.8473127225431654,
        0.7110624026301386,
        0.8539300044291838,
        0.9455298413176865,
        0.3847210608709457,
        0.5668791013342999,
        0.7046614794932076,
        0.8031508823796177,
        0.8715060380259424,
        0.75926440426911,
        0.8272202040063199,
        0.7521066011681969,
        0.6841302075999489,
        0.688798908585251,
        0.9841709843508581,
        0.6139552430547001,
        0.8895832168941467,
        0.5172273295187046,
        0.37903826691559495
      ]
    },
    "num_results": 32
  },
  "denoising": {
    "metrics": {
      "mean": 0.788552188370587,
      "std": 0.12021122041167823,
      "count": 32,
      "values": [
        0.5930936348801623,
        0.7161686136052694,
        0.9175280848162971,
        0.8464852447629864,
        0.9297391425454804,
        0.7694479368362634,
        0.6343240731019033,
        0.8900130150184539,
        0.8233429434330864,
        0.8254659802380515,
        0.8030522142887342,
        0.9954079146790803,
        0.7300206914247607,
        0.8336543693927383,
        0.6952862340053109,
        0.845007811367585,
        0.9444750879031399,
        0.9034348468999446,
        0.6443346454187344,
        0.6983847888623802,
        0.8031535320335244,
        0.871501008192275,
        0.7592662268595488,
        0.8144830155971453,
        0.6437439403912685,
        0.8927502289466046,
        0.6398687228677796,
        0.9841666455375649,
        0.6109182616928241,
        0.8713557130761058,
        0.5128453238664136,
        0.7909501353173705
      ]
    },
    "num_results": 32
  },
  "target_metric_score": 0.788552188370587,
  "timestamp": "2025-06-04T19:25:53.923014"
}