{
  "experiment_name": "candidate_q_net_0_neuron_13",
  "coalition_neurons": [
    "q_net.2_neuron_46",
    "q_net.2_neuron_27",
    "q_net.0_neuron_12",
    "q_net.2_neuron_13",
    "q_net.2_neuron_33",
    "q_net.2_neuron_3",
    "q_net.2_neuron_5",
    "q_net.2_neuron_23",
    "q_net.2_neuron_41",
    "q_net.2_neuron_52",
    "q_net.2_neuron_16",
    "q_net.0_neuron_44",
    "q_net.2_neuron_6",
    "q_net.0_neuron_1",
    "q_net.2_neuron_63",
    "q_net.2_neuron_10",
    "q_net.0_neuron_38",
    "q_net.2_neuron_36",
    "q_net.0_neuron_24",
    "q_net.0_neuron_57",
    "q_net.0_neuron_26",
    "q_net.0_neuron_62",
    "q_net.0_neuron_61",
    "q_net.0_neuron_47",
    "q_net.0_neuron_13"
  ],
  "patch_config": {
    "q_net.2": [
      46,
      27,
      13,
      33,
      3,
      5,
      23,
      41,
      52,
      16,
      6,
      63,
      10,
      36
    ],
    "q_net.0": [
      12,
      44,
      1,
      38,
      24,
      57,
      26,
      62,
      61,
      47,
      13
    ]
  },
  "noising": {
    "metrics": {
      "mean": 0.7091295960748455,
      "std": 0.19116380768251548,
      "count": 32,
      "values": [
        0.6918394430504864,
        0.6046484356251827,
        0.9506072095249389,
        0.8674334566200967,
        0.90639411826292,
        0.9983791417825936,
        0.797643652409951,
        0.38614129349908033,
        0.9519679236822953,
        0.6307958220299702,
        0.43390213246223,
        0.8425982605015734,
        0.8583161133663285,
        0.5715782332426557,
        0.7643162236295774,
        0.9277745831243016,
        0.7608640815202502,
        0.3357086128111091,
        0.7981231346996984,
        0.586651345265744,
        0.6868118549655853,
        0.8676616420284263,
        0.7651983428802749,
        0.56236034674231,
        0.5681473489833645,
        0.8879623867209757,
        0.5818355354322797,
        0.7261448251242026,
        0.3725482305050769,
        0.9915043409517279,
        0.6343505667115772,
        0.3819384362382703
      ]
    },
    "num_results": 32
  },
  "denoising": {
    "metrics": {
      "mean": 0.7691866713668349,
      "std": 0.12691916267025283,
      "count": 32,
      "values": [
        0.7012207089301833,
        0.6046484356251827,
        0.9346479425354259,
        0.8592197989480855,
        0.9040672401316668,
        0.9751870309920864,
        0.7976408200999376,
        0.8396596099416411,
        0.9937352532882402,
        0.6307951610828304,
        0.80762247304567,
        0.8467805122183878,
        0.858326529461477,
        0.570454724264152,
        0.8037067826538443,
        0.8744737331931501,
        0.7635398018426254,
        0.9281890069266721,
        0.7736439397967114,
        0.5616396717076007,
        0.6868068570193919,
        0.8676646087073977,
        0.7645367388855249,
        0.578215627665208,
        0.5971381748354717,
        0.8211849899577577,
        0.6124103237713822,
        0.7261441679259413,
        0.7547614581731765,
        0.9233949911204942,
        0.634453838165406,
        0.6180625308259946
      ]
    },
    "num_results": 32
  },
  "target_metric_score": 0.7691866713668349,
  "timestamp": "2025-06-04T19:26:10.814311"
}