{
  "experiment_name": "candidate_q_net_2_neuron_1",
  "coalition_neurons": [
    "q_net.2_neuron_46",
    "q_net.2_neuron_27",
    "q_net.0_neuron_12",
    "q_net.2_neuron_1"
  ],
  "patch_config": {
    "q_net.2": [
      46,
      27,
      1
    ],
    "q_net.0": [
      12
    ]
  },
  "noising": {
    "metrics": {
      "mean": 0.7005519435168704,
      "std": 0.1304192348735502,
      "count": 32,
      "values": [
        0.8103480033115487,
        0.8367888584147098,
        0.8069015366877951,
        0.6503637512387753,
        0.8830546037363091,
        0.5820042188706269,
        0.7580465543820886,
        0.73159224175366,
        0.6291535451476834,
        0.8066484751227498,
        0.6986207702667613,
        0.6008971170646433,
        0.4759551442080472,
        0.6891557727001225,
        0.5250941664661253,
        0.8694886046635033,
        0.8336841531535826,
        0.8289298947474404,
        0.6133498880171953,
        0.5918709652832499,
        0.5712066514776812,
        0.6959908331277933,
        0.5010266499747196,
        0.710146881576694,
        0.8394199828000984,
        0.5888325119691348,
        0.5420376616398896,
        0.873332015117424,
        0.9396306687255027,
        0.6148830523847086,
        0.8131620498517839,
        0.5060449686578068
      ]
    },
    "num_results": 32
  },
  "denoising": {
    "metrics": {
      "mean": 0.697537709458268,
      "std": 0.1468989256851303,
      "count": 32,
      "values": [
        0.8354233790953766,
        0.836781918773845,
        0.7945234058145959,
        0.6503452806711346,
        0.8830546037363091,
        0.5175651566164532,
        0.7580499562441887,
        0.6902415976879126,
        0.6311624011532564,
        0.8066547301025819,
        0.4900641746916937,
        0.5880484584905988,
        0.47597233408426987,
        0.7569507239120458,
        0.5349647565420272,
        0.8723139283096882,
        0.8243329044214146,
        0.9006733023426738,
        0.6521794967941505,
        0.5088062299193223,
        0.5712153514028506,
        0.6959892342408717,
        0.5010266701472356,
        0.7609338404248124,
        0.9980911847733392,
        0.6727379464926017,
        0.502836157973205,
        0.8733473002610082,
        0.8245866332596972,
        0.6148404697130957,
        0.8035334022402726,
        0.49395977233204813
      ]
    },
    "num_results": 32
  },
  "target_metric_score": 0.7005519435168704,
  "timestamp": "2025-06-04T19:25:35.918211"
}