{
  "experiment_name": "candidate_q_net_2_neuron_40",
  "coalition_neurons": [
    "q_net.2_neuron_46",
    "q_net.2_neuron_27",
    "q_net.0_neuron_12",
    "q_net.2_neuron_13",
    "q_net.2_neuron_33",
    "q_net.2_neuron_3",
    "q_net.2_neuron_5",
    "q_net.2_neuron_23",
    "q_net.2_neuron_41",
    "q_net.2_neuron_52",
    "q_net.2_neuron_16",
    "q_net.0_neuron_44",
    "q_net.2_neuron_6",
    "q_net.0_neuron_1",
    "q_net.2_neuron_63",
    "q_net.2_neuron_40"
  ],
  "patch_config": {
    "q_net.2": [
      46,
      27,
      13,
      33,
      3,
      5,
      23,
      41,
      52,
      16,
      6,
      63,
      40
    ],
    "q_net.0": [
      12,
      44,
      1
    ]
  },
  "noising": {
    "metrics": {
      "mean": 0.7778574484388081,
      "std": 0.1951089789194346,
      "count": 32,
      "values": [
        0.8461781353081035,
        0.7590288667383929,
        0.979023795115877,
        0.9814798226960672,
        0.9161220795590167,
        0.8761072036520607,
        0.8393482522592514,
        0.3191973347667033,
        0.9655744662361707,
        0.8994113091759112,
        0.424865756847699,
        0.8733947547190929,
        0.8048910527466592,
        0.8349602472954417,
        0.8715303511728621,
        0.8169876516499313,
        0.8109256870934204,
        0.37134034187764786,
        0.7827091268363641,
        0.9529234942790532,
        0.9236818917892369,
        0.8155071100677024,
        0.5806328177296805,
        0.8137329384296669,
        0.6661219776772676,
        0.6029117411640532,
        0.8852528432443535,
        0.9124522274729822,
        0.4752200117873323,
        0.9867424452581045,
        0.960225279471759,
        0.3429573359239949
      ]
    },
    "num_results": 32
  },
  "denoising": {
    "metrics": {
      "mean": 0.8721352547740622,
      "std": 0.0895566980199294,
      "count": 32,
      "values": [
        0.8457881042767628,
        0.7590288667383929,
        0.9660985170689182,
        0.981547717712522,
        0.9087865383949333,
        0.9283705772500316,
        0.8393445775315022,
        0.8948797784550484,
        0.9677236113965559,
        0.8994027216396308,
        0.9661235309531534,
        0.873785503198484,
        0.8048866000273536,
        0.8207447530955561,
        0.8723293296157275,
        0.8059218214523111,
        0.8141866375073623,
        0.8741726820041837,
        0.777390986346776,
        0.942808290258508,
        0.9236893963644544,
        0.815511401577878,
        0.5806328177296805,
        0.7662721451233628,
        0.9317338466446753,
        0.7065539623399224,
        0.921341241060971,
        0.9124575681532049,
        0.9860168645729263,
        0.9802034265512717,
        0.9543642227756822,
        0.8862301149522469
      ]
    },
    "num_results": 32
  },
  "target_metric_score": 0.8721352547740622,
  "timestamp": "2025-06-04T19:25:55.298540"
}