{
  "experiment_name": "candidate_q_net_0_neuron_1",
  "coalition_neurons": [
    "q_net.2_neuron_46",
    "q_net.2_neuron_27",
    "q_net.0_neuron_12",
    "q_net.2_neuron_13",
    "q_net.2_neuron_33",
    "q_net.2_neuron_3",
    "q_net.2_neuron_5",
    "q_net.0_neuron_1"
  ],
  "patch_config": {
    "q_net.2": [
      46,
      27,
      13,
      33,
      3,
      5
    ],
    "q_net.0": [
      12,
      1
    ]
  },
  "noising": {
    "metrics": {
      "mean": 0.8307282658024364,
      "std": 0.14125405210880707,
      "count": 32,
      "values": [
        0.9667949352898462,
        0.9388360781661956,
        0.9153452395094732,
        0.9010463092990663,
        0.950429507062889,
        0.965513500351364,
        0.9443275820085743,
        0.469257609618023,
        0.7322932026472031,
        0.9997505658537296,
        0.7705858019028702,
        0.8296883719653452,
        0.7166811044186415,
        0.994239826680852,
        0.8533914316978539,
        0.7062551140485913,
        0.949002155652004,
        0.3762136011929582,
        0.6331204234570507,
        0.8635243361804263,
        0.8599709218257997,
        0.9776164427363002,
        0.784009236365574,
        0.8555332912181555,
        0.8811060680193702,
        0.7845115675871887,
        0.9464383578172603,
        0.8898674496691026,
        0.7989944144929453,
        0.7574457380192738,
        0.8336360598508584,
        0.7378782610731768
      ]
    },
    "num_results": 32
  },
  "denoising": {
    "metrics": {
      "mean": 0.8760616515820152,
      "std": 0.08072932333666191,
      "count": 32,
      "values": [
        0.9575269173646794,
        0.9388364326964884,
        0.9103327183906615,
        0.8779480195310008,
        0.9415828492678598,
        0.9162399475256893,
        0.9443275820085743,
        0.8300121910164636,
        0.7230103958745773,
        0.9997320966752175,
        0.8960778857831313,
        0.8322029058464329,
        0.7166764285335193,
        0.9330022723400541,
        0.8804739186016661,
        0.6873778771081388,
        0.9552766519471677,
        0.7616265360809158,
        0.8642784041993552,
        0.876917489077523,
        0.85997954620044,
        0.9776164427363002,
        0.7840124695666343,
        0.9200740398623232,
        0.9170393382343103,
        0.8966709149103034,
        0.9480182759741708,
        0.8898662124888806,
        0.9722229250141368,
        0.7382689561624781,
        0.8281719844297512,
        0.8585722251756418
      ]
    },
    "num_results": 32
  },
  "target_metric_score": 0.8760616515820152,
  "timestamp": "2025-06-04T19:25:41.203963"
}