{
  "experiment_name": "candidate_q_net_0_neuron_60",
  "coalition_neurons": [
    "q_net.2_neuron_46",
    "q_net.2_neuron_27",
    "q_net.0_neuron_12",
    "q_net.2_neuron_13",
    "q_net.2_neuron_33",
    "q_net.2_neuron_3",
    "q_net.2_neuron_5",
    "q_net.0_neuron_60"
  ],
  "patch_config": {
    "q_net.2": [
      46,
      27,
      13,
      33,
      3,
      5
    ],
    "q_net.0": [
      12,
      60
    ]
  },
  "noising": {
    "metrics": {
      "mean": 0.7965778365885036,
      "std": 0.12256832950313437,
      "count": 32,
      "values": [
        0.9222147007566512,
        0.9297884278785746,
        0.8483963826222922,
        0.817049235416196,
        0.7603729344320416,
        0.8645576960937805,
        0.754624747491791,
        0.9027905831620523,
        0.8049959643060405,
        0.9940679284255725,
        0.8367564978456346,
        0.9374456170831937,
        0.7404512830584999,
        0.8055827492107039,
        0.6954517416562138,
        0.534317671940516,
        0.7937844524303577,
        0.6933391261707574,
        0.6850689137818673,
        0.9033942593865322,
        0.8261300945575292,
        0.7996500839687152,
        0.637511869281518,
        0.6639448285721598,
        0.8413955757361908,
        0.44829221518048357,
        0.9109068140565703,
        0.9002668132473234,
        0.8657430632873166,
        0.6259520176894631,
        0.9483679545382951,
        0.7978785275672815
      ]
    },
    "num_results": 32
  },
  "denoising": {
    "metrics": {
      "mean": 0.8237859251339035,
      "std": 0.1089340375360307,
      "count": 32,
      "values": [
        0.9821708162079887,
        0.9297884278785746,
        0.8330867428234405,
        0.796528840494304,
        0.7692654956049982,
        0.8249532462797033,
        0.7546226633248628,
        0.9069687288017805,
        0.8689624842245474,
        0.9940679284255725,
        0.7396207568934288,
        0.9985750680494087,
        0.7404426843583347,
        0.9386778916481682,
        0.7507809623983261,
        0.5474883242675717,
        0.7807648018166768,
        0.9367745473306505,
        0.720817553963927,
        0.8828867571601443,
        0.8261710661163268,
        0.8136853031512629,
        0.6371866605727934,
        0.7448809061209288,
        0.9737771090966414,
        0.7430511644297008,
        0.8372004827981055,
        0.9002649393031948,
        0.7988905749463815,
        0.6277467655497503,
        0.9397505814614696,
        0.8212993287859442
      ]
    },
    "num_results": 32
  },
  "target_metric_score": 0.8237859251339035,
  "timestamp": "2025-06-04T19:25:41.608617"
}