{
  "experiment_name": "candidate_q_net_0_neuron_24",
  "coalition_neurons": [
    "q_net.2_neuron_46",
    "q_net.2_neuron_27",
    "q_net.0_neuron_12",
    "q_net.2_neuron_13",
    "q_net.2_neuron_33",
    "q_net.2_neuron_3",
    "q_net.2_neuron_5",
    "q_net.2_neuron_23",
    "q_net.2_neuron_41",
    "q_net.2_neuron_52",
    "q_net.0_neuron_24"
  ],
  "patch_config": {
    "q_net.2": [
      46,
      27,
      13,
      33,
      3,
      5,
      23,
      41,
      52
    ],
    "q_net.0": [
      12,
      24
    ]
  },
  "noising": {
    "metrics": {
      "mean": 0.82514343101763,
      "std": 0.178997039723459,
      "count": 32,
      "values": [
        0.8689116474345273,
        0.770959200829558,
        0.9917915162469202,
        0.9920371726691627,
        0.9706483277853359,
        0.9593540112897454,
        0.9917116291344917,
        0.40428592486773096,
        0.9274110194456908,
        0.9336486424688883,
        0.47462462377125025,
        0.9000077941632791,
        0.6843374022510118,
        0.993838373519842,
        0.8974110075914166,
        0.8357230279202696,
        0.9085316279223767,
        0.4059066956417364,
        0.9588529111349714,
        0.8902786793347472,
        0.8919527223390407,
        0.9686796761423148,
        0.8602103386130454,
        0.8185712897897861,
        0.9086607511190278,
        0.8183551752470063,
        0.8577624335654372,
        0.8224862662981829,
        0.6725615388825943,
        0.809335788196758,
        0.8900251430594809,
        0.3257174338885346
      ]
    },
    "num_results": 32
  },
  "denoising": {
    "metrics": {
      "mean": 0.9018514493427174,
      "std": 0.0746067645038297,
      "count": 32,
      "values": [
        0.9084978398900316,
        0.770959200829558,
        0.9922277148447175,
        0.9849266735569941,
        0.9723714676195915,
        0.9311597775993051,
        0.9917115339850732,
        0.9580479789799435,
        0.9219221140935834,
        0.9336423990573963,
        0.8902326087184486,
        0.891167408388721,
        0.6843454539951721,
        0.9596885771235698,
        0.9073725794901161,
        0.8484941052654287,
        0.9125259797433641,
        0.933142551037254,
        0.984905163507755,
        0.8803880842125139,
        0.8919618711347783,
        0.968673893946761,
        0.8602170798090486,
        0.7655853248467774,
        0.9695982244392464,
        0.8922284886838077,
        0.9297527696313658,
        0.8224841549748703,
        0.9996519082254475,
        0.8076274384383834,
        0.8918464322319379,
        0.8018895806659958
      ]
    },
    "num_results": 32
  },
  "target_metric_score": 0.9018514493427174,
  "timestamp": "2025-06-04T19:25:46.005215"
}