{
  "experiment_name": "candidate_q_net_0_neuron_47",
  "coalition_neurons": [
    "q_net.2_neuron_46",
    "q_net.2_neuron_27",
    "q_net.0_neuron_12",
    "q_net.2_neuron_13",
    "q_net.2_neuron_33",
    "q_net.0_neuron_47"
  ],
  "patch_config": {
    "q_net.2": [
      46,
      27,
      13,
      33
    ],
    "q_net.0": [
      12,
      47
    ]
  },
  "noising": {
    "metrics": {
      "mean": 0.7758459430704919,
      "std": 0.1620551111387965,
      "count": 32,
      "values": [
        0.8123610915755046,
        0.6685785672213156,
        0.9325207980983296,
        0.9082989603699058,
        0.9642335880235697,
        0.6660712722164346,
        0.9962252201701568,
        0.9963739103764118,
        0.8925271712383583,
        0.6681110931145147,
        0.5299110406981493,
        0.8614045875374248,
        0.8867981884926522,
        0.6790395279306793,
        0.8972004706764634,
        0.7051344998469642,
        0.9795854929378209,
        0.7063293687021863,
        0.9305057557590172,
        0.5454300119257935,
        0.604744298576499,
        0.9081944351194509,
        0.7284435832796725,
        0.7229622295511777,
        0.926183291305439,
        0.45916367546948034,
        0.5828893947724737,
        0.638093805379502,
        0.9515429163768783,
        0.6823508295773124,
        0.9218013169213646,
        0.4740597850148396
      ]
    },
    "num_results": 32
  },
  "denoising": {
    "metrics": {
      "mean": 0.8274084785129707,
      "std": 0.14162287205827717,
      "count": 32,
      "values": [
        0.8013804009164661,
        0.6685799106292665,
        0.8874826425211836,
        0.9146321742839257,
        0.9781427608951425,
        0.6768123656655098,
        0.996231529825668,
        0.9514111831488823,
        0.9995084062692903,
        0.6681110697018875,
        0.7571970568657325,
        0.8751549290969218,
        0.8868273610500617,
        0.6651726443943021,
        0.9715570534968831,
        0.8989500141012561,
        0.9947830164508746,
        0.9876279216730365,
        0.9886428270247023,
        0.5533599225714487,
        0.6047264934767287,
        0.9081944351194509,
        0.7284472378487596,
        0.7272320159146499,
        0.9840129813439566,
        0.816776239519406,
        0.7014485267821626,
        0.638093805379502,
        0.9711620618895459,
        0.7509154309548903,
        0.9286773133012469,
        0.5958195803023201
      ]
    },
    "num_results": 32
  },
  "target_metric_score": 0.8274084785129707,
  "timestamp": "2025-06-04T19:25:38.336343"
}