{
  "experiment_name": "candidate_q_net_2_neuron_15",
  "coalition_neurons": [
    "q_net.2_neuron_46",
    "q_net.2_neuron_27",
    "q_net.0_neuron_12",
    "q_net.2_neuron_13",
    "q_net.2_neuron_33",
    "q_net.2_neuron_3",
    "q_net.2_neuron_5",
    "q_net.2_neuron_23",
    "q_net.2_neuron_41",
    "q_net.2_neuron_15"
  ],
  "patch_config": {
    "q_net.2": [
      46,
      27,
      13,
      33,
      3,
      5,
      23,
      41,
      15
    ],
    "q_net.0": [
      12
    ]
  },
  "noising": {
    "metrics": {
      "mean": 0.6932840051903849,
      "std": 0.15795637516785574,
      "count": 32,
      "values": [
        0.6710843221966207,
        0.8506255710916557,
        0.7562348569375309,
        0.7227675946119314,
        0.8986154123045513,
        0.7402537007488073,
        0.6479579773614926,
        0.36946995961207674,
        0.8067787533648585,
        0.7803472738928829,
        0.5841676899883645,
        0.9431536101576017,
        0.27410576078949733,
        0.6647361552362061,
        0.6444052491962448,
        0.7743307686961318,
        0.8795276579268984,
        0.394160391339229,
        0.5580978895743458,
        0.6691392118069164,
        0.5589352641369729,
        0.8147606655553206,
        0.8092071255576199,
        0.748152293888739,
        0.9629007487913582,
        0.7882984618112157,
        0.6844823229932376,
        0.7398834760488681,
        0.7106822143050651,
        0.6724989011736192,
        0.5966394042941897,
        0.46868748070226585
      ]
    },
    "num_results": 32
  },
  "denoising": {
    "metrics": {
      "mean": 0.7308239392777749,
      "std": 0.1393353473210862,
      "count": 32,
      "values": [
        0.6814081149673932,
        0.850620836050529,
        0.752860150995564,
        0.722761339566357,
        0.8986127701107288,
        0.6989968435431335,
        0.6479593699933635,
        0.8288855485980742,
        0.8121959897801013,
        0.780353244826259,
        0.6062033328952057,
        0.9418218873116244,
        0.27410170591066796,
        0.6926763255822119,
        0.6483657655648374,
        0.773644122055577,
        0.8770228000246337,
        0.9390882776303653,
        0.5727414508122544,
        0.6595993933436533,
        0.558935916848291,
        0.8147606655553206,
        0.8092046569293861,
        0.7827030597459579,
        0.9762401545623228,
        0.550364476749654,
        0.6434901888282889,
        0.7398775625635485,
        0.7717654875459725,
        0.6698593027477774,
        0.5974984081147932,
        0.8117469071349523
      ]
    },
    "num_results": 32
  },
  "target_metric_score": 0.7308239392777749,
  "timestamp": "2025-06-04T19:25:45.340657"
}