{
  "experiment_name": "candidate_q_net_0_neuron_2",
  "coalition_neurons": [
    "q_net.2_neuron_46",
    "q_net.2_neuron_27",
    "q_net.0_neuron_12",
    "q_net.2_neuron_13",
    "q_net.2_neuron_33",
    "q_net.2_neuron_3",
    "q_net.2_neuron_5",
    "q_net.2_neuron_23",
    "q_net.2_neuron_41",
    "q_net.2_neuron_52",
    "q_net.2_neuron_16",
    "q_net.0_neuron_44",
    "q_net.0_neuron_2"
  ],
  "patch_config": {
    "q_net.2": [
      46,
      27,
      13,
      33,
      3,
      5,
      23,
      41,
      52,
      16
    ],
    "q_net.0": [
      12,
      44,
      2
    ]
  },
  "noising": {
    "metrics": {
      "mean": 0.7256918292844093,
      "std": 0.17033906709854799,
      "count": 32,
      "values": [
        0.6513271750683294,
        0.6489537202714986,
        0.8883552251449801,
        0.85590231235413,
        0.875528376876068,
        0.8404699901094594,
        0.6336339839282354,
        0.3705435575977658,
        0.8185631216194169,
        0.8067407435663201,
        0.517726045330761,
        0.9526349953920485,
        0.7635341209065538,
        0.8446569546697731,
        0.7720743327415933,
        0.8294930282513278,
        0.9355110452510006,
        0.40283036171038566,
        0.46343562133758354,
        0.6803372087359219,
        0.800071436423679,
        0.8284081565992312,
        0.7560665014448877,
        0.7963235211145018,
        0.8279956325974227,
        0.6722985604212871,
        0.6558679633613491,
        0.9919604206592,
        0.6276782747583762,
        0.8835764170746842,
        0.47385556160087017,
        0.3557841701824569
      ]
    },
    "num_results": 32
  },
  "denoising": {
    "metrics": {
      "mean": 0.776755599155325,
      "std": 0.13023309965426397,
      "count": 32,
      "values": [
        0.6622548510468859,
        0.6489546097077987,
        0.9098633802012556,
        0.8414577232512142,
        0.9066719735941613,
        0.7609620576627355,
        0.6336367826525102,
        0.8125189051858968,
        0.7964104916875339,
        0.8067347020387573,
        0.6932893016716835,
        0.9648356162362103,
        0.7635263211863728,
        0.8315579952138124,
        0.7525433173750693,
        0.8312538190784728,
        0.9431343668159463,
        0.980608270714441,
        0.5729228342260068,
        0.6861791422208243,
        0.8000770755301312,
        0.8284081565992312,
        0.7560665014448877,
        0.7743987378404952,
        0.6137807185789315,
        0.9368382017369368,
        0.6064163781839276,
        0.9919556998257644,
        0.5663303752166039,
        0.8848366310279877,
        0.47093271063535713,
        0.8268215245825561
      ]
    },
    "num_results": 32
  },
  "target_metric_score": 0.776755599155325,
  "timestamp": "2025-06-04T19:25:50.729262"
}