{
  "experiment_name": "candidate_q_net_0_neuron_34",
  "coalition_neurons": [
    "q_net.2_neuron_46",
    "q_net.2_neuron_27",
    "q_net.0_neuron_12",
    "q_net.2_neuron_13",
    "q_net.2_neuron_33",
    "q_net.2_neuron_3",
    "q_net.2_neuron_5",
    "q_net.2_neuron_23",
    "q_net.2_neuron_41",
    "q_net.2_neuron_52",
    "q_net.2_neuron_16",
    "q_net.0_neuron_44",
    "q_net.2_neuron_6",
    "q_net.0_neuron_1",
    "q_net.2_neuron_63",
    "q_net.0_neuron_34"
  ],
  "patch_config": {
    "q_net.2": [
      46,
      27,
      13,
      33,
      3,
      5,
      23,
      41,
      52,
      16,
      6,
      63
    ],
    "q_net.0": [
      12,
      44,
      1,
      34
    ]
  },
  "noising": {
    "metrics": {
      "mean": 0.7872447770258197,
      "std": 0.1881054998370219,
      "count": 32,
      "values": [
        0.6998351551778925,
        0.8949002280470876,
        0.8961022712274368,
        0.8500038657576398,
        0.8722280008634965,
        0.8794660100912636,
        0.7563430674671727,
        0.44605936328149187,
        0.875388636853527,
        0.940470457231331,
        0.41745344291138253,
        0.9620000624419931,
        0.7882702616989978,
        0.9104707397249376,
        0.8459569514793154,
        0.8084036159674242,
        0.9244127292596601,
        0.4312410580004692,
        0.9859761157420751,
        0.8642180806831148,
        0.8555796309888788,
        0.7324849724099989,
        0.977884176293452,
        0.9996187420531448,
        0.7113405957405938,
        0.6513515084785473,
        0.9045769169984955,
        0.9311516352565707,
        0.5060979671724071,
        0.9579205530616033,
        0.6596511394636446,
        0.2549749130011867
      ]
    },
    "num_results": 32
  },
  "denoising": {
    "metrics": {
      "mean": 0.8808841817492166,
      "std": 0.07844582998093193,
      "count": 32,
      "values": [
        0.722836697140665,
        0.8949035872443067,
        0.9291450843052501,
        0.8820991629411341,
        0.8800196801455136,
        0.938829128355676,
        0.761282356696704,
        0.9103751026359539,
        0.9273949183167844,
        0.9404655570725152,
        0.9168139303061132,
        0.9704563671647078,
        0.7882653271379325,
        0.8893452342281873,
        0.8461225332049478,
        0.7974260710187264,
        0.9213285374214155,
        0.9984908835300279,
        0.9452625406951126,
        0.8747517250253352,
        0.8555863231516014,
        0.7324879045430848,
        0.977888111099564,
        0.9441565206312598,
        0.8593200206890532,
        0.9362689873477873,
        0.9699345883098834,
        0.9311440686707104,
        0.8051055701178045,
        0.9163966386483138,
        0.6781109871571801,
        0.8462796710216776
      ]
    },
    "num_results": 32
  },
  "target_metric_score": 0.8808841817492166,
  "timestamp": "2025-06-04T19:25:54.315188"
}