{
  "experiment_name": "candidate_q_net_2_neuron_52",
  "coalition_neurons": [
    "q_net.2_neuron_46",
    "q_net.2_neuron_27",
    "q_net.0_neuron_12",
    "q_net.2_neuron_13",
    "q_net.2_neuron_33",
    "q_net.2_neuron_3",
    "q_net.2_neuron_5",
    "q_net.2_neuron_23",
    "q_net.2_neuron_52"
  ],
  "patch_config": {
    "q_net.2": [
      46,
      27,
      13,
      33,
      3,
      5,
      23,
      52
    ],
    "q_net.0": [
      12
    ]
  },
  "noising": {
    "metrics": {
      "mean": 0.8451663093978936,
      "std": 0.12623333122593416,
      "count": 32,
      "values": [
        0.916012712765593,
        0.9636669244416212,
        0.8794344994901128,
        0.8182641270904177,
        0.8625483619058502,
        0.9404149062887994,
        0.8665052340368966,
        0.6530568169281665,
        0.9465115338238879,
        0.9800971419735528,
        0.7793332198847862,
        0.9681597016819813,
        0.6429237715316413,
        0.9186836223121463,
        0.7508661855168718,
        0.7230118133034302,
        0.9089899824191621,
        0.39105478443680497,
        0.649299583954279,
        0.9341380551036991,
        0.7947072192546626,
        0.9704685538275653,
        0.8268288614461283,
        0.9129869674321698,
        0.884122759348609,
        0.8706409755004602,
        0.9865262118568181,
        0.9334420108155136,
        0.8498760694316327,
        0.7779612156450528,
        0.9373704366025184,
        0.8074176406817626
      ]
    },
    "num_results": 32
  },
  "denoising": {
    "metrics": {
      "mean": 0.8757333518913132,
      "std": 0.08664053452458556,
      "count": 32,
      "values": [
        0.9352176653411638,
        0.9636729488282167,
        0.8726743713144585,
        0.8182549167458171,
        0.8625453127443057,
        0.9014730004354842,
        0.8665052340368966,
        0.8612634554064182,
        0.9544900210868913,
        0.9800969409954922,
        0.8551324017636495,
        0.9656966655446628,
        0.6429221954451303,
        0.968737117458631,
        0.7630105287900837,
        0.7223306757751107,
        0.901350514507509,
        0.9261280804457999,
        0.670182596261625,
        0.9115087244977503,
        0.7947225148806881,
        0.9704774681675692,
        0.8268280304666579,
        0.9642474064292837,
        0.9432868242185277,
        0.8331662863006849,
        0.9273466382527292,
        0.9334414336914468,
        0.9149087948275537,
        0.7767810958033448,
        0.9339627575079054,
        0.8611046425505338
      ]
    },
    "num_results": 32
  },
  "target_metric_score": 0.8757333518913132,
  "timestamp": "2025-06-04T19:25:42.859012"
}