{
  "experiment_name": "candidate_q_net_2_neuron_63",
  "coalition_neurons": [
    "q_net.2_neuron_46",
    "q_net.2_neuron_27",
    "q_net.0_neuron_12",
    "q_net.2_neuron_13",
    "q_net.2_neuron_33",
    "q_net.2_neuron_3",
    "q_net.2_neuron_5",
    "q_net.2_neuron_23",
    "q_net.2_neuron_63"
  ],
  "patch_config": {
    "q_net.2": [
      46,
      27,
      13,
      33,
      3,
      5,
      23,
      63
    ],
    "q_net.0": [
      12
    ]
  },
  "noising": {
    "metrics": {
      "mean": 0.8052698124881303,
      "std": 0.1348698847205431,
      "count": 32,
      "values": [
        0.8055743884740776,
        0.9535055359145759,
        0.8283691590384966,
        0.8215123688607717,
        0.8169529057211683,
        0.8489862024166264,
        0.8780574420138146,
        0.5091526302606019,
        0.8631692801071824,
        0.9637643364826176,
        0.7081298672094527,
        0.9043195935033367,
        0.5603918840093224,
        0.9356224513836249,
        0.7268135575660597,
        0.6688945783526576,
        0.8606693004562423,
        0.4003185272202675,
        0.6847769144544309,
        0.9088439213133194,
        0.6714984519583185,
        0.9508352963615281,
        0.957046306735845,
        0.848328607867632,
        0.8933034117534762,
        0.8525174669144404,
        0.8294749894592885,
        0.8679062679351611,
        0.8932334960629813,
        0.8561257947900998,
        0.8679618973020039,
        0.6325771677207475
      ]
    },
    "num_results": 32
  },
  "denoising": {
    "metrics": {
      "mean": 0.8389288276560404,
      "std": 0.1016789128534911,
      "count": 32,
      "values": [
        0.7862107044398641,
        0.9535002844949202,
        0.8226609071395532,
        0.8215000883124646,
        0.8169529057211683,
        0.8872701542931369,
        0.8780658676982643,
        0.7471155780656424,
        0.875318975995838,
        0.9637741804553199,
        0.7812290577356371,
        0.9021779534086106,
        0.5603901192613214,
        0.9965354009348719,
        0.7440949587872007,
        0.6682049030012447,
        0.857056090346589,
        0.8241198648697865,
        0.7012431170831335,
        0.8865504577967183,
        0.6715103732832833,
        0.9508400755980498,
        0.9570505960573956,
        0.8884314942534469,
        0.9505019731279264,
        0.8473656403728435,
        0.8956806375602121,
        0.8679135734817762,
        0.9470373576857335,
        0.8546290441583093,
        0.8707394415209354,
        0.670050708052093
      ]
    },
    "num_results": 32
  },
  "target_metric_score": 0.8389288276560404,
  "timestamp": "2025-06-04T19:25:43.459002"
}