{
  "experiment_name": "candidate_q_net_0_neuron_8",
  "coalition_neurons": [
    "q_net.2_neuron_46",
    "q_net.2_neuron_27",
    "q_net.0_neuron_12",
    "q_net.2_neuron_13",
    "q_net.2_neuron_33",
    "q_net.2_neuron_3",
    "q_net.2_neuron_5",
    "q_net.2_neuron_23",
    "q_net.2_neuron_41",
    "q_net.2_neuron_52",
    "q_net.2_neuron_16",
    "q_net.0_neuron_44",
    "q_net.2_neuron_6",
    "q_net.0_neuron_1",
    "q_net.2_neuron_63",
    "q_net.0_neuron_8"
  ],
  "patch_config": {
    "q_net.2": [
      46,
      27,
      13,
      33,
      3,
      5,
      23,
      41,
      52,
      16,
      6,
      63
    ],
    "q_net.0": [
      12,
      44,
      1,
      8
    ]
  },
  "noising": {
    "metrics": {
      "mean": 0.8099876042530878,
      "std": 0.20420561403002266,
      "count": 32,
      "values": [
        0.7091721406505511,
        0.9693943720273002,
        0.9421640842005814,
        0.9726520520150621,
        0.9517661270518383,
        0.8729557787422668,
        0.8487872805646598,
        0.3629437806472603,
        0.9627995516263623,
        0.940470457231331,
        0.4122755089205662,
        0.9989406384406273,
        0.794229494193408,
        0.8871805360558005,
        0.9199048454530915,
        0.7695777281610028,
        0.9962472901624938,
        0.4000531159644337,
        0.9503808877148656,
        0.8747520006557309,
        0.785669197314971,
        0.8300556501411093,
        0.9962724176079654,
        0.920412479075482,
        0.6903992257533301,
        0.7195991896550895,
        0.8740957606303077,
        0.9521616119346589,
        0.5247400427025151,
        0.9867424452581045,
        0.8736059734594583,
        0.22920167208658448
      ]
    },
    "num_results": 32
  },
  "denoising": {
    "metrics": {
      "mean": 0.9047275337371414,
      "std": 0.07703173697056302,
      "count": 32,
      "values": [
        0.7142217711224117,
        0.9693977847868868,
        0.9580333766591579,
        0.9727161866445363,
        0.9614183773877845,
        0.9237583370331764,
        0.8487864678901714,
        0.9672850444240788,
        0.9653202744293133,
        0.9404655570725152,
        0.8576743262859382,
        0.9808564042695882,
        0.7942237903042885,
        0.869140912600864,
        0.9178650704630528,
        0.7345949346069935,
        0.9919936256713489,
        0.9483250191358068,
        0.8425893212950338,
        0.8856046250008911,
        0.7856723364131462,
        0.8300565209405444,
        0.9962765825044927,
        0.992145184539466,
        0.9310583709410836,
        0.9786705275291914,
        0.9337115379975762,
        0.9521617905007349,
        0.8776565097825473,
        0.9608510643764742,
        0.8745295114370861,
        0.7942199355423445
      ]
    },
    "num_results": 32
  },
  "target_metric_score": 0.9047275337371414,
  "timestamp": "2025-06-04T19:25:54.907551"
}