{
  "experiment_name": "candidate_q_net_2_neuron_30",
  "coalition_neurons": [
    "q_net.2_neuron_46",
    "q_net.2_neuron_27",
    "q_net.0_neuron_12",
    "q_net.2_neuron_13",
    "q_net.2_neuron_33",
    "q_net.2_neuron_3",
    "q_net.2_neuron_5",
    "q_net.2_neuron_23",
    "q_net.2_neuron_41",
    "q_net.2_neuron_52",
    "q_net.2_neuron_16",
    "q_net.0_neuron_44",
    "q_net.2_neuron_6",
    "q_net.0_neuron_1",
    "q_net.2_neuron_63",
    "q_net.2_neuron_10",
    "q_net.0_neuron_38",
    "q_net.2_neuron_36",
    "q_net.0_neuron_24",
    "q_net.2_neuron_30"
  ],
  "patch_config": {
    "q_net.2": [
      46,
      27,
      13,
      33,
      3,
      5,
      23,
      41,
      52,
      16,
      6,
      63,
      10,
      36,
      30
    ],
    "q_net.0": [
      12,
      44,
      1,
      38,
      24
    ]
  },
  "noising": {
    "metrics": {
      "mean": 0.7950009675293607,
      "std": 0.1818365908642816,
      "count": 32,
      "values": [
        0.7632853408481939,
        0.724444056163356,
        0.9339827008286488,
        0.9140284457727006,
        0.9118687639516656,
        0.9332467033102136,
        0.8237405533332195,
        0.423705198998772,
        0.9459471098165985,
        0.9114479711147656,
        0.51175161252041,
        0.9417806914001767,
        0.9087937920323171,
        0.8139245630347093,
        0.8858936735644642,
        0.8134705339944212,
        0.9502444931585706,
        0.35438201984277096,
        0.8420434722768031,
        0.8398540129332754,
        0.919597541570371,
        0.8756033177159894,
        0.8868107133116787,
        0.8030242226828529,
        0.8516006999722588,
        0.7738842661569078,
        0.8727035628006405,
        0.8932712402264638,
        0.4799834056674469,
        0.9212286937048932,
        0.7660929804005001,
        0.24839460783348355
      ]
    },
    "num_results": 32
  },
  "denoising": {
    "metrics": {
      "mean": 0.8680159768600867,
      "std": 0.07809594343614065,
      "count": 32,
      "values": [
        0.7487768965370181,
        0.724444056163356,
        0.9401963563010988,
        0.9184417377521716,
        0.9168978195775803,
        0.958028489662876,
        0.8237399149248464,
        0.941341976090107,
        0.9516603291234181,
        0.9114472986000682,
        0.7850999801544187,
        0.934989761884598,
        0.9087818243851705,
        0.7949142212238957,
        0.8833531752240976,
        0.817500666715782,
        0.9533468029179093,
        0.9490160722188087,
        0.8511338473168559,
        0.7480079419796635,
        0.919597541570371,
        0.8756033177159894,
        0.8868044030861291,
        0.7606207613515815,
        0.7530401529292674,
        0.9033618845738958,
        0.9307554588326041,
        0.8932648431538328,
        0.7322221296351259,
        0.9275348518984275,
        0.7649185068358146,
        0.9676682391859939
      ]
    },
    "num_results": 32
  },
  "target_metric_score": 0.8680159768600867,
  "timestamp": "2025-06-04T19:26:01.321218"
}