{
  "experiment_name": "candidate_q_net_0_neuron_33",
  "coalition_neurons": [
    "q_net.2_neuron_46",
    "q_net.2_neuron_27",
    "q_net.0_neuron_12",
    "q_net.2_neuron_13",
    "q_net.2_neuron_33",
    "q_net.2_neuron_3",
    "q_net.2_neuron_5",
    "q_net.2_neuron_23",
    "q_net.2_neuron_41",
    "q_net.2_neuron_52",
    "q_net.2_neuron_16",
    "q_net.0_neuron_44",
    "q_net.2_neuron_6",
    "q_net.0_neuron_1",
    "q_net.2_neuron_63",
    "q_net.2_neuron_10",
    "q_net.0_neuron_38",
    "q_net.2_neuron_36",
    "q_net.0_neuron_24",
    "q_net.0_neuron_57",
    "q_net.0_neuron_26",
    "q_net.0_neuron_62",
    "q_net.0_neuron_61",
    "q_net.0_neuron_47",
    "q_net.0_neuron_16",
    "q_net.0_neuron_63",
    "q_net.2_neuron_43",
    "q_net.0_neuron_34",
    "q_net.2_neuron_19",
    "q_net.0_neuron_33"
  ],
  "patch_config": {
    "q_net.2": [
      46,
      27,
      13,
      33,
      3,
      5,
      23,
      41,
      52,
      16,
      6,
      63,
      10,
      36,
      43,
      19
    ],
    "q_net.0": [
      12,
      44,
      1,
      38,
      24,
      57,
      26,
      62,
      61,
      47,
      16,
      63,
      34,
      33
    ]
  },
  "noising": {
    "metrics": {
      "mean": 0.69564059807213,
      "std": 0.18947154266034888,
      "count": 32,
      "values": [
        0.6412137980832363,
        0.7429705284295385,
        0.7669401475317394,
        0.7055326169349059,
        0.664138504211758,
        0.8666526888344337,
        0.5242802902669761,
        0.4040387588846016,
        0.9822327511059198,
        0.939039666833466,
        0.38533409986474565,
        0.697641645284586,
        0.818142959795926,
        0.8358126184907468,
        0.6208891960109952,
        0.6220893369848726,
        0.6963753020974917,
        0.3978155245759526,
        0.6001621118023619,
        0.8779311855368608,
        0.8190084791569847,
        0.5010547430278802,
        0.9897521688577204,
        0.8061859104925942,
        0.9431054644333973,
        0.7444150712532731,
        0.8229568955160548,
        0.8262541601073388,
        0.49740203992446685,
        0.6627386401825174,
        0.7015333880016494,
        0.15685844579316988
      ]
    },
    "num_results": 32
  },
  "denoising": {
    "metrics": {
      "mean": 0.7513129818119209,
      "std": 0.12845557294193877,
      "count": 32,
      "values": [
        0.6514564726593426,
        0.742970153149797,
        0.7592647053018658,
        0.6971480085708095,
        0.6571326609202656,
        0.8720420138984059,
        0.5242796018895991,
        0.6123035292670489,
        0.8977149208570071,
        0.9390394097296958,
        0.7524048051337804,
        0.6953332948982245,
        0.8181374087737904,
        0.8329118645361466,
        0.6304056774743803,
        0.6191732178178907,
        0.6985052098051585,
        0.6428054123660563,
        0.5977975639715654,
        0.9639215289706048,
        0.8190112518570719,
        0.5010521722954291,
        0.9897488256486221,
        0.7644256225515451,
        0.6395039644191232,
        0.8070359441466751,
        0.8499351005645659,
        0.8262536592328754,
        0.9333610240449779,
        0.6601258565446702,
        0.7065892280730048,
        0.9402253086114722
      ]
    },
    "num_results": 32
  },
  "target_metric_score": 0.7513129818119209,
  "timestamp": "2025-06-04T19:26:21.107443"
}