{
  "experiment_name": "candidate_q_net_2_neuron_22",
  "coalition_neurons": [
    "q_net.2_neuron_46",
    "q_net.2_neuron_27",
    "q_net.0_neuron_12",
    "q_net.2_neuron_13",
    "q_net.2_neuron_33",
    "q_net.2_neuron_3",
    "q_net.2_neuron_5",
    "q_net.2_neuron_23",
    "q_net.2_neuron_41",
    "q_net.2_neuron_52",
    "q_net.2_neuron_16",
    "q_net.0_neuron_44",
    "q_net.2_neuron_6",
    "q_net.0_neuron_1",
    "q_net.2_neuron_63",
    "q_net.2_neuron_22"
  ],
  "patch_config": {
    "q_net.2": [
      46,
      27,
      13,
      33,
      3,
      5,
      23,
      41,
      52,
      16,
      6,
      63,
      22
    ],
    "q_net.0": [
      12,
      44,
      1
    ]
  },
  "noising": {
    "metrics": {
      "mean": 0.8037457015000815,
      "std": 0.1964698517561447,
      "count": 32,
      "values": [
        0.8042494407738234,
        0.9305637011338342,
        0.9628026116120298,
        0.9668713287413673,
        0.9933855709588677,
        0.8425964973385978,
        0.9342945529064399,
        0.3657733892787327,
        0.9693220528575257,
        0.9389006472299415,
        0.4355549950704155,
        0.8927595358420157,
        0.7220130713845854,
        0.9966548690950144,
        0.9984966259718309,
        0.7715393516279841,
        0.9323623808935881,
        0.3994643290698616,
        0.8422095646669236,
        0.9231804080314842,
        0.7516907329890345,
        0.7121478637844837,
        0.9950867819959044,
        0.917008303622264,
        0.6974262046984291,
        0.692988770811904,
        0.8078378027779164,
        0.8500392583851896,
        0.49463947551951837,
        0.9247283799413575,
        0.9380346353903107,
        0.31523931360142987
      ]
    },
    "num_results": 32
  },
  "denoising": {
    "metrics": {
      "mean": 0.8927203270301938,
      "std": 0.08934520459893425,
      "count": 32,
      "values": [
        0.8039146443000043,
        0.9305639212381172,
        0.9783327871800119,
        0.9668124421364215,
        0.9837437723831688,
        0.889018245439932,
        0.9342941982211719,
        0.9138082735842878,
        0.9715401833954287,
        0.938903746349667,
        0.727734908927374,
        0.8932084587976887,
        0.7220094672588282,
        0.9749041261932635,
        0.9996325178986564,
        0.7636264304228699,
        0.9364134558048371,
        0.8892811247534518,
        0.8347541909175756,
        0.9351802944935881,
        0.7516954466257978,
        0.7121495074878396,
        0.9950868026988284,
        0.9937461752788835,
        0.951141656075023,
        0.9911471171200144,
        0.8782917256460459,
        0.8500332061960183,
        0.8738350136467912,
        0.9047703175716478,
        0.9425421143172137,
        0.7349341926057553
      ]
    },
    "num_results": 32
  },
  "target_metric_score": 0.8927203270301938,
  "timestamp": "2025-06-04T19:25:55.005193"
}