{
  "experiment_name": "candidate_q_net_2_neuron_39",
  "coalition_neurons": [
    "q_net.2_neuron_46",
    "q_net.2_neuron_27",
    "q_net.0_neuron_12",
    "q_net.2_neuron_13",
    "q_net.2_neuron_33",
    "q_net.2_neuron_3",
    "q_net.2_neuron_5",
    "q_net.2_neuron_23",
    "q_net.2_neuron_41",
    "q_net.2_neuron_52",
    "q_net.2_neuron_16",
    "q_net.0_neuron_44",
    "q_net.2_neuron_6",
    "q_net.0_neuron_1",
    "q_net.2_neuron_63",
    "q_net.2_neuron_10",
    "q_net.0_neuron_38",
    "q_net.2_neuron_36",
    "q_net.0_neuron_24",
    "q_net.0_neuron_57",
    "q_net.0_neuron_26",
    "q_net.0_neuron_62",
    "q_net.0_neuron_61",
    "q_net.0_neuron_47",
    "q_net.0_neuron_16",
    "q_net.0_neuron_63",
    "q_net.2_neuron_43",
    "q_net.2_neuron_39"
  ],
  "patch_config": {
    "q_net.2": [
      46,
      27,
      13,
      33,
      3,
      5,
      23,
      41,
      52,
      16,
      6,
      63,
      10,
      36,
      43,
      39
    ],
    "q_net.0": [
      12,
      44,
      1,
      38,
      24,
      57,
      26,
      62,
      61,
      47,
      16,
      63
    ]
  },
  "noising": {
    "metrics": {
      "mean": 0.7786175405397459,
      "std": 0.20885273357637835,
      "count": 32,
      "values": [
        0.9188531584627538,
        0.8376716322258935,
        0.9705669758646317,
        0.9626629793652103,
        0.9637872359279014,
        0.9222323749728363,
        0.9668634237145166,
        0.42069436918404657,
        0.9928409432380243,
        0.8979406550593244,
        0.40306450335032906,
        0.8147905758569125,
        0.862292562877541,
        0.981784654043196,
        0.9316446417480642,
        0.9110294777082737,
        0.7945100713310109,
        0.3257576253500777,
        0.7996450280239596,
        0.7206272440816939,
        0.6725223681149705,
        0.7565806701000051,
        0.9653420366670811,
        0.9192998897344623,
        0.8304182103130328,
        0.6638618237507232,
        0.7927025877141455,
        0.7308790850774751,
        0.41700875066418175,
        0.856571967203513,
        0.7317666130469878,
        0.17954716249909286
      ]
    },
    "num_results": 32
  },
  "denoising": {
    "metrics": {
      "mean": 0.8526874493684163,
      "std": 0.09743000738870838,
      "count": 32,
      "values": [
        0.9453287767881111,
        0.8376728635143704,
        0.9733282173506629,
        0.9606402260543401,
        0.9798999405908644,
        0.9315736839155173,
        0.9668587342548848,
        0.7688505903610674,
        0.9624771245307497,
        0.8979479881400891,
        0.6583952822112006,
        0.8158830663129988,
        0.8622830588592584,
        0.9869916508396288,
        0.9832155600655648,
        0.8748106451980782,
        0.7973031816482734,
        0.917669448842932,
        0.8130192662627469,
        0.7722901825465651,
        0.6725260111394848,
        0.7565783427467148,
        0.9653453847011997,
        0.8690689950719737,
        0.7351116256918631,
        0.7109743275286888,
        0.8186975769185165,
        0.7308777234224029,
        0.8933667690415907,
        0.873836018093868,
        0.7327232663872973,
        0.8204528507578168
      ]
    },
    "num_results": 32
  },
  "target_metric_score": 0.8526874493684163,
  "timestamp": "2025-06-04T19:26:16.882705"
}