{
  "experiment_name": "candidate_q_net_0_neuron_27",
  "coalition_neurons": [
    "q_net.2_neuron_46",
    "q_net.2_neuron_27",
    "q_net.0_neuron_12",
    "q_net.2_neuron_13",
    "q_net.2_neuron_33",
    "q_net.2_neuron_3",
    "q_net.2_neuron_5",
    "q_net.2_neuron_23",
    "q_net.2_neuron_41",
    "q_net.2_neuron_52",
    "q_net.2_neuron_16",
    "q_net.0_neuron_44",
    "q_net.2_neuron_6",
    "q_net.0_neuron_1",
    "q_net.2_neuron_63",
    "q_net.2_neuron_10",
    "q_net.0_neuron_38",
    "q_net.2_neuron_36",
    "q_net.0_neuron_27"
  ],
  "patch_config": {
    "q_net.2": [
      46,
      27,
      13,
      33,
      3,
      5,
      23,
      41,
      52,
      16,
      6,
      63,
      10,
      36
    ],
    "q_net.0": [
      12,
      44,
      1,
      38,
      27
    ]
  },
  "noising": {
    "metrics": {
      "mean": 0.6899521513264799,
      "std": 0.18446349402783996,
      "count": 32,
      "values": [
        0.32533738567770365,
        0.6107311110331315,
        0.7739610733327198,
        0.7808958551089702,
        0.7102113231564776,
        0.8618654394449032,
        0.5457076968493191,
        0.41312358518592385,
        0.9890656542920273,
        0.7231398906180648,
        0.40781180535388917,
        0.9353475784783721,
        0.877257770212183,
        0.6999991266463448,
        0.8585622645068064,
        0.8372872256422524,
        0.9028216187303899,
        0.3647201204914966,
        0.7377249159907533,
        0.6372144324527165,
        0.8245554510351588,
        0.6688838064516532,
        0.48583149151231053,
        0.6235046068907166,
        0.9866883243467339,
        0.7582628976650612,
        0.8455417700711534,
        0.7617984546673204,
        0.6991876260265767,
        0.5403784269937602,
        0.3891371632067461,
        0.5019129503757228
      ]
    },
    "num_results": 32
  },
  "denoising": {
    "metrics": {
      "mean": 0.7080837991434983,
      "std": 0.16560421491621136,
      "count": 32,
      "values": [
        0.3392665648418878,
        0.6107311110331315,
        0.8036588658931667,
        0.7930220487843184,
        0.742175997497321,
        0.8241380720948199,
        0.5457076968493191,
        0.9765233637066429,
        0.9921347394123636,
        0.72313728973902,
        0.6009674684738004,
        0.9351304705247858,
        0.8772640667648798,
        0.691723779467712,
        0.8667005666542962,
        0.8303369343348991,
        0.9092514477662546,
        0.9020553675566806,
        0.7331959315272663,
        0.6129713523536336,
        0.8245538749370265,
        0.6688838064516532,
        0.4858302529172336,
        0.6113949583644712,
        0.6885981778562762,
        0.5658641928527309,
        0.7665969036211382,
        0.7617978260793036,
        0.557205054020498,
        0.5345698820944838,
        0.38520775167099075,
        0.49808575644993835
      ]
    },
    "num_results": 32
  },
  "target_metric_score": 0.7080837991434983,
  "timestamp": "2025-06-04T19:26:00.573042"
}