{
  "experiment_name": "candidate_q_net_2_neuron_51",
  "coalition_neurons": [
    "q_net.2_neuron_46",
    "q_net.2_neuron_27",
    "q_net.0_neuron_12",
    "q_net.2_neuron_13",
    "q_net.2_neuron_33",
    "q_net.2_neuron_3",
    "q_net.2_neuron_5",
    "q_net.2_neuron_23",
    "q_net.2_neuron_41",
    "q_net.2_neuron_52",
    "q_net.2_neuron_16",
    "q_net.2_neuron_51"
  ],
  "patch_config": {
    "q_net.2": [
      46,
      27,
      13,
      33,
      3,
      5,
      23,
      41,
      52,
      16,
      51
    ],
    "q_net.0": [
      12
    ]
  },
  "noising": {
    "metrics": {
      "mean": 0.8104084195471775,
      "std": 0.18614512990879878,
      "count": 32,
      "values": [
        0.7690674993352415,
        0.8755700552715798,
        0.9521147264393117,
        0.9120540478460283,
        0.9032895977751322,
        0.9085002678550564,
        0.9620891048036566,
        0.3894519316760301,
        0.8766033766388734,
        0.9305797628367652,
        0.5472458189854812,
        0.8251158056616814,
        0.7828418076407436,
        0.9770432958086884,
        0.9495178053790194,
        0.919305327066696,
        0.8667724631425139,
        0.366106057975648,
        0.6975876926899143,
        0.9970929225278923,
        0.8456486454137263,
        0.6856783420358767,
        0.9818842062153121,
        0.8505389323677202,
        0.8964672165363068,
        0.7964582818114885,
        0.9135772229630714,
        0.9008118193847301,
        0.6811407898667508,
        0.9641843744235696,
        0.7835308878392765,
        0.22519933929589697
      ]
    },
    "num_results": 32
  },
  "denoising": {
    "metrics": {
      "mean": 0.8735069315100306,
      "std": 0.08258231049573839,
      "count": 32,
      "values": [
        0.7934355554973898,
        0.8755735857674767,
        0.9549520005187694,
        0.9120631158683163,
        0.9032898426469274,
        0.8665190329452094,
        0.9620888517674652,
        0.8308885539260391,
        0.8734259035403374,
        0.930566361244769,
        0.9770983176099697,
        0.8251158056616814,
        0.7828328745484919,
        0.9332133546160748,
        0.9636354293457733,
        0.9184541159061229,
        0.8705005129671229,
        0.8219820268264307,
        0.7187746879134855,
        0.9795050426712009,
        0.845661427961533,
        0.6856761013009418,
        0.9818775292292606,
        0.8502797740272882,
        0.8703347982832433,
        0.7883065086555443,
        0.8957682646920541,
        0.9008050372869103,
        0.7048834770959203,
        0.9620376456958881,
        0.7778258282945272,
        0.9948504440088128
      ]
    },
    "num_results": 32
  },
  "target_metric_score": 0.8735069315100306,
  "timestamp": "2025-06-04T19:25:48.555243"
}