{
  "experiment_name": "candidate_q_net_0_neuron_27",
  "coalition_neurons": [
    "q_net.2_neuron_46",
    "q_net.2_neuron_27",
    "q_net.0_neuron_12",
    "q_net.2_neuron_13",
    "q_net.2_neuron_33",
    "q_net.2_neuron_3",
    "q_net.2_neuron_5",
    "q_net.2_neuron_23",
    "q_net.2_neuron_41",
    "q_net.2_neuron_52",
    "q_net.2_neuron_16",
    "q_net.0_neuron_44",
    "q_net.2_neuron_6",
    "q_net.0_neuron_1",
    "q_net.2_neuron_63",
    "q_net.2_neuron_10",
    "q_net.0_neuron_38",
    "q_net.2_neuron_36",
    "q_net.0_neuron_24",
    "q_net.0_neuron_57",
    "q_net.0_neuron_26",
    "q_net.0_neuron_62",
    "q_net.0_neuron_27"
  ],
  "patch_config": {
    "q_net.2": [
      46,
      27,
      13,
      33,
      3,
      5,
      23,
      41,
      52,
      16,
      6,
      63,
      10,
      36
    ],
    "q_net.0": [
      12,
      44,
      1,
      38,
      24,
      57,
      26,
      62,
      27
    ]
  },
  "noising": {
    "metrics": {
      "mean": 0.7310215588073181,
      "std": 0.1749494171296932,
      "count": 32,
      "values": [
        0.5280649852742851,
        0.6535383828353966,
        0.7683526882550074,
        0.7992254609490326,
        0.7186010067226787,
        0.8802130094129,
        0.6376276687355797,
        0.39923083063044185,
        0.9975759963047525,
        0.6955005506296252,
        0.5488316010678606,
        0.9166902948720077,
        0.8990034228279764,
        0.7108392195278441,
        0.9917873166841964,
        0.8328306477014905,
        0.9914341578422359,
        0.33631189679784157,
        0.8584138569193905,
        0.7224467008690054,
        0.8399997465387984,
        0.7510592759514304,
        0.5342606759229689,
        0.6463923365297845,
        0.8976874551527628,
        0.9129657547413667,
        0.927358997843926,
        0.7579763628068101,
        0.5903221778243248,
        0.6591891250239663,
        0.5326932378391805,
        0.4562650407993136
      ]
    },
    "num_results": 32
  },
  "denoising": {
    "metrics": {
      "mean": 0.7469905041246572,
      "std": 0.15614809232691948,
      "count": 32,
      "values": [
        0.5110554387405468,
        0.6535393314442526,
        0.7935888845913986,
        0.8086929634177402,
        0.7550035294647353,
        0.855586618602643,
        0.6376297153198704,
        0.9681549502931588,
        0.9826813029677995,
        0.6954963221082828,
        0.7506224797810879,
        0.9160716239763375,
        0.8990165860998943,
        0.710506902995353,
        0.9929221436717327,
        0.8327811275152825,
        0.9882907509764125,
        0.8939116657245816,
        0.8698857470593212,
        0.6923810551033187,
        0.8399970672249022,
        0.7510534475967734,
        0.5342595208721475,
        0.6456388445391967,
        0.570448376362872,
        0.42810138948212095,
        0.8996970964277512,
        0.757975814377193,
        0.5406046341931606,
        0.6546651844070641,
        0.5297018069651521,
        0.5437338096869462
      ]
    },
    "num_results": 32
  },
  "target_metric_score": 0.7469905041246572,
  "timestamp": "2025-06-04T19:26:07.540058"
}