{
  "experiment_name": "candidate_q_net_2_neuron_21",
  "coalition_neurons": [
    "q_net.2_neuron_46",
    "q_net.2_neuron_27",
    "q_net.0_neuron_12",
    "q_net.2_neuron_13",
    "q_net.2_neuron_33",
    "q_net.2_neuron_3",
    "q_net.2_neuron_5",
    "q_net.2_neuron_23",
    "q_net.2_neuron_41",
    "q_net.2_neuron_52",
    "q_net.2_neuron_16",
    "q_net.0_neuron_44",
    "q_net.2_neuron_6",
    "q_net.0_neuron_1",
    "q_net.2_neuron_63",
    "q_net.2_neuron_10",
    "q_net.0_neuron_38",
    "q_net.2_neuron_36",
    "q_net.0_neuron_24",
    "q_net.0_neuron_57",
    "q_net.0_neuron_26",
    "q_net.0_neuron_62",
    "q_net.0_neuron_61",
    "q_net.2_neuron_21"
  ],
  "patch_config": {
    "q_net.2": [
      46,
      27,
      13,
      33,
      3,
      5,
      23,
      41,
      52,
      16,
      6,
      63,
      10,
      36,
      21
    ],
    "q_net.0": [
      12,
      44,
      1,
      38,
      24,
      57,
      26,
      62,
      61
    ]
  },
  "noising": {
    "metrics": {
      "mean": 0.7893855950552935,
      "std": 0.1905027952234797,
      "count": 32,
      "values": [
        0.9286563575808086,
        0.7180675140646182,
        0.9911843928854515,
        0.9150170614667652,
        0.8909356455007456,
        0.8223146619308326,
        0.8376343566819152,
        0.38648556037277426,
        0.9227158975575387,
        0.7250593045073448,
        0.5582403185501583,
        0.7882005406231061,
        0.8844800557547283,
        0.764019279309101,
        0.8868597415720039,
        0.9755066154112774,
        0.7704465762930774,
        0.3498261110223223,
        0.9772046731396742,
        0.9940580145154543,
        0.8834898473653745,
        0.6306592628747989,
        0.8862959464606555,
        0.7690464675842612,
        0.800575718079482,
        0.912181323503299,
        0.9907947628712792,
        0.8350837259137645,
        0.428483928145058,
        0.9479593241085686,
        0.7966702383203732,
        0.2921858178027791
      ]
    },
    "num_results": 32
  },
  "denoising": {
    "metrics": {
      "mean": 0.8443373549526536,
      "std": 0.10682865004628246,
      "count": 32,
      "values": [
        0.9563498925347969,
        0.7180664703630915,
        0.9994302983325207,
        0.9113585668836779,
        0.8798800966601715,
        0.7965606333718224,
        0.8376343566819152,
        0.7961958062729797,
        0.9494423163602517,
        0.725057874275113,
        0.7981430151429724,
        0.7885684767259169,
        0.8844892633018475,
        0.7648687981237916,
        0.9102930107433748,
        0.9776664037492729,
        0.7731731537561313,
        0.8485974580463026,
        0.9749200847261064,
        0.965654193726213,
        0.8834864778774736,
        0.6306605035263729,
        0.8862922902902086,
        0.7476734015922609,
        0.79749652500299,
        0.510437421652923,
        0.9332904396833421,
        0.8350857232629838,
        0.9662189311706607,
        0.9330965148393073,
        0.7985271655487591,
        0.840179794259363
      ]
    },
    "num_results": 32
  },
  "target_metric_score": 0.8443373549526536,
  "timestamp": "2025-06-04T19:26:08.991513"
}