{
  "experiment_name": "candidate_q_net_0_neuron_54",
  "coalition_neurons": [
    "q_net.2_neuron_46",
    "q_net.2_neuron_27",
    "q_net.0_neuron_12",
    "q_net.2_neuron_13",
    "q_net.2_neuron_33",
    "q_net.2_neuron_3",
    "q_net.2_neuron_5",
    "q_net.2_neuron_23",
    "q_net.2_neuron_41",
    "q_net.2_neuron_52",
    "q_net.2_neuron_16",
    "q_net.0_neuron_44",
    "q_net.2_neuron_6",
    "q_net.0_neuron_1",
    "q_net.2_neuron_63",
    "q_net.2_neuron_10",
    "q_net.0_neuron_38",
    "q_net.2_neuron_36",
    "q_net.0_neuron_24",
    "q_net.0_neuron_57",
    "q_net.0_neuron_26",
    "q_net.0_neuron_62",
    "q_net.0_neuron_61",
    "q_net.0_neuron_47",
    "q_net.0_neuron_16",
    "q_net.0_neuron_63",
    "q_net.2_neuron_43",
    "q_net.0_neuron_34",
    "q_net.0_neuron_54"
  ],
  "patch_config": {
    "q_net.2": [
      46,
      27,
      13,
      33,
      3,
      5,
      23,
      41,
      52,
      16,
      6,
      63,
      10,
      36,
      43
    ],
    "q_net.0": [
      12,
      44,
      1,
      38,
      24,
      57,
      26,
      62,
      61,
      47,
      16,
      63,
      34,
      54
    ]
  },
  "noising": {
    "metrics": {
      "mean": 0.7821219663132895,
      "std": 0.19263571970336446,
      "count": 32,
      "values": [
        0.9080705092760328,
        0.7937426931483286,
        0.8710868192403968,
        0.8550780218434972,
        0.8702723787735748,
        0.8332342073550612,
        0.6712230374750188,
        0.44641641136652066,
        0.9997134783978118,
        0.9138011502058447,
        0.4412519736836764,
        0.959200194227615,
        0.8698594414428257,
        0.9642946121119893,
        0.8531983808914549,
        0.8315220255009392,
        0.9751015935282936,
        0.39287256449911623,
        0.8145985807173177,
        0.7788218344120419,
        0.8098484499276316,
        0.9443855237745725,
        0.8401572047623711,
        0.814553601547995,
        0.8432783228884421,
        0.7581588065201257,
        0.8502309911441424,
        0.8358421510142899,
        0.45215498231687656,
        0.9395245318865495,
        0.7418120537275027,
        0.1545963944174079
      ]
    },
    "num_results": 32
  },
  "denoising": {
    "metrics": {
      "mean": 0.8487631439734686,
      "std": 0.09227917627874686,
      "count": 32,
      "values": [
        0.8872457788033135,
        0.7937438083318735,
        0.8958274779164683,
        0.8731667016449318,
        0.8795329473176853,
        0.8223060208904363,
        0.6712230374750188,
        0.9002222049754289,
        0.917629845033288,
        0.913801457264909,
        0.6417119553281667,
        0.9787268511270626,
        0.86985336290229,
        0.9524061332051106,
        0.8127701089540895,
        0.7993369138605728,
        0.978994535443522,
        0.9019077391037851,
        0.7557712142282609,
        0.7969797190668876,
        0.8098512870711808,
        0.9443818417031526,
        0.840163506098861,
        0.7666604141542738,
        0.6251294977820316,
        0.9311026942553293,
        0.881588511162319,
        0.8358416493783679,
        0.8317407377244015,
        0.9244220129878074,
        0.7354213227224219,
        0.9909593192377508
      ]
    },
    "num_results": 32
  },
  "target_metric_score": 0.8487631439734686,
  "timestamp": "2025-06-04T19:26:17.600226"
}