{
  "experiment_name": "candidate_q_net_2_neuron_25",
  "coalition_neurons": [
    "q_net.2_neuron_46",
    "q_net.2_neuron_27",
    "q_net.0_neuron_12",
    "q_net.2_neuron_13",
    "q_net.2_neuron_33",
    "q_net.2_neuron_3",
    "q_net.2_neuron_5",
    "q_net.2_neuron_23",
    "q_net.2_neuron_41",
    "q_net.2_neuron_52",
    "q_net.2_neuron_16",
    "q_net.0_neuron_44",
    "q_net.2_neuron_6",
    "q_net.0_neuron_1",
    "q_net.2_neuron_63",
    "q_net.2_neuron_10",
    "q_net.0_neuron_38",
    "q_net.2_neuron_36",
    "q_net.0_neuron_24",
    "q_net.0_neuron_57",
    "q_net.2_neuron_25"
  ],
  "patch_config": {
    "q_net.2": [
      46,
      27,
      13,
      33,
      3,
      5,
      23,
      41,
      52,
      16,
      6,
      63,
      10,
      36,
      25
    ],
    "q_net.0": [
      12,
      44,
      1,
      38,
      24,
      57
    ]
  },
  "noising": {
    "metrics": {
      "mean": 0.8275899522856026,
      "std": 0.18801713112758145,
      "count": 32,
      "values": [
        0.9233942452776723,
        0.7987679192807732,
        0.9603514018297459,
        0.9622428435096623,
        0.9945066330643426,
        0.9569952698912491,
        0.9578723871362012,
        0.37764962115886647,
        0.9133310824964823,
        0.8149329882200308,
        0.5275560357766163,
        0.9381858844875007,
        0.9824446073144968,
        0.8949138386534439,
        0.9938928186661293,
        0.9663493378281572,
        0.9139474737029103,
        0.34602026442030875,
        0.913518182877129,
        0.9240901131272666,
        0.8961272432942846,
        0.9234885069975468,
        0.8116078566844332,
        0.8543732674012553,
        0.7852489761574122,
        0.7485719390362023,
        0.8706753184151816,
        0.9941351448229694,
        0.5391443113332327,
        0.8349359824433399,
        0.8303972569004515,
        0.3332097209339897
      ]
    },
    "num_results": 32
  },
  "denoising": {
    "metrics": {
      "mean": 0.905060803259861,
      "std": 0.07399373801492339,
      "count": 32,
      "values": [
        0.9431906769908642,
        0.7987682623944934,
        0.9708832908170432,
        0.9586620339950296,
        0.9945066583593479,
        0.9778052045662714,
        0.957863903271507,
        0.9609473558559647,
        0.9099721616975509,
        0.8149279459945784,
        0.9320793628639936,
        0.9314502100279362,
        0.9824527313575933,
        0.880835294735371,
        0.9854567513992109,
        0.9695272501439126,
        0.9170348996405546,
        0.904932722509416,
        0.8856959179533231,
        0.9109611446128747,
        0.8961309550572909,
        0.9234889374685833,
        0.8116078566844332,
        0.825547130247509,
        0.7168203103695026,
        0.97107826453305,
        0.9153834787527406,
        0.9941351018001069,
        0.7173318995501038,
        0.8393800262729548,
        0.8328283982421661,
        0.9302595661502777
      ]
    },
    "num_results": 32
  },
  "target_metric_score": 0.905060803259861,
  "timestamp": "2025-06-04T19:26:03.892586"
}