{
  "experiment_name": "candidate_q_net_0_neuron_20",
  "coalition_neurons": [
    "q_net.2_neuron_46",
    "q_net.2_neuron_27",
    "q_net.0_neuron_12",
    "q_net.2_neuron_13",
    "q_net.2_neuron_33",
    "q_net.2_neuron_3",
    "q_net.2_neuron_5",
    "q_net.2_neuron_23",
    "q_net.2_neuron_41",
    "q_net.2_neuron_52",
    "q_net.2_neuron_16",
    "q_net.0_neuron_44",
    "q_net.2_neuron_6",
    "q_net.0_neuron_1",
    "q_net.2_neuron_63",
    "q_net.2_neuron_10",
    "q_net.0_neuron_38",
    "q_net.2_neuron_36",
    "q_net.0_neuron_24",
    "q_net.0_neuron_57",
    "q_net.0_neuron_26",
    "q_net.0_neuron_62",
    "q_net.0_neuron_61",
    "q_net.0_neuron_47",
    "q_net.0_neuron_16",
    "q_net.0_neuron_63",
    "q_net.2_neuron_43",
    "q_net.0_neuron_20"
  ],
  "patch_config": {
    "q_net.2": [
      46,
      27,
      13,
      33,
      3,
      5,
      23,
      41,
      52,
      16,
      6,
      63,
      10,
      36,
      43
    ],
    "q_net.0": [
      12,
      44,
      1,
      38,
      24,
      57,
      26,
      62,
      61,
      47,
      16,
      63,
      20
    ]
  },
  "noising": {
    "metrics": {
      "mean": 0.7408111683794062,
      "std": 0.2091746718242246,
      "count": 32,
      "values": [
        0.7560888450538908,
        0.8371177776804204,
        0.960144883682417,
        0.8700460741717396,
        0.964446852550256,
        0.998776226475275,
        0.8115536135711607,
        0.33497468225461335,
        0.8561335687963965,
        0.954097697488794,
        0.38715858063115105,
        0.7933598630752812,
        0.5681617887788734,
        0.8174757986573945,
        0.7756027240065678,
        0.8726192222770794,
        0.8157803767697586,
        0.3116886177106778,
        0.8225843982970511,
        0.8715713400206888,
        0.644315930012805,
        0.7543944484612378,
        0.9837464958101698,
        0.8734792201798198,
        0.5945738791844252,
        0.8242337938301239,
        0.7038103612855882,
        0.6518566953648568,
        0.4218046508096518,
        0.9460458998987722,
        0.7508618987623674,
        0.17745118259169113
      ]
    },
    "num_results": 32
  },
  "denoising": {
    "metrics": {
      "mean": 0.8271679199124182,
      "std": 0.1051305037752647,
      "count": 32,
      "values": [
        0.7728875820628969,
        0.8371190055993537,
        0.9659521876707453,
        0.8731478144160296,
        0.9800676328486148,
        0.9859361200283666,
        0.8115508314386959,
        0.7008132162995113,
        0.9069214489954225,
        0.954097697488794,
        0.7622635647688266,
        0.7949112049108599,
        0.5681593534559032,
        0.7877232769376155,
        0.8118852155008431,
        0.8263252289445687,
        0.8188796183600774,
        0.877575293539515,
        0.7833967049985888,
        0.9564761036245863,
        0.6443177284115746,
        0.7543936673476389,
        0.9837431528719601,
        0.8266196356568634,
        0.7797363616732836,
        0.8127490075962245,
        0.7160403303750155,
        0.6518540604506861,
        0.8760592402572841,
        0.9661892047661684,
        0.7520822069700853,
        0.9294997389307842
      ]
    },
    "num_results": 32
  },
  "target_metric_score": 0.8271679199124182,
  "timestamp": "2025-06-04T19:26:16.353625"
}