{
  "experiment_name": "candidate_q_net_2_neuron_21",
  "coalition_neurons": [
    "q_net.2_neuron_46",
    "q_net.2_neuron_27",
    "q_net.0_neuron_12",
    "q_net.2_neuron_13",
    "q_net.2_neuron_33",
    "q_net.2_neuron_3",
    "q_net.2_neuron_5",
    "q_net.2_neuron_21"
  ],
  "patch_config": {
    "q_net.2": [
      46,
      27,
      13,
      33,
      3,
      5,
      21
    ],
    "q_net.0": [
      12
    ]
  },
  "noising": {
    "metrics": {
      "mean": 0.7818808444282206,
      "std": 0.14204628095182628,
      "count": 32,
      "values": [
        0.6936068540581013,
        0.7204917459299103,
        0.9346954280037036,
        0.9602842367434061,
        0.7749080802320109,
        0.7983977586693279,
        0.8749032642258199,
        0.7561475847940096,
        0.8919727306995571,
        0.607111628457573,
        0.8430985985076478,
        0.7303355972943453,
        0.9927236487984352,
        0.8079167492234717,
        0.821173942858888,
        0.526991726766634,
        0.7553764314421899,
        0.49806292778652994,
        0.7519015959151232,
        0.8127398689102635,
        0.48111677823097665,
        0.7130600910931048,
        0.9670244839132809,
        0.8972759958517271,
        0.9529142990011472,
        0.7698331668481528,
        0.5780180046924136,
        0.5401539034543581,
        0.9208807061090184,
        0.9181616301054603,
        0.8347748394047095,
        0.8941327236817593
      ]
    },
    "num_results": 32
  },
  "denoising": {
    "metrics": {
      "mean": 0.7752731637258674,
      "std": 0.1729139525966767,
      "count": 32,
      "values": [
        0.7158308643594709,
        0.7204885666914569,
        0.9251062525085646,
        0.9602644431908237,
        0.7749129760063856,
        0.7448792535129143,
        0.8748957410885259,
        0.9428517678122069,
        0.8803044696734361,
        0.6071070770559812,
        0.9910657959376663,
        0.7308547397303431,
        0.9927324045191921,
        0.7807346655821068,
        0.836431279803664,
        0.5283786292695505,
        0.7654451518063758,
        0.637203453413681,
        0.7673228578235041,
        0.8381308452652508,
        0.4811102911902281,
        0.7130600910931048,
        0.9670189945088379,
        0.8485587233530902,
        0.9677297282426156,
        0.21691898857607228,
        0.5522196595128825,
        0.5401558058380573,
        0.8990194776209427,
        0.9157948509514107,
        0.8379952090202668,
        0.854218184269145
      ]
    },
    "num_results": 32
  },
  "target_metric_score": 0.7818808444282206,
  "timestamp": "2025-06-04T19:25:42.639550"
}