{
  "experiment_name": "candidate_q_net_2_neuron_60",
  "coalition_neurons": [
    "q_net.2_neuron_46",
    "q_net.2_neuron_27",
    "q_net.0_neuron_12",
    "q_net.2_neuron_13",
    "q_net.2_neuron_33",
    "q_net.2_neuron_3",
    "q_net.2_neuron_5",
    "q_net.2_neuron_23",
    "q_net.2_neuron_41",
    "q_net.2_neuron_52",
    "q_net.2_neuron_16",
    "q_net.0_neuron_44",
    "q_net.2_neuron_6",
    "q_net.0_neuron_1",
    "q_net.2_neuron_63",
    "q_net.2_neuron_10",
    "q_net.2_neuron_60"
  ],
  "patch_config": {
    "q_net.2": [
      46,
      27,
      13,
      33,
      3,
      5,
      23,
      41,
      52,
      16,
      6,
      63,
      10,
      60
    ],
    "q_net.0": [
      12,
      44,
      1
    ]
  },
  "noising": {
    "metrics": {
      "mean": 0.8288155716089362,
      "std": 0.20189032138318153,
      "count": 32,
      "values": [
        0.9668066084051811,
        0.8760516038374757,
        0.9515323087172419,
        0.98917337801225,
        0.9634458502511,
        0.8900337172720616,
        0.8928991283450607,
        0.31866449476084135,
        0.920860636653044,
        0.8475456666802622,
        0.4425443770623171,
        0.9482321526836458,
        0.8370852271266553,
        0.8541819246450907,
        0.9444484351982828,
        0.8289673253224915,
        0.9850774837779881,
        0.37399848952377,
        0.9962062337038294,
        0.8595442603934983,
        0.9567355544851839,
        0.7264168469554488,
        0.9775740293445976,
        0.9985561191710102,
        0.7928813880275875,
        0.6750251148205838,
        0.8591754093507197,
        0.9806111780667651,
        0.5195228802863057,
        0.999424582595655,
        0.9986965409392181,
        0.35017934507079507
      ]
    },
    "num_results": 32
  },
  "denoising": {
    "metrics": {
      "mean": 0.9250635029259033,
      "std": 0.06428759449146734,
      "count": 32,
      "values": [
        0.967264000102555,
        0.8760516038374757,
        0.9651503821163363,
        0.9892284584835191,
        0.9720028078941109,
        0.9336437883943964,
        0.8929029454938214,
        0.9684167366693766,
        0.9221566089312302,
        0.8475412553887512,
        0.9568772354140187,
        0.9487683788429675,
        0.8370801215733412,
        0.8380852485781047,
        0.9435355132205756,
        0.8217671082522753,
        0.988566046711481,
        0.918775111413149,
        0.9908760322118685,
        0.8700099087360946,
        0.9567433422104088,
        0.7264168469554488,
        0.9775702869474368,
        0.9210825927378858,
        0.9426943366701572,
        0.961111856825854,
        0.9370479337743995,
        0.9806224221586086,
        0.8066681940933049,
        0.9710347285214608,
        0.9943589347781208,
        0.9779813256903727
      ]
    },
    "num_results": 32
  },
  "target_metric_score": 0.9250635029259033,
  "timestamp": "2025-06-04T19:25:56.350537"
}