{
  "experiment_name": "candidate_q_net_0_neuron_59",
  "coalition_neurons": [
    "q_net.2_neuron_46",
    "q_net.2_neuron_27",
    "q_net.0_neuron_12",
    "q_net.2_neuron_13",
    "q_net.2_neuron_33",
    "q_net.2_neuron_3",
    "q_net.2_neuron_5",
    "q_net.2_neuron_23",
    "q_net.2_neuron_41",
    "q_net.2_neuron_52",
    "q_net.2_neuron_16",
    "q_net.0_neuron_44",
    "q_net.2_neuron_6",
    "q_net.0_neuron_1",
    "q_net.2_neuron_63",
    "q_net.2_neuron_10",
    "q_net.0_neuron_38",
    "q_net.2_neuron_36",
    "q_net.0_neuron_24",
    "q_net.0_neuron_57",
    "q_net.0_neuron_26",
    "q_net.0_neuron_62",
    "q_net.0_neuron_61",
    "q_net.0_neuron_47",
    "q_net.0_neuron_16",
    "q_net.0_neuron_63",
    "q_net.2_neuron_43",
    "q_net.0_neuron_34",
    "q_net.2_neuron_19",
    "q_net.0_neuron_59"
  ],
  "patch_config": {
    "q_net.2": [
      46,
      27,
      13,
      33,
      3,
      5,
      23,
      41,
      52,
      16,
      6,
      63,
      10,
      36,
      43,
      19
    ],
    "q_net.0": [
      12,
      44,
      1,
      38,
      24,
      57,
      26,
      62,
      61,
      47,
      16,
      63,
      34,
      59
    ]
  },
  "noising": {
    "metrics": {
      "mean": 0.747441486728112,
      "std": 0.19956591736219498,
      "count": 32,
      "values": [
        0.9343053670328638,
        0.7689994033505829,
        0.727680378314494,
        0.6168149898513398,
        0.6684599480556648,
        0.8666526888344337,
        0.4679964460913354,
        0.4179357790492021,
        0.7666474299075616,
        0.939039666833466,
        0.4736135780239634,
        0.9887724000351621,
        0.818142959795926,
        0.9796988667295775,
        0.5319891066015472,
        0.8014455531569866,
        0.8798348251862174,
        0.3844191551307109,
        0.781414676004262,
        0.7436771106205105,
        0.8190084791569847,
        0.7958963311165905,
        0.6537379912669448,
        0.7873125206185485,
        0.9431054644333973,
        0.9175443278887272,
        0.9907057184549903,
        0.9049318615280969,
        0.5968651888601648,
        0.9001766302801635,
        0.8944442872959952,
        0.15685844579316988
      ]
    },
    "num_results": 32
  },
  "denoising": {
    "metrics": {
      "mean": 0.7773015712401986,
      "std": 0.16436493073267203,
      "count": 32,
      "values": [
        0.9053132111590958,
        0.7689994033505829,
        0.73781401388341,
        0.6234085950683316,
        0.6794437604322344,
        0.8720420138984059,
        0.4679936782956241,
        0.9848985867756606,
        0.7051329738889758,
        0.9390394097296958,
        0.5064352164564148,
        0.9845644909437578,
        0.8181374087737904,
        0.969396093261079,
        0.5257205001765689,
        0.750761772641535,
        0.8829018470835652,
        0.9815520850120117,
        0.7525104440775777,
        0.8045110322921445,
        0.8190112518570719,
        0.7959028922337754,
        0.6537354289099369,
        0.7479083640889511,
        0.6395039644191232,
        0.3325909993284554,
        0.9397149407394576,
        0.9049321205389964,
        0.6263979065837184,
        0.9242341741764692,
        0.888916390998465,
        0.9402253086114722
      ]
    },
    "num_results": 32
  },
  "target_metric_score": 0.7773015712401986,
  "timestamp": "2025-06-04T19:26:21.183922"
}