{
  "experiment_name": "candidate_q_net_2_neuron_57",
  "coalition_neurons": [
    "q_net.2_neuron_46",
    "q_net.2_neuron_27",
    "q_net.0_neuron_12",
    "q_net.2_neuron_13",
    "q_net.2_neuron_33",
    "q_net.2_neuron_3",
    "q_net.2_neuron_5",
    "q_net.2_neuron_23",
    "q_net.2_neuron_41",
    "q_net.2_neuron_52",
    "q_net.2_neuron_16",
    "q_net.0_neuron_44",
    "q_net.2_neuron_6",
    "q_net.0_neuron_1",
    "q_net.2_neuron_63",
    "q_net.2_neuron_10",
    "q_net.0_neuron_38",
    "q_net.2_neuron_36",
    "q_net.0_neuron_24",
    "q_net.0_neuron_57",
    "q_net.0_neuron_26",
    "q_net.0_neuron_62",
    "q_net.0_neuron_61",
    "q_net.0_neuron_47",
    "q_net.0_neuron_16",
    "q_net.0_neuron_63",
    "q_net.2_neuron_57"
  ],
  "patch_config": {
    "q_net.2": [
      46,
      27,
      13,
      33,
      3,
      5,
      23,
      41,
      52,
      16,
      6,
      63,
      10,
      36,
      57
    ],
    "q_net.0": [
      12,
      44,
      1,
      38,
      24,
      57,
      26,
      62,
      61,
      47,
      16,
      63
    ]
  },
  "noising": {
    "metrics": {
      "mean": 0.796034990237932,
      "std": 0.18886202204718905,
      "count": 32,
      "values": [
        0.8379700839510775,
        0.8314239545525409,
        0.9651956259941897,
        0.8843477736010067,
        0.9914989303334167,
        0.9426547060857313,
        0.9767895600127243,
        0.3893292354703929,
        0.9500455433843696,
        0.9414487440654217,
        0.5843065399715311,
        0.8819705580937649,
        0.6654157194839259,
        0.9844920825109609,
        0.8386048249600702,
        0.837002559614744,
        0.8045156583430325,
        0.33779107408401643,
        0.9844517953480383,
        0.8908500507028112,
        0.7291650509348182,
        0.8872761173604518,
        0.8214876894782637,
        0.8909368310829788,
        0.7734167614771322,
        0.8799927624475397,
        0.6997347940377046,
        0.703893426505203,
        0.4181862077413704,
        0.9822443950585978,
        0.8291041959186041,
        0.33757643500739365
      ]
    },
    "num_results": 32
  },
  "denoising": {
    "metrics": {
      "mean": 0.8564008934755791,
      "std": 0.11141395061734027,
      "count": 32,
      "values": [
        0.8379706729665639,
        0.8314236388327729,
        0.9680152988619416,
        0.8826565212221394,
        0.9917360402280724,
        0.9523350789943728,
        0.9767894481972159,
        0.8413478328319339,
        0.9891752449127704,
        0.94145404452451,
        0.5138936855656095,
        0.8835990908962593,
        0.665411677618212,
        0.9895528651634106,
        0.8837962304481821,
        0.8021747500629594,
        0.8073599039541622,
        0.9901043803103076,
        0.9993350668567644,
        0.8724773417684816,
        0.7291671487926792,
        0.8872761173604518,
        0.821491319400394,
        0.8367609769305686,
        0.8172675941503801,
        0.7816293000744887,
        0.7164626495330454,
        0.703893426505203,
        0.9438616696802935,
        0.9626720506100719,
        0.8312748618167514,
        0.7524626621475607
      ]
    },
    "num_results": 32
  },
  "target_metric_score": 0.8564008934755791,
  "timestamp": "2025-06-04T19:26:14.227069"
}