{
  "experiment_name": "candidate_q_net_0_neuron_47",
  "coalition_neurons": [
    "q_net.2_neuron_46",
    "q_net.2_neuron_27",
    "q_net.0_neuron_12",
    "q_net.2_neuron_13",
    "q_net.2_neuron_33",
    "q_net.2_neuron_3",
    "q_net.2_neuron_5",
    "q_net.0_neuron_47"
  ],
  "patch_config": {
    "q_net.2": [
      46,
      27,
      13,
      33,
      3,
      5
    ],
    "q_net.0": [
      12,
      47
    ]
  },
  "noising": {
    "metrics": {
      "mean": 0.8079656581912813,
      "std": 0.1440729845352043,
      "count": 32,
      "values": [
        0.8297198783103839,
        0.6729146611616087,
        0.9775337648983388,
        0.9033511824255374,
        0.9380756315599507,
        0.7817466760986131,
        0.9546279660927797,
        0.9543647452092194,
        0.9078928259285839,
        0.6708522752411221,
        0.6213776444134225,
        0.8347473241074044,
        0.8808475515897528,
        0.6741725078049448,
        0.9609989323739409,
        0.7866148593782532,
        0.8830396108826472,
        0.5743148041853983,
        0.8237513511304609,
        0.47428871476791135,
        0.7188053409673707,
        0.9565790468246924,
        0.9856524770471554,
        0.7271376390617392,
        0.9692226484866526,
        0.47047942904225637,
        0.6733037390033298,
        0.7369444259320899,
        0.9532326790888368,
        0.8772201057435255,
        0.8886983581667144,
        0.7923922651963657
      ]
    },
    "num_results": 32
  },
  "denoising": {
    "metrics": {
      "mean": 0.8548048045376291,
      "std": 0.12203380926664853,
      "count": 32,
      "values": [
        0.8176460954185014,
        0.6729184740116272,
        0.9844249357567578,
        0.9089419688190891,
        0.9293111544156019,
        0.7942033254933949,
        0.9546279660927797,
        0.9921956524065203,
        0.9741404927494154,
        0.6708522005510189,
        0.837600245418528,
        0.84254809218271,
        0.8808427338450476,
        0.6611495713270598,
        0.9699485808731588,
        0.9643180266323674,
        0.8942624926354195,
        0.9483954512558659,
        0.8467809947647189,
        0.4758060189118779,
        0.7187977446149684,
        0.9565757761894729,
        0.9856523536339746,
        0.7315869443434193,
        0.9757300816786681,
        0.8192818001202131,
        0.78387353667504,
        0.7369516248341186,
        0.9672073450196297,
        0.9389797206422791,
        0.8951065011573934,
        0.8230958427334938
      ]
    },
    "num_results": 32
  },
  "target_metric_score": 0.8548048045376291,
  "timestamp": "2025-06-04T19:25:41.361050"
}