{
  "experiment_name": "candidate_q_net_2_neuron_52",
  "coalition_neurons": [
    "q_net.2_neuron_46",
    "q_net.2_neuron_27",
    "q_net.2_neuron_52"
  ],
  "patch_config": {
    "q_net.2": [
      46,
      27,
      52
    ]
  },
  "noising": {
    "metrics": {
      "mean": 0.8278934870841103,
      "std": 0.1064716201922215,
      "count": 32,
      "values": [
        0.7955369965012641,
        0.9732541512556407,
        0.8934584768809715,
        0.8070467039550743,
        0.8396016954849218,
        0.7981017974418958,
        0.8465894056493046,
        0.9330159295444227,
        0.8595918183277185,
        0.8352890066157683,
        0.8761575634124903,
        0.8348469628528399,
        0.8170096445765975,
        0.7952603281614636,
        0.7915761370506731,
        0.8872516181071288,
        0.8419631384266486,
        0.8635627962371819,
        0.8219910989252684,
        0.8521683211647841,
        0.814886912340919,
        0.9004338116421671,
        0.8087205088344149,
        0.9817011454486564,
        0.7537432029742376,
        0.43927291019821124,
        0.7749954466895302,
        0.8333157868418156,
        0.9635085492546096,
        0.9194415540780619,
        0.8216421437897882,
        0.5176560240270585
      ]
    },
    "num_results": 32
  },
  "denoising": {
    "metrics": {
      "mean": 0.8498197210561156,
      "std": 0.056749145889684716,
      "count": 32,
      "values": [
        0.7955259628821214,
        0.9732398410101917,
        0.8934655875343408,
        0.8070542384903657,
        0.8396056101209823,
        0.7980955296881971,
        0.8465938940537994,
        0.8751089890384337,
        0.8595998182513247,
        0.8353019886331606,
        0.800000008824888,
        0.8348417184014236,
        0.8169871835226479,
        0.7952603281614636,
        0.7915761370506731,
        0.8872516181071288,
        0.8419556641601591,
        0.9960652054365008,
        0.8219910989252684,
        0.8521493756721742,
        0.8148989283084792,
        0.9004252267616031,
        0.8087371487568489,
        0.98167542744127,
        0.882962966426024,
        0.7646896580263074,
        0.7749926174578893,
        0.8332982293067785,
        0.87997426029895,
        0.9194287815735303,
        0.8216379819219559,
        0.8498400495508176
      ]
    },
    "num_results": 32
  },
  "target_metric_score": 0.8498197210561156,
  "timestamp": "2025-06-04T19:25:33.794238"
}