{
  "experiment_name": "candidate_q_net_2_neuron_5",
  "coalition_neurons": [
    "q_net.2_neuron_46",
    "q_net.2_neuron_27",
    "q_net.0_neuron_12",
    "q_net.2_neuron_13",
    "q_net.2_neuron_33",
    "q_net.2_neuron_5"
  ],
  "patch_config": {
    "q_net.2": [
      46,
      27,
      13,
      33,
      5
    ],
    "q_net.0": [
      12
    ]
  },
  "noising": {
    "metrics": {
      "mean": 0.8864023276491757,
      "std": 0.07932546095619868,
      "count": 32,
      "values": [
        0.8723162704787216,
        0.950360857685531,
        0.8709179564899556,
        0.9499319366726393,
        0.9543157525753546,
        0.9810361460621236,
        0.904122199311107,
        0.8917933404561622,
        0.9621575762371326,
        0.8723034663676508,
        0.903900765430733,
        0.9443613046146302,
        0.7742658702846622,
        0.9730033657672247,
        0.8545243213396914,
        0.8413853609367092,
        0.9242694205026313,
        0.7515774439260945,
        0.8594936086996254,
        0.9107805986743565,
        0.9614011568879228,
        0.9778075834862348,
        0.8591752526251315,
        0.9352239734518684,
        0.9197597032776113,
        0.6344374879546901,
        0.9166152906362277,
        0.7934484235006969,
        0.9163441228785353,
        0.7894375858714676,
        0.9620227593055865,
        0.7523835823849133
      ]
    },
    "num_results": 32
  },
  "denoising": {
    "metrics": {
      "mean": 0.9073460250616534,
      "std": 0.05801258968385417,
      "count": 32,
      "values": [
        0.8453922957054063,
        0.9503677568969047,
        0.8599947268935311,
        0.949911572625209,
        0.9543162161536053,
        0.9404014632013042,
        0.9041254778156768,
        0.8642419048143535,
        0.9752327166264582,
        0.8723034663676508,
        0.8708808492073261,
        0.9365944832384019,
        0.7742721953181209,
        0.9078559169421454,
        0.8713115750362805,
        0.8400402571302978,
        0.9135690422767976,
        0.9140959173747187,
        0.8919588349664372,
        0.9541889442404455,
        0.9613671755135815,
        0.9778020731279629,
        0.8591867300254543,
        0.9965423562328306,
        0.9737875884157804,
        0.8917254266796465,
        0.9675339342279118,
        0.7934484235006969,
        0.926921122926214,
        0.7881475602612789,
        0.9678366883231336,
        0.9397181099073447
      ]
    },
    "num_results": 32
  },
  "target_metric_score": 0.9073460250616534,
  "timestamp": "2025-06-04T19:25:38.154134"
}