{
  "experiment_name": "candidate_q_net_2_neuron_40",
  "coalition_neurons": [
    "q_net.2_neuron_46",
    "q_net.2_neuron_27",
    "q_net.0_neuron_12",
    "q_net.2_neuron_13",
    "q_net.2_neuron_33",
    "q_net.2_neuron_3",
    "q_net.2_neuron_5",
    "q_net.2_neuron_23",
    "q_net.2_neuron_41",
    "q_net.2_neuron_52",
    "q_net.2_neuron_16",
    "q_net.0_neuron_44",
    "q_net.2_neuron_6",
    "q_net.0_neuron_1",
    "q_net.2_neuron_40"
  ],
  "patch_config": {
    "q_net.2": [
      46,
      27,
      13,
      33,
      3,
      5,
      23,
      41,
      52,
      16,
      6,
      40
    ],
    "q_net.0": [
      12,
      44,
      1
    ]
  },
  "noising": {
    "metrics": {
      "mean": 0.7716600989007748,
      "std": 0.18536158749932088,
      "count": 32,
      "values": [
        0.9386762811552338,
        0.7165674077815802,
        0.9253816112742187,
        0.9797477150565097,
        0.8449518829682682,
        0.9547538602959169,
        0.8281875346958415,
        0.3071012180737748,
        0.9100887745644207,
        0.8464459354331793,
        0.4576557777552568,
        0.8288423897222968,
        0.861344690403111,
        0.8265324106649928,
        0.8554889595336344,
        0.8854222296784044,
        0.777960581039862,
        0.3624777360017627,
        0.788664713233728,
        0.9200040525409576,
        0.9581363548720556,
        0.7715419211066401,
        0.5740193068457835,
        0.7622689291443324,
        0.6597821871642344,
        0.5982897187269038,
        0.9497158643878084,
        0.8679314411609252,
        0.48513820840947597,
        0.9425020553317247,
        0.8770788055249714,
        0.43042261027698936
      ]
    },
    "num_results": 32
  },
  "denoising": {
    "metrics": {
      "mean": 0.8551908817996452,
      "std": 0.09597418273207077,
      "count": 32,
      "values": [
        0.9382671493992584,
        0.7165665938744151,
        0.9145492160723054,
        0.979676372340982,
        0.8381178988776411,
        0.9680869102191202,
        0.8281838393272928,
        0.8453013230827567,
        0.9115126627769458,
        0.8464405228875844,
        0.9951688611600658,
        0.8291647774323825,
        0.8613349830990874,
        0.8127765280051327,
        0.8562890394971526,
        0.8716753228782504,
        0.7813715403268704,
        0.8069018928170109,
        0.7832844002771008,
        0.9103856208631701,
        0.9581268589717689,
        0.7715419211066401,
        0.5740193068457835,
        0.717409773550406,
        0.9368562230021901,
        0.7034253308494496,
        0.9975851089184409,
        0.867939526369318,
        0.9713730694213972,
        0.9364574469992788,
        0.8706145175263729,
        0.7657036788130729
      ]
    },
    "num_results": 32
  },
  "target_metric_score": 0.8551908817996452,
  "timestamp": "2025-06-04T19:25:53.693815"
}