{
  "experiment_name": "candidate_q_net_0_neuron_14",
  "coalition_neurons": [
    "q_net.2_neuron_46",
    "q_net.2_neuron_27",
    "q_net.0_neuron_12",
    "q_net.2_neuron_13",
    "q_net.2_neuron_33",
    "q_net.2_neuron_3",
    "q_net.2_neuron_5",
    "q_net.2_neuron_23",
    "q_net.2_neuron_41",
    "q_net.0_neuron_14"
  ],
  "patch_config": {
    "q_net.2": [
      46,
      27,
      13,
      33,
      3,
      5,
      23,
      41
    ],
    "q_net.0": [
      12,
      14
    ]
  },
  "noising": {
    "metrics": {
      "mean": 0.7702730567296467,
      "std": 0.1632668083620166,
      "count": 32,
      "values": [
        0.6683440030798191,
        0.8777419645866057,
        0.833570549316723,
        0.8189184542143214,
        0.8456430687667515,
        0.7887713951346897,
        0.8933327431427782,
        0.42662691842839695,
        0.8051689183591845,
        0.8463723974325331,
        0.6295841855932771,
        0.8467274439818,
        0.7093737068084343,
        0.993626213665567,
        0.810608850853872,
        0.8336566467970252,
        0.7932291305786273,
        0.4083442631206008,
        0.9021205807944884,
        0.9801264976427124,
        0.8646865300593404,
        0.7510199096269844,
        0.7990726629435121,
        0.9520131888140879,
        0.9620708232083769,
        0.6090004529140473,
        0.7073879665794081,
        0.9255538997608356,
        0.6469486729719203,
        0.7925889078897692,
        0.639830690301957,
        0.286676177980248
      ]
    },
    "num_results": 32
  },
  "denoising": {
    "metrics": {
      "mean": 0.8409805401253201,
      "std": 0.07422419793671582,
      "count": 32,
      "values": [
        0.6756942484205666,
        0.8777451688037864,
        0.8480732078649478,
        0.8226072481242551,
        0.8381127773771632,
        0.8242150043618199,
        0.893331952675361,
        0.8575470344213034,
        0.8603004916902549,
        0.8463613406715171,
        0.8862072916607973,
        0.8661637023919792,
        0.7093523364266393,
        0.9631035865902959,
        0.8301811725660151,
        0.8502350068319445,
        0.7978362989221846,
        0.8762419175451869,
        0.8678665171910742,
        0.9757944641928892,
        0.8646714758007519,
        0.7510199096269844,
        0.7990758362292147,
        0.9183877732789137,
        0.9235025137174493,
        0.9096365909642339,
        0.7435231414709629,
        0.9255553241031136,
        0.8626968293182568,
        0.7909843616383578,
        0.6464914148915017,
        0.8088613442405194
      ]
    },
    "num_results": 32
  },
  "target_metric_score": 0.8409805401253201,
  "timestamp": "2025-06-04T19:25:44.738165"
}