{
  "experiment_name": "candidate_q_net_2_neuron_36",
  "coalition_neurons": [
    "q_net.2_neuron_46",
    "q_net.2_neuron_27",
    "q_net.0_neuron_12",
    "q_net.2_neuron_13",
    "q_net.2_neuron_33",
    "q_net.2_neuron_3",
    "q_net.2_neuron_5",
    "q_net.2_neuron_23",
    "q_net.2_neuron_41",
    "q_net.2_neuron_52",
    "q_net.2_neuron_16",
    "q_net.0_neuron_44",
    "q_net.2_neuron_6",
    "q_net.0_neuron_1",
    "q_net.2_neuron_63",
    "q_net.2_neuron_10",
    "q_net.2_neuron_36"
  ],
  "patch_config": {
    "q_net.2": [
      46,
      27,
      13,
      33,
      3,
      5,
      23,
      41,
      52,
      16,
      6,
      63,
      10,
      36
    ],
    "q_net.0": [
      12,
      44,
      1
    ]
  },
  "noising": {
    "metrics": {
      "mean": 0.8368381184349212,
      "std": 0.1971047947799785,
      "count": 32,
      "values": [
        0.9692096987035618,
        0.9106421942245583,
        0.984507189839717,
        0.9840272839454536,
        0.9888980807125339,
        0.9421473341599768,
        0.8681835106534939,
        0.4095252173519415,
        0.9485061414876647,
        0.8907347891938571,
        0.4375378115148739,
        0.9274639211280237,
        0.8042485411961146,
        0.8741023116523382,
        0.9419366266700167,
        0.8372872256422524,
        0.9515981759115782,
        0.36015279832610003,
        0.9782124397741125,
        0.8790291619593442,
        0.9361919059294963,
        0.796397918930165,
        0.9700956984320952,
        0.9855443385991677,
        0.7928813880275875,
        0.70278606243774,
        0.8992506861439815,
        0.9800009351612147,
        0.5419565244083504,
        0.975192365763627,
        0.9963118141191185,
        0.3142596979174198
      ]
    },
    "num_results": 32
  },
  "denoising": {
    "metrics": {
      "mean": 0.928044727199222,
      "std": 0.05838421092541831,
      "count": 32,
      "values": [
        0.9687942242307767,
        0.9106421942245583,
        0.9975799909893915,
        0.983974944836618,
        0.997588720641603,
        0.9956867019995667,
        0.8681867326599018,
        0.9370224964562468,
        0.9502144474926063,
        0.8907298055109525,
        0.8981656073504727,
        0.9279459436932699,
        0.8042492598744773,
        0.8561952829197561,
        0.9410462909898252,
        0.8303369343348991,
        0.9549970482303016,
        0.9014232945597691,
        0.9667337256249882,
        0.8900677102740716,
        0.9361996660121616,
        0.7963968394544294,
        0.9700991793702295,
        0.9392093661298326,
        0.9426943366701572,
        0.9544808937753974,
        0.9903355263140811,
        0.9799932222642859,
        0.8188970793581979,
        0.9968279661590698,
        0.9967214069917563,
        0.9039944309814543
      ]
    },
    "num_results": 32
  },
  "target_metric_score": 0.928044727199222,
  "timestamp": "2025-06-04T19:25:56.062630"
}