{
  "experiment_name": "candidate_q_net_0_neuron_14",
  "coalition_neurons": [
    "q_net.2_neuron_46",
    "q_net.2_neuron_27",
    "q_net.0_neuron_12",
    "q_net.2_neuron_13",
    "q_net.2_neuron_33",
    "q_net.2_neuron_3",
    "q_net.2_neuron_5",
    "q_net.2_neuron_23",
    "q_net.0_neuron_14"
  ],
  "patch_config": {
    "q_net.2": [
      46,
      27,
      13,
      33,
      3,
      5,
      23
    ],
    "q_net.0": [
      12,
      14
    ]
  },
  "noising": {
    "metrics": {
      "mean": 0.783359617525671,
      "std": 0.13932513076354716,
      "count": 32,
      "values": [
        0.5316844947941659,
        0.9212517003056815,
        0.8362520102763457,
        0.8139673939659051,
        0.8519188051674915,
        0.8404233249665085,
        0.9585535357406645,
        0.4314545253067338,
        0.7943536818344363,
        0.9053017943374052,
        0.8908759851616651,
        0.8541092726302979,
        0.7340139736416719,
        0.9031262057256945,
        0.830017800872491,
        0.6607573659768471,
        0.7818435782050503,
        0.40465604511499886,
        0.7451568178148793,
        0.8970062999069528,
        0.9652223301716815,
        0.7057722951854699,
        0.8074014391543416,
        0.9541672068965273,
        0.9221670748134294,
        0.7219298292652181,
        0.6975780994581411,
        0.8405511456184322,
        0.7661255049649205,
        0.8005006279814906,
        0.5775448296719288,
        0.7218227658940031
      ]
    },
    "num_results": 32
  },
  "denoising": {
    "metrics": {
      "mean": 0.8427677852689265,
      "std": 0.107144974015461,
      "count": 32,
      "values": [
        0.5398388623062567,
        0.9212572399697949,
        0.8570974487479694,
        0.8199282344319618,
        0.841813788190956,
        0.8750966340094211,
        0.9585531045591206,
        0.8745720930764632,
        0.8802248562399282,
        0.9052881510287086,
        0.8152770520163677,
        0.8828137310426295,
        0.7340049765915031,
        0.9498842755355179,
        0.8524507400162004,
        0.6770631031730683,
        0.7879279519284714,
        0.9012913441132185,
        0.8017896168655184,
        0.8929243933610386,
        0.9652046537268347,
        0.705770922316901,
        0.8074037228331372,
        0.9977306391418195,
        0.9467700015566495,
        0.9670803144409817,
        0.737910403097268,
        0.8405544717657225,
        0.9084647998867481,
        0.7992270566584787,
        0.5766986588344479,
        0.9466558871425441
      ]
    },
    "num_results": 32
  },
  "target_metric_score": 0.8427677852689265,
  "timestamp": "2025-06-04T19:25:43.112539"
}