{
  "experiment_name": "candidate_q_net_0_neuron_46",
  "coalition_neurons": [
    "q_net.2_neuron_46",
    "q_net.2_neuron_27",
    "q_net.0_neuron_12",
    "q_net.2_neuron_13",
    "q_net.2_neuron_33",
    "q_net.2_neuron_3",
    "q_net.2_neuron_5",
    "q_net.2_neuron_23",
    "q_net.2_neuron_41",
    "q_net.2_neuron_52",
    "q_net.2_neuron_16",
    "q_net.0_neuron_44",
    "q_net.2_neuron_6",
    "q_net.0_neuron_1",
    "q_net.2_neuron_63",
    "q_net.2_neuron_10",
    "q_net.0_neuron_38",
    "q_net.2_neuron_36",
    "q_net.0_neuron_24",
    "q_net.0_neuron_57",
    "q_net.0_neuron_26",
    "q_net.0_neuron_62",
    "q_net.0_neuron_61",
    "q_net.0_neuron_46"
  ],
  "patch_config": {
    "q_net.2": [
      46,
      27,
      13,
      33,
      3,
      5,
      23,
      41,
      52,
      16,
      6,
      63,
      10,
      36
    ],
    "q_net.0": [
      12,
      44,
      1,
      38,
      24,
      57,
      26,
      62,
      61,
      46
    ]
  },
  "noising": {
    "metrics": {
      "mean": 0.8207272567087152,
      "std": 0.1972402344873135,
      "count": 32,
      "values": [
        0.9671228042352522,
        0.7692564516064451,
        0.8961079076462807,
        0.9838342477381423,
        0.9308055198590608,
        0.8960732638450088,
        0.959819574210395,
        0.39515909062008425,
        0.9816606932394444,
        0.7726577461769553,
        0.5821242763689374,
        0.9054148751628392,
        0.8786038868302265,
        0.8230078755745066,
        0.8779982384265637,
        0.8848429116269513,
        0.8984573331682915,
        0.3447245597479578,
        0.9475632823091595,
        0.9591207061336567,
        0.9623884331364735,
        0.9130670438739393,
        0.9942286872273024,
        0.7780525600318854,
        0.7957960941719318,
        0.8324874595771528,
        0.7700622755164167,
        0.9736971704099121,
        0.42760333135690265,
        0.9907471482364364,
        0.9154844999200416,
        0.255302266694333
      ]
    },
    "num_results": 32
  },
  "denoising": {
    "metrics": {
      "mean": 0.8992468050944857,
      "std": 0.07217328314262539,
      "count": 32,
      "values": [
        0.9929486406895351,
        0.7692559818870492,
        0.9045629900135491,
        0.9837207028130179,
        0.9469149110229373,
        0.8661714958784965,
        0.9598241910581244,
        0.9228579496002011,
        0.9328462565553394,
        0.7726531864377086,
        0.8795607676514092,
        0.9024101439265445,
        0.8786142351550055,
        0.8238898783927485,
        0.8997446591063066,
        0.8853464870633122,
        0.901363550080906,
        0.9710288525414433,
        0.9327797626591031,
        0.9967812901814592,
        0.9623884331364735,
        0.9130674721952738,
        0.9942331911760585,
        0.7569693047206005,
        0.7153655584702927,
        0.8859151299222519,
        0.8130717752006376,
        0.9736970846267625,
        0.8742167134440272,
        0.9677606799989612,
        0.9189612522126424,
        0.8769752352053658
      ]
    },
    "num_results": 32
  },
  "target_metric_score": 0.8992468050944857,
  "timestamp": "2025-06-04T19:26:09.094427"
}