{
  "experiment_name": "candidate_q_net_2_neuron_40",
  "coalition_neurons": [
    "q_net.2_neuron_46",
    "q_net.2_neuron_27",
    "q_net.0_neuron_12",
    "q_net.2_neuron_13",
    "q_net.2_neuron_33",
    "q_net.2_neuron_3",
    "q_net.2_neuron_5",
    "q_net.2_neuron_23",
    "q_net.2_neuron_41",
    "q_net.2_neuron_40"
  ],
  "patch_config": {
    "q_net.2": [
      46,
      27,
      13,
      33,
      3,
      5,
      23,
      41,
      40
    ],
    "q_net.0": [
      12
    ]
  },
  "noising": {
    "metrics": {
      "mean": 0.7439224409034776,
      "std": 0.18116525552541418,
      "count": 32,
      "values": [
        0.6781817094970217,
        0.7497571927092063,
        0.9007773037853466,
        0.9576332329567075,
        0.8766760577293006,
        0.8958262982426292,
        0.7131038567384669,
        0.3331385565224827,
        0.8801560565328319,
        0.9224923578199157,
        0.3970967040975718,
        0.8346721113025719,
        0.6514040900900906,
        0.8928059307763287,
        0.8363583208045202,
        0.9226656239860747,
        0.7700412273523627,
        0.36545786306144346,
        0.6801883281096264,
        0.8698050121128615,
        0.9773255131313581,
        0.8265057728786256,
        0.4803717474455953,
        0.7626842847867881,
        0.8700642422322613,
        0.5284451267678945,
        0.8321015728237429,
        0.7924646595060989,
        0.6254306399972278,
        0.7925889078897692,
        0.8028220246787275,
        0.3864757825458317
      ]
    },
    "num_results": 32
  },
  "denoising": {
    "metrics": {
      "mean": 0.8001920249147769,
      "std": 0.12449900977396884,
      "count": 32,
      "values": [
        0.663853646998583,
        0.7497563487968325,
        0.9034481421365794,
        0.9576456088727696,
        0.876678374422393,
        0.9656111776263694,
        0.7130997264186723,
        0.8499215908832223,
        0.875432115200038,
        0.9224860562904098,
        0.7680233209301661,
        0.8352517737776206,
        0.6514019308144914,
        0.8560599971908096,
        0.8252260867260558,
        0.9221068828493131,
        0.7736104014550074,
        0.854240782619316,
        0.6733205390742789,
        0.8875170839141889,
        0.9773039080938463,
        0.8265057728786256,
        0.480368400933472,
        0.743290972119923,
        0.8218509262507709,
        0.4765150503422785,
        0.9643105396733453,
        0.7924707158354495,
        0.7830743957739442,
        0.7909843616383578,
        0.8112569397894669,
        0.6135212269462651
      ]
    },
    "num_results": 32
  },
  "target_metric_score": 0.8001920249147769,
  "timestamp": "2025-06-04T19:25:45.780203"
}