{
  "experiment_name": "candidate_q_net_2_neuron_36",
  "coalition_neurons": [
    "q_net.2_neuron_46",
    "q_net.2_neuron_27",
    "q_net.0_neuron_12",
    "q_net.2_neuron_13",
    "q_net.2_neuron_33",
    "q_net.2_neuron_3",
    "q_net.2_neuron_5",
    "q_net.2_neuron_23",
    "q_net.2_neuron_41",
    "q_net.2_neuron_52",
    "q_net.2_neuron_36"
  ],
  "patch_config": {
    "q_net.2": [
      46,
      27,
      13,
      33,
      3,
      5,
      23,
      41,
      52,
      36
    ],
    "q_net.0": [
      12
    ]
  },
  "noising": {
    "metrics": {
      "mean": 0.8420510438806248,
      "std": 0.19254859136838326,
      "count": 32,
      "values": [
        0.9715031672001213,
        0.8857118643169977,
        0.9741968036908336,
        0.9676527950041208,
        0.9525246927949081,
        0.9357229321796656,
        0.8622186904640736,
        0.4720494288762983,
        0.9317400884992334,
        0.8993916022651816,
        0.5192258727113331,
        0.9329909265078312,
        0.6806379364643137,
        0.994998629494028,
        0.8567605950360926,
        0.8390615824964505,
        0.9747769545700111,
        0.4039077682743534,
        0.8546200136500909,
        0.9603785101295307,
        0.9646153201950519,
        0.8796814517717271,
        0.8679879129894031,
        0.9594175118748401,
        0.9904870349005971,
        0.8533706643123645,
        0.9800330150493644,
        0.9979481873294742,
        0.6205248741937968,
        0.8252063524464064,
        0.9444277781085803,
        0.19186244638291972
      ]
    },
    "num_results": 32
  },
  "denoising": {
    "metrics": {
      "mean": 0.9145698763096685,
      "std": 0.06190351989912358,
      "count": 32,
      "values": [
        0.9486842835737814,
        0.8857118643169977,
        0.9700753543581659,
        0.9676414822196848,
        0.9525219499135051,
        0.8926514466084638,
        0.8622178906747471,
        0.9745315659641213,
        0.9263447491528687,
        0.8993868001539129,
        0.9134135602874562,
        0.9340536886147146,
        0.6806324071689724,
        0.9587344047365325,
        0.8668413841618736,
        0.8383654207344831,
        0.9796082623519349,
        0.9429445049788288,
        0.8828771998333578,
        0.9832653232356058,
        0.9646232243027548,
        0.8796701343387199,
        0.8679879129894031,
        0.9204329891942848,
        0.9203654015552403,
        0.8523307678905512,
        0.9416007648545597,
        0.9979392664048198,
        0.9166418380596404,
        0.8234646286276971,
        0.9505003132270503,
        0.970175257424661
      ]
    },
    "num_results": 32
  },
  "target_metric_score": 0.9145698763096685,
  "timestamp": "2025-06-04T19:25:46.481533"
}