{
  "experiment_name": "candidate_q_net_2_neuron_61",
  "coalition_neurons": [
    "q_net.2_neuron_46",
    "q_net.2_neuron_27",
    "q_net.0_neuron_12",
    "q_net.2_neuron_13",
    "q_net.2_neuron_33",
    "q_net.2_neuron_3",
    "q_net.2_neuron_5",
    "q_net.2_neuron_23",
    "q_net.2_neuron_41",
    "q_net.2_neuron_52",
    "q_net.2_neuron_16",
    "q_net.0_neuron_44",
    "q_net.2_neuron_6",
    "q_net.0_neuron_1",
    "q_net.2_neuron_63",
    "q_net.2_neuron_10",
    "q_net.0_neuron_38",
    "q_net.2_neuron_36",
    "q_net.0_neuron_24",
    "q_net.0_neuron_57",
    "q_net.0_neuron_26",
    "q_net.0_neuron_62",
    "q_net.0_neuron_61",
    "q_net.0_neuron_47",
    "q_net.0_neuron_16",
    "q_net.2_neuron_61"
  ],
  "patch_config": {
    "q_net.2": [
      46,
      27,
      13,
      33,
      3,
      5,
      23,
      41,
      52,
      16,
      6,
      63,
      10,
      36,
      61
    ],
    "q_net.0": [
      12,
      44,
      1,
      38,
      24,
      57,
      26,
      62,
      61,
      47,
      16
    ]
  },
  "noising": {
    "metrics": {
      "mean": 0.7881833207059086,
      "std": 0.1949280964933467,
      "count": 32,
      "values": [
        0.7870235140127961,
        0.8100047918621549,
        0.9904566743378208,
        0.9033703764677898,
        0.9443605328025481,
        0.8958678563020599,
        0.9674900663992833,
        0.392738854523643,
        0.9340850765023718,
        0.7976495908313646,
        0.4787573292072188,
        0.8517601351186266,
        0.8944614852703686,
        0.8283954362023078,
        0.8903388689331097,
        0.8791057212558436,
        0.828980893088469,
        0.35044727643752105,
        0.8674748630188689,
        0.8708000840394718,
        0.9768804831319982,
        0.879302475815614,
        0.7920453940347908,
        0.8261850842035416,
        0.8067598392202048,
        0.8802666736884571,
        0.7568770131518516,
        0.9612332366980259,
        0.43061109286747135,
        0.878171138837264,
        0.6662647418919962,
        0.2036996624342181
      ]
    },
    "num_results": 32
  },
  "denoising": {
    "metrics": {
      "mean": 0.8677008450318389,
      "std": 0.07715610867845323,
      "count": 32,
      "values": [
        0.8049553738452183,
        0.8100058232346581,
        0.9929678071549985,
        0.9016844744338595,
        0.9307712485315673,
        0.8825684384378426,
        0.9674945589257596,
        0.8269834602772953,
        0.9706809768629424,
        0.7976523200591864,
        0.7643505947980227,
        0.85307325624803,
        0.8944537247214044,
        0.8407427327354082,
        0.9397482625841187,
        0.8415295555582478,
        0.8317334285535427,
        0.9241927861204651,
        0.8826729071607375,
        0.9511738379754965,
        0.9768767643742584,
        0.8793019967012888,
        0.7920498661039161,
        0.7826451802721839,
        0.7939720241999597,
        0.7818691966153795,
        0.7769818945276202,
        0.9612304308273409,
        0.9652820094013045,
        0.8637489667359717,
        0.6706240923714691,
        0.9124090506693497
      ]
    },
    "num_results": 32
  },
  "target_metric_score": 0.8677008450318389,
  "timestamp": "2025-06-04T19:26:11.612258"
}