{
  "experiment_name": "candidate_q_net_2_neuron_34",
  "coalition_neurons": [
    "q_net.2_neuron_46",
    "q_net.2_neuron_27",
    "q_net.0_neuron_12",
    "q_net.2_neuron_13",
    "q_net.2_neuron_33",
    "q_net.2_neuron_3",
    "q_net.2_neuron_5",
    "q_net.2_neuron_23",
    "q_net.2_neuron_41",
    "q_net.2_neuron_52",
    "q_net.2_neuron_16",
    "q_net.0_neuron_44",
    "q_net.2_neuron_6",
    "q_net.2_neuron_34"
  ],
  "patch_config": {
    "q_net.2": [
      46,
      27,
      13,
      33,
      3,
      5,
      23,
      41,
      52,
      16,
      6,
      34
    ],
    "q_net.0": [
      12,
      44
    ]
  },
  "noising": {
    "metrics": {
      "mean": 0.7648364546551575,
      "std": 0.16931655364062304,
      "count": 32,
      "values": [
        0.8114880862908238,
        0.6733244756309393,
        0.8913121893008682,
        0.8565156794244021,
        0.8342897400178253,
        0.8755245372166444,
        0.8650631983969755,
        0.2997308482182296,
        0.9783739248593624,
        0.8689417296320633,
        0.6955285963748274,
        0.811529733413915,
        0.9592328472012367,
        0.915469219308974,
        0.7785170285213591,
        0.8764903013254449,
        0.7727017791361634,
        0.3756722501406309,
        0.9908374744318527,
        0.7900754838259542,
        0.9581653434013303,
        0.7778099009954083,
        0.46651657815624203,
        0.6883581147441482,
        0.6407868035003637,
        0.6448054746095734,
        0.7687816852433826,
        0.9105260420483023,
        0.47360646225536673,
        0.845774327506204,
        0.7703336048226649,
        0.6086830890135606
      ]
    },
    "num_results": 32
  },
  "denoising": {
    "metrics": {
      "mean": 0.8265500973071382,
      "std": 0.10494997647944637,
      "count": 32,
      "values": [
        0.8036464571267983,
        0.6733245181709466,
        0.8837958782500231,
        0.8624721712934043,
        0.8241693875009515,
        0.9539249083609115,
        0.8650601315281833,
        0.8044491555855641,
        0.9502693317826048,
        0.8689367018126576,
        0.8037889227765773,
        0.8112729489484077,
        0.9592422246106744,
        0.8939606565370122,
        0.7823792152896445,
        0.8732132804907815,
        0.7759987081743681,
        0.8430655630388084,
        0.9660357101563982,
        0.8026052938142548,
        0.9581605623519396,
        0.7778140647930295,
        0.4665106218399854,
        0.6857435616943832,
        0.8638618506660597,
        0.8364193186905121,
        0.8332437453935161,
        0.9105257082861488,
        0.8986727167922296,
        0.8441368258069966,
        0.7764408517305356,
        0.5964621205341134
      ]
    },
    "num_results": 32
  },
  "target_metric_score": 0.8265500973071382,
  "timestamp": "2025-06-04T19:25:51.930902"
}