{
  "experiment_name": "candidate_q_net_0_neuron_60",
  "coalition_neurons": [
    "q_net.2_neuron_46",
    "q_net.2_neuron_27",
    "q_net.0_neuron_12",
    "q_net.2_neuron_13",
    "q_net.2_neuron_33",
    "q_net.2_neuron_3",
    "q_net.2_neuron_5",
    "q_net.2_neuron_23",
    "q_net.2_neuron_41",
    "q_net.2_neuron_52",
    "q_net.2_neuron_16",
    "q_net.0_neuron_44",
    "q_net.2_neuron_6",
    "q_net.0_neuron_1",
    "q_net.2_neuron_63",
    "q_net.2_neuron_10",
    "q_net.0_neuron_38",
    "q_net.2_neuron_36",
    "q_net.0_neuron_24",
    "q_net.0_neuron_57",
    "q_net.0_neuron_26",
    "q_net.0_neuron_62",
    "q_net.0_neuron_61",
    "q_net.0_neuron_47",
    "q_net.0_neuron_16",
    "q_net.0_neuron_63",
    "q_net.2_neuron_43",
    "q_net.0_neuron_34",
    "q_net.2_neuron_19",
    "q_net.0_neuron_60"
  ],
  "patch_config": {
    "q_net.2": [
      46,
      27,
      13,
      33,
      3,
      5,
      23,
      41,
      52,
      16,
      6,
      63,
      10,
      36,
      43,
      19
    ],
    "q_net.0": [
      12,
      44,
      1,
      38,
      24,
      57,
      26,
      62,
      61,
      47,
      16,
      63,
      34,
      60
    ]
  },
  "noising": {
    "metrics": {
      "mean": 0.7627924038280725,
      "std": 0.18624218945500956,
      "count": 32,
      "values": [
        0.8650843300105211,
        0.7935140643668225,
        0.8882759989667256,
        0.8414959989048272,
        0.8530971960187157,
        0.8274096722545043,
        0.5657827747585995,
        0.36649912705980203,
        0.8405680235695354,
        0.9926465677542177,
        0.5276830513950512,
        0.9607571655054619,
        0.7447015219073341,
        0.8808477301890146,
        0.6996086700656485,
        0.8372150503154512,
        0.9209248660184365,
        0.37620782237320827,
        0.6342150213251585,
        0.8408219048316563,
        0.7910144626751016,
        0.7678170521450786,
        0.6819624117889787,
        0.8416755409082906,
        0.9828519018385695,
        0.8143745432053179,
        0.9076380654240215,
        0.7894125209114264,
        0.6666438324547234,
        0.9158385135022925,
        0.8378776149075915,
        0.15489390514623125
      ]
    },
    "num_results": 32
  },
  "denoising": {
    "metrics": {
      "mean": 0.8183550038264524,
      "std": 0.10623765314547105,
      "count": 32,
      "values": [
        0.8464214602546101,
        0.7935154848490791,
        0.9057737189268535,
        0.8602145423627127,
        0.8739064423392658,
        0.8310393021991067,
        0.5657845323555727,
        0.909457985949673,
        0.8154900148679621,
        0.9926413912739406,
        0.593180613187187,
        0.9863425142693909,
        0.7446966881958379,
        0.8690876110514044,
        0.6962676498197166,
        0.8134085961318158,
        0.923889276881166,
        0.946531088382911,
        0.6444790935905149,
        0.9125990029771037,
        0.7910172376094248,
        0.7678170521450786,
        0.6827708042353673,
        0.7960081386679082,
        0.6581679164232797,
        0.8668342062046505,
        0.9372849917745552,
        0.7894071612547281,
        0.7753069502087967,
        0.8986145873403129,
        0.8313376033420223,
        0.8680664633745263
      ]
    },
    "num_results": 32
  },
  "target_metric_score": 0.8183550038264524,
  "timestamp": "2025-06-04T19:26:19.378468"
}