{
  "experiment_name": "candidate_q_net_2_neuron_61",
  "coalition_neurons": [
    "q_net.2_neuron_46",
    "q_net.2_neuron_27",
    "q_net.0_neuron_12",
    "q_net.2_neuron_13",
    "q_net.2_neuron_33",
    "q_net.2_neuron_61"
  ],
  "patch_config": {
    "q_net.2": [
      46,
      27,
      13,
      33,
      61
    ],
    "q_net.0": [
      12
    ]
  },
  "noising": {
    "metrics": {
      "mean": 0.7877097275969649,
      "std": 0.1516474606328129,
      "count": 32,
      "values": [
        0.6166188544915969,
        0.9189619866049963,
        0.8020892305009542,
        0.7715961073862714,
        0.7743299882382215,
        0.9566115392933264,
        0.957924731655634,
        0.5922512998051908,
        0.6528378787103931,
        0.7564051447348933,
        0.9513892004092982,
        0.783778057706379,
        0.9295634970522139,
        0.8790553818467879,
        0.9812077945696756,
        0.8500336142697564,
        0.8919203279750281,
        0.5395543557156615,
        0.9162736555316169,
        0.6842695493689275,
        0.6856063312951592,
        0.8533107359499522,
        0.6915523677366155,
        0.9622502024018165,
        0.9570659998189409,
        0.7293704771174473,
        0.8417288724440168,
        0.6608881518599405,
        0.9947238764848978,
        0.6383304147000508,
        0.6205639507279093,
        0.36464770669930824
      ]
    },
    "num_results": 32
  },
  "denoising": {
    "metrics": {
      "mean": 0.8155740398490363,
      "std": 0.12480561376507407,
      "count": 32,
      "values": [
        0.6016520215301671,
        0.9189619866049963,
        0.8072321236700288,
        0.7716226889606177,
        0.7743299882382215,
        0.9456284101971023,
        0.9579301208324118,
        0.8495334427875079,
        0.6533645251500797,
        0.7564051447348933,
        0.7632632929339564,
        0.7860991234449634,
        0.9295468506385011,
        0.83694691935788,
        0.9883830394333245,
        0.8483592892354295,
        0.8976327442287221,
        0.6967910749088823,
        0.8618982342186736,
        0.5861512104328614,
        0.6855985278111096,
        0.8533087625429763,
        0.6915567431271634,
        0.9735049435439737,
        0.9137387660844106,
        0.9841334937147936,
        0.9725201258619643,
        0.6608913572272772,
        0.9554055470685684,
        0.6347235470747514,
        0.6206516205686695,
        0.920603609004282
      ]
    },
    "num_results": 32
  },
  "target_metric_score": 0.8155740398490363,
  "timestamp": "2025-06-04T19:25:38.640882"
}