{
  "experiment_name": "candidate_q_net_0_neuron_4",
  "coalition_neurons": [
    "q_net.2_neuron_46",
    "q_net.2_neuron_27",
    "q_net.0_neuron_12",
    "q_net.2_neuron_13",
    "q_net.2_neuron_33",
    "q_net.2_neuron_3",
    "q_net.2_neuron_5",
    "q_net.2_neuron_23",
    "q_net.2_neuron_41",
    "q_net.2_neuron_52",
    "q_net.2_neuron_16",
    "q_net.0_neuron_44",
    "q_net.2_neuron_6",
    "q_net.0_neuron_1",
    "q_net.2_neuron_63",
    "q_net.2_neuron_10",
    "q_net.0_neuron_38",
    "q_net.0_neuron_4"
  ],
  "patch_config": {
    "q_net.2": [
      46,
      27,
      13,
      33,
      3,
      5,
      23,
      41,
      52,
      16,
      6,
      63,
      10
    ],
    "q_net.0": [
      12,
      44,
      1,
      38,
      4
    ]
  },
  "noising": {
    "metrics": {
      "mean": 0.7857364465268417,
      "std": 0.20800197221425878,
      "count": 32,
      "values": [
        0.7942340153379641,
        0.8398197902915064,
        0.8833340719282737,
        0.8337787485824509,
        0.8853251191217194,
        0.9387716401046384,
        0.8780350608678907,
        0.23912977028228122,
        0.8983351759964676,
        0.8234788207488279,
        0.4783124002727649,
        0.7581765684274888,
        0.9679697251412949,
        0.8294780270517115,
        0.8609782117348774,
        0.8436920863141009,
        0.86397498991724,
        0.2680353078333043,
        0.9231176937224225,
        0.9007720745931295,
        0.9799359688572716,
        0.7899913377470678,
        0.9623983267008389,
        0.9433160621007664,
        0.63098366987053,
        0.7458932858499205,
        0.8743614230853102,
        0.9905453351838108,
        0.4512143618658595,
        0.9996648390218238,
        0.773025686303616,
        0.29348669400176397
      ]
    },
    "num_results": 32
  },
  "denoising": {
    "metrics": {
      "mean": 0.8737790090329407,
      "std": 0.07225216148129196,
      "count": 32,
      "values": [
        0.7604893833724015,
        0.8398250821115674,
        0.8529151965103008,
        0.8368386095160115,
        0.873031379970524,
        0.9741430646999365,
        0.8780312467485915,
        0.7570213439570348,
        0.850525504614716,
        0.8234712761414316,
        0.8833047132873539,
        0.7647242390296276,
        0.9679534901732502,
        0.809157914500011,
        0.8417133660163009,
        0.8365169466600998,
        0.8560215854970193,
        0.7901267116502395,
        0.8461561911503637,
        0.9797957909155425,
        0.9799318024274768,
        0.774938783139718,
        0.9623981908281748,
        0.8678809258805003,
        0.8794452055612372,
        0.9392708967800852,
        0.9268641086233811,
        0.9905413864486694,
        0.9082570212673264,
        0.9718524987840926,
        0.7762778122894111,
        0.9615066205017042
      ]
    },
    "num_results": 32
  },
  "target_metric_score": 0.8737790090329407,
  "timestamp": "2025-06-04T19:25:58.789628"
}