{
  "experiment_name": "candidate_q_net_0_neuron_13",
  "coalition_neurons": [
    "q_net.2_neuron_46",
    "q_net.2_neuron_27",
    "q_net.0_neuron_12",
    "q_net.2_neuron_13",
    "q_net.2_neuron_33",
    "q_net.2_neuron_3",
    "q_net.2_neuron_5",
    "q_net.2_neuron_23",
    "q_net.2_neuron_41",
    "q_net.2_neuron_52",
    "q_net.2_neuron_16",
    "q_net.0_neuron_44",
    "q_net.2_neuron_6",
    "q_net.0_neuron_1",
    "q_net.2_neuron_63",
    "q_net.2_neuron_10",
    "q_net.0_neuron_38",
    "q_net.2_neuron_36",
    "q_net.0_neuron_13"
  ],
  "patch_config": {
    "q_net.2": [
      46,
      27,
      13,
      33,
      3,
      5,
      23,
      41,
      52,
      16,
      6,
      63,
      10,
      36
    ],
    "q_net.0": [
      12,
      44,
      1,
      38,
      13
    ]
  },
  "noising": {
    "metrics": {
      "mean": 0.7214722574650941,
      "std": 0.16577443303311096,
      "count": 32,
      "values": [
        0.6764693824276244,
        0.6017565877534596,
        0.9267154423049,
        0.8869156555614904,
        0.9115176958348942,
        0.8822963486398502,
        0.8564465132564472,
        0.40703461270482677,
        0.9262936345704287,
        0.6821189471380333,
        0.4411678869083703,
        0.8742038876970876,
        0.9018391399331239,
        0.6269327446131308,
        0.9113020444395838,
        0.8592876373831375,
        0.826137754685464,
        0.3582685970830799,
        0.8246471872611716,
        0.6222211179382442,
        0.740245923891339,
        0.7266859640794991,
        0.8079593424779723,
        0.5953638245490034,
        0.6258093929919423,
        0.769886724351807,
        0.6621286375426045,
        0.7130574196900213,
        0.5072976678369272,
        0.8929924425998302,
        0.6068904131608502,
        0.4352216675768662
      ]
    },
    "num_results": 32
  },
  "denoising": {
    "metrics": {
      "mean": 0.7779484293165019,
      "std": 0.11935429185076057,
      "count": 32,
      "values": [
        0.6818305124956672,
        0.6017575857129256,
        0.9052868506109336,
        0.8790841462255248,
        0.908009363695469,
        0.9212162657019239,
        0.8564470872821061,
        0.8665015838809802,
        0.9272850041590067,
        0.6821162608495702,
        0.6316809797115037,
        0.8785895371287589,
        0.901846125670716,
        0.6276953449048108,
        0.9333211886140707,
        0.8642108268500824,
        0.829274297375791,
        0.8518050087274849,
        0.8079983713162016,
        0.6089878586480272,
        0.7402408783548279,
        0.726684144280749,
        0.8079560613582278,
        0.600742795891952,
        0.6547559014336987,
        0.9305509823774404,
        0.6937208452172214,
        0.7130567076666317,
        0.8340214633177706,
        0.8510223400834553,
        0.6118770894616151,
        0.5647763291229168
      ]
    },
    "num_results": 32
  },
  "target_metric_score": 0.7779484293165019,
  "timestamp": "2025-06-04T19:26:00.404715"
}