{
  "experiment_name": "candidate_q_net_0_neuron_52",
  "coalition_neurons": [
    "q_net.2_neuron_46",
    "q_net.2_neuron_27",
    "q_net.0_neuron_12",
    "q_net.2_neuron_13",
    "q_net.2_neuron_33",
    "q_net.2_neuron_3",
    "q_net.2_neuron_5",
    "q_net.2_neuron_23",
    "q_net.2_neuron_41",
    "q_net.2_neuron_52",
    "q_net.2_neuron_16",
    "q_net.0_neuron_44",
    "q_net.2_neuron_6",
    "q_net.0_neuron_1",
    "q_net.2_neuron_63",
    "q_net.2_neuron_10",
    "q_net.0_neuron_38",
    "q_net.2_neuron_36",
    "q_net.0_neuron_24",
    "q_net.0_neuron_57",
    "q_net.0_neuron_26",
    "q_net.0_neuron_62",
    "q_net.0_neuron_52"
  ],
  "patch_config": {
    "q_net.2": [
      46,
      27,
      13,
      33,
      3,
      5,
      23,
      41,
      52,
      16,
      6,
      63,
      10,
      36
    ],
    "q_net.0": [
      12,
      44,
      1,
      38,
      24,
      57,
      26,
      62,
      52
    ]
  },
  "noising": {
    "metrics": {
      "mean": 0.8055385162049243,
      "std": 0.18282771796627403,
      "count": 32,
      "values": [
        0.9778241970047347,
        0.8984687800382342,
        0.7619027411150513,
        0.9839248931863389,
        0.9902829817892655,
        0.9691977517061923,
        0.8293917926068152,
        0.42538043374335965,
        0.8377180123017074,
        0.8938114873828173,
        0.5174086904210218,
        0.909918049774665,
        0.73511277133544,
        0.9067164187952503,
        0.9090565866878401,
        0.7383825841904021,
        0.8981293533154678,
        0.34218448733024975,
        0.8559128892385328,
        0.8549410823307599,
        0.7999882983574805,
        0.9423064565028682,
        0.886633738442662,
        0.926584416361054,
        0.8271563077257207,
        0.8308464821819058,
        0.8375699818859821,
        0.932413089658508,
        0.43285129739239503,
        0.8587700346368499,
        0.9255075902726093,
        0.34093884084539483
      ]
    },
    "num_results": 32
  },
  "denoising": {
    "metrics": {
      "mean": 0.8738842983698933,
      "std": 0.09646176063345248,
      "count": 32,
      "values": [
        0.994746474305217,
        0.8984687800382342,
        0.7950151843537232,
        0.9802590249015967,
        0.9945623918684476,
        0.9947195412332981,
        0.8293991267196457,
        0.9204961432085097,
        0.8116076829795682,
        0.8938073807911203,
        0.5989904684701582,
        0.9098963523288638,
        0.735108828687965,
        0.9326930091397969,
        0.9327141591204817,
        0.7397880006939226,
        0.9011579070323109,
        0.948017795384866,
        0.8347821194141579,
        0.8654429115053626,
        0.7999918093434379,
        0.94231104993786,
        0.8866370170418992,
        0.961738965999124,
        0.6558466545889969,
        0.8856917459736815,
        0.9201811809913272,
        0.9324102952543529,
        0.7286318128317555,
        0.8806195820076121,
        0.9291553841509649,
        0.9294087675383285
      ]
    },
    "num_results": 32
  },
  "target_metric_score": 0.8738842983698933,
  "timestamp": "2025-06-04T19:26:07.747465"
}