{
  "experiment_name": "candidate_q_net_0_neuron_46",
  "coalition_neurons": [
    "q_net.2_neuron_46",
    "q_net.2_neuron_27",
    "q_net.0_neuron_12",
    "q_net.2_neuron_13",
    "q_net.2_neuron_33",
    "q_net.2_neuron_3",
    "q_net.2_neuron_5",
    "q_net.2_neuron_23",
    "q_net.2_neuron_41",
    "q_net.2_neuron_52",
    "q_net.2_neuron_16",
    "q_net.0_neuron_44",
    "q_net.2_neuron_6",
    "q_net.0_neuron_1",
    "q_net.2_neuron_63",
    "q_net.2_neuron_10",
    "q_net.0_neuron_38",
    "q_net.2_neuron_36",
    "q_net.0_neuron_24",
    "q_net.0_neuron_57",
    "q_net.0_neuron_26",
    "q_net.0_neuron_62",
    "q_net.0_neuron_61",
    "q_net.0_neuron_47",
    "q_net.0_neuron_16",
    "q_net.0_neuron_46"
  ],
  "patch_config": {
    "q_net.2": [
      46,
      27,
      13,
      33,
      3,
      5,
      23,
      41,
      52,
      16,
      6,
      63,
      10,
      36
    ],
    "q_net.0": [
      12,
      44,
      1,
      38,
      24,
      57,
      26,
      62,
      61,
      47,
      16,
      46
    ]
  },
  "noising": {
    "metrics": {
      "mean": 0.8070636860488325,
      "std": 0.20556854897744897,
      "count": 32,
      "values": [
        0.9388867682988795,
        0.7929666721036465,
        0.8848623049110539,
        0.9736732740760209,
        0.9193965914671169,
        0.9486105330288069,
        0.9950911607472355,
        0.3926724973654807,
        0.995289784880318,
        0.7882944824677381,
        0.48917037162055765,
        0.9044185925749202,
        0.9739896441244005,
        0.848699999237523,
        0.8538385272500337,
        0.887114762766013,
        0.8994862971834625,
        0.3377425024698175,
        0.8576081155611172,
        0.8913239344366569,
        0.9804575731556171,
        0.9077069508091,
        0.9489986491471438,
        0.7990171863435,
        0.7801765784909545,
        0.8529939114709691,
        0.7181803102247817,
        0.9200760763313374,
        0.4137803761315779,
        0.9284695488909821,
        0.8162865855320465,
        0.18675739046383033
      ]
    },
    "num_results": 32
  },
  "denoising": {
    "metrics": {
      "mean": 0.8903094511376483,
      "std": 0.07512753949129378,
      "count": 32,
      "values": [
        0.9652996061248247,
        0.7929676589985839,
        0.8870545153340547,
        0.9756376865700316,
        0.936829925580273,
        0.9331998467409828,
        0.9951008674517605,
        0.8687769930782169,
        0.9361978833663792,
        0.7882928277568895,
        0.9176005319195498,
        0.902401784119095,
        0.974002828864805,
        0.8618733447031661,
        0.9000191765275806,
        0.8452330729470295,
        0.9022847276921546,
        0.9719759114090265,
        0.8613086364747049,
        0.9855431627391602,
        0.9804574945089977,
        0.9077033210557526,
        0.9490050939596282,
        0.759509952428363,
        0.698362599941929,
        0.8528065454462621,
        0.735215105849055,
        0.9200760763313374,
        0.8727903873257834,
        0.9467820885847921,
        0.8182717016114913,
        0.8473210809630831
      ]
    },
    "num_results": 32
  },
  "target_metric_score": 0.8903094511376483,
  "timestamp": "2025-06-04T19:26:12.715594"
}