{
  "experiment_name": "candidate_q_net_0_neuron_56",
  "coalition_neurons": [
    "q_net.2_neuron_46",
    "q_net.0_neuron_56"
  ],
  "patch_config": {
    "q_net.2": [
      46
    ],
    "q_net.0": [
      56
    ]
  },
  "noising": {
    "metrics": {
      "mean": 0.664215661162156,
      "std": 0.14832430678304342,
      "count": 32,
      "values": [
        0.5917569002553327,
        0.5491221103922256,
        0.872252994627839,
        0.6593424285895924,
        0.6228321038070506,
        0.5919469871168593,
        0.6478609003212741,
        0.5047968395435386,
        0.6604295329499663,
        0.986167852534436,
        0.870295112339014,
        0.6001022592881948,
        0.4752054749444987,
        0.563600181478406,
        0.590668523299128,
        0.8452121578364078,
        0.7989471996955569,
        0.6540007851065636,
        0.6548412688302994,
        0.5495548982102694,
        0.5640462619620179,
        0.7217292207641726,
        0.5200365308488337,
        0.7137644665296095,
        0.5956891661699784,
        0.49378674916162457,
        0.5291498922662496,
        0.4877860028821761,
        0.5534007929326623,
        0.9119659889727522,
        0.9629753984470888,
        0.9116341750853737
      ]
    },
    "num_results": 32
  },
  "denoising": {
    "metrics": {
      "mean": 0.6656484865527401,
      "std": 0.1414829488087364,
      "count": 32,
      "values": [
        0.6224137095529276,
        0.5491149686209094,
        0.8745365616316358,
        0.653027653620341,
        0.6617952988656115,
        0.5673782206803382,
        0.6478533029299702,
        0.6256923235304629,
        0.6240274561105638,
        0.986167852534436,
        0.49627472121624416,
        0.6033511767180919,
        0.4751508693220755,
        0.5436202800614943,
        0.6513590878148673,
        0.7941483004493362,
        0.7715483437574122,
        0.7276063406643707,
        0.6830296478607183,
        0.5659896081921775,
        0.5640618411971978,
        0.7217237699666189,
        0.5200659529949228,
        0.6998535592582158,
        0.6274270884433837,
        0.9629751353940423,
        0.5242675328693553,
        0.4878205437324086,
        0.6301691149704882,
        0.9139732920199599,
        0.9629795394374261,
        0.5613484752696771
      ]
    },
    "num_results": 32
  },
  "target_metric_score": 0.6656484865527401,
  "timestamp": "2025-06-04T19:25:33.108708"
}