{
  "experiment_name": "candidate_q_net_0_neuron_56",
  "coalition_neurons": [
    "q_net.0_neuron_38",
    "q_net.0_neuron_24",
    "q_net.0_neuron_56"
  ],
  "patch_config": {
    "q_net.0": [
      38,
      24,
      56
    ]
  },
  "noising": {
    "metrics": {
      "mean": 0.00011641063227979714,
      "std": 0.0001533230380728661,
      "count": 6,
      "values": [
        0.00013073912497087864,
        1.0199778132089269e-06,
        7.973251209003997e-06,
        0.0004361544367935252,
        0.00012234482965467908,
        2.3217323748690364e-07
      ]
    },
    "num_results": 6
  },
  "denoising": {
    "metrics": {
      "mean": 0.00011843560274365,
      "std": 0.00015233532657206648,
      "count": 6,
      "values": [
        0.0001405414994454997,
        1.5128304027050017e-06,
        8.51287460210885e-06,
        0.0004330583819030687,
        0.00012661710720873894,
        3.7092289977884115e-07
      ]
    },
    "num_results": 6
  },
  "target_metric_score": 0.00011843560274365,
  "timestamp": "2025-05-30T23:31:19.147517"
}