{
  "experiment_name": "candidate_q_net_2_neuron_21",
  "coalition_neurons": [
    "q_net.4_neuron_2",
    "q_net.4_neuron_3",
    "q_net.0_neuron_38",
    "q_net.0_neuron_3",
    "q_net.0_neuron_24",
    "q_net.4_neuron_4",
    "q_net.0_neuron_40",
    "q_net.0_neuron_5",
    "q_net.0_neuron_35",
    "q_net.0_neuron_14",
    "q_net.0_neuron_54",
    "q_net.2_neuron_40",
    "q_net.2_neuron_63",
    "q_net.0_neuron_47",
    "q_net.0_neuron_4",
    "q_net.0_neuron_26",
    "q_net.2_neuron_21"
  ],
  "patch_config": {
    "q_net.4": [
      2,
      3,
      4
    ],
    "q_net.0": [
      38,
      3,
      24,
      40,
      5,
      35,
      14,
      54,
      47,
      4,
      26
    ],
    "q_net.2": [
      40,
      63,
      21
    ]
  },
  "noising": {
    "metrics": {
      "mean": 0.0016477158016037438,
      "std": 0.0014404093976946933,
      "count": 6,
      "values": [
        0.003788794608557991,
        8.610573193205571e-05,
        0.0011683775394551428,
        0.0032755220948334947,
        0.0015094986471641705,
        5.79961876796079e-05
      ]
    },
    "num_results": 6
  },
  "denoising": {
    "metrics": {
      "mean": 0.001596417814038008,
      "std": 0.0013690009830912388,
      "count": 6,
      "values": [
        0.00353174673993368,
        8.759126947421999e-05,
        0.0011573219986626623,
        0.0032299811300642526,
        0.0015097493675897545,
        6.211637850347734e-05
      ]
    },
    "num_results": 6
  },
  "target_metric_score": 0.0016477158016037438,
  "timestamp": "2025-05-30T17:13:42.801755"
}