{
  "experiment_name": "candidate_q_net_0_neuron_26",
  "coalition_neurons": [
    "q_net.0_neuron_38",
    "q_net.0_neuron_24",
    "q_net.0_neuron_27",
    "q_net.0_neuron_47",
    "q_net.0_neuron_36",
    "q_net.0_neuron_40",
    "q_net.2_neuron_63",
    "q_net.2_neuron_38",
    "q_net.0_neuron_13",
    "q_net.2_neuron_21",
    "q_net.0_neuron_20",
    "q_net.0_neuron_14",
    "q_net.0_neuron_56",
    "q_net.2_neuron_5",
    "q_net.0_neuron_26"
  ],
  "patch_config": {
    "q_net.0": [
      38,
      24,
      27,
      47,
      36,
      40,
      13,
      20,
      14,
      56,
      26
    ],
    "q_net.2": [
      63,
      38,
      21,
      5
    ]
  },
  "noising": {
    "metrics": {
      "mean": 0.0010439869422118374,
      "std": 0.0012783111103693509,
      "count": 6,
      "values": [
        0.0038305531402746404,
        5.077038972002703e-05,
        0.0005572696198860149,
        0.0006693152396139422,
        0.0009254958671417472,
        0.0002305173966346539
      ]
    },
    "num_results": 6
  },
  "denoising": {
    "metrics": {
      "mean": 0.0010796686559678642,
      "std": 0.001356116775843323,
      "count": 6,
      "values": [
        0.004040375337132153,
        5.3828747833944225e-05,
        0.0005575808959450649,
        0.0006090603955373262,
        0.0009816074490532685,
        0.00023555911030542775
      ]
    },
    "num_results": 6
  },
  "target_metric_score": 0.0010796686559678642,
  "timestamp": "2025-05-31T15:19:13.349921"
}