{
  "experiment_name": "candidate_q_net_0_neuron_16",
  "coalition_neurons": [
    "q_net.4_neuron_2",
    "q_net.4_neuron_3",
    "q_net.0_neuron_38",
    "q_net.0_neuron_3",
    "q_net.0_neuron_24",
    "q_net.4_neuron_4",
    "q_net.0_neuron_40",
    "q_net.0_neuron_5",
    "q_net.0_neuron_35",
    "q_net.0_neuron_16"
  ],
  "patch_config": {
    "q_net.4": [
      2,
      3,
      4
    ],
    "q_net.0": [
      38,
      3,
      24,
      40,
      5,
      35,
      16
    ]
  },
  "noising": {
    "metrics": {
      "mean": 0.0012746766436648978,
      "std": 0.0009931635166251383,
      "count": 6,
      "values": [
        0.0023519940612655547,
        0.0002076842131134265,
        0.0009383038035759728,
        0.0028016979140791168,
        0.0011501351718192355,
        0.00019824469813608083
      ]
    },
    "num_results": 6
  },
  "denoising": {
    "metrics": {
      "mean": 0.0012475173455019082,
      "std": 0.0009632303261406872,
      "count": 6,
      "values": [
        0.002232500980978852,
        0.00021609933293686577,
        0.00092411566822094,
        0.002769949823914798,
        0.0011435704507363924,
        0.00019886781622360013
      ]
    },
    "num_results": 6
  },
  "target_metric_score": 0.0012746766436648978,
  "timestamp": "2025-05-30T17:13:41.177999"
}