{
  "experiment_name": "candidate_q_net_0_neuron_56",
  "coalition_neurons": [
    "q_net.0_neuron_38",
    "q_net.0_neuron_24",
    "q_net.0_neuron_27",
    "q_net.0_neuron_40",
    "q_net.2_neuron_63",
    "q_net.0_neuron_36",
    "q_net.2_neuron_0",
    "q_net.0_neuron_20",
    "q_net.2_neuron_21",
    "q_net.2_neuron_38",
    "q_net.0_neuron_47",
    "q_net.2_neuron_30",
    "q_net.2_neuron_40",
    "q_net.0_neuron_14",
    "q_net.2_neuron_33",
    "q_net.0_neuron_33",
    "q_net.0_neuron_52",
    "q_net.0_neuron_9",
    "q_net.0_neuron_26",
    "q_net.2_neuron_34",
    "q_net.2_neuron_55",
    "q_net.2_neuron_36",
    "q_net.0_neuron_46",
    "q_net.0_neuron_62",
    "q_net.0_neuron_8",
    "q_net.0_neuron_42",
    "q_net.0_neuron_32",
    "q_net.2_neuron_32",
    "q_net.0_neuron_56"
  ],
  "patch_config": {
    "q_net.0": [
      38,
      24,
      27,
      40,
      36,
      20,
      47,
      14,
      33,
      52,
      9,
      26,
      46,
      62,
      8,
      42,
      32,
      56
    ],
    "q_net.2": [
      63,
      0,
      21,
      38,
      30,
      40,
      33,
      34,
      55,
      36,
      32
    ]
  },
  "noising": {
    "metrics": {
      "mean": 0.0014295571207532845,
      "std": 0.0014310730340185572,
      "count": 6,
      "values": [
        0.004422578660345289,
        7.242648145529317e-05,
        0.0011386599904007286,
        0.0012543513576722867,
        0.0014313139816478169,
        0.0002580122529982922
      ]
    },
    "num_results": 6
  },
  "denoising": {
    "metrics": {
      "mean": 0.0014599926128296304,
      "std": 0.001554073338660818,
      "count": 6,
      "values": [
        0.0047474654594391215,
        7.792235697679536e-05,
        0.0011170062651384783,
        0.0009869396049997196,
        0.0015628034006690446,
        0.0002678185897546227
      ]
    },
    "num_results": 6
  },
  "target_metric_score": 0.0014447748667914574,
  "timestamp": "2025-05-30T23:13:51.681123"
}