{
  "experiment_name": "candidate_q_net_0_neuron_4",
  "coalition_neurons": [
    "q_net.0_neuron_38",
    "q_net.0_neuron_24",
    "q_net.0_neuron_27",
    "q_net.0_neuron_47",
    "q_net.0_neuron_36",
    "q_net.0_neuron_40",
    "q_net.2_neuron_63",
    "q_net.2_neuron_38",
    "q_net.0_neuron_13",
    "q_net.2_neuron_21",
    "q_net.0_neuron_20",
    "q_net.0_neuron_14",
    "q_net.0_neuron_56",
    "q_net.2_neuron_5",
    "q_net.0_neuron_4"
  ],
  "patch_config": {
    "q_net.0": [
      38,
      24,
      27,
      47,
      36,
      40,
      13,
      20,
      14,
      56,
      4
    ],
    "q_net.2": [
      63,
      38,
      21,
      5
    ]
  },
  "noising": {
    "metrics": {
      "mean": 0.001087055308049173,
      "std": 0.0012797041686255413,
      "count": 6,
      "values": [
        0.003863314214467597,
        7.471715684974627e-05,
        0.0005722876529162249,
        0.0008328208819144997,
        0.0009562443320764681,
        0.00022294761007050174
      ]
    },
    "num_results": 6
  },
  "denoising": {
    "metrics": {
      "mean": 0.001092828774568016,
      "std": 0.0013094439804803757,
      "count": 6,
      "values": [
        0.003941181541762444,
        8.233128329801129e-05,
        0.0005671034002792666,
        0.0007740542597392814,
        0.0009718243029451871,
        0.0002204778593839058
      ]
    },
    "num_results": 6
  },
  "target_metric_score": 0.001092828774568016,
  "timestamp": "2025-05-31T15:19:13.336330"
}