{
  "experiment_name": "candidate_q_net_0_neuron_56",
  "coalition_neurons": [
    "q_net.4_neuron_2",
    "q_net.4_neuron_3",
    "q_net.0_neuron_38",
    "q_net.0_neuron_3",
    "q_net.0_neuron_24",
    "q_net.4_neuron_4",
    "q_net.0_neuron_40",
    "q_net.0_neuron_5",
    "q_net.0_neuron_35",
    "q_net.0_neuron_14",
    "q_net.0_neuron_54",
    "q_net.2_neuron_40",
    "q_net.2_neuron_63",
    "q_net.0_neuron_47",
    "q_net.0_neuron_4",
    "q_net.0_neuron_26",
    "q_net.0_neuron_61",
    "q_net.2_neuron_30",
    "q_net.0_neuron_9",
    "q_net.2_neuron_36",
    "q_net.2_neuron_16",
    "q_net.2_neuron_33",
    "q_net.0_neuron_20",
    "q_net.2_neuron_38",
    "q_net.0_neuron_8",
    "q_net.0_neuron_12",
    "q_net.2_neuron_19",
    "q_net.2_neuron_57",
    "q_net.0_neuron_56"
  ],
  "patch_config": {
    "q_net.4": [
      2,
      3,
      4
    ],
    "q_net.0": [
      38,
      3,
      24,
      40,
      5,
      35,
      14,
      54,
      47,
      4,
      26,
      61,
      9,
      20,
      8,
      12,
      56
    ],
    "q_net.2": [
      40,
      63,
      30,
      36,
      16,
      33,
      38,
      19,
      57
    ]
  },
  "noising": {
    "metrics": {
      "mean": 0.0017414992452747587,
      "std": 0.001568760935827169,
      "count": 6,
      "values": [
        0.004335564629297861,
        7.683487682664289e-05,
        0.0012227140938933208,
        0.003201054278308158,
        0.001553934380435406,
        5.8893212887163213e-05
      ]
    },
    "num_results": 6
  },
  "denoising": {
    "metrics": {
      "mean": 0.0016398830541994999,
      "std": 0.0014377442866119001,
      "count": 6,
      "values": [
        0.003898652431654912,
        7.643755372221484e-05,
        0.0011626229573092018,
        0.0030929943343902377,
        0.0015528034514959077,
        5.5787596624523237e-05
      ]
    },
    "num_results": 6
  },
  "target_metric_score": 0.0017414992452747587,
  "timestamp": "2025-05-30T17:13:46.427886"
}