{
  "experiment_name": "candidate_q_net_0_neuron_49",
  "coalition_neurons": [
    "q_net.0_neuron_38",
    "q_net.0_neuron_24",
    "q_net.0_neuron_49"
  ],
  "patch_config": {
    "q_net.0": [
      38,
      24,
      49
    ]
  },
  "noising": {
    "metrics": {
      "mean": 0.00011830627392039081,
      "std": 0.00014971559761920838,
      "count": 6,
      "values": [
        0.00010760114285692391,
        3.0290356265223577e-05,
        2.039179181931403e-07,
        0.00043665703344499245,
        0.00012312085198414296,
        1.196434105286883e-05
      ]
    },
    "num_results": 6
  },
  "denoising": {
    "metrics": {
      "mean": 0.000100949118501326,
      "std": 0.00012636502404946132,
      "count": 6,
      "values": [
        8.634130250907701e-05,
        2.382950267716872e-05,
        2.1045548566917395e-07,
        0.00036708019730208406,
        0.00011870874189917092,
        9.524511134786093e-06
      ]
    },
    "num_results": 6
  },
  "target_metric_score": 0.00011830627392039081,
  "timestamp": "2025-05-30T22:46:20.617345"
}