{
  "experiment_name": "candidate_q_net_2_neuron_7",
  "coalition_neurons": [
    "q_net.0_neuron_38",
    "q_net.0_neuron_24",
    "q_net.0_neuron_27",
    "q_net.0_neuron_47",
    "q_net.0_neuron_36",
    "q_net.0_neuron_40",
    "q_net.2_neuron_63",
    "q_net.2_neuron_38",
    "q_net.0_neuron_13",
    "q_net.2_neuron_21",
    "q_net.0_neuron_20",
    "q_net.0_neuron_14",
    "q_net.0_neuron_56",
    "q_net.2_neuron_5",
    "q_net.0_neuron_45",
    "q_net.2_neuron_7"
  ],
  "patch_config": {
    "q_net.0": [
      38,
      24,
      27,
      47,
      36,
      40,
      13,
      20,
      14,
      56,
      45
    ],
    "q_net.2": [
      63,
      38,
      21,
      5,
      7
    ]
  },
  "noising": {
    "metrics": {
      "mean": 0.0010838271229435539,
      "std": 0.0012870695700584699,
      "count": 6,
      "values": [
        0.003884140485972018,
        8.890288642899804e-05,
        0.0005879113904876014,
        0.0007293943311557096,
        0.000980507976188751,
        0.00023210566742824508
      ]
    },
    "num_results": 6
  },
  "denoising": {
    "metrics": {
      "mean": 0.0010901617334216041,
      "std": 0.001298679272880565,
      "count": 6,
      "values": [
        0.003910489722818452,
        9.495172686294835e-05,
        0.0005836376985352476,
        0.0006771007801468666,
        0.0010482073869900017,
        0.00022658308517610904
      ]
    },
    "num_results": 6
  },
  "target_metric_score": 0.0010901617334216041,
  "timestamp": "2025-05-31T15:19:13.679103"
}