{
  "experiment_name": "candidate_q_net_0_neuron_7",
  "coalition_neurons": [
    "q_net.4_neuron_2",
    "q_net.4_neuron_3",
    "q_net.0_neuron_38",
    "q_net.0_neuron_3",
    "q_net.0_neuron_24",
    "q_net.4_neuron_4",
    "q_net.0_neuron_40",
    "q_net.0_neuron_7"
  ],
  "patch_config": {
    "q_net.4": [
      2,
      3,
      4
    ],
    "q_net.0": [
      38,
      3,
      24,
      40,
      7
    ]
  },
  "noising": {
    "metrics": {
      "mean": 0.0012690279980974947,
      "std": 0.0009781742311979647,
      "count": 6,
      "values": [
        0.002421683735528689,
        0.00030132285795313315,
        0.0009424625953568105,
        0.002759842350853978,
        0.0009383310932265759,
        0.0002505253556657804
      ]
    },
    "num_results": 6
  },
  "denoising": {
    "metrics": {
      "mean": 0.0012413035821997227,
      "std": 0.0009637400423206358,
      "count": 6,
      "values": [
        0.002275159503767051,
        0.0003037984714048482,
        0.0009232848661539592,
        0.0027976825823765577,
        0.0008986147610463449,
        0.0002492813084495754
      ]
    },
    "num_results": 6
  },
  "target_metric_score": 0.0012690279980974947,
  "timestamp": "2025-05-30T17:13:40.662478"
}