{
  "experiment_name": "candidate_q_net_2_neuron_30",
  "coalition_neurons": [
    "q_net.4_neuron_2",
    "q_net.4_neuron_3",
    "q_net.0_neuron_38",
    "q_net.0_neuron_3",
    "q_net.2_neuron_30"
  ],
  "patch_config": {
    "q_net.4": [
      2,
      3
    ],
    "q_net.0": [
      38,
      3
    ],
    "q_net.2": [
      30
    ]
  },
  "noising": {
    "metrics": {
      "mean": 0.0011089579227268776,
      "std": 0.0007631181041767176,
      "count": 6,
      "values": [
        0.002119403758280677,
        0.00036485075130739814,
        0.0007194983053042869,
        0.00212965151833052,
        0.0010620961234398714,
        0.0002582470796985122
      ]
    },
    "num_results": 6
  },
  "denoising": {
    "metrics": {
      "mean": 0.0011366501553473159,
      "std": 0.0008075802167911609,
      "count": 6,
      "values": [
        0.0021095709088683502,
        0.0003619767157968792,
        0.0007065422326223963,
        0.0023211053603326964,
        0.0010633267512658146,
        0.00025737896319775804
      ]
    },
    "num_results": 6
  },
  "target_metric_score": 0.0011366501553473159,
  "timestamp": "2025-05-30T17:13:40.222014"
}