{
  "experiment_name": "candidate_q_net_2_neuron_0",
  "coalition_neurons": [
    "q_net.0_neuron_38",
    "q_net.0_neuron_24",
    "q_net.0_neuron_27",
    "q_net.0_neuron_47",
    "q_net.0_neuron_36",
    "q_net.0_neuron_40",
    "q_net.2_neuron_63",
    "q_net.2_neuron_38",
    "q_net.0_neuron_13",
    "q_net.2_neuron_21",
    "q_net.0_neuron_20",
    "q_net.2_neuron_0"
  ],
  "patch_config": {
    "q_net.0": [
      38,
      24,
      27,
      47,
      36,
      40,
      13,
      20
    ],
    "q_net.2": [
      63,
      38,
      21,
      0
    ]
  },
  "noising": {
    "metrics": {
      "mean": 0.0008604123165458962,
      "std": 0.0010167466841930315,
      "count": 6,
      "values": [
        0.0030392941983670295,
        2.1811684429736084e-05,
        0.00043126545305110803,
        0.0006471447636586507,
        0.000884779385889399,
        0.00013817841387945423
      ]
    },
    "num_results": 6
  },
  "denoising": {
    "metrics": {
      "mean": 0.0008832836098065375,
      "std": 0.001070925811746845,
      "count": 6,
      "values": [
        0.003173158095772892,
        2.3374376427545327e-05,
        0.0004168683555284846,
        0.0005474504333026781,
        0.0010001119751176925,
        0.00013873842268993233
      ]
    },
    "num_results": 6
  },
  "target_metric_score": 0.0008832836098065375,
  "timestamp": "2025-05-30T22:46:23.880106"
}