{
  "experiment_name": "candidate_q_net_0_neuron_54",
  "coalition_neurons": [
    "q_net.0_neuron_38",
    "q_net.0_neuron_24",
    "q_net.0_neuron_27",
    "q_net.0_neuron_47",
    "q_net.0_neuron_36",
    "q_net.0_neuron_40",
    "q_net.2_neuron_63",
    "q_net.2_neuron_38",
    "q_net.0_neuron_13",
    "q_net.0_neuron_54"
  ],
  "patch_config": {
    "q_net.0": [
      38,
      24,
      27,
      47,
      36,
      40,
      13,
      54
    ],
    "q_net.2": [
      63,
      38
    ]
  },
  "noising": {
    "metrics": {
      "mean": 0.000656884410410436,
      "std": 0.0007572796078528833,
      "count": 6,
      "values": [
        0.0022671137823969383,
        1.7782005132849265e-05,
        0.0003100086487314202,
        0.000590680271167098,
        0.0006599334444830109,
        9.578831055129982e-05
      ]
    },
    "num_results": 6
  },
  "denoising": {
    "metrics": {
      "mean": 0.0006321645009010438,
      "std": 0.0007617121058785686,
      "count": 6,
      "values": [
        0.0022659844707933036,
        1.977913762732722e-05,
        0.00029620568731076073,
        0.0004682948963930676,
        0.0006551662573915863,
        8.755655589021702e-05
      ]
    },
    "num_results": 6
  },
  "target_metric_score": 0.000656884410410436,
  "timestamp": "2025-05-30T23:31:21.567123"
}