{
  "experiment_name": "candidate_q_net_0_neuron_2",
  "coalition_neurons": [
    "q_net.0_neuron_38",
    "q_net.0_neuron_24",
    "q_net.0_neuron_27",
    "q_net.0_neuron_47",
    "q_net.0_neuron_36",
    "q_net.0_neuron_40",
    "q_net.2_neuron_63",
    "q_net.2_neuron_38",
    "q_net.0_neuron_13",
    "q_net.2_neuron_21",
    "q_net.0_neuron_20",
    "q_net.0_neuron_2"
  ],
  "patch_config": {
    "q_net.0": [
      38,
      24,
      27,
      47,
      36,
      40,
      13,
      20,
      2
    ],
    "q_net.2": [
      63,
      38,
      21
    ]
  },
  "noising": {
    "metrics": {
      "mean": 0.0008469454288627668,
      "std": 0.0009929053579504114,
      "count": 6,
      "values": [
        0.002957442619567153,
        1.2421728263387944e-05,
        0.00046871934989165757,
        0.0006748641028843112,
        0.0008894366497518682,
        7.878812281822281e-05
      ]
    },
    "num_results": 6
  },
  "denoising": {
    "metrics": {
      "mean": 0.0008182956679024175,
      "std": 0.000982959709702076,
      "count": 6,
      "values": [
        0.002904017277674115,
        1.0303016860087517e-05,
        0.0004539682396937049,
        0.000524812851655689,
        0.0009460324058175335,
        7.06402157133741e-05
      ]
    },
    "num_results": 6
  },
  "target_metric_score": 0.0008469454288627668,
  "timestamp": "2025-05-30T22:46:24.073157"
}