{
  "experiment_name": "candidate_q_net_2_neuron_0",
  "coalition_neurons": [
    "q_net.4_neuron_2",
    "q_net.4_neuron_3",
    "q_net.0_neuron_38",
    "q_net.0_neuron_3",
    "q_net.0_neuron_24",
    "q_net.4_neuron_4",
    "q_net.0_neuron_40",
    "q_net.0_neuron_5",
    "q_net.0_neuron_35",
    "q_net.2_neuron_0"
  ],
  "patch_config": {
    "q_net.4": [
      2,
      3,
      4
    ],
    "q_net.0": [
      38,
      3,
      24,
      40,
      5,
      35
    ],
    "q_net.2": [
      0
    ]
  },
  "noising": {
    "metrics": {
      "mean": 0.001373177156105383,
      "std": 0.0011521762459972185,
      "count": 6,
      "values": [
        0.0024856058639804368,
        0.00017689178531714897,
        0.0009661837071223665,
        0.0032693995527397855,
        0.001193762271406144,
        0.00014721975606641572
      ]
    },
    "num_results": 6
  },
  "denoising": {
    "metrics": {
      "mean": 0.0013490259042821396,
      "std": 0.00113243900348127,
      "count": 6,
      "values": [
        0.002346288914906588,
        0.00018315812706374255,
        0.0009541095329958782,
        0.003276470378257266,
        0.001186478723604213,
        0.00014764974886515058
      ]
    },
    "num_results": 6
  },
  "target_metric_score": 0.001373177156105383,
  "timestamp": "2025-05-30T17:13:41.068642"
}