{
  "experiment_name": "candidate_q_net_2_neuron_40",
  "coalition_neurons": [
    "q_net.4_neuron_2",
    "q_net.4_neuron_3",
    "q_net.0_neuron_38",
    "q_net.0_neuron_3",
    "q_net.0_neuron_24",
    "q_net.4_neuron_4",
    "q_net.0_neuron_40",
    "q_net.0_neuron_5",
    "q_net.0_neuron_35",
    "q_net.2_neuron_40"
  ],
  "patch_config": {
    "q_net.4": [
      2,
      3,
      4
    ],
    "q_net.0": [
      38,
      3,
      24,
      40,
      5,
      35
    ],
    "q_net.2": [
      40
    ]
  },
  "noising": {
    "metrics": {
      "mean": 0.0014174164327767338,
      "std": 0.0011857720292190485,
      "count": 6,
      "values": [
        0.002620851884806666,
        0.00017417587855982498,
        0.0009678359227861689,
        0.0033168200943046247,
        0.0012774275469823295,
        0.00014738726922078902
      ]
    },
    "num_results": 6
  },
  "denoising": {
    "metrics": {
      "mean": 0.0014008711478320321,
      "std": 0.0011749781839366167,
      "count": 6,
      "values": [
        0.0024698059054379055,
        0.00017908099119226658,
        0.0009546958281118761,
        0.0033670471626599443,
        0.0012867658061357667,
        0.0001478311934544332
      ]
    },
    "num_results": 6
  },
  "target_metric_score": 0.0014174164327767338,
  "timestamp": "2025-05-30T17:13:41.049741"
}