{
  "experiment_name": "candidate_q_net_0_neuron_23",
  "coalition_neurons": [
    "q_net.0_neuron_38",
    "q_net.0_neuron_24",
    "q_net.0_neuron_27",
    "q_net.0_neuron_47",
    "q_net.0_neuron_36",
    "q_net.0_neuron_40",
    "q_net.2_neuron_63",
    "q_net.2_neuron_38",
    "q_net.0_neuron_13",
    "q_net.2_neuron_21",
    "q_net.0_neuron_20",
    "q_net.0_neuron_14",
    "q_net.0_neuron_56",
    "q_net.2_neuron_5",
    "q_net.0_neuron_45",
    "q_net.0_neuron_52",
    "q_net.2_neuron_33",
    "q_net.0_neuron_33",
    "q_net.2_neuron_0",
    "q_net.0_neuron_4",
    "q_net.0_neuron_12",
    "q_net.0_neuron_46",
    "q_net.0_neuron_23"
  ],
  "patch_config": {
    "q_net.0": [
      38,
      24,
      27,
      47,
      36,
      40,
      13,
      20,
      14,
      56,
      45,
      52,
      33,
      4,
      12,
      46,
      23
    ],
    "q_net.2": [
      63,
      38,
      21,
      5,
      33,
      0
    ]
  },
  "noising": {
    "metrics": {
      "mean": 0.0013450255218897765,
      "std": 0.0014131104470517777,
      "count": 6,
      "values": [
        0.004383969699054689,
        0.0001334638990548435,
        0.0008188476372422157,
        0.001132772094225202,
        0.0012268135798148357,
        0.0003742862219468738
      ]
    },
    "num_results": 6
  },
  "denoising": {
    "metrics": {
      "mean": 0.0013981442415434298,
      "std": 0.0015389178347670553,
      "count": 6,
      "values": [
        0.004714797443688395,
        0.00011668707499363487,
        0.0008314367327300759,
        0.0010573803283943418,
        0.001331337682524933,
        0.0003372261869291999
      ]
    },
    "num_results": 6
  },
  "target_metric_score": 0.0013981442415434298,
  "timestamp": "2025-05-30T22:46:28.843139"
}