{
  "experiment_name": "candidate_q_net_0_neuron_3",
  "coalition_neurons": [
    "q_net.0_neuron_38",
    "q_net.0_neuron_24",
    "q_net.0_neuron_27",
    "q_net.0_neuron_47",
    "q_net.0_neuron_36",
    "q_net.0_neuron_40",
    "q_net.2_neuron_63",
    "q_net.2_neuron_38",
    "q_net.0_neuron_13",
    "q_net.2_neuron_21",
    "q_net.0_neuron_20",
    "q_net.0_neuron_14",
    "q_net.0_neuron_3"
  ],
  "patch_config": {
    "q_net.0": [
      38,
      24,
      27,
      47,
      36,
      40,
      13,
      20,
      14,
      3
    ],
    "q_net.2": [
      63,
      38,
      21
    ]
  },
  "noising": {
    "metrics": {
      "mean": 0.0007824748188391221,
      "std": 0.0009053285487213299,
      "count": 6,
      "values": [
        0.0027216813397413367,
        7.5182953189969635e-06,
        0.00048125583367218845,
        0.000564498736168967,
        0.0007842502695767739,
        0.00013564443855646965
      ]
    },
    "num_results": 6
  },
  "denoising": {
    "metrics": {
      "mean": 0.0008001625496837911,
      "std": 0.0009583011442975279,
      "count": 6,
      "values": [
        0.0028598114659823303,
        1.0724255362540291e-05,
        0.0004696839183883179,
        0.0005025025438509106,
        0.0008260661761714848,
        0.0001321869383471624
      ]
    },
    "num_results": 6
  },
  "target_metric_score": 0.0008001625496837911,
  "timestamp": "2025-05-31T15:19:12.571586"
}