{
  "experiment_name": "candidate_q_net_4_neuron_1",
  "coalition_neurons": [
    "q_net.4_neuron_2",
    "q_net.4_neuron_3",
    "q_net.0_neuron_38",
    "q_net.0_neuron_3",
    "q_net.0_neuron_24",
    "q_net.4_neuron_4",
    "q_net.0_neuron_40",
    "q_net.0_neuron_5",
    "q_net.0_neuron_35",
    "q_net.0_neuron_14",
    "q_net.0_neuron_54",
    "q_net.2_neuron_40",
    "q_net.2_neuron_63",
    "q_net.0_neuron_47",
    "q_net.0_neuron_4",
    "q_net.0_neuron_26",
    "q_net.0_neuron_61",
    "q_net.2_neuron_30",
    "q_net.0_neuron_9",
    "q_net.2_neuron_36",
    "q_net.2_neuron_16",
    "q_net.4_neuron_1"
  ],
  "patch_config": {
    "q_net.4": [
      2,
      3,
      4,
      1
    ],
    "q_net.0": [
      38,
      3,
      24,
      40,
      5,
      35,
      14,
      54,
      47,
      4,
      26,
      61,
      9
    ],
    "q_net.2": [
      40,
      63,
      30,
      36,
      16
    ]
  },
  "noising": {
    "metrics": {
      "mean": 0.0012448302629191328,
      "std": 0.0010799890273816442,
      "count": 6,
      "values": [
        0.003255066770227395,
        5.976513464353594e-05,
        0.00115304564294476,
        0.0016848561356763202,
        0.0012335941176575744,
        8.265377636521097e-05
      ]
    },
    "num_results": 6
  },
  "denoising": {
    "metrics": {
      "mean": 0.0012065097684882088,
      "std": 0.0010111164525871852,
      "count": 6,
      "values": [
        0.003023725327499625,
        6.581485161774288e-05,
        0.001121869068717439,
        0.0017175391557649735,
        0.0012269650727325864,
        8.31451345968859e-05
      ]
    },
    "num_results": 6
  },
  "target_metric_score": 0.0012448302629191328,
  "timestamp": "2025-05-30T17:13:44.960315"
}