{
  "experiment_name": "candidate_q_net_0_neuron_48",
  "coalition_neurons": [
    "q_net.0_neuron_38",
    "q_net.0_neuron_24",
    "q_net.0_neuron_27",
    "q_net.0_neuron_47",
    "q_net.0_neuron_36",
    "q_net.0_neuron_40",
    "q_net.2_neuron_63",
    "q_net.2_neuron_38",
    "q_net.0_neuron_13",
    "q_net.2_neuron_21",
    "q_net.0_neuron_20",
    "q_net.0_neuron_14",
    "q_net.0_neuron_56",
    "q_net.2_neuron_5",
    "q_net.0_neuron_45",
    "q_net.0_neuron_52",
    "q_net.2_neuron_33",
    "q_net.0_neuron_33",
    "q_net.2_neuron_0",
    "q_net.0_neuron_4",
    "q_net.0_neuron_12",
    "q_net.0_neuron_46",
    "q_net.0_neuron_32",
    "q_net.0_neuron_26",
    "q_net.0_neuron_23",
    "q_net.0_neuron_8",
    "q_net.0_neuron_28",
    "q_net.2_neuron_10",
    "q_net.2_neuron_20",
    "q_net.0_neuron_48"
  ],
  "patch_config": {
    "q_net.0": [
      38,
      24,
      27,
      47,
      36,
      40,
      13,
      20,
      14,
      56,
      45,
      52,
      33,
      4,
      12,
      46,
      32,
      26,
      23,
      8,
      28,
      48
    ],
    "q_net.2": [
      63,
      38,
      21,
      5,
      33,
      0,
      10,
      20
    ]
  },
  "noising": {
    "metrics": {
      "mean": 0.0014183860869662528,
      "std": 0.0013566345918090748,
      "count": 6,
      "values": [
        0.004270111927087913,
        0.00011815257714295848,
        0.0010759081648012599,
        0.0013800094380463405,
        0.001289047892735518,
        0.0003770865219835267
      ]
    },
    "num_results": 6
  },
  "denoising": {
    "metrics": {
      "mean": 0.0014567857117730794,
      "std": 0.001516314128534357,
      "count": 6,
      "values": [
        0.004694060429774412,
        0.00011099189390716157,
        0.0010451944070697158,
        0.0012406542248891302,
        0.0013196187546576084,
        0.00033019456034044745
      ]
    },
    "num_results": 6
  },
  "target_metric_score": 0.0014567857117730794,
  "timestamp": "2025-05-30T22:46:31.421436"
}