{
  "experiment_name": "candidate_q_net_0_neuron_16",
  "coalition_neurons": [
    "q_net.4_neuron_2",
    "q_net.4_neuron_3",
    "q_net.0_neuron_38",
    "q_net.0_neuron_3",
    "q_net.0_neuron_24",
    "q_net.4_neuron_4",
    "q_net.0_neuron_40",
    "q_net.0_neuron_5",
    "q_net.0_neuron_35",
    "q_net.0_neuron_14",
    "q_net.0_neuron_54",
    "q_net.2_neuron_40",
    "q_net.2_neuron_63",
    "q_net.0_neuron_47",
    "q_net.0_neuron_4",
    "q_net.0_neuron_26",
    "q_net.0_neuron_61",
    "q_net.2_neuron_30",
    "q_net.0_neuron_9",
    "q_net.2_neuron_36",
    "q_net.2_neuron_16",
    "q_net.2_neuron_33",
    "q_net.0_neuron_20",
    "q_net.2_neuron_38",
    "q_net.0_neuron_8",
    "q_net.0_neuron_12",
    "q_net.0_neuron_16"
  ],
  "patch_config": {
    "q_net.4": [
      2,
      3,
      4
    ],
    "q_net.0": [
      38,
      3,
      24,
      40,
      5,
      35,
      14,
      54,
      47,
      4,
      26,
      61,
      9,
      20,
      8,
      12,
      16
    ],
    "q_net.2": [
      40,
      63,
      30,
      36,
      16,
      33,
      38
    ]
  },
  "noising": {
    "metrics": {
      "mean": 0.0016596840920528328,
      "std": 0.0014627485390626832,
      "count": 6,
      "values": [
        0.004048306662074611,
        9.937346937720148e-05,
        0.0011779968878930566,
        0.0030525960314480224,
        0.001501425603590478,
        7.840589793362592e-05
      ]
    },
    "num_results": 6
  },
  "denoising": {
    "metrics": {
      "mean": 0.0015823949700919408,
      "std": 0.001373270712658569,
      "count": 6,
      "values": [
        0.0037921746505667777,
        9.945314931038735e-05,
        0.0011378311241862895,
        0.0029074529468960265,
        0.0014815156787269179,
        7.594227086524599e-05
      ]
    },
    "num_results": 6
  },
  "target_metric_score": 0.0016596840920528328,
  "timestamp": "2025-05-30T17:13:46.124291"
}