{
  "experiment_name": "candidate_q_net_0_neuron_56",
  "coalition_neurons": [
    "q_net.4_neuron_2",
    "q_net.4_neuron_3",
    "q_net.0_neuron_38",
    "q_net.0_neuron_3",
    "q_net.0_neuron_24",
    "q_net.0_neuron_56"
  ],
  "patch_config": {
    "q_net.4": [
      2,
      3
    ],
    "q_net.0": [
      38,
      3,
      24,
      56
    ]
  },
  "noising": {
    "metrics": {
      "mean": 0.0011317449005979433,
      "std": 0.0008224942308429253,
      "count": 6,
      "values": [
        0.0020923441194633185,
        0.0003754104042235102,
        0.0006313671902341031,
        0.002377815904426021,
        0.001050407171756454,
        0.00026312461348425254
      ]
    },
    "num_results": 6
  },
  "denoising": {
    "metrics": {
      "mean": 0.0011356543409891757,
      "std": 0.0008405281556391548,
      "count": 6,
      "values": [
        0.0020351253414637813,
        0.000364065514702752,
        0.0006089860782299218,
        0.002473358679363361,
        0.0010704921299878288,
        0.00026189830218740877
      ]
    },
    "num_results": 6
  },
  "target_metric_score": 0.0011356543409891757,
  "timestamp": "2025-05-30T17:13:40.383292"
}