{
  "experiment_name": "candidate_q_net_2_neuron_52",
  "coalition_neurons": [
    "q_net.4_neuron_2",
    "q_net.4_neuron_3",
    "q_net.0_neuron_38",
    "q_net.0_neuron_3",
    "q_net.0_neuron_24",
    "q_net.4_neuron_4",
    "q_net.0_neuron_40",
    "q_net.0_neuron_5",
    "q_net.0_neuron_35",
    "q_net.0_neuron_14",
    "q_net.0_neuron_54",
    "q_net.2_neuron_40",
    "q_net.2_neuron_63",
    "q_net.0_neuron_47",
    "q_net.0_neuron_4",
    "q_net.0_neuron_26",
    "q_net.0_neuron_61",
    "q_net.2_neuron_30",
    "q_net.0_neuron_9",
    "q_net.2_neuron_36",
    "q_net.2_neuron_16",
    "q_net.2_neuron_33",
    "q_net.0_neuron_20",
    "q_net.2_neuron_38",
    "q_net.0_neuron_8",
    "q_net.0_neuron_12",
    "q_net.2_neuron_52"
  ],
  "patch_config": {
    "q_net.4": [
      2,
      3,
      4
    ],
    "q_net.0": [
      38,
      3,
      24,
      40,
      5,
      35,
      14,
      54,
      47,
      4,
      26,
      61,
      9,
      20,
      8,
      12
    ],
    "q_net.2": [
      40,
      63,
      30,
      36,
      16,
      33,
      38,
      52
    ]
  },
  "noising": {
    "metrics": {
      "mean": 0.0018359028421866227,
      "std": 0.0016608374972774793,
      "count": 6,
      "values": [
        0.00452299577893576,
        7.536370295074151e-05,
        0.0012451092581278276,
        0.0034778359094656125,
        0.0016311812014056307,
        6.293120223416356e-05
      ]
    },
    "num_results": 6
  },
  "denoising": {
    "metrics": {
      "mean": 0.0017523149900740848,
      "std": 0.0015517333682314644,
      "count": 6,
      "values": [
        0.004158105232054432,
        7.480259946704882e-05,
        0.0012042050268572845,
        0.0033839820948562693,
        0.001634194762584969,
        5.8600224624505534e-05
      ]
    },
    "num_results": 6
  },
  "target_metric_score": 0.0018359028421866227,
  "timestamp": "2025-05-30T17:13:46.157555"
}