{
  "experiment_name": "candidate_q_net_2_neuron_34",
  "coalition_neurons": [
    "q_net.4_neuron_2",
    "q_net.4_neuron_3",
    "q_net.0_neuron_38",
    "q_net.0_neuron_3",
    "q_net.0_neuron_24",
    "q_net.4_neuron_4",
    "q_net.0_neuron_40",
    "q_net.0_neuron_5",
    "q_net.0_neuron_35",
    "q_net.0_neuron_14",
    "q_net.0_neuron_54",
    "q_net.2_neuron_40",
    "q_net.2_neuron_34"
  ],
  "patch_config": {
    "q_net.4": [
      2,
      3,
      4
    ],
    "q_net.0": [
      38,
      3,
      24,
      40,
      5,
      35,
      14,
      54
    ],
    "q_net.2": [
      40,
      34
    ]
  },
  "noising": {
    "metrics": {
      "mean": 0.0015396780545757639,
      "std": 0.0013033586052043987,
      "count": 6,
      "values": [
        0.003299251563937459,
        0.0001394844933358558,
        0.0010523643582522543,
        0.0032236563084766107,
        0.001414314337517839,
        0.00010899726593456625
      ]
    },
    "num_results": 6
  },
  "denoising": {
    "metrics": {
      "mean": 0.001498527395480213,
      "std": 0.0012547490506518183,
      "count": 6,
      "values": [
        0.0030266504362504295,
        0.00014650164981888446,
        0.0010302861473214624,
        0.003271656174228494,
        0.0013996516425334837,
        0.00011641832272852367
      ]
    },
    "num_results": 6
  },
  "target_metric_score": 0.0015396780545757639,
  "timestamp": "2025-05-30T17:13:41.747706"
}