{
  "experiment_name": "candidate_q_net_0_neuron_5",
  "coalition_neurons": [
    "q_net.0_neuron_38",
    "q_net.0_neuron_24",
    "q_net.0_neuron_27",
    "q_net.0_neuron_47",
    "q_net.0_neuron_36",
    "q_net.0_neuron_40",
    "q_net.2_neuron_63",
    "q_net.2_neuron_38",
    "q_net.0_neuron_13",
    "q_net.2_neuron_21",
    "q_net.0_neuron_20",
    "q_net.0_neuron_14",
    "q_net.0_neuron_56",
    "q_net.2_neuron_5",
    "q_net.0_neuron_45",
    "q_net.0_neuron_52",
    "q_net.2_neuron_33",
    "q_net.0_neuron_33",
    "q_net.2_neuron_0",
    "q_net.0_neuron_4",
    "q_net.0_neuron_12",
    "q_net.0_neuron_46",
    "q_net.0_neuron_5"
  ],
  "patch_config": {
    "q_net.0": [
      38,
      24,
      27,
      47,
      36,
      40,
      13,
      20,
      14,
      56,
      45,
      52,
      33,
      4,
      12,
      46,
      5
    ],
    "q_net.2": [
      63,
      38,
      21,
      5,
      33,
      0
    ]
  },
  "noising": {
    "metrics": {
      "mean": 0.0012500449642873779,
      "std": 0.0013672068427069994,
      "count": 6,
      "values": [
        0.004175052024784538,
        6.048285194346884e-05,
        0.0008281703618076737,
        0.0009614846544614901,
        0.001216202124714981,
        0.0002588777680121151
      ]
    },
    "num_results": 6
  },
  "denoising": {
    "metrics": {
      "mean": 0.0013067666239433718,
      "std": 0.001478675572916765,
      "count": 6,
      "values": [
        0.0044762385550231295,
        5.3931399782121154e-05,
        0.0008422748353419003,
        0.0008956625972626774,
        0.0013234137811049184,
        0.0002490785751454831
      ]
    },
    "num_results": 6
  },
  "target_metric_score": 0.0013067666239433718,
  "timestamp": "2025-05-31T15:19:16.616675"
}