{
  "experiment_name": "candidate_q_net_2_neuron_30",
  "coalition_neurons": [
    "q_net.0_neuron_38",
    "q_net.0_neuron_24",
    "q_net.0_neuron_27",
    "q_net.0_neuron_47",
    "q_net.0_neuron_36",
    "q_net.0_neuron_40",
    "q_net.2_neuron_63",
    "q_net.2_neuron_38",
    "q_net.0_neuron_13",
    "q_net.2_neuron_30"
  ],
  "patch_config": {
    "q_net.0": [
      38,
      24,
      27,
      47,
      36,
      40,
      13
    ],
    "q_net.2": [
      63,
      38,
      30
    ]
  },
  "noising": {
    "metrics": {
      "mean": 0.0006955339499393377,
      "std": 0.0007823931660007714,
      "count": 6,
      "values": [
        0.0023589728259849193,
        2.7688663003100876e-05,
        0.0004052026693290851,
        0.0005756042736596535,
        0.0007109306555327772,
        9.480461212649075e-05
      ]
    },
    "num_results": 6
  },
  "denoising": {
    "metrics": {
      "mean": 0.0006659738068579439,
      "std": 0.00076709210710506,
      "count": 6,
      "values": [
        0.0022995115936686418,
        2.7720802097026126e-05,
        0.0003912540493361573,
        0.00044667416232062676,
        0.0007359440143985835,
        9.473821932662742e-05
      ]
    },
    "num_results": 6
  },
  "target_metric_score": 0.0006955339499393377,
  "timestamp": "2025-05-30T23:31:21.500557"
}