{
  "experiment_name": "candidate_q_net_2_neuron_3",
  "coalition_neurons": [
    "q_net.4_neuron_2",
    "q_net.4_neuron_3",
    "q_net.0_neuron_38",
    "q_net.0_neuron_3",
    "q_net.0_neuron_24",
    "q_net.4_neuron_4",
    "q_net.0_neuron_40",
    "q_net.0_neuron_5",
    "q_net.0_neuron_35",
    "q_net.0_neuron_14",
    "q_net.0_neuron_54",
    "q_net.2_neuron_40",
    "q_net.2_neuron_63",
    "q_net.0_neuron_47",
    "q_net.0_neuron_4",
    "q_net.2_neuron_3"
  ],
  "patch_config": {
    "q_net.4": [
      2,
      3,
      4
    ],
    "q_net.0": [
      38,
      3,
      24,
      40,
      5,
      35,
      14,
      54,
      47,
      4
    ],
    "q_net.2": [
      40,
      63,
      3
    ]
  },
  "noising": {
    "metrics": {
      "mean": 0.001568493065790583,
      "std": 0.00132269292895264,
      "count": 6,
      "values": [
        0.0034066773401446003,
        0.00011869552238290474,
        0.0011236458744201885,
        0.003190030758728448,
        0.0014803096458487967,
        9.159925321855999e-05
      ]
    },
    "num_results": 6
  },
  "denoising": {
    "metrics": {
      "mean": 0.0015243818000958652,
      "std": 0.001262229531718278,
      "count": 6,
      "values": [
        0.0031823497945547793,
        0.0001210293042100193,
        0.0011104695232839286,
        0.003148071760052166,
        0.001485426902949567,
        9.894351552473032e-05
      ]
    },
    "num_results": 6
  },
  "target_metric_score": 0.001568493065790583,
  "timestamp": "2025-05-30T17:13:42.411582"
}