{
  "experiment_name": "candidate_q_net_4_neuron_1",
  "coalition_neurons": [
    "q_net.4_neuron_2",
    "q_net.4_neuron_3",
    "q_net.0_neuron_38",
    "q_net.0_neuron_3",
    "q_net.0_neuron_24",
    "q_net.4_neuron_4",
    "q_net.0_neuron_40",
    "q_net.0_neuron_5",
    "q_net.0_neuron_35",
    "q_net.4_neuron_1"
  ],
  "patch_config": {
    "q_net.4": [
      2,
      3,
      4,
      1
    ],
    "q_net.0": [
      38,
      3,
      24,
      40,
      5,
      35
    ]
  },
  "noising": {
    "metrics": {
      "mean": 0.001060995552164294,
      "std": 0.0008064094428662337,
      "count": 6,
      "values": [
        0.002397077053166211,
        0.00015184638466590538,
        0.000976044724563729,
        0.0017184987194906222,
        0.000980239663430795,
        0.00014226676766850152
      ]
    },
    "num_results": 6
  },
  "denoising": {
    "metrics": {
      "mean": 0.0010450570610398395,
      "std": 0.0007735356482074299,
      "count": 6,
      "values": [
        0.0022629026861601554,
        0.00016686089699407834,
        0.0009636386011045717,
        0.0017595619818773908,
        0.0009743296242098443,
        0.00014304857589299627
      ]
    },
    "num_results": 6
  },
  "target_metric_score": 0.001060995552164294,
  "timestamp": "2025-05-30T17:13:41.034053"
}