{
  "experiment_name": "candidate_q_net_2_neuron_38",
  "coalition_neurons": [
    "q_net.4_neuron_2",
    "q_net.4_neuron_3",
    "q_net.0_neuron_38",
    "q_net.0_neuron_3",
    "q_net.0_neuron_24",
    "q_net.4_neuron_4",
    "q_net.0_neuron_40",
    "q_net.0_neuron_5",
    "q_net.0_neuron_35",
    "q_net.0_neuron_14",
    "q_net.0_neuron_54",
    "q_net.2_neuron_40",
    "q_net.2_neuron_63",
    "q_net.0_neuron_47",
    "q_net.0_neuron_4",
    "q_net.0_neuron_26",
    "q_net.0_neuron_61",
    "q_net.2_neuron_30",
    "q_net.2_neuron_38"
  ],
  "patch_config": {
    "q_net.4": [
      2,
      3,
      4
    ],
    "q_net.0": [
      38,
      3,
      24,
      40,
      5,
      35,
      14,
      54,
      47,
      4,
      26,
      61
    ],
    "q_net.2": [
      40,
      63,
      30,
      38
    ]
  },
  "noising": {
    "metrics": {
      "mean": 0.0017067319748897225,
      "std": 0.0014848487751026528,
      "count": 6,
      "values": [
        0.003885799472068496,
        8.24524163415146e-05,
        0.0012138090241829678,
        0.003400064888476117,
        0.001600925366563337,
        5.734068170590344e-05
      ]
    },
    "num_results": 6
  },
  "denoising": {
    "metrics": {
      "mean": 0.001670603362785833,
      "std": 0.0014364350850112147,
      "count": 6,
      "values": [
        0.003705289746907711,
        8.527727533587094e-05,
        0.0012011403936346612,
        0.003374761673114379,
        0.0015980865293820628,
        5.906455834031317e-05
      ]
    },
    "num_results": 6
  },
  "target_metric_score": 0.0017067319748897225,
  "timestamp": "2025-05-30T17:13:44.256807"
}