{
  "experiment_name": "candidate_q_net_4_neuron_0",
  "coalition_neurons": [
    "q_net.4_neuron_2",
    "q_net.4_neuron_3",
    "q_net.0_neuron_38",
    "q_net.0_neuron_3",
    "q_net.0_neuron_24",
    "q_net.4_neuron_4",
    "q_net.0_neuron_40",
    "q_net.0_neuron_5",
    "q_net.0_neuron_35",
    "q_net.4_neuron_0"
  ],
  "patch_config": {
    "q_net.4": [
      2,
      3,
      4,
      0
    ],
    "q_net.0": [
      38,
      3,
      24,
      40,
      5,
      35
    ]
  },
  "noising": {
    "metrics": {
      "mean": 0.0012491533834616108,
      "std": 0.001029513823579499,
      "count": 6,
      "values": [
        0.0026333722901408993,
        0.0001266599565654604,
        0.0009606519195249994,
        0.0025728853417354798,
        0.0011040599468008943,
        9.729084600193115e-05
      ]
    },
    "num_results": 6
  },
  "denoising": {
    "metrics": {
      "mean": 0.0012192158006882955,
      "std": 0.0009980810862544763,
      "count": 6,
      "values": [
        0.0025194815442047694,
        0.0001177035906644319,
        0.0009448560328518679,
        0.0025325178441126823,
        0.0011038527412335682,
        9.688305106245318e-05
      ]
    },
    "num_results": 6
  },
  "target_metric_score": 0.0012491533834616108,
  "timestamp": "2025-05-30T17:13:41.025684"
}