{
  "experiment_name": "candidate_q_net_2_neuron_52",
  "coalition_neurons": [
    "q_net.0_neuron_38",
    "q_net.0_neuron_24",
    "q_net.0_neuron_27",
    "q_net.0_neuron_47",
    "q_net.0_neuron_36",
    "q_net.0_neuron_40",
    "q_net.2_neuron_63",
    "q_net.2_neuron_38",
    "q_net.0_neuron_13",
    "q_net.2_neuron_21",
    "q_net.0_neuron_20",
    "q_net.0_neuron_14",
    "q_net.0_neuron_56",
    "q_net.2_neuron_5",
    "q_net.0_neuron_45",
    "q_net.0_neuron_52",
    "q_net.2_neuron_33",
    "q_net.2_neuron_52"
  ],
  "patch_config": {
    "q_net.0": [
      38,
      24,
      27,
      47,
      36,
      40,
      13,
      20,
      14,
      56,
      45,
      52
    ],
    "q_net.2": [
      63,
      38,
      21,
      5,
      33,
      52
    ]
  },
  "noising": {
    "metrics": {
      "mean": 0.0011560457310211315,
      "std": 0.0013516380656527192,
      "count": 6,
      "values": [
        0.004106104250996646,
        0.00010630912794053812,
        0.0005968535710586869,
        0.0007824256298169549,
        0.001016118794150576,
        0.00032846301216338724
      ]
    },
    "num_results": 6
  },
  "denoising": {
    "metrics": {
      "mean": 0.0011994314502064322,
      "std": 0.0014378382884018533,
      "count": 6,
      "values": [
        0.004339458170905565,
        0.00011299613056368072,
        0.0005896494542289759,
        0.0007273801870697483,
        0.0010991303416707442,
        0.0003279744167998802
      ]
    },
    "num_results": 6
  },
  "target_metric_score": 0.0011994314502064322,
  "timestamp": "2025-05-31T15:19:14.422168"
}