{
  "experiment_name": "candidate_q_net_0_neuron_4",
  "coalition_neurons": [
    "q_net.0_neuron_38",
    "q_net.0_neuron_24",
    "q_net.0_neuron_27",
    "q_net.0_neuron_40",
    "q_net.2_neuron_63",
    "q_net.0_neuron_36",
    "q_net.2_neuron_0",
    "q_net.0_neuron_20",
    "q_net.2_neuron_21",
    "q_net.2_neuron_38",
    "q_net.0_neuron_47",
    "q_net.2_neuron_30",
    "q_net.2_neuron_40",
    "q_net.0_neuron_14",
    "q_net.2_neuron_33",
    "q_net.0_neuron_33",
    "q_net.0_neuron_52",
    "q_net.0_neuron_9",
    "q_net.0_neuron_26",
    "q_net.2_neuron_34",
    "q_net.2_neuron_55",
    "q_net.2_neuron_36",
    "q_net.0_neuron_46",
    "q_net.0_neuron_62",
    "q_net.0_neuron_8",
    "q_net.0_neuron_42",
    "q_net.0_neuron_32",
    "q_net.2_neuron_32",
    "q_net.0_neuron_45",
    "q_net.0_neuron_4"
  ],
  "patch_config": {
    "q_net.0": [
      38,
      24,
      27,
      40,
      36,
      20,
      47,
      14,
      33,
      52,
      9,
      26,
      46,
      62,
      8,
      42,
      32,
      45,
      4
    ],
    "q_net.2": [
      63,
      0,
      21,
      38,
      30,
      40,
      33,
      34,
      55,
      36,
      32
    ]
  },
  "noising": {
    "metrics": {
      "mean": 0.0014877016610112378,
      "std": 0.0014703192599911281,
      "count": 6,
      "values": [
        0.0045590787859949595,
        9.85809540433991e-05,
        0.0012075582579165137,
        0.0013055168498436907,
        0.0014910215604464852,
        0.00026445355782237835
      ]
    },
    "num_results": 6
  },
  "denoising": {
    "metrics": {
      "mean": 0.0015093852543538767,
      "std": 0.001583301756866964,
      "count": 6,
      "values": [
        0.004842208788302126,
        8.702058350609673e-05,
        0.001178093521739673,
        0.0010158879257941488,
        0.0016621074932688371,
        0.00027099321351237876
      ]
    },
    "num_results": 6
  },
  "target_metric_score": 0.0014985434576825574,
  "timestamp": "2025-05-30T23:13:52.136211"
}