{
  "experiment_name": "candidate_q_net_2_neuron_30",
  "coalition_neurons": [
    "q_net.0_neuron_38",
    "q_net.0_neuron_24",
    "q_net.0_neuron_27",
    "q_net.0_neuron_47",
    "q_net.0_neuron_36",
    "q_net.0_neuron_40",
    "q_net.2_neuron_63",
    "q_net.2_neuron_38",
    "q_net.0_neuron_13",
    "q_net.2_neuron_21",
    "q_net.0_neuron_20",
    "q_net.0_neuron_14",
    "q_net.0_neuron_56",
    "q_net.2_neuron_5",
    "q_net.2_neuron_30"
  ],
  "patch_config": {
    "q_net.0": [
      38,
      24,
      27,
      47,
      36,
      40,
      13,
      20,
      14,
      56
    ],
    "q_net.2": [
      63,
      38,
      21,
      5,
      30
    ]
  },
  "noising": {
    "metrics": {
      "mean": 0.001058952009122073,
      "std": 0.0012916580185139649,
      "count": 6,
      "values": [
        0.003871004512137788,
        5.754778653032841e-05,
        0.0006443502663398843,
        0.0006200404781124668,
        0.0009527024320299287,
        0.00020806657958204232
      ]
    },
    "num_results": 6
  },
  "denoising": {
    "metrics": {
      "mean": 0.0010712355308586357,
      "std": 0.0013229782473928445,
      "count": 6,
      "values": [
        0.003949692256228866,
        5.779356819889082e-05,
        0.0006398924684425681,
        0.0005620533144482347,
        0.0010067263524698301,
        0.000211255225363425
      ]
    },
    "num_results": 6
  },
  "target_metric_score": 0.0010712355308586357,
  "timestamp": "2025-05-30T22:46:24.923677"
}