{
  "experiment_name": "candidate_q_net_4_neuron_0",
  "coalition_neurons": [
    "q_net.4_neuron_2",
    "q_net.4_neuron_3",
    "q_net.0_neuron_38",
    "q_net.0_neuron_3",
    "q_net.0_neuron_24",
    "q_net.4_neuron_4",
    "q_net.0_neuron_40",
    "q_net.0_neuron_5",
    "q_net.0_neuron_35",
    "q_net.0_neuron_14",
    "q_net.0_neuron_54",
    "q_net.2_neuron_40",
    "q_net.2_neuron_63",
    "q_net.0_neuron_47",
    "q_net.0_neuron_4",
    "q_net.0_neuron_26",
    "q_net.0_neuron_61",
    "q_net.2_neuron_30",
    "q_net.0_neuron_9",
    "q_net.2_neuron_36",
    "q_net.2_neuron_16",
    "q_net.4_neuron_0"
  ],
  "patch_config": {
    "q_net.4": [
      2,
      3,
      4,
      0
    ],
    "q_net.0": [
      38,
      3,
      24,
      40,
      5,
      35,
      14,
      54,
      47,
      4,
      26,
      61,
      9
    ],
    "q_net.2": [
      40,
      63,
      30,
      36,
      16
    ]
  },
  "noising": {
    "metrics": {
      "mean": 0.0014352926326854567,
      "std": 0.0012471021491054519,
      "count": 6,
      "values": [
        0.0034534166217206094,
        9.56928149769803e-05,
        0.0010794453923614437,
        0.0026255927039606167,
        0.0013017966243834246,
        5.5811638709665315e-05
      ]
    },
    "num_results": 6
  },
  "denoising": {
    "metrics": {
      "mean": 0.001381033298249295,
      "std": 0.0011866156878090884,
      "count": 6,
      "values": [
        0.0033039227932918705,
        9.122115249853339e-05,
        0.0010774493656754962,
        0.0024866958811207316,
        0.0012728533781195912,
        5.405721878954765e-05
      ]
    },
    "num_results": 6
  },
  "target_metric_score": 0.0014352926326854567,
  "timestamp": "2025-05-30T17:13:44.946227"
}