{
  "experiment_name": "candidate_q_net_2_neuron_52",
  "coalition_neurons": [
    "q_net.4_neuron_2",
    "q_net.4_neuron_3",
    "q_net.0_neuron_38",
    "q_net.0_neuron_3",
    "q_net.0_neuron_24",
    "q_net.4_neuron_4",
    "q_net.0_neuron_40",
    "q_net.0_neuron_5",
    "q_net.0_neuron_35",
    "q_net.0_neuron_14",
    "q_net.0_neuron_54",
    "q_net.2_neuron_40",
    "q_net.2_neuron_63",
    "q_net.0_neuron_47",
    "q_net.0_neuron_4",
    "q_net.0_neuron_26",
    "q_net.2_neuron_52"
  ],
  "patch_config": {
    "q_net.4": [
      2,
      3,
      4
    ],
    "q_net.0": [
      38,
      3,
      24,
      40,
      5,
      35,
      14,
      54,
      47,
      4,
      26
    ],
    "q_net.2": [
      40,
      63,
      52
    ]
  },
  "noising": {
    "metrics": {
      "mean": 0.001659918038193441,
      "std": 0.0014379218492372398,
      "count": 6,
      "values": [
        0.003840488427615256,
        8.536868551562815e-05,
        0.0012024948604110594,
        0.003204567961512826,
        0.001569237003543706,
        5.735129056216935e-05
      ]
    },
    "num_results": 6
  },
  "denoising": {
    "metrics": {
      "mean": 0.0016050041477745699,
      "std": 0.0013622926270468085,
      "count": 6,
      "values": [
        0.0035562251927993426,
        8.643749315995512e-05,
        0.0011844486338143502,
        0.003171412187470638,
        0.0015725187617931335,
        5.898261761000032e-05
      ]
    },
    "num_results": 6
  },
  "target_metric_score": 0.001659918038193441,
  "timestamp": "2025-05-30T17:13:42.875193"
}