{
  "experiment_name": "candidate_q_net_2_neuron_52",
  "coalition_neurons": [
    "q_net.0_neuron_38",
    "q_net.0_neuron_24",
    "q_net.0_neuron_27",
    "q_net.0_neuron_47",
    "q_net.0_neuron_36",
    "q_net.0_neuron_40",
    "q_net.2_neuron_63",
    "q_net.2_neuron_38",
    "q_net.0_neuron_13",
    "q_net.2_neuron_21",
    "q_net.0_neuron_20",
    "q_net.0_neuron_14",
    "q_net.0_neuron_56",
    "q_net.2_neuron_5",
    "q_net.0_neuron_45",
    "q_net.0_neuron_52",
    "q_net.2_neuron_33",
    "q_net.0_neuron_33",
    "q_net.2_neuron_0",
    "q_net.0_neuron_4",
    "q_net.0_neuron_12",
    "q_net.0_neuron_46",
    "q_net.0_neuron_32",
    "q_net.0_neuron_26",
    "q_net.0_neuron_23",
    "q_net.0_neuron_8",
    "q_net.2_neuron_52"
  ],
  "patch_config": {
    "q_net.0": [
      38,
      24,
      27,
      47,
      36,
      40,
      13,
      20,
      14,
      56,
      45,
      52,
      33,
      4,
      12,
      46,
      32,
      26,
      23,
      8
    ],
    "q_net.2": [
      63,
      38,
      21,
      5,
      33,
      0,
      52
    ]
  },
  "noising": {
    "metrics": {
      "mean": 0.0013704684040239876,
      "std": 0.0013661603267944096,
      "count": 6,
      "values": [
        0.004263975911430458,
        9.991369392783498e-05,
        0.0010861750427379208,
        0.001134439578084223,
        0.001302495529968022,
        0.0003358106679954673
      ]
    },
    "num_results": 6
  },
  "denoising": {
    "metrics": {
      "mean": 0.0014174450588702997,
      "std": 0.00150900317238127,
      "count": 6,
      "values": [
        0.004637320438285032,
        8.55395447072031e-05,
        0.0010412061483771606,
        0.001060665194838565,
        0.0013808808222203523,
        0.0002990582047934856
      ]
    },
    "num_results": 6
  },
  "target_metric_score": 0.0014174450588702997,
  "timestamp": "2025-05-30T22:46:30.187716"
}