{
  "experiment_name": "candidate_q_net_2_neuron_19",
  "coalition_neurons": [
    "q_net.0_neuron_38",
    "q_net.0_neuron_24",
    "q_net.0_neuron_27",
    "q_net.0_neuron_47",
    "q_net.0_neuron_36",
    "q_net.0_neuron_40",
    "q_net.2_neuron_63",
    "q_net.2_neuron_38",
    "q_net.0_neuron_13",
    "q_net.2_neuron_21",
    "q_net.0_neuron_20",
    "q_net.0_neuron_14",
    "q_net.0_neuron_56",
    "q_net.2_neuron_5",
    "q_net.0_neuron_45",
    "q_net.0_neuron_52",
    "q_net.2_neuron_33",
    "q_net.0_neuron_33",
    "q_net.2_neuron_0",
    "q_net.0_neuron_4",
    "q_net.2_neuron_19"
  ],
  "patch_config": {
    "q_net.0": [
      38,
      24,
      27,
      47,
      36,
      40,
      13,
      20,
      14,
      56,
      45,
      52,
      33,
      4
    ],
    "q_net.2": [
      63,
      38,
      21,
      5,
      33,
      0,
      19
    ]
  },
  "noising": {
    "metrics": {
      "mean": 0.0012809863072169576,
      "std": 0.001390829318328018,
      "count": 6,
      "values": [
        0.004277053822683017,
        0.00011626097901671142,
        0.000723449155627616,
        0.001098186288210169,
        0.0011441536004286046,
        0.0003268139973356286
      ]
    },
    "num_results": 6
  },
  "denoising": {
    "metrics": {
      "mean": 0.0013254540372026958,
      "std": 0.0015184171248865915,
      "count": 6,
      "values": [
        0.004616095928516015,
        0.00011295281634224504,
        0.0006999646329493864,
        0.0009741119437759918,
        0.0012297395100414159,
        0.00031985939159112024
      ]
    },
    "num_results": 6
  },
  "target_metric_score": 0.0013254540372026958,
  "timestamp": "2025-05-30T23:31:25.553786"
}