{
  "experiment_name": "candidate_q_net_2_neuron_36",
  "coalition_neurons": [
    "q_net.0_neuron_38",
    "q_net.0_neuron_24",
    "q_net.0_neuron_27",
    "q_net.0_neuron_47",
    "q_net.0_neuron_36",
    "q_net.0_neuron_40",
    "q_net.2_neuron_63",
    "q_net.2_neuron_38",
    "q_net.0_neuron_13",
    "q_net.2_neuron_21",
    "q_net.0_neuron_20",
    "q_net.0_neuron_14",
    "q_net.0_neuron_56",
    "q_net.2_neuron_5",
    "q_net.0_neuron_45",
    "q_net.0_neuron_52",
    "q_net.2_neuron_33",
    "q_net.0_neuron_33",
    "q_net.2_neuron_0",
    "q_net.0_neuron_4",
    "q_net.0_neuron_12",
    "q_net.0_neuron_46",
    "q_net.0_neuron_32",
    "q_net.0_neuron_26",
    "q_net.0_neuron_23",
    "q_net.0_neuron_8",
    "q_net.0_neuron_28",
    "q_net.2_neuron_10",
    "q_net.2_neuron_36"
  ],
  "patch_config": {
    "q_net.0": [
      38,
      24,
      27,
      47,
      36,
      40,
      13,
      20,
      14,
      56,
      45,
      52,
      33,
      4,
      12,
      46,
      32,
      26,
      23,
      8,
      28
    ],
    "q_net.2": [
      63,
      38,
      21,
      5,
      33,
      0,
      10,
      36
    ]
  },
  "noising": {
    "metrics": {
      "mean": 0.001402989852043789,
      "std": 0.0013741423746916064,
      "count": 6,
      "values": [
        0.004316543098199232,
        0.00011795898400948223,
        0.0010768240878004445,
        0.0012145386651006705,
        0.0013082146693222853,
        0.00038385960783061945
      ]
    },
    "num_results": 6
  },
  "denoising": {
    "metrics": {
      "mean": 0.001473325446708719,
      "std": 0.0015602118880557864,
      "count": 6,
      "values": [
        0.004814762008506081,
        0.00010736550856848344,
        0.0010584593119714793,
        0.0011216150243059352,
        0.0013923198461611634,
        0.00034543098073917203
      ]
    },
    "num_results": 6
  },
  "target_metric_score": 0.001473325446708719,
  "timestamp": "2025-05-30T23:31:29.217773"
}