{
  "experiment_name": "candidate_q_net_2_neuron_59",
  "coalition_neurons": [
    "q_net.0_neuron_38",
    "q_net.0_neuron_24",
    "q_net.0_neuron_27",
    "q_net.0_neuron_47",
    "q_net.0_neuron_36",
    "q_net.0_neuron_40",
    "q_net.2_neuron_63",
    "q_net.2_neuron_38",
    "q_net.0_neuron_13",
    "q_net.2_neuron_21",
    "q_net.0_neuron_20",
    "q_net.0_neuron_14",
    "q_net.0_neuron_56",
    "q_net.2_neuron_5",
    "q_net.0_neuron_45",
    "q_net.0_neuron_52",
    "q_net.2_neuron_33",
    "q_net.2_neuron_59"
  ],
  "patch_config": {
    "q_net.0": [
      38,
      24,
      27,
      47,
      36,
      40,
      13,
      20,
      14,
      56,
      45,
      52
    ],
    "q_net.2": [
      63,
      38,
      21,
      5,
      33,
      59
    ]
  },
  "noising": {
    "metrics": {
      "mean": 0.0011557842982642707,
      "std": 0.0013563638139259507,
      "count": 6,
      "values": [
        0.004111217035773093,
        8.524519380292332e-05,
        0.0006341217231920901,
        0.000787745777309101,
        0.0010151977258680733,
        0.00030117833364034195
      ]
    },
    "num_results": 6
  },
  "denoising": {
    "metrics": {
      "mean": 0.001202733962379486,
      "std": 0.0014507996972742156,
      "count": 6,
      "values": [
        0.004367245916515175,
        8.760963672726986e-05,
        0.0006298618333527356,
        0.0007336940924409163,
        0.0010962340815420194,
        0.0003017582136988009
      ]
    },
    "num_results": 6
  },
  "target_metric_score": 0.001202733962379486,
  "timestamp": "2025-05-30T22:46:26.168684"
}