{
  "experiment_name": "candidate_q_net_2_neuron_33",
  "coalition_neurons": [
    "q_net.0_neuron_38",
    "q_net.0_neuron_24",
    "q_net.0_neuron_27",
    "q_net.0_neuron_47",
    "q_net.0_neuron_36",
    "q_net.0_neuron_40",
    "q_net.2_neuron_63",
    "q_net.2_neuron_33"
  ],
  "patch_config": {
    "q_net.0": [
      38,
      24,
      27,
      47,
      36,
      40
    ],
    "q_net.2": [
      63,
      33
    ]
  },
  "noising": {
    "metrics": {
      "mean": 0.000523995022042117,
      "std": 0.0005506081091766908,
      "count": 6,
      "values": [
        0.001627472403975345,
        3.0721491670942776e-05,
        0.00019279056534899725,
        0.0006448793938089595,
        0.0006013361117531129,
        4.677016569534475e-05
      ]
    },
    "num_results": 6
  },
  "denoising": {
    "metrics": {
      "mean": 0.0005090086532760731,
      "std": 0.0005636680520756768,
      "count": 6,
      "values": [
        0.0016685327799219104,
        3.250460345036594e-05,
        0.00018313704095468104,
        0.0004910249076676247,
        0.0006316125800573851,
        4.724000760447165e-05
      ]
    },
    "num_results": 6
  },
  "target_metric_score": 0.000523995022042117,
  "timestamp": "2025-05-31T15:19:10.886839"
}