{
  "experiment_name": "candidate_q_net_2_neuron_13",
  "coalition_neurons": [
    "q_net.0_neuron_38",
    "q_net.0_neuron_24",
    "q_net.0_neuron_27",
    "q_net.0_neuron_47",
    "q_net.0_neuron_36",
    "q_net.0_neuron_40",
    "q_net.2_neuron_63",
    "q_net.2_neuron_38",
    "q_net.0_neuron_13",
    "q_net.2_neuron_21",
    "q_net.0_neuron_20",
    "q_net.0_neuron_14",
    "q_net.0_neuron_56",
    "q_net.2_neuron_5",
    "q_net.0_neuron_45",
    "q_net.0_neuron_52",
    "q_net.2_neuron_33",
    "q_net.0_neuron_33",
    "q_net.2_neuron_0",
    "q_net.0_neuron_4",
    "q_net.0_neuron_12",
    "q_net.0_neuron_46",
    "q_net.2_neuron_13"
  ],
  "patch_config": {
    "q_net.0": [
      38,
      24,
      27,
      47,
      36,
      40,
      13,
      20,
      14,
      56,
      45,
      52,
      33,
      4,
      12,
      46
    ],
    "q_net.2": [
      63,
      38,
      21,
      5,
      33,
      0,
      13
    ]
  },
  "noising": {
    "metrics": {
      "mean": 0.0013061681368406392,
      "std": 0.001406416451971694,
      "count": 6,
      "values": [
        0.004352769639281425,
        0.0001366208888919111,
        0.0008202653661498385,
        0.0009650719220094584,
        0.0011777926006217828,
        0.0003844884040894196
      ]
    },
    "num_results": 6
  },
  "denoising": {
    "metrics": {
      "mean": 0.0013590456838935888,
      "std": 0.0015347537039034295,
      "count": 6,
      "values": [
        0.004685992179379404,
        0.00012020601142618539,
        0.000831566953299492,
        0.0008919284848272702,
        0.0012787672174227574,
        0.00034581325700642346
      ]
    },
    "num_results": 6
  },
  "target_metric_score": 0.0013590456838935888,
  "timestamp": "2025-05-31T15:19:16.861374"
}