{
  "experiment_name": "candidate_q_net_0_neuron_54",
  "coalition_neurons": [
    "q_net.0_neuron_38",
    "q_net.0_neuron_24",
    "q_net.0_neuron_27",
    "q_net.0_neuron_47",
    "q_net.0_neuron_36",
    "q_net.0_neuron_40",
    "q_net.2_neuron_63",
    "q_net.2_neuron_38",
    "q_net.0_neuron_13",
    "q_net.2_neuron_21",
    "q_net.0_neuron_20",
    "q_net.0_neuron_14",
    "q_net.0_neuron_56",
    "q_net.2_neuron_5",
    "q_net.0_neuron_45",
    "q_net.0_neuron_52",
    "q_net.2_neuron_33",
    "q_net.0_neuron_33",
    "q_net.2_neuron_0",
    "q_net.0_neuron_4",
    "q_net.0_neuron_12",
    "q_net.0_neuron_46",
    "q_net.0_neuron_32",
    "q_net.0_neuron_26",
    "q_net.0_neuron_23",
    "q_net.0_neuron_8",
    "q_net.0_neuron_28",
    "q_net.0_neuron_54"
  ],
  "patch_config": {
    "q_net.0": [
      38,
      24,
      27,
      47,
      36,
      40,
      13,
      20,
      14,
      56,
      45,
      52,
      33,
      4,
      12,
      46,
      32,
      26,
      23,
      8,
      28,
      54
    ],
    "q_net.2": [
      63,
      38,
      21,
      5,
      33,
      0
    ]
  },
  "noising": {
    "metrics": {
      "mean": 0.0013995379775875363,
      "std": 0.0013690539027842535,
      "count": 6,
      "values": [
        0.004304798062884011,
        0.00014067926569814393,
        0.001073389394913353,
        0.001213751614713829,
        0.0012993131169430068,
        0.00036529641037287303
      ]
    },
    "num_results": 6
  },
  "denoising": {
    "metrics": {
      "mean": 0.001413330524014273,
      "std": 0.0014660638593340324,
      "count": 6,
      "values": [
        0.004542242652800366,
        0.00011765047147944269,
        0.0010625946430920623,
        0.0011166680979229867,
        0.001326899775591652,
        0.0003139275031991285
      ]
    },
    "num_results": 6
  },
  "target_metric_score": 0.001413330524014273,
  "timestamp": "2025-05-31T15:19:18.703331"
}