{
  "experiment_name": "candidate_q_net_0_neuron_7",
  "coalition_neurons": [
    "q_net.4_neuron_2",
    "q_net.4_neuron_3",
    "q_net.0_neuron_38",
    "q_net.0_neuron_3",
    "q_net.0_neuron_24",
    "q_net.4_neuron_4",
    "q_net.0_neuron_40",
    "q_net.0_neuron_5",
    "q_net.0_neuron_35",
    "q_net.0_neuron_14",
    "q_net.0_neuron_54",
    "q_net.2_neuron_40",
    "q_net.0_neuron_7"
  ],
  "patch_config": {
    "q_net.4": [
      2,
      3,
      4
    ],
    "q_net.0": [
      38,
      3,
      24,
      40,
      5,
      35,
      14,
      54,
      7
    ],
    "q_net.2": [
      40
    ]
  },
  "noising": {
    "metrics": {
      "mean": 0.0014478933562885171,
      "std": 0.0012623997156253806,
      "count": 6,
      "values": [
        0.0032946031597723933,
        0.00013213183053620663,
        0.0010543565043048455,
        0.0029814417091008037,
        0.0011211656984862375,
        0.00010366123553061488
      ]
    },
    "num_results": 6
  },
  "denoising": {
    "metrics": {
      "mean": 0.0013986379833397405,
      "std": 0.001208881051465387,
      "count": 6,
      "values": [
        0.0030100598624318905,
        0.0001352314153629438,
        0.001032256607950418,
        0.003033633537581501,
        0.0010705796920289436,
        0.00011006678468274611
      ]
    },
    "num_results": 6
  },
  "target_metric_score": 0.0014478933562885171,
  "timestamp": "2025-05-30T17:13:41.677226"
}