{
  "experiment_name": "candidate_q_net_2_neuron_50",
  "coalition_neurons": [
    "q_net.0_neuron_38",
    "q_net.0_neuron_24",
    "q_net.0_neuron_27",
    "q_net.0_neuron_47",
    "q_net.0_neuron_36",
    "q_net.0_neuron_40",
    "q_net.2_neuron_63",
    "q_net.2_neuron_38",
    "q_net.0_neuron_13",
    "q_net.2_neuron_21",
    "q_net.0_neuron_20",
    "q_net.0_neuron_14",
    "q_net.0_neuron_56",
    "q_net.2_neuron_5",
    "q_net.0_neuron_45",
    "q_net.0_neuron_52",
    "q_net.2_neuron_33",
    "q_net.0_neuron_33",
    "q_net.2_neuron_0",
    "q_net.0_neuron_4",
    "q_net.0_neuron_12",
    "q_net.0_neuron_46",
    "q_net.0_neuron_32",
    "q_net.0_neuron_26",
    "q_net.0_neuron_23",
    "q_net.0_neuron_8",
    "q_net.0_neuron_28",
    "q_net.2_neuron_50"
  ],
  "patch_config": {
    "q_net.0": [
      38,
      24,
      27,
      47,
      36,
      40,
      13,
      20,
      14,
      56,
      45,
      52,
      33,
      4,
      12,
      46,
      32,
      26,
      23,
      8,
      28
    ],
    "q_net.2": [
      63,
      38,
      21,
      5,
      33,
      0,
      50
    ]
  },
  "noising": {
    "metrics": {
      "mean": 0.001376236994415831,
      "std": 0.0013673544383739006,
      "count": 6,
      "values": [
        0.004267305406615247,
        0.00010682258500322264,
        0.0009935443099000196,
        0.001243659400192314,
        0.0013089393967709835,
        0.0003371508680131965
      ]
    },
    "num_results": 6
  },
  "denoising": {
    "metrics": {
      "mean": 0.001317616792109861,
      "std": 0.0013165010736976013,
      "count": 6,
      "values": [
        0.004096144710813358,
        9.341989395013264e-05,
        0.0009699842799324124,
        0.001178315620822659,
        0.0012688167234632822,
        0.0002990195236773209
      ]
    },
    "num_results": 6
  },
  "target_metric_score": 0.001376236994415831,
  "timestamp": "2025-05-30T23:31:29.020447"
}