{
  "experiment_name": "candidate_q_net_2_neuron_15",
  "coalition_neurons": [
    "q_net.0_neuron_38",
    "q_net.0_neuron_24",
    "q_net.0_neuron_27",
    "q_net.0_neuron_47",
    "q_net.0_neuron_36",
    "q_net.0_neuron_40",
    "q_net.2_neuron_63",
    "q_net.2_neuron_38",
    "q_net.0_neuron_13",
    "q_net.2_neuron_21",
    "q_net.0_neuron_20",
    "q_net.0_neuron_14",
    "q_net.0_neuron_56",
    "q_net.2_neuron_5",
    "q_net.0_neuron_45",
    "q_net.0_neuron_52",
    "q_net.2_neuron_33",
    "q_net.0_neuron_33",
    "q_net.2_neuron_0",
    "q_net.0_neuron_4",
    "q_net.0_neuron_12",
    "q_net.2_neuron_15"
  ],
  "patch_config": {
    "q_net.0": [
      38,
      24,
      27,
      47,
      36,
      40,
      13,
      20,
      14,
      56,
      45,
      52,
      33,
      4,
      12
    ],
    "q_net.2": [
      63,
      38,
      21,
      5,
      33,
      0,
      15
    ]
  },
  "noising": {
    "metrics": {
      "mean": 0.0012472664467135834,
      "std": 0.0012653453943553754,
      "count": 6,
      "values": [
        0.003917856001167049,
        0.00011158023836843958,
        0.0007681633114675936,
        0.0012178647761739707,
        0.001196458145157511,
        0.0002716762079469368
      ]
    },
    "num_results": 6
  },
  "denoising": {
    "metrics": {
      "mean": 0.0012807599376043258,
      "std": 0.0013403670892823153,
      "count": 6,
      "values": [
        0.004115347135427131,
        0.00010823703510528452,
        0.0007679009905535794,
        0.0011371849680616955,
        0.0013167047896672612,
        0.00023918470681100245
      ]
    },
    "num_results": 6
  },
  "target_metric_score": 0.0012807599376043258,
  "timestamp": "2025-05-30T22:46:28.235225"
}