{
  "experiment_name": "candidate_q_net_2_neuron_16",
  "coalition_neurons": [
    "q_net.0_neuron_38",
    "q_net.0_neuron_24",
    "q_net.0_neuron_27",
    "q_net.0_neuron_47",
    "q_net.0_neuron_36",
    "q_net.0_neuron_40",
    "q_net.2_neuron_63",
    "q_net.2_neuron_38",
    "q_net.0_neuron_13",
    "q_net.2_neuron_21",
    "q_net.0_neuron_20",
    "q_net.0_neuron_14",
    "q_net.0_neuron_56",
    "q_net.2_neuron_5",
    "q_net.0_neuron_45",
    "q_net.0_neuron_52",
    "q_net.2_neuron_33",
    "q_net.0_neuron_33",
    "q_net.2_neuron_0",
    "q_net.0_neuron_4",
    "q_net.0_neuron_12",
    "q_net.0_neuron_46",
    "q_net.0_neuron_32",
    "q_net.0_neuron_26",
    "q_net.0_neuron_23",
    "q_net.0_neuron_8",
    "q_net.0_neuron_28",
    "q_net.2_neuron_16"
  ],
  "patch_config": {
    "q_net.0": [
      38,
      24,
      27,
      47,
      36,
      40,
      13,
      20,
      14,
      56,
      45,
      52,
      33,
      4,
      12,
      46,
      32,
      26,
      23,
      8,
      28
    ],
    "q_net.2": [
      63,
      38,
      21,
      5,
      33,
      0,
      16
    ]
  },
  "noising": {
    "metrics": {
      "mean": 0.0013859606160201334,
      "std": 0.0013317237117138852,
      "count": 6,
      "values": [
        0.004206890742355551,
        0.0001365629206711125,
        0.0010803599348608722,
        0.0012236884371285817,
        0.0012777131941612723,
        0.00039054846694341026
      ]
    },
    "num_results": 6
  },
  "denoising": {
    "metrics": {
      "mean": 0.0014529454085820167,
      "std": 0.0015168881758505037,
      "count": 6,
      "values": [
        0.0047017974743655735,
        0.00012378710579015375,
        0.0010621584286752712,
        0.001126514947948941,
        0.0013525819455897465,
        0.0003508325491224126
      ]
    },
    "num_results": 6
  },
  "target_metric_score": 0.0014529454085820167,
  "timestamp": "2025-05-30T22:46:30.589411"
}