{
  "experiment_name": "candidate_q_net_0_neuron_12",
  "coalition_neurons": [
    "q_net.0_neuron_38",
    "q_net.0_neuron_24",
    "q_net.0_neuron_27",
    "q_net.0_neuron_47",
    "q_net.0_neuron_36",
    "q_net.0_neuron_40",
    "q_net.2_neuron_63",
    "q_net.2_neuron_38",
    "q_net.0_neuron_13",
    "q_net.2_neuron_21",
    "q_net.0_neuron_20",
    "q_net.0_neuron_14",
    "q_net.0_neuron_56",
    "q_net.0_neuron_12"
  ],
  "patch_config": {
    "q_net.0": [
      38,
      24,
      27,
      47,
      36,
      40,
      13,
      20,
      14,
      56,
      12
    ],
    "q_net.2": [
      63,
      38,
      21
    ]
  },
  "noising": {
    "metrics": {
      "mean": 0.0010090382821878368,
      "std": 0.001220265299938289,
      "count": 6,
      "values": [
        0.0036558672385029033,
        2.66574605212904e-05,
        0.0005495836622571087,
        0.0007204290740411546,
        0.0009038580898661381,
        0.00019783416793842492
      ]
    },
    "num_results": 6
  },
  "denoising": {
    "metrics": {
      "mean": 0.001025829719878497,
      "std": 0.0012582406152611139,
      "count": 6,
      "values": [
        0.003750734001137241,
        3.0025070751751393e-05,
        0.0005618478281826308,
        0.0006430711795358309,
        0.000991604821911499,
        0.00017769541775202813
      ]
    },
    "num_results": 6
  },
  "target_metric_score": 0.001025829719878497,
  "timestamp": "2025-05-30T22:46:24.722299"
}