{
  "experiment_name": "candidate_q_net_2_neuron_52",
  "coalition_neurons": [
    "q_net.0_neuron_38",
    "q_net.0_neuron_24",
    "q_net.0_neuron_27",
    "q_net.2_neuron_52"
  ],
  "patch_config": {
    "q_net.0": [
      38,
      24,
      27
    ],
    "q_net.2": [
      52
    ]
  },
  "noising": {
    "metrics": {
      "mean": 0.0001791495767168679,
      "std": 0.00019067963478559198,
      "count": 6,
      "values": [
        0.0003014626876743044,
        4.044697819067969e-06,
        3.165907687369151e-05,
        0.0005228565893253181,
        0.0002131652427607286,
        1.709165848096778e-06
      ]
    },
    "num_results": 6
  },
  "denoising": {
    "metrics": {
      "mean": 0.00013846675999878698,
      "std": 0.00014576644568977615,
      "count": 6,
      "values": [
        0.00020854338585966654,
        3.551356966879145e-06,
        3.1198001056627735e-05,
        0.0004078773193309177,
        0.00017799593045307377,
        1.6345663255570928e-06
      ]
    },
    "num_results": 6
  },
  "target_metric_score": 0.0001791495767168679,
  "timestamp": "2025-05-30T23:31:19.588197"
}