{
  "experiment_name": "candidate_q_net_2_neuron_57",
  "coalition_neurons": [
    "q_net.0_neuron_38",
    "q_net.0_neuron_24",
    "q_net.0_neuron_27",
    "q_net.0_neuron_47",
    "q_net.0_neuron_36",
    "q_net.0_neuron_40",
    "q_net.2_neuron_63",
    "q_net.2_neuron_38",
    "q_net.0_neuron_13",
    "q_net.2_neuron_21",
    "q_net.0_neuron_20",
    "q_net.0_neuron_14",
    "q_net.0_neuron_56",
    "q_net.2_neuron_5",
    "q_net.0_neuron_45",
    "q_net.0_neuron_52",
    "q_net.2_neuron_33",
    "q_net.0_neuron_33",
    "q_net.2_neuron_0",
    "q_net.0_neuron_4",
    "q_net.0_neuron_12",
    "q_net.0_neuron_46",
    "q_net.0_neuron_32",
    "q_net.0_neuron_26",
    "q_net.2_neuron_57"
  ],
  "patch_config": {
    "q_net.0": [
      38,
      24,
      27,
      47,
      36,
      40,
      13,
      20,
      14,
      56,
      45,
      52,
      33,
      4,
      12,
      46,
      32,
      26
    ],
    "q_net.2": [
      63,
      38,
      21,
      5,
      33,
      0,
      57
    ]
  },
  "noising": {
    "metrics": {
      "mean": 0.001350659976204288,
      "std": 0.0013621423509935047,
      "count": 6,
      "values": [
        0.004265626367067133,
        0.00012026956959988386,
        0.0010372078297125435,
        0.0010618167423300066,
        0.001230442932715283,
        0.0003885964158008761
      ]
    },
    "num_results": 6
  },
  "denoising": {
    "metrics": {
      "mean": 0.0014247702559332942,
      "std": 0.001547525922304425,
      "count": 6,
      "values": [
        0.004763895039668772,
        0.0001167167946218889,
        0.0010582787311308166,
        0.0009654170859131684,
        0.0012894115396061036,
        0.000354902344659016
      ]
    },
    "num_results": 6
  },
  "target_metric_score": 0.0014247702559332942,
  "timestamp": "2025-05-31T15:19:17.444373"
}