{
  "experiment_name": "candidate_q_net_0_neuron_27",
  "coalition_neurons": [
    "q_net.4_neuron_2",
    "q_net.4_neuron_3",
    "q_net.0_neuron_38",
    "q_net.0_neuron_27"
  ],
  "patch_config": {
    "q_net.4": [
      2,
      3
    ],
    "q_net.0": [
      38,
      27
    ]
  },
  "noising": {
    "metrics": {
      "mean": 0.0009507474774350668,
      "std": 0.000535594795310784,
      "count": 6,
      "values": [
        0.0017826463573627524,
        0.0005404453126608812,
        0.0005853597015828948,
        0.0015645494522948246,
        0.000866788522131845,
        0.00036469551857720283
      ]
    },
    "num_results": 6
  },
  "denoising": {
    "metrics": {
      "mean": 0.0009049386196295835,
      "std": 0.000489830190676717,
      "count": 6,
      "values": [
        0.0016555417042209055,
        0.000539032083547498,
        0.0005421537239918501,
        0.0014650484273899221,
        0.0008665132638650412,
        0.0003613425147622846
      ]
    },
    "num_results": 6
  },
  "target_metric_score": 0.0009507474774350668,
  "timestamp": "2025-05-30T17:13:39.948984"
}