{
  "experiment_name": "candidate_q_net_2_neuron_40",
  "coalition_neurons": [
    "q_net.0_neuron_38",
    "q_net.0_neuron_24",
    "q_net.0_neuron_27",
    "q_net.0_neuron_47",
    "q_net.0_neuron_36",
    "q_net.0_neuron_40",
    "q_net.2_neuron_63",
    "q_net.2_neuron_38",
    "q_net.0_neuron_13",
    "q_net.2_neuron_21",
    "q_net.0_neuron_20",
    "q_net.0_neuron_14",
    "q_net.0_neuron_56",
    "q_net.2_neuron_5",
    "q_net.0_neuron_45",
    "q_net.0_neuron_52",
    "q_net.2_neuron_33",
    "q_net.0_neuron_33",
    "q_net.2_neuron_0",
    "q_net.0_neuron_4",
    "q_net.2_neuron_40"
  ],
  "patch_config": {
    "q_net.0": [
      38,
      24,
      27,
      47,
      36,
      40,
      13,
      20,
      14,
      56,
      45,
      52,
      33,
      4
    ],
    "q_net.2": [
      63,
      38,
      21,
      5,
      33,
      0,
      40
    ]
  },
  "noising": {
    "metrics": {
      "mean": 0.0012553046416453404,
      "std": 0.0013750305454344764,
      "count": 6,
      "values": [
        0.004222659998102093,
        8.762156219005489e-05,
        0.0008006246289147083,
        0.001004861844749255,
        0.0010998829690466892,
        0.00031617684686924144
      ]
    },
    "num_results": 6
  },
  "denoising": {
    "metrics": {
      "mean": 0.0013044081996297292,
      "std": 0.0015054676904024033,
      "count": 6,
      "values": [
        0.004571074664839129,
        9.051734660975135e-05,
        0.0007748534078024037,
        0.0008889609508008567,
        0.0011906072953132827,
        0.00031043553241295136
      ]
    },
    "num_results": 6
  },
  "target_metric_score": 0.0013044081996297292,
  "timestamp": "2025-05-31T15:19:15.769351"
}