{
  "experiment_name": "candidate_q_net_2_neuron_30",
  "coalition_neurons": [
    "q_net.0_neuron_38",
    "q_net.0_neuron_24",
    "q_net.0_neuron_27",
    "q_net.0_neuron_47",
    "q_net.0_neuron_36",
    "q_net.0_neuron_40",
    "q_net.2_neuron_63",
    "q_net.2_neuron_38",
    "q_net.0_neuron_13",
    "q_net.2_neuron_21",
    "q_net.0_neuron_20",
    "q_net.0_neuron_14",
    "q_net.0_neuron_56",
    "q_net.2_neuron_5",
    "q_net.0_neuron_45",
    "q_net.0_neuron_52",
    "q_net.2_neuron_33",
    "q_net.0_neuron_33",
    "q_net.2_neuron_0",
    "q_net.2_neuron_30"
  ],
  "patch_config": {
    "q_net.0": [
      38,
      24,
      27,
      47,
      36,
      40,
      13,
      20,
      14,
      56,
      45,
      52,
      33
    ],
    "q_net.2": [
      63,
      38,
      21,
      5,
      33,
      0,
      30
    ]
  },
  "noising": {
    "metrics": {
      "mean": 0.0012425646685896333,
      "std": 0.00143546347320863,
      "count": 6,
      "values": [
        0.00435684049059489,
        8.279876597336853e-05,
        0.0007817078920296346,
        0.0007912570216240091,
        0.001145804353331057,
        0.00029697948798484107
      ]
    },
    "num_results": 6
  },
  "denoising": {
    "metrics": {
      "mean": 0.001307389329260625,
      "std": 0.001561652370004534,
      "count": 6,
      "values": [
        0.0046959960625046855,
        8.32678858210523e-05,
        0.0007616478186093338,
        0.0007207073191851268,
        0.0012796281051446934,
        0.00030308878429885803
      ]
    },
    "num_results": 6
  },
  "target_metric_score": 0.001307389329260625,
  "timestamp": "2025-05-30T22:46:26.671835"
}