{
  "experiment_name": "candidate_q_net_0_neuron_36",
  "coalition_neurons": [
    "q_net.4_neuron_2",
    "q_net.4_neuron_3",
    "q_net.0_neuron_38",
    "q_net.0_neuron_3",
    "q_net.0_neuron_24",
    "q_net.4_neuron_4",
    "q_net.0_neuron_40",
    "q_net.0_neuron_5",
    "q_net.0_neuron_35",
    "q_net.0_neuron_14",
    "q_net.0_neuron_54",
    "q_net.2_neuron_40",
    "q_net.2_neuron_63",
    "q_net.0_neuron_47",
    "q_net.0_neuron_36"
  ],
  "patch_config": {
    "q_net.4": [
      2,
      3,
      4
    ],
    "q_net.0": [
      38,
      3,
      24,
      40,
      5,
      35,
      14,
      54,
      47,
      36
    ],
    "q_net.2": [
      40,
      63
    ]
  },
  "noising": {
    "metrics": {
      "mean": 0.0015634958613648864,
      "std": 0.0013165898165300696,
      "count": 6,
      "values": [
        0.0033856816755362777,
        0.00011864080201379545,
        0.001144380479823917,
        0.0031757045679028564,
        0.0014798872259263528,
        7.668041698611803e-05
      ]
    },
    "num_results": 6
  },
  "denoising": {
    "metrics": {
      "mean": 0.0015451760437939568,
      "std": 0.0012854423875521804,
      "count": 6,
      "values": [
        0.0031717538124225704,
        0.00012206585827537581,
        0.0011362654517799347,
        0.003258940296295327,
        0.0014986391498390686,
        8.339169415146432e-05
      ]
    },
    "num_results": 6
  },
  "target_metric_score": 0.0015634958613648864,
  "timestamp": "2025-05-30T17:13:42.192480"
}