{
  "experiment_name": "candidate_q_net_0_neuron_13",
  "coalition_neurons": [
    "q_net.4_neuron_2",
    "q_net.4_neuron_3",
    "q_net.0_neuron_38",
    "q_net.0_neuron_3",
    "q_net.0_neuron_24",
    "q_net.4_neuron_4",
    "q_net.0_neuron_40",
    "q_net.0_neuron_5",
    "q_net.0_neuron_35",
    "q_net.0_neuron_14",
    "q_net.0_neuron_54",
    "q_net.2_neuron_40",
    "q_net.2_neuron_63",
    "q_net.0_neuron_47",
    "q_net.0_neuron_4",
    "q_net.0_neuron_26",
    "q_net.0_neuron_61",
    "q_net.2_neuron_30",
    "q_net.0_neuron_13"
  ],
  "patch_config": {
    "q_net.4": [
      2,
      3,
      4
    ],
    "q_net.0": [
      38,
      3,
      24,
      40,
      5,
      35,
      14,
      54,
      47,
      4,
      26,
      61,
      13
    ],
    "q_net.2": [
      40,
      63,
      30
    ]
  },
  "noising": {
    "metrics": {
      "mean": 0.0016000957957620346,
      "std": 0.0013672509387896276,
      "count": 6,
      "values": [
        0.003565221547873384,
        8.623948787890291e-05,
        0.0011843631805800205,
        0.0031841293330028067,
        0.0015214982407588588,
        5.912298447823439e-05
      ]
    },
    "num_results": 6
  },
  "denoising": {
    "metrics": {
      "mean": 0.0015182469693801354,
      "std": 0.0012812831042567836,
      "count": 6,
      "values": [
        0.003309186541074217,
        8.901052413289718e-05,
        0.0011548254926310089,
        0.0030480434951868068,
        0.001447054530707509,
        6.136123254837412e-05
      ]
    },
    "num_results": 6
  },
  "target_metric_score": 0.0016000957957620346,
  "timestamp": "2025-05-30T17:13:44.248869"
}