{
  "experiment_name": "candidate_q_net_2_neuron_7",
  "coalition_neurons": [
    "q_net.0_neuron_38",
    "q_net.0_neuron_24",
    "q_net.0_neuron_27",
    "q_net.0_neuron_47",
    "q_net.0_neuron_36",
    "q_net.2_neuron_7"
  ],
  "patch_config": {
    "q_net.0": [
      38,
      24,
      27,
      47,
      36
    ],
    "q_net.2": [
      7
    ]
  },
  "noising": {
    "metrics": {
      "mean": 0.0003531311499754795,
      "std": 0.00036489554789196965,
      "count": 6,
      "values": [
        0.0010036260871027994,
        1.5185864969975227e-05,
        6.430738528241268e-05,
        0.0005963500009692566,
        0.0004237881063480385,
        1.5529455180394048e-05
      ]
    },
    "num_results": 6
  },
  "denoising": {
    "metrics": {
      "mean": 0.00028829911960068515,
      "std": 0.0002957415475575368,
      "count": 6,
      "values": [
        0.0008268000545721063,
        1.5197642142048082e-05,
        5.534915344708054e-05,
        0.0004367233223048581,
        0.0003816524062456822,
        1.4072138892335523e-05
      ]
    },
    "num_results": 6
  },
  "target_metric_score": 0.0003531311499754795,
  "timestamp": "2025-05-30T23:31:20.241318"
}