{
  "experiment_name": "candidate_q_net_0_neuron_51",
  "coalition_neurons": [
    "q_net.0_neuron_38",
    "q_net.0_neuron_24",
    "q_net.0_neuron_27",
    "q_net.0_neuron_47",
    "q_net.0_neuron_36",
    "q_net.0_neuron_40",
    "q_net.2_neuron_63",
    "q_net.2_neuron_38",
    "q_net.0_neuron_13",
    "q_net.2_neuron_21",
    "q_net.0_neuron_20",
    "q_net.0_neuron_14",
    "q_net.0_neuron_56",
    "q_net.2_neuron_5",
    "q_net.0_neuron_45",
    "q_net.0_neuron_51"
  ],
  "patch_config": {
    "q_net.0": [
      38,
      24,
      27,
      47,
      36,
      40,
      13,
      20,
      14,
      56,
      45,
      51
    ],
    "q_net.2": [
      63,
      38,
      21,
      5
    ]
  },
  "noising": {
    "metrics": {
      "mean": 0.00107246861294707,
      "std": 0.0012880246579537236,
      "count": 6,
      "values": [
        0.003881389328542339,
        8.580874018889319e-05,
        0.000589778051641932,
        0.0006790903101034124,
        0.000956538921411909,
        0.00024220632579393438
      ]
    },
    "num_results": 6
  },
  "denoising": {
    "metrics": {
      "mean": 0.0010797320674749194,
      "std": 0.0013052739532922093,
      "count": 6,
      "values": [
        0.003925709473586912,
        9.065961620612832e-05,
        0.0005855876395172797,
        0.0006561427248960221,
        0.0009842861186071113,
        0.00023600683203606372
      ]
    },
    "num_results": 6
  },
  "target_metric_score": 0.0010797320674749194,
  "timestamp": "2025-05-31T15:19:13.811652"
}