{
  "experiment_name": "candidate_q_net_0_neuron_7",
  "coalition_neurons": [
    "q_net.4_neuron_2",
    "q_net.4_neuron_3",
    "q_net.0_neuron_38",
    "q_net.0_neuron_3",
    "q_net.0_neuron_24",
    "q_net.4_neuron_4",
    "q_net.0_neuron_40",
    "q_net.0_neuron_5",
    "q_net.0_neuron_35",
    "q_net.0_neuron_14",
    "q_net.0_neuron_54",
    "q_net.2_neuron_40",
    "q_net.2_neuron_63",
    "q_net.0_neuron_47",
    "q_net.0_neuron_4",
    "q_net.0_neuron_26",
    "q_net.0_neuron_61",
    "q_net.2_neuron_30",
    "q_net.0_neuron_9",
    "q_net.2_neuron_36",
    "q_net.2_neuron_16",
    "q_net.2_neuron_33",
    "q_net.0_neuron_20",
    "q_net.2_neuron_38",
    "q_net.0_neuron_8",
    "q_net.0_neuron_12",
    "q_net.2_neuron_19",
    "q_net.2_neuron_57",
    "q_net.0_neuron_7"
  ],
  "patch_config": {
    "q_net.4": [
      2,
      3,
      4
    ],
    "q_net.0": [
      38,
      3,
      24,
      40,
      5,
      35,
      14,
      54,
      47,
      4,
      26,
      61,
      9,
      20,
      8,
      12,
      7
    ],
    "q_net.2": [
      40,
      63,
      30,
      36,
      16,
      33,
      38,
      19,
      57
    ]
  },
  "noising": {
    "metrics": {
      "mean": 0.0017645487216867994,
      "std": 0.001639910607702698,
      "count": 6,
      "values": [
        0.004522058291496264,
        7.318455262497129e-05,
        0.0012419069458502784,
        0.003297140519718033,
        0.0013951529674156127,
        5.7849053015635184e-05
      ]
    },
    "num_results": 6
  },
  "denoising": {
    "metrics": {
      "mean": 0.0016680733777498706,
      "std": 0.0015260398112290087,
      "count": 6,
      "values": [
        0.004155007710014316,
        7.29924446816341e-05,
        0.001202897930008222,
        0.0031889994766882857,
        0.0013335969005078428,
        5.494580459892252e-05
      ]
    },
    "num_results": 6
  },
  "target_metric_score": 0.0017645487216867994,
  "timestamp": "2025-05-30T17:13:46.402874"
}