{
  "experiment_name": "candidate_q_net_2_neuron_21",
  "coalition_neurons": [
    "q_net.4_neuron_2",
    "q_net.4_neuron_3",
    "q_net.0_neuron_38",
    "q_net.0_neuron_3",
    "q_net.0_neuron_24",
    "q_net.4_neuron_4",
    "q_net.0_neuron_40",
    "q_net.0_neuron_5",
    "q_net.0_neuron_35",
    "q_net.0_neuron_14",
    "q_net.0_neuron_54",
    "q_net.2_neuron_40",
    "q_net.2_neuron_21"
  ],
  "patch_config": {
    "q_net.4": [
      2,
      3,
      4
    ],
    "q_net.0": [
      38,
      3,
      24,
      40,
      5,
      35,
      14,
      54
    ],
    "q_net.2": [
      40,
      21
    ]
  },
  "noising": {
    "metrics": {
      "mean": 0.001503656050348975,
      "std": 0.0012776102123436366,
      "count": 6,
      "values": [
        0.0031988501130637854,
        0.0001386374923662296,
        0.0010325911600107783,
        0.003197512444158496,
        0.0013435586574490363,
        0.00011078643504552356
      ]
    },
    "num_results": 6
  },
  "denoising": {
    "metrics": {
      "mean": 0.0014654055512766178,
      "std": 0.001235978199775881,
      "count": 6,
      "values": [
        0.0029309290099638566,
        0.00014218122726249622,
        0.001010906841296946,
        0.003261537577925572,
        0.0013290315760930438,
        0.00011784707511779341
      ]
    },
    "num_results": 6
  },
  "target_metric_score": 0.001503656050348975,
  "timestamp": "2025-05-30T17:13:41.807106"
}