{
  "experiment_name": "candidate_q_net_0_neuron_56",
  "coalition_neurons": [
    "q_net.0_neuron_38",
    "q_net.0_neuron_24",
    "q_net.0_neuron_27",
    "q_net.0_neuron_40",
    "q_net.2_neuron_63",
    "q_net.0_neuron_36",
    "q_net.2_neuron_0",
    "q_net.0_neuron_20",
    "q_net.2_neuron_21",
    "q_net.2_neuron_38",
    "q_net.0_neuron_47",
    "q_net.2_neuron_30",
    "q_net.2_neuron_40",
    "q_net.0_neuron_14",
    "q_net.2_neuron_33",
    "q_net.0_neuron_33",
    "q_net.0_neuron_52",
    "q_net.0_neuron_9",
    "q_net.0_neuron_26",
    "q_net.2_neuron_34",
    "q_net.2_neuron_55",
    "q_net.2_neuron_36",
    "q_net.0_neuron_46",
    "q_net.0_neuron_62",
    "q_net.0_neuron_8",
    "q_net.0_neuron_42",
    "q_net.0_neuron_32",
    "q_net.2_neuron_32",
    "q_net.0_neuron_45",
    "q_net.0_neuron_56"
  ],
  "patch_config": {
    "q_net.0": [
      38,
      24,
      27,
      40,
      36,
      20,
      47,
      14,
      33,
      52,
      9,
      26,
      46,
      62,
      8,
      42,
      32,
      45,
      56
    ],
    "q_net.2": [
      63,
      0,
      21,
      38,
      30,
      40,
      33,
      34,
      55,
      36,
      32
    ]
  },
  "noising": {
    "metrics": {
      "mean": 0.0014357533331739447,
      "std": 0.0014302280569278506,
      "count": 6,
      "values": [
        0.004426323687033705,
        7.303744895834644e-05,
        0.0011694920904707813,
        0.0012598698868624128,
        0.0014208362718991759,
        0.00026496061381924723
      ]
    },
    "num_results": 6
  },
  "denoising": {
    "metrics": {
      "mean": 0.0014798519029859125,
      "std": 0.0015613669773599497,
      "count": 6,
      "values": [
        0.004770720631281672,
        7.071903017758429e-05,
        0.0011484267130393525,
        0.0010043666895563162,
        0.0016125790380273715,
        0.0002722993158331801
      ]
    },
    "num_results": 6
  },
  "target_metric_score": 0.0014578026180799286,
  "timestamp": "2025-05-30T23:13:52.054753"
}