{
  "experiment_name": "candidate_q_net_0_neuron_16",
  "coalition_neurons": [
    "q_net.0_neuron_38",
    "q_net.0_neuron_24",
    "q_net.0_neuron_27",
    "q_net.0_neuron_47",
    "q_net.0_neuron_36",
    "q_net.0_neuron_40",
    "q_net.2_neuron_63",
    "q_net.2_neuron_38",
    "q_net.0_neuron_13",
    "q_net.0_neuron_16"
  ],
  "patch_config": {
    "q_net.0": [
      38,
      24,
      27,
      47,
      36,
      40,
      13,
      16
    ],
    "q_net.2": [
      63,
      38
    ]
  },
  "noising": {
    "metrics": {
      "mean": 0.0005537114897924566,
      "std": 0.0006763734786349037,
      "count": 6,
      "values": [
        0.002006212937284809,
        1.3030019359434658e-05,
        0.0002848709001113531,
        0.0003386536401501104,
        0.0005973415064595348,
        8.215993538949725e-05
      ]
    },
    "num_results": 6
  },
  "denoising": {
    "metrics": {
      "mean": 0.0005427822332534269,
      "std": 0.0006796507378559486,
      "count": 6,
      "values": [
        0.002003098533412643,
        1.2116607491594522e-05,
        0.0002722882220901244,
        0.00028121608129689016,
        0.0006055190795442081,
        8.245487568510085e-05
      ]
    },
    "num_results": 6
  },
  "target_metric_score": 0.0005537114897924566,
  "timestamp": "2025-05-30T22:46:23.253077"
}