{
  "experiment_name": "candidate_q_net_2_neuron_15",
  "coalition_neurons": [
    "q_net.0_neuron_38",
    "q_net.0_neuron_24",
    "q_net.0_neuron_27",
    "q_net.0_neuron_47",
    "q_net.0_neuron_36",
    "q_net.0_neuron_40",
    "q_net.2_neuron_63",
    "q_net.2_neuron_38",
    "q_net.0_neuron_13",
    "q_net.2_neuron_21",
    "q_net.0_neuron_20",
    "q_net.0_neuron_14",
    "q_net.0_neuron_56",
    "q_net.2_neuron_5",
    "q_net.0_neuron_45",
    "q_net.0_neuron_52",
    "q_net.2_neuron_33",
    "q_net.0_neuron_33",
    "q_net.2_neuron_0",
    "q_net.0_neuron_4",
    "q_net.0_neuron_12",
    "q_net.0_neuron_46",
    "q_net.0_neuron_32",
    "q_net.2_neuron_15"
  ],
  "patch_config": {
    "q_net.0": [
      38,
      24,
      27,
      47,
      36,
      40,
      13,
      20,
      14,
      56,
      45,
      52,
      33,
      4,
      12,
      46,
      32
    ],
    "q_net.2": [
      63,
      38,
      21,
      5,
      33,
      0,
      15
    ]
  },
  "noising": {
    "metrics": {
      "mean": 0.0012868805574894082,
      "std": 0.0012058956411402858,
      "count": 6,
      "values": [
        0.003797612973566189,
        0.00011580662206873375,
        0.0010607941625178068,
        0.0012154108232537695,
        0.0012405412523853725,
        0.00029111751114457764
      ]
    },
    "num_results": 6
  },
  "denoising": {
    "metrics": {
      "mean": 0.001329232261270478,
      "std": 0.0013071625964561331,
      "count": 6,
      "values": [
        0.004063758878933085,
        9.990345318650583e-05,
        0.0010705168004143516,
        0.0011409860215327063,
        0.001348227795695678,
        0.00025200061786054056
      ]
    },
    "num_results": 6
  },
  "target_metric_score": 0.001329232261270478,
  "timestamp": "2025-05-30T22:46:28.976158"
}