{
  "experiment_name": "candidate_q_net_0_neuron_36",
  "coalition_neurons": [
    "q_net.4_neuron_2",
    "q_net.4_neuron_3",
    "q_net.0_neuron_38",
    "q_net.0_neuron_3",
    "q_net.0_neuron_24",
    "q_net.4_neuron_4",
    "q_net.0_neuron_40",
    "q_net.0_neuron_5",
    "q_net.0_neuron_35",
    "q_net.0_neuron_14",
    "q_net.0_neuron_54",
    "q_net.2_neuron_40",
    "q_net.2_neuron_63",
    "q_net.0_neuron_36"
  ],
  "patch_config": {
    "q_net.4": [
      2,
      3,
      4
    ],
    "q_net.0": [
      38,
      3,
      24,
      40,
      5,
      35,
      14,
      54,
      36
    ],
    "q_net.2": [
      40,
      63
    ]
  },
  "noising": {
    "metrics": {
      "mean": 0.0015041571719125544,
      "std": 0.001262116709738588,
      "count": 6,
      "values": [
        0.0032610040406742423,
        0.00013044631721582952,
        0.0010885944062230795,
        0.0030567618172809806,
        0.0013941817113096698,
        9.395473877152447e-05
      ]
    },
    "num_results": 6
  },
  "denoising": {
    "metrics": {
      "mean": 0.001467382152066973,
      "std": 0.0012161835071136018,
      "count": 6,
      "values": [
        0.003000761692742896,
        0.00013358465205110984,
        0.0010656966301338354,
        0.0031130603502226867,
        0.0013908789864475668,
        0.00010031060080374524
      ]
    },
    "num_results": 6
  },
  "target_metric_score": 0.0015041571719125544,
  "timestamp": "2025-05-30T17:13:42.021434"
}