{
  "experiment_name": "candidate_q_net_0_neuron_9",
  "coalition_neurons": [
    "q_net.0_neuron_38",
    "q_net.0_neuron_24",
    "q_net.0_neuron_27",
    "q_net.0_neuron_47",
    "q_net.0_neuron_36",
    "q_net.0_neuron_40",
    "q_net.2_neuron_63",
    "q_net.2_neuron_38",
    "q_net.0_neuron_13",
    "q_net.2_neuron_21",
    "q_net.0_neuron_20",
    "q_net.0_neuron_14",
    "q_net.0_neuron_56",
    "q_net.2_neuron_5",
    "q_net.0_neuron_45",
    "q_net.0_neuron_52",
    "q_net.2_neuron_33",
    "q_net.0_neuron_9"
  ],
  "patch_config": {
    "q_net.0": [
      38,
      24,
      27,
      47,
      36,
      40,
      13,
      20,
      14,
      56,
      45,
      52,
      9
    ],
    "q_net.2": [
      63,
      38,
      21,
      5,
      33
    ]
  },
  "noising": {
    "metrics": {
      "mean": 0.0011279252045552285,
      "std": 0.001322532530813048,
      "count": 6,
      "values": [
        0.004013849106858532,
        0.000109006342730484,
        0.0005525010520146291,
        0.0007747989845252189,
        0.0009990224869794772,
        0.0003183732542230292
      ]
    },
    "num_results": 6
  },
  "denoising": {
    "metrics": {
      "mean": 0.00116956775963695,
      "std": 0.0013900587538347442,
      "count": 6,
      "values": [
        0.004201175453256028,
        0.0001203055477764875,
        0.0005471660473860534,
        0.0007296022472087094,
        0.0010954867141547756,
        0.00032367054803964564
      ]
    },
    "num_results": 6
  },
  "target_metric_score": 0.00116956775963695,
  "timestamp": "2025-05-30T23:31:24.507199"
}