{
  "experiment_name": "candidate_q_net_0_neuron_16",
  "coalition_neurons": [
    "q_net.0_neuron_38",
    "q_net.0_neuron_16"
  ],
  "patch_config": {
    "q_net.0": [
      38,
      16
    ]
  },
  "noising": {
    "metrics": {
      "mean": 2.6705818836835057e-05,
      "std": 3.2483611082806976e-05,
      "count": 6,
      "values": [
        1.1973856449763362e-05,
        3.546108607330482e-06,
        3.646360106717122e-06,
        9.532597122454073e-05,
        3.52776806242191e-05,
        1.0464936008439552e-05
      ]
    },
    "num_results": 6
  },
  "denoising": {
    "metrics": {
      "mean": 2.1968539210895474e-05,
      "std": 2.364284173590475e-05,
      "count": 6,
      "values": [
        1.7975544187129105e-05,
        3.6999531302428284e-06,
        4.056211046056177e-06,
        7.261198396575196e-05,
        2.2381911068132965e-05,
        1.1085631868059807e-05
      ]
    },
    "num_results": 6
  },
  "target_metric_score": 2.6705818836835057e-05,
  "timestamp": "2025-05-30T22:46:20.198025"
}