{
  "experiment_name": "candidate_q_net_0_neuron_5",
  "coalition_neurons": [
    "q_net.0_neuron_38",
    "q_net.0_neuron_24",
    "q_net.0_neuron_27",
    "q_net.0_neuron_47",
    "q_net.0_neuron_36",
    "q_net.0_neuron_40",
    "q_net.2_neuron_63",
    "q_net.2_neuron_38",
    "q_net.0_neuron_13",
    "q_net.2_neuron_21",
    "q_net.0_neuron_20",
    "q_net.0_neuron_14",
    "q_net.0_neuron_56",
    "q_net.2_neuron_5",
    "q_net.0_neuron_45",
    "q_net.0_neuron_52",
    "q_net.2_neuron_33",
    "q_net.0_neuron_33",
    "q_net.2_neuron_0",
    "q_net.0_neuron_4",
    "q_net.0_neuron_5"
  ],
  "patch_config": {
    "q_net.0": [
      38,
      24,
      27,
      47,
      36,
      40,
      13,
      20,
      14,
      56,
      45,
      52,
      33,
      4,
      5
    ],
    "q_net.2": [
      63,
      38,
      21,
      5,
      33,
      0
    ]
  },
  "noising": {
    "metrics": {
      "mean": 0.001199924460202375,
      "std": 0.0013588412274933015,
      "count": 6,
      "values": [
        0.004111879173030157,
        4.143123272297325e-05,
        0.0007209434299063231,
        0.0009674003198870203,
        0.0011430493611164503,
        0.0002148432445513251
      ]
    },
    "num_results": 6
  },
  "denoising": {
    "metrics": {
      "mean": 0.001253509720150458,
      "std": 0.0014777510843510522,
      "count": 6,
      "values": [
        0.00443537480640319,
        4.1490856120117e-05,
        0.0006978764255161198,
        0.0008954771608390851,
        0.0012326474399788514,
        0.00021819163204538387
      ]
    },
    "num_results": 6
  },
  "target_metric_score": 0.001253509720150458,
  "timestamp": "2025-05-30T23:31:25.582038"
}