{
  "experiment_name": "candidate_q_net_0_neuron_16",
  "coalition_neurons": [
    "q_net.0_neuron_38",
    "q_net.0_neuron_24",
    "q_net.0_neuron_27",
    "q_net.0_neuron_47",
    "q_net.0_neuron_36",
    "q_net.0_neuron_40",
    "q_net.2_neuron_63",
    "q_net.2_neuron_38",
    "q_net.0_neuron_13",
    "q_net.2_neuron_21",
    "q_net.0_neuron_20",
    "q_net.0_neuron_14",
    "q_net.0_neuron_56",
    "q_net.2_neuron_5",
    "q_net.0_neuron_45",
    "q_net.0_neuron_52",
    "q_net.2_neuron_33",
    "q_net.0_neuron_33",
    "q_net.2_neuron_0",
    "q_net.0_neuron_4",
    "q_net.0_neuron_12",
    "q_net.0_neuron_46",
    "q_net.0_neuron_32",
    "q_net.0_neuron_26",
    "q_net.0_neuron_23",
    "q_net.0_neuron_8",
    "q_net.0_neuron_28",
    "q_net.2_neuron_10",
    "q_net.0_neuron_16"
  ],
  "patch_config": {
    "q_net.0": [
      38,
      24,
      27,
      47,
      36,
      40,
      13,
      20,
      14,
      56,
      45,
      52,
      33,
      4,
      12,
      46,
      32,
      26,
      23,
      8,
      28,
      16
    ],
    "q_net.2": [
      63,
      38,
      21,
      5,
      33,
      0,
      10
    ]
  },
  "noising": {
    "metrics": {
      "mean": 0.0012481138004767046,
      "std": 0.0012427552663441014,
      "count": 6,
      "values": [
        0.003885847329232122,
        0.00010025501160149065,
        0.000997537473774554,
        0.001005930934204331,
        0.0011813344430415366,
        0.00031777761100619355
      ]
    },
    "num_results": 6
  },
  "denoising": {
    "metrics": {
      "mean": 0.0012929751942991577,
      "std": 0.0013643784776334624,
      "count": 6,
      "values": [
        0.004215011043859214,
        9.234094469493946e-05,
        0.0009629461650158024,
        0.001009744309984443,
        0.0011783516070101299,
        0.0002994570952304168
      ]
    },
    "num_results": 6
  },
  "target_metric_score": 0.0012929751942991577,
  "timestamp": "2025-05-30T22:46:30.874153"
}