{
  "experiment_name": "candidate_q_net_0_neuron_48",
  "coalition_neurons": [
    "q_net.0_neuron_38",
    "q_net.0_neuron_24",
    "q_net.0_neuron_27",
    "q_net.0_neuron_47",
    "q_net.0_neuron_36",
    "q_net.0_neuron_40",
    "q_net.2_neuron_63",
    "q_net.2_neuron_38",
    "q_net.0_neuron_13",
    "q_net.2_neuron_21",
    "q_net.0_neuron_20",
    "q_net.0_neuron_14",
    "q_net.0_neuron_56",
    "q_net.2_neuron_5",
    "q_net.0_neuron_45",
    "q_net.0_neuron_52",
    "q_net.2_neuron_33",
    "q_net.0_neuron_33",
    "q_net.2_neuron_0",
    "q_net.0_neuron_4",
    "q_net.0_neuron_12",
    "q_net.0_neuron_46",
    "q_net.0_neuron_32",
    "q_net.0_neuron_26",
    "q_net.0_neuron_48"
  ],
  "patch_config": {
    "q_net.0": [
      38,
      24,
      27,
      47,
      36,
      40,
      13,
      20,
      14,
      56,
      45,
      52,
      33,
      4,
      12,
      46,
      32,
      26,
      48
    ],
    "q_net.2": [
      63,
      38,
      21,
      5,
      33,
      0
    ]
  },
  "noising": {
    "metrics": {
      "mean": 0.0013512705243538127,
      "std": 0.0013488801281452563,
      "count": 6,
      "values": [
        0.004231086111462859,
        0.00011920567189365816,
        0.001034137246671004,
        0.0011230911639678112,
        0.0012155149338380572,
        0.0003845880182894853
      ]
    },
    "num_results": 6
  },
  "denoising": {
    "metrics": {
      "mean": 0.0014115852704641371,
      "std": 0.0015091701330551132,
      "count": 6,
      "values": [
        0.004659270212191983,
        0.0001195635900159823,
        0.0010470647904066502,
        0.001016753531860835,
        0.0012848330276879643,
        0.0003420264706214091
      ]
    },
    "num_results": 6
  },
  "target_metric_score": 0.0014115852704641371,
  "timestamp": "2025-05-30T23:31:27.654286"
}