{
  "experiment_name": "candidate_q_net_0_neuron_54",
  "coalition_neurons": [
    "q_net.0_neuron_38",
    "q_net.0_neuron_24",
    "q_net.0_neuron_27",
    "q_net.0_neuron_47",
    "q_net.0_neuron_36",
    "q_net.0_neuron_40",
    "q_net.2_neuron_63",
    "q_net.2_neuron_38",
    "q_net.0_neuron_13",
    "q_net.2_neuron_21",
    "q_net.0_neuron_20",
    "q_net.0_neuron_14",
    "q_net.0_neuron_56",
    "q_net.2_neuron_5",
    "q_net.0_neuron_45",
    "q_net.0_neuron_52",
    "q_net.2_neuron_33",
    "q_net.0_neuron_33",
    "q_net.2_neuron_0",
    "q_net.0_neuron_4",
    "q_net.0_neuron_12",
    "q_net.0_neuron_54"
  ],
  "patch_config": {
    "q_net.0": [
      38,
      24,
      27,
      47,
      36,
      40,
      13,
      20,
      14,
      56,
      45,
      52,
      33,
      4,
      12,
      54
    ],
    "q_net.2": [
      63,
      38,
      21,
      5,
      33,
      0
    ]
  },
  "noising": {
    "metrics": {
      "mean": 0.0013144233529545392,
      "std": 0.0014513696704178962,
      "count": 6,
      "values": [
        0.004450734541117218,
        0.00011451955496011388,
        0.0007480504367782586,
        0.0010714913799182925,
        0.001167796724132823,
        0.00033394748082053033
      ]
    },
    "num_results": 6
  },
  "denoising": {
    "metrics": {
      "mean": 0.0013016462929841628,
      "std": 0.0014666404458536185,
      "count": 6,
      "values": [
        0.004468137707045159,
        0.00010616477031680791,
        0.0007448666965801541,
        0.0009599538141400404,
        0.0012388936388666458,
        0.00029186113095616955
      ]
    },
    "num_results": 6
  },
  "target_metric_score": 0.0013144233529545392,
  "timestamp": "2025-05-30T22:46:28.305193"
}