{
  "experiment_name": "candidate_q_net_0_neuron_3",
  "coalition_neurons": [
    "q_net.0_neuron_38",
    "q_net.0_neuron_24",
    "q_net.0_neuron_27",
    "q_net.0_neuron_47",
    "q_net.0_neuron_36",
    "q_net.0_neuron_40",
    "q_net.0_neuron_3"
  ],
  "patch_config": {
    "q_net.0": [
      38,
      24,
      27,
      47,
      36,
      40,
      3
    ]
  },
  "noising": {
    "metrics": {
      "mean": 0.0003418639402446682,
      "std": 0.00034305555404864083,
      "count": 6,
      "values": [
        0.0009533495918805195,
        3.706719811902271e-06,
        0.00010947640469947568,
        0.0005299065556924826,
        0.00045351036702068626,
        1.2340023629430342e-06
      ]
    },
    "num_results": 6
  },
  "denoising": {
    "metrics": {
      "mean": 0.0003339492807265372,
      "std": 0.00034095861015577355,
      "count": 6,
      "values": [
        0.000956125349697556,
        3.722606762540117e-06,
        0.00010372448901793652,
        0.00044292088304034426,
        0.0004954989947447861,
        1.7033610960602596e-06
      ]
    },
    "num_results": 6
  },
  "target_metric_score": 0.0003418639402446682,
  "timestamp": "2025-05-31T15:19:10.428901"
}