{
  "model.buffer_size": 388697,
  "model.learning_starts": 32363,
  "model.batch_size": 94,
  "model.learning_rate": 8.44602590731561e-05,
  "model.gamma": 0.839057420271522,
  "model.train_freq": 38,
  "model.target_update_interval": 2946,
  "model.exploration_fraction": 0.6565462403663423,
  "model.exploration_final_eps": 0.049968958383910314
}