{
  "model.buffer_size": 80509,
  "model.learning_starts": 8520,
  "model.batch_size": 85,
  "model.learning_rate": 0.0002452994123794723,
  "model.gamma": 0.8486149747977351,
  "model.train_freq": 13,
  "model.target_update_interval": 3515,
  "model.exploration_fraction": 0.6959309386060784,
  "model.exploration_final_eps": 0.03245510719586384
}