{
  "model.buffer_size": 393009,
  "model.learning_starts": 95253,
  "model.batch_size": 55,
  "model.learning_rate": 0.0007171299346630909,
  "model.gamma": 0.8273493198468597,
  "model.train_freq": 91,
  "model.target_update_interval": 1092,
  "model.exploration_fraction": 0.464783336423139,
  "model.exploration_final_eps": 0.01093261066626675
}