{
  "experiment_name": "candidate_q_net_2_neuron_57",
  "coalition_neurons": [
    "q_net.0_neuron_4",
    "q_net.0_neuron_7",
    "q_net.2_neuron_15",
    "q_net.0_neuron_52",
    "q_net.2_neuron_41",
    "q_net.0_neuron_58",
    "q_net.2_neuron_57"
  ],
  "patch_config": {
    "q_net.0": [
      4,
      7,
      52,
      58
    ],
    "q_net.2": [
      15,
      41,
      57
    ]
  },
  "noising": {
    "metrics": {
      "mean": 0.0022847489599395936,
      "std": 0.0011909113654946966,
      "count": 32,
      "values": [
        0.0030671789304776154,
        0.002427421216919301,
        0.0046270026828180155,
        0.0007773717724803841,
        0.0005803603055424822,
        0.0020103354113231997,
        0.0008400309654233995,
        0.0027464922495885613,
        0.0039030557964188917,
        0.002557414028875299,
        0.0024671208979692716,
        0.002260246827544693,
        0.0015902319825273903,
        0.0025808236902437887,
        0.0004767902645518296,
        0.0010473636752717508,
        0.0023194150328181284,
        0.002859966788188617,
        0.0038114775217988617,
        0.004814984484977691,
        0.0027700862949870675,
        0.0029867515244947906,
        0.0006007301446862845,
        0.0035235815815002347,
        0.00132988217652108,
        0.0005003773674930878,
        0.0020631672915187305,
        0.0038035847211353724,
        0.0029353281475458237,
        0.0007320260135368906,
        0.0022188620335084897,
        0.0018825048953799717
      ]
    },
    "num_results": 32
  },
  "denoising": {
    "metrics": {
      "mean": 0.0020030704637183008,
      "std": 0.001154842869877996,
      "count": 32,
      "values": [
        0.0030691915589724783,
        0.0023953357349980053,
        0.0008207277953712899,
        0.0008652089601429158,
        0.00056671617668827,
        0.001619439207676987,
        0.0008337910771368251,
        0.00016284783672818048,
        0.003883415378708732,
        0.0025511166701476518,
        0.0024848498574466527,
        7.369060105172354e-05,
        0.001593264086655416,
        0.0025927261843640415,
        0.0005148648542749601,
        0.0010481692783988472,
        0.0023371270648908093,
        0.0028874865563310592,
        0.003777310136367784,
        0.0045701732660782535,
        0.002776705796599166,
        0.002948105545029195,
        0.0005934237410878951,
        0.003746130857193025,
        0.00134115995942094,
        0.002236862639129117,
        0.001983075676348728,
        0.00201840271249637,
        0.0029760131465779993,
        0.0007248707880411487,
        0.002239710046264054,
        0.0018663416483671036
      ]
    },
    "num_results": 32
  },
  "target_metric_score": 0.0022847489599395936,
  "timestamp": "2025-06-04T19:27:35.140742"
}