{
  "experiment_name": "candidate_q_net_0_neuron_5",
  "coalition_neurons": [
    "q_net.0_neuron_4",
    "q_net.0_neuron_7",
    "q_net.2_neuron_15",
    "q_net.0_neuron_52",
    "q_net.2_neuron_41",
    "q_net.0_neuron_58",
    "q_net.0_neuron_59",
    "q_net.0_neuron_16",
    "q_net.0_neuron_34",
    "q_net.2_neuron_52",
    "q_net.0_neuron_44",
    "q_net.2_neuron_1",
    "q_net.0_neuron_14",
    "q_net.2_neuron_19",
    "q_net.0_neuron_1",
    "q_net.2_neuron_55",
    "q_net.0_neuron_57",
    "q_net.0_neuron_36",
    "q_net.0_neuron_26",
    "q_net.2_neuron_59",
    "q_net.0_neuron_29",
    "q_net.0_neuron_12",
    "q_net.0_neuron_5"
  ],
  "patch_config": {
    "q_net.0": [
      4,
      7,
      52,
      58,
      59,
      16,
      34,
      44,
      14,
      1,
      57,
      36,
      26,
      29,
      12,
      5
    ],
    "q_net.2": [
      15,
      41,
      52,
      1,
      19,
      55,
      59
    ]
  },
  "noising": {
    "metrics": {
      "mean": 0.0038545566342152553,
      "std": 0.001534651924724587,
      "count": 32,
      "values": [
        0.0037071669216633962,
        0.003637212403707263,
        0.0068059042465441755,
        0.0022546231512869386,
        0.0016172711979411947,
        0.002734721532397011,
        0.0024293273744000476,
        0.0045771098357952344,
        0.00753933158934314,
        0.004316672509497521,
        0.0034702328833058904,
        0.00401244185724417,
        0.003649218946152777,
        0.005192318923628064,
        0.002720560242699982,
        0.0022320873737695923,
        0.004118939957277884,
        0.0043088916606559835,
        0.004847483251384038,
        0.006558346459790143,
        0.005084621675358836,
        0.00464908407083886,
        0.0015369012027425522,
        0.004463867461300064,
        0.0031226292604161765,
        0.0008107422706631062,
        0.003743722189759352,
        0.005539827116073454,
        0.005378339439790908,
        0.0024554760573979317,
        0.0025013397856896435,
        0.0033293994463728382
      ]
    },
    "num_results": 32
  },
  "denoising": {
    "metrics": {
      "mean": 0.00343933258484743,
      "std": 0.00155840295099474,
      "count": 32,
      "values": [
        0.003734293117464038,
        0.003578107346660142,
        0.0018096478843535324,
        0.0022617930001649633,
        0.0016206594080178105,
        0.0016544696351875054,
        0.0024062318657985526,
        0.0009352600506008502,
        0.007657980040769619,
        0.004282437839338404,
        0.0034692237473850918,
        0.00012178319932371062,
        0.0036333233113798047,
        0.00516848629229924,
        0.0026222550843725267,
        0.002398869997851494,
        0.004092959856917572,
        0.0043460433037439405,
        0.004774142841215023,
        0.006171320025840282,
        0.005215204884364166,
        0.004645800541437373,
        0.0015270229570079619,
        0.0042954088784465105,
        0.0031980199129470754,
        0.004030683462246665,
        0.0037573910302182156,
        0.003139560147407905,
        0.005289489047107382,
        0.0024582005233639848,
        0.002467703380653913,
        0.0032948701012325
      ]
    },
    "num_results": 32
  },
  "target_metric_score": 0.0038545566342152553,
  "timestamp": "2025-06-04T19:28:00.822989"
}