{
  "experiment_name": "candidate_q_net_2_neuron_33",
  "coalition_neurons": [
    "q_net.0_neuron_4",
    "q_net.0_neuron_7",
    "q_net.2_neuron_15",
    "q_net.0_neuron_52",
    "q_net.2_neuron_41",
    "q_net.0_neuron_58",
    "q_net.0_neuron_59",
    "q_net.0_neuron_16",
    "q_net.0_neuron_34",
    "q_net.2_neuron_52",
    "q_net.0_neuron_44",
    "q_net.2_neuron_1",
    "q_net.0_neuron_14",
    "q_net.2_neuron_19",
    "q_net.0_neuron_1",
    "q_net.2_neuron_55",
    "q_net.0_neuron_57",
    "q_net.0_neuron_36",
    "q_net.0_neuron_26",
    "q_net.2_neuron_33"
  ],
  "patch_config": {
    "q_net.0": [
      4,
      7,
      52,
      58,
      59,
      16,
      34,
      44,
      14,
      1,
      57,
      36,
      26
    ],
    "q_net.2": [
      15,
      41,
      52,
      1,
      19,
      55,
      33
    ]
  },
  "noising": {
    "metrics": {
      "mean": 0.0036133279261598853,
      "std": 0.0014040623287931452,
      "count": 32,
      "values": [
        0.0035590638390255447,
        0.0036869370084740005,
        0.006799655309609298,
        0.0025352706834414485,
        0.0016551938656673704,
        0.002721867348709217,
        0.002359219874785823,
        0.003792995536536864,
        0.006261509711277868,
        0.0038771428793436535,
        0.003602249672806729,
        0.0035992228396989623,
        0.0029579794588761588,
        0.00480920297425369,
        0.002362348318155738,
        0.002796798724625127,
        0.004175425029302349,
        0.003830164485753601,
        0.004555596761663255,
        0.006662504346770792,
        0.004575328132794737,
        0.004085658456427527,
        0.001566779501598753,
        0.004722173067000152,
        0.002128572279807006,
        0.0005796098144705275,
        0.0038644523700812616,
        0.004626288890071384,
        0.004906989775834203,
        0.0026409327489348433,
        0.002263237797066525,
        0.0030661221342519196
      ]
    },
    "num_results": 32
  },
  "denoising": {
    "metrics": {
      "mean": 0.0033017342007872876,
      "std": 0.0013155700885882306,
      "count": 32,
      "values": [
        0.0035300191536782877,
        0.0036243120486667,
        0.002207734760030694,
        0.0025850121539114645,
        0.001644638164681217,
        0.0017533699358499022,
        0.0023364944934703424,
        0.0014205285317239746,
        0.006330132842571029,
        0.0038494576570118066,
        0.003602337269475786,
        0.0008046610100762852,
        0.0029483263113623814,
        0.004775781036973209,
        0.0022970548154385706,
        0.0029602554486358457,
        0.004187379164613314,
        0.0038517790601471646,
        0.004513915741503671,
        0.0061976391120404095,
        0.004606289623927118,
        0.0040676544438749684,
        0.001558754595436862,
        0.004450753425808723,
        0.002178198331325376,
        0.004081305183417372,
        0.0037794522387565033,
        0.00256268490966996,
        0.005001740491699103,
        0.002624165586265298,
        0.0022876611313660533,
        0.00303600575178381
      ]
    },
    "num_results": 32
  },
  "target_metric_score": 0.0036133279261598853,
  "timestamp": "2025-06-04T19:27:55.542222"
}