{
  "experiment_name": "candidate_q_net_2_neuron_45",
  "coalition_neurons": [
    "q_net.0_neuron_4",
    "q_net.0_neuron_7",
    "q_net.2_neuron_15",
    "q_net.0_neuron_52",
    "q_net.2_neuron_41",
    "q_net.0_neuron_58",
    "q_net.0_neuron_59",
    "q_net.0_neuron_16",
    "q_net.0_neuron_34",
    "q_net.2_neuron_52",
    "q_net.0_neuron_44",
    "q_net.2_neuron_1",
    "q_net.0_neuron_14",
    "q_net.2_neuron_19",
    "q_net.0_neuron_1",
    "q_net.2_neuron_55",
    "q_net.0_neuron_57",
    "q_net.0_neuron_36",
    "q_net.0_neuron_26",
    "q_net.2_neuron_59",
    "q_net.0_neuron_29",
    "q_net.0_neuron_12",
    "q_net.0_neuron_27",
    "q_net.0_neuron_2",
    "q_net.2_neuron_3",
    "q_net.0_neuron_31",
    "q_net.0_neuron_6",
    "q_net.2_neuron_13",
    "q_net.2_neuron_45"
  ],
  "patch_config": {
    "q_net.0": [
      4,
      7,
      52,
      58,
      59,
      16,
      34,
      44,
      14,
      1,
      57,
      36,
      26,
      29,
      12,
      27,
      2,
      31,
      6
    ],
    "q_net.2": [
      15,
      41,
      52,
      1,
      19,
      55,
      59,
      3,
      13,
      45
    ]
  },
  "noising": {
    "metrics": {
      "mean": 0.003967723834744365,
      "std": 0.0016220134002436863,
      "count": 32,
      "values": [
        0.004356421619584494,
        0.003342394224748163,
        0.007095894320951618,
        0.0026513439784629778,
        0.0017759997711587205,
        0.003532523604757448,
        0.0029751654252050397,
        0.00440783709560319,
        0.007740496731210106,
        0.004228489290235449,
        0.0035373637292577254,
        0.004160513232183166,
        0.004541782911778786,
        0.005073873429025766,
        0.002644092680417487,
        0.0019278941890276124,
        0.004423183850173762,
        0.004417870155710657,
        0.005273515158477765,
        0.005601798591828688,
        0.005061471908896997,
        0.004109891423979578,
        0.0010468094263680339,
        0.003793140784754817,
        0.0038018745696823397,
        7.036471866544991e-05,
        0.005098088157904274,
        0.0055314531706542325,
        0.006347500052916094,
        0.0021227861250399938,
        0.00323258186300332,
        0.003042746520155931
      ]
    },
    "num_results": 32
  },
  "denoising": {
    "metrics": {
      "mean": 0.00359938992734918,
      "std": 0.0016561819857477942,
      "count": 32,
      "values": [
        0.004209095932637713,
        0.0032983929312864757,
        0.002147384791291118,
        0.0026004035700844808,
        0.0018111927600033828,
        0.0021629280142682616,
        0.002945588519297909,
        0.0008421904602692598,
        0.007822223418130242,
        0.004196764612679815,
        0.0035409935154770145,
        3.8144235088105605e-05,
        0.004528378840226804,
        0.005048582183148159,
        0.0025777929097831886,
        0.002100283077981463,
        0.004380614450071263,
        0.004450789170357267,
        0.005126325284351613,
        0.005319439066406334,
        0.005040382236191354,
        0.004106142204011343,
        0.0010445240315007098,
        0.00365801792856818,
        0.0038674206269276035,
        0.0057342665354124245,
        0.0050566824711365255,
        0.0028185609793940636,
        0.006452653488150356,
        0.002104150139609323,
        0.0031325383675180063,
        0.0030176309239139942
      ]
    },
    "num_results": 32
  },
  "target_metric_score": 0.003967723834744365,
  "timestamp": "2025-06-04T19:28:11.344815"
}