{
  "experiment_name": "candidate_q_net_2_neuron_0",
  "coalition_neurons": [
    "q_net.0_neuron_4",
    "q_net.0_neuron_7",
    "q_net.2_neuron_15",
    "q_net.0_neuron_52",
    "q_net.2_neuron_41",
    "q_net.0_neuron_58",
    "q_net.0_neuron_59",
    "q_net.0_neuron_16",
    "q_net.0_neuron_34",
    "q_net.2_neuron_52",
    "q_net.0_neuron_44",
    "q_net.2_neuron_1",
    "q_net.2_neuron_0"
  ],
  "patch_config": {
    "q_net.0": [
      4,
      7,
      52,
      58,
      59,
      16,
      34,
      44
    ],
    "q_net.2": [
      15,
      41,
      52,
      1,
      0
    ]
  },
  "noising": {
    "metrics": {
      "mean": 0.003176943791704842,
      "std": 0.001273557309226487,
      "count": 32,
      "values": [
        0.003623626870618263,
        0.002551175132662925,
        0.006195403204933336,
        0.002939150434975224,
        0.0012108459063151222,
        0.0022128586432301756,
        0.0023989257305069567,
        0.003069520338528975,
        0.005306800577594528,
        0.0035244046390955353,
        0.0035731018804440184,
        0.002728038327717147,
        0.002511183740090933,
        0.0042048562495783925,
        0.0023851305454827276,
        0.002602169656658576,
        0.003384581827425237,
        0.003154082554150145,
        0.004628876279683114,
        0.005603377928845965,
        0.004085051528622374,
        0.003433472882292371,
        0.0011946245335199557,
        0.004215405294741126,
        0.0014065892901493626,
        0.0003738991979248818,
        0.003196337668889826,
        0.004333757190198295,
        0.004254458176493531,
        0.0020628515439865547,
        0.0025234678659625254,
        0.0027741756932368467
      ]
    },
    "num_results": 32
  },
  "denoising": {
    "metrics": {
      "mean": 0.002979432390507313,
      "std": 0.0011589215096272636,
      "count": 32,
      "values": [
        0.003534634766110434,
        0.0025130181732656576,
        0.002668601843453744,
        0.0029786178382524287,
        0.0012319077620193686,
        0.001448305718333126,
        0.0023754762860587197,
        0.0009745649564061321,
        0.005193061695346668,
        0.003503464880715207,
        0.0035707533250922407,
        0.0012039393258971576,
        0.0025070479592044226,
        0.004190639876259256,
        0.0023554588149002353,
        0.002606914951669259,
        0.0033183341184860604,
        0.0031756517794625794,
        0.004560779056280856,
        0.005373910604785981,
        0.00412912508598734,
        0.0034130867494400474,
        0.001170513302463816,
        0.004296190485239465,
        0.0014452522662396217,
        0.00408506609590556,
        0.0034084654591517993,
        0.002491147201161892,
        0.00427129506200008,
        0.002045261104283408,
        0.0025521178056159,
        0.0027492321467455505
      ]
    },
    "num_results": 32
  },
  "target_metric_score": 0.003176943791704842,
  "timestamp": "2025-06-04T19:27:44.430004"
}