{
  "experiment_name": "candidate_q_net_0_neuron_58",
  "coalition_neurons": [
    "q_net.0_neuron_4",
    "q_net.0_neuron_7",
    "q_net.2_neuron_15",
    "q_net.0_neuron_52",
    "q_net.0_neuron_58"
  ],
  "patch_config": {
    "q_net.0": [
      4,
      7,
      52,
      58
    ],
    "q_net.2": [
      15
    ]
  },
  "noising": {
    "metrics": {
      "mean": 0.0021441357373223327,
      "std": 0.0012073589976865325,
      "count": 32,
      "values": [
        0.002952235189268071,
        0.002010335666149665,
        0.004490950971393043,
        0.0009233889730847489,
        0.0008867955911665004,
        0.0018307220404115698,
        0.0009620743335993776,
        0.0023103967577719486,
        0.0036009493499717105,
        0.002374472577408304,
        0.002302051861990062,
        0.0018364378377333512,
        0.0015706013148167053,
        0.0023629932076232874,
        4.153229980605189e-05,
        0.0006396643960425441,
        0.002424752018062609,
        0.0023175693138643427,
        0.0035682654776039158,
        0.00495085774945328,
        0.0026201916993953966,
        0.0025323383404532995,
        0.000394742601223963,
        0.00395567824241852,
        0.0011137908522568796,
        0.0004946008422287707,
        0.002357507918100077,
        0.003839446729623913,
        0.0026608462760216445,
        0.0005209330828589986,
        0.0020295339459806827,
        0.0017356861365314113
      ]
    },
    "num_results": 32
  },
  "denoising": {
    "metrics": {
      "mean": 0.0018782561954945303,
      "std": 0.0011284402650448115,
      "count": 32,
      "values": [
        0.0028976187816161236,
        0.001979817308721349,
        0.0009534264757475042,
        0.001011572897799462,
        0.0008722551494112218,
        0.0014433040672459096,
        0.0009565874997962409,
        0.00026213217901824293,
        0.003580969381199922,
        0.002369837230951327,
        0.0023211659386576378,
        4.4196508306948434e-05,
        0.001573701494294616,
        0.0023765986249243143,
        8.288577764523075e-05,
        0.0006420294925546244,
        0.0023836144471365284,
        0.002345331629825087,
        0.003534237425254938,
        0.004452595480504362,
        0.002628330388668998,
        0.002495215010403451,
        0.00038987684046939974,
        0.004180782389136328,
        0.0011251380595771465,
        0.001938449054161684,
        0.00227794589463437,
        0.001996891334704598,
        0.00270113328730906,
        0.0005155541905573491,
        0.0020499803241885994,
        0.0017210236914023957
      ]
    },
    "num_results": 32
  },
  "target_metric_score": 0.0021441357373223327,
  "timestamp": "2025-06-04T19:27:30.715122"
}