{
  "experiment_name": "candidate_q_net_2_neuron_13",
  "coalition_neurons": [
    "q_net.0_neuron_4",
    "q_net.0_neuron_7",
    "q_net.2_neuron_15",
    "q_net.0_neuron_52",
    "q_net.2_neuron_41",
    "q_net.0_neuron_58",
    "q_net.0_neuron_59",
    "q_net.0_neuron_16",
    "q_net.0_neuron_34",
    "q_net.2_neuron_52",
    "q_net.0_neuron_44",
    "q_net.2_neuron_1",
    "q_net.0_neuron_14",
    "q_net.2_neuron_19",
    "q_net.0_neuron_1",
    "q_net.2_neuron_55",
    "q_net.0_neuron_57",
    "q_net.0_neuron_36",
    "q_net.0_neuron_26",
    "q_net.2_neuron_59",
    "q_net.0_neuron_29",
    "q_net.0_neuron_12",
    "q_net.0_neuron_27",
    "q_net.0_neuron_2",
    "q_net.2_neuron_3",
    "q_net.0_neuron_31",
    "q_net.2_neuron_13"
  ],
  "patch_config": {
    "q_net.0": [
      4,
      7,
      52,
      58,
      59,
      16,
      34,
      44,
      14,
      1,
      57,
      36,
      26,
      29,
      12,
      27,
      2,
      31
    ],
    "q_net.2": [
      15,
      41,
      52,
      1,
      19,
      55,
      59,
      3,
      13
    ]
  },
  "noising": {
    "metrics": {
      "mean": 0.0039600505458495675,
      "std": 0.0016203569709222411,
      "count": 32,
      "values": [
        0.004211050701393576,
        0.003342506394472672,
        0.007222388037355976,
        0.002772069092798951,
        0.001795261020115041,
        0.0034227145447539853,
        0.0031177854161237584,
        0.004723202749123856,
        0.007876213143563626,
        0.004224973113592406,
        0.0035030941544906824,
        0.00421600728560606,
        0.003509478594972415,
        0.004983950504110074,
        0.0026935342701381315,
        0.002140736661182835,
        0.004453543060730036,
        0.004610532122703737,
        0.005371094625002043,
        0.005529276578903369,
        0.005013137976227211,
        0.004455983631586891,
        0.0010691720319103426,
        0.0037609970053591735,
        0.003767987226933306,
        4.468389113737592e-05,
        0.004949359876825737,
        0.005415802048631707,
        0.006243992016925465,
        0.0021640167741283356,
        0.0030887931376837874,
        0.0030282797787035964
      ]
    },
    "num_results": 32
  },
  "denoising": {
    "metrics": {
      "mean": 0.0035930766908037325,
      "std": 0.0016368409555981786,
      "count": 32,
      "values": [
        0.0040651992816891636,
        0.0032985016176676762,
        0.002336406608442143,
        0.0027199469622810613,
        0.0018300186038393562,
        0.0021071757799736024,
        0.003087070468349107,
        0.0009663542015994342,
        0.007996455196925462,
        0.004193371725657508,
        0.003507835903790668,
        4.658898075771134e-05,
        0.003495650585623622,
        0.004961930783518004,
        0.002625479531846442,
        0.002309623909699021,
        0.0044107062632691985,
        0.004642877961932856,
        0.005222627374772915,
        0.005248398092674272,
        0.00499373233972264,
        0.004450505861274712,
        0.001066466211837036,
        0.003627127764108534,
        0.003833870831718156,
        0.005759136040090207,
        0.0049103335405967785,
        0.002776410523977285,
        0.006350237388128094,
        0.0021445376678905503,
        0.0029902876180482874,
        0.0030035884840179383
      ]
    },
    "num_results": 32
  },
  "target_metric_score": 0.0039600505458495675,
  "timestamp": "2025-06-04T19:28:08.476897"
}