{
  "experiment_name": "candidate_q_net_0_neuron_33",
  "coalition_neurons": [
    "q_net.0_neuron_4",
    "q_net.0_neuron_7",
    "q_net.2_neuron_15",
    "q_net.0_neuron_52",
    "q_net.2_neuron_41",
    "q_net.0_neuron_58",
    "q_net.0_neuron_59",
    "q_net.0_neuron_16",
    "q_net.0_neuron_34",
    "q_net.2_neuron_52",
    "q_net.0_neuron_44",
    "q_net.2_neuron_1",
    "q_net.0_neuron_14",
    "q_net.2_neuron_19",
    "q_net.0_neuron_1",
    "q_net.2_neuron_55",
    "q_net.0_neuron_57",
    "q_net.0_neuron_33"
  ],
  "patch_config": {
    "q_net.0": [
      4,
      7,
      52,
      58,
      59,
      16,
      34,
      44,
      14,
      1,
      57,
      33
    ],
    "q_net.2": [
      15,
      41,
      52,
      1,
      19,
      55
    ]
  },
  "noising": {
    "metrics": {
      "mean": 0.0034004472111690475,
      "std": 0.0015142644439462107,
      "count": 32,
      "values": [
        0.00361649287052504,
        0.0030588140431969113,
        0.006607049677927246,
        0.002135238642390125,
        0.0007896608769281666,
        0.0029460506188520863,
        0.0017793180732436353,
        0.0035897015777577312,
        0.006585193464728356,
        0.003746579191583249,
        0.0037482815132856007,
        0.0032585362283356345,
        0.002886484327622091,
        0.004758996803279181,
        0.001775641883549589,
        0.0016981489951317374,
        0.003473518528987224,
        0.003452791456029447,
        0.004665654167155642,
        0.006335122618851191,
        0.004310789943800047,
        0.0038914708656032637,
        0.001274583553547065,
        0.0045409220030202535,
        0.0026754556702910937,
        0.000690386557473277,
        0.004079795969242905,
        0.004648765762973961,
        0.0048663082743133634,
        0.0015933508927257478,
        0.0024412727410323964,
        0.0028939329640262634
      ]
    },
    "num_results": 32
  },
  "denoising": {
    "metrics": {
      "mean": 0.0030527784218966902,
      "std": 0.0014884948766600286,
      "count": 32,
      "values": [
        0.003617003588084089,
        0.0030106843495097957,
        0.0017888066615866227,
        0.002216513004506343,
        0.0007980180196466014,
        0.001820848699084554,
        0.0017642923394143861,
        0.0007354028737112661,
        0.006652282879376137,
        0.0037206453413850538,
        0.003745428055347888,
        0.0002739584720138355,
        0.0028776828326796677,
        0.004726850662976817,
        0.0017603376664327708,
        0.001650960648661548,
        0.0034901666379808516,
        0.0034688181478628177,
        0.0046803260468078756,
        0.005721692671625395,
        0.004347718672398748,
        0.003881211249471911,
        0.0012684486604306877,
        0.004405766747249018,
        0.0027207803853417922,
        0.004129088240391043,
        0.004026231450832751,
        0.0024457004326612353,
        0.00503429234815192,
        0.0015795299021602038,
        0.0024634440486695497,
        0.0028659777642409123
      ]
    },
    "num_results": 32
  },
  "target_metric_score": 0.0034004472111690475,
  "timestamp": "2025-06-04T19:27:51.534951"
}