{
  "experiment_name": "candidate_q_net_0_neuron_20",
  "coalition_neurons": [
    "q_net.0_neuron_4",
    "q_net.0_neuron_7",
    "q_net.2_neuron_15",
    "q_net.0_neuron_52",
    "q_net.2_neuron_41",
    "q_net.0_neuron_58",
    "q_net.0_neuron_59",
    "q_net.0_neuron_16",
    "q_net.0_neuron_34",
    "q_net.2_neuron_52",
    "q_net.0_neuron_44",
    "q_net.2_neuron_1",
    "q_net.0_neuron_14",
    "q_net.2_neuron_19",
    "q_net.0_neuron_1",
    "q_net.2_neuron_55",
    "q_net.0_neuron_57",
    "q_net.0_neuron_36",
    "q_net.0_neuron_26",
    "q_net.2_neuron_59",
    "q_net.0_neuron_29",
    "q_net.0_neuron_20"
  ],
  "patch_config": {
    "q_net.0": [
      4,
      7,
      52,
      58,
      59,
      16,
      34,
      44,
      14,
      1,
      57,
      36,
      26,
      29,
      20
    ],
    "q_net.2": [
      15,
      41,
      52,
      1,
      19,
      55,
      59
    ]
  },
  "noising": {
    "metrics": {
      "mean": 0.0037620300746281574,
      "std": 0.0015902877963907022,
      "count": 32,
      "values": [
        0.003567925671450839,
        0.003529120126614299,
        0.006595281020841115,
        0.0019066421989851756,
        0.0016259796313284336,
        0.002689797978271541,
        0.0017620504494695322,
        0.004226588931608349,
        0.007126269519045519,
        0.004371047944421419,
        0.003314215311434082,
        0.0037551622759347814,
        0.004121989743630983,
        0.0056889369271203305,
        0.0021875418703324045,
        0.0024110016404938206,
        0.004139386558338315,
        0.0041164849181000995,
        0.004552365181549722,
        0.006604883309074494,
        0.005423698909929081,
        0.004229222770476937,
        0.0016259005172788443,
        0.004707780721425053,
        0.002298293410930241,
        0.0007417804148234508,
        0.003857235549976301,
        0.0061671220697755436,
        0.004884708867280624,
        0.002452308768781969,
        0.0024640256008419126,
        0.003240213578535822
      ]
    },
    "num_results": 32
  },
  "denoising": {
    "metrics": {
      "mean": 0.0033446964161873835,
      "std": 0.0016132807808623313,
      "count": 32,
      "values": [
        0.003537146699499061,
        0.00347034611557151,
        0.001345064297416959,
        0.001977662993714907,
        0.0016153167233225463,
        0.0015706474649765378,
        0.0017446222717114324,
        0.00013379555475379057,
        0.007257712353722162,
        0.004331838612025657,
        0.0033157194225889863,
        0.0005368402267422467,
        0.00408027382064205,
        0.005618773037696451,
        0.0021328182203258494,
        0.0026143559794290228,
        0.004160901827052588,
        0.004159147158880799,
        0.004504039192881448,
        0.00613920536715562,
        0.005526686247990492,
        0.004233765341777718,
        0.001616921181219394,
        0.004481868500729735,
        0.0023772838490577486,
        0.004053125096730642,
        0.003790044607331733,
        0.0035197798041001205,
        0.005052263131950702,
        0.0024398295846941587,
        0.0024851621146710356,
        0.003207328517633168
      ]
    },
    "num_results": 32
  },
  "target_metric_score": 0.0037620300746281574,
  "timestamp": "2025-06-04T19:27:58.242339"
}