{
  "experiment_name": "candidate_q_net_0_neuron_35",
  "coalition_neurons": [
    "q_net.0_neuron_4",
    "q_net.0_neuron_7",
    "q_net.2_neuron_15",
    "q_net.0_neuron_52",
    "q_net.2_neuron_41",
    "q_net.0_neuron_58",
    "q_net.0_neuron_59",
    "q_net.0_neuron_16",
    "q_net.0_neuron_34",
    "q_net.2_neuron_52",
    "q_net.0_neuron_44",
    "q_net.2_neuron_1",
    "q_net.0_neuron_14",
    "q_net.2_neuron_19",
    "q_net.0_neuron_1",
    "q_net.2_neuron_55",
    "q_net.0_neuron_57",
    "q_net.0_neuron_35"
  ],
  "patch_config": {
    "q_net.0": [
      4,
      7,
      52,
      58,
      59,
      16,
      34,
      44,
      14,
      1,
      57,
      35
    ],
    "q_net.2": [
      15,
      41,
      52,
      1,
      19,
      55
    ]
  },
  "noising": {
    "metrics": {
      "mean": 0.0032566505899485794,
      "std": 0.001475916196819681,
      "count": 32,
      "values": [
        0.0038059985916032157,
        0.003056474474405574,
        0.007082249204037994,
        0.0023343701749849177,
        0.0011994850278495284,
        0.002366258157979334,
        0.0018166260607309637,
        0.0032903964499827465,
        0.0060271855774601535,
        0.003603092049395379,
        0.0035445901217440734,
        0.0031467961677111855,
        0.002525187576925797,
        0.00462943694420187,
        0.0016061728721714352,
        0.001883680467393567,
        0.003531186874544956,
        0.003744355147690198,
        0.00437858582331474,
        0.005489199757725938,
        0.004184261568789427,
        0.003284088474935193,
        0.00060912922667955,
        0.004372734432827152,
        0.002651161574741462,
        0.0005186913946456095,
        0.0037396896763353116,
        0.004260889220641578,
        0.004892029127589376,
        0.001360462878329416,
        0.0024812447046037855,
        0.002797109076383114
      ]
    },
    "num_results": 32
  },
  "denoising": {
    "metrics": {
      "mean": 0.0029561669516666115,
      "std": 0.001353109934605612,
      "count": 32,
      "values": [
        0.0037782442503969116,
        0.0030117786644815736,
        0.0024711691851714013,
        0.00237423188094138,
        0.001222694689875764,
        0.0015422532885598084,
        0.0017996828966037048,
        0.0010897723692129546,
        0.006077715779759463,
        0.0035847112414612026,
        0.0035490880654342194,
        0.0004121382014738717,
        0.0025037797094122627,
        0.004607818449410023,
        0.00153384160932854,
        0.0019280271895867895,
        0.003511257955336189,
        0.0037688534091779857,
        0.004372876363954281,
        0.004985706991802508,
        0.004176080091630313,
        0.003272595103066739,
        0.000615010287009915,
        0.004206890404381547,
        0.0026958633266174203,
        0.0038312037953074085,
        0.003643187089202665,
        0.002355432218254322,
        0.005039397618964936,
        0.0013540427753973017,
        0.002507118099710187,
        0.00277487945240798
      ]
    },
    "num_results": 32
  },
  "target_metric_score": 0.0032566505899485794,
  "timestamp": "2025-06-04T19:27:51.568156"
}