{
  "experiment_name": "candidate_q_net_2_neuron_45",
  "coalition_neurons": [
    "q_net.0_neuron_4",
    "q_net.0_neuron_7",
    "q_net.2_neuron_15",
    "q_net.0_neuron_52",
    "q_net.2_neuron_41",
    "q_net.0_neuron_58",
    "q_net.0_neuron_59",
    "q_net.0_neuron_16",
    "q_net.0_neuron_34",
    "q_net.2_neuron_52",
    "q_net.0_neuron_44",
    "q_net.2_neuron_1",
    "q_net.0_neuron_14",
    "q_net.2_neuron_19",
    "q_net.0_neuron_1",
    "q_net.2_neuron_55",
    "q_net.0_neuron_57",
    "q_net.0_neuron_36",
    "q_net.0_neuron_26",
    "q_net.2_neuron_59",
    "q_net.0_neuron_29",
    "q_net.0_neuron_12",
    "q_net.0_neuron_27",
    "q_net.0_neuron_2",
    "q_net.2_neuron_45"
  ],
  "patch_config": {
    "q_net.0": [
      4,
      7,
      52,
      58,
      59,
      16,
      34,
      44,
      14,
      1,
      57,
      36,
      26,
      29,
      12,
      27,
      2
    ],
    "q_net.2": [
      15,
      41,
      52,
      1,
      19,
      55,
      59,
      45
    ]
  },
  "noising": {
    "metrics": {
      "mean": 0.0038984633378295157,
      "std": 0.0015585137673453573,
      "count": 32,
      "values": [
        0.004130167998755124,
        0.003174031588566467,
        0.006959160278019655,
        0.0027138442297371668,
        0.0017795312134719077,
        0.0034690556081187762,
        0.002933898806407098,
        0.0045416181115938425,
        0.007668084898591332,
        0.0041324257210519355,
        0.0034400506376936757,
        0.003957293504046527,
        0.0035077310623946034,
        0.005002638282789962,
        0.002474541361170368,
        0.0020065605203437864,
        0.004324076082594608,
        0.004337162235676262,
        0.00494826385561406,
        0.0057074086566288595,
        0.005027909429261679,
        0.004469812677836665,
        0.0010931137165136884,
        0.004049106690052651,
        0.0037187245207985775,
        0.0004907194990463604,
        0.004819375088505495,
        0.005459550751964359,
        0.006196684277942205,
        0.0022128552241626465,
        0.003026621754673553,
        0.0029788085265206043
      ]
    },
    "num_results": 32
  },
  "denoising": {
    "metrics": {
      "mean": 0.0035302555367100353,
      "std": 0.0015563059647704853,
      "count": 32,
      "values": [
        0.004016170069550379,
        0.0031291508263139867,
        0.0022495467096243504,
        0.002662743469922485,
        0.0018146825607014139,
        0.0025548478116100837,
        0.0029062590806610278,
        0.0010931987004767496,
        0.0077838512251446335,
        0.0041002788045330085,
        0.003443178493043153,
        0.0001048293573006065,
        0.003493229724624791,
        0.0049764079030439334,
        0.0024090247853599533,
        0.0021795385576081627,
        0.0042801379001016215,
        0.004368356456175504,
        0.004800586204937535,
        0.005425534918281988,
        0.005006271705743887,
        0.004464169399860135,
        0.0010911544455756705,
        0.003915772555262237,
        0.0037839231513329408,
        0.004823854987089926,
        0.0047074086539832805,
        0.002984135004821642,
        0.006299518425689793,
        0.0021946009200404515,
        0.0029526563933844896,
        0.002953157972921311
      ]
    },
    "num_results": 32
  },
  "target_metric_score": 0.0038984633378295157,
  "timestamp": "2025-06-04T19:28:04.305024"
}