{
  "experiment_name": "candidate_q_net_0_neuron_33",
  "coalition_neurons": [
    "q_net.0_neuron_4",
    "q_net.0_neuron_7",
    "q_net.2_neuron_15",
    "q_net.0_neuron_52",
    "q_net.2_neuron_41",
    "q_net.0_neuron_58",
    "q_net.0_neuron_59",
    "q_net.0_neuron_16",
    "q_net.0_neuron_34",
    "q_net.2_neuron_52",
    "q_net.0_neuron_44",
    "q_net.2_neuron_1",
    "q_net.0_neuron_33"
  ],
  "patch_config": {
    "q_net.0": [
      4,
      7,
      52,
      58,
      59,
      16,
      34,
      44,
      33
    ],
    "q_net.2": [
      15,
      41,
      52,
      1
    ]
  },
  "noising": {
    "metrics": {
      "mean": 0.0029538469742548335,
      "std": 0.0013792462530153352,
      "count": 32,
      "values": [
        0.0033628396310501907,
        0.0022045167997272186,
        0.005811503415686675,
        0.0024333133419803255,
        0.0005875853877926884,
        0.0029281977955535887,
        0.0015265027674166431,
        0.0027003044834812973,
        0.005306800577594528,
        0.0032481874367600305,
        0.003520033844997633,
        0.002414418729115797,
        0.002343241114458078,
        0.00410398899049913,
        0.0016672341561952408,
        0.0018620986554467311,
        0.003144861629733403,
        0.0025903231187713316,
        0.004162050010211166,
        0.006077753357339677,
        0.0038637814368922274,
        0.0029767746034324027,
        0.0010284395484955466,
        0.004503347763549853,
        0.0014065892901493626,
        0.0004440090722066248,
        0.0037811274371024883,
        0.0044485509312081895,
        0.0036912108236996644,
        0.0014431930202284116,
        0.0024699917800843907,
        0.002470332225294136
      ]
    },
    "num_results": 32
  },
  "denoising": {
    "metrics": {
      "mean": 0.002716128623693588,
      "std": 0.0013342255829452475,
      "count": 32,
      "values": [
        0.0033096277500467564,
        0.0021682703304326534,
        0.002151382541837943,
        0.002521844167876014,
        0.0006028462289148218,
        0.0017924099393230308,
        0.0015143063348291574,
        0.00015634120134142004,
        0.005193061695346668,
        0.0032268780627975335,
        0.003517100260854389,
        0.0007036717608142895,
        0.002338860165214812,
        0.004088558812210846,
        0.0017002411119347027,
        0.0018136395584418818,
        0.0031420179011318328,
        0.00258139282051692,
        0.0041770605977256015,
        0.005751091890494275,
        0.003906299704696359,
        0.0029640626687188476,
        0.0010015989023328675,
        0.0045823746987810055,
        0.0014452522662396217,
        0.00408506609590556,
        0.003994475090280836,
        0.002320109669156162,
        0.003799152638505582,
        0.0014283402117286625,
        0.002495073286030658,
        0.0024437075937331076
      ]
    },
    "num_results": 32
  },
  "target_metric_score": 0.0029538469742548335,
  "timestamp": "2025-06-04T19:27:43.274785"
}