{
  "experiment_name": "candidate_q_net_0_neuron_56",
  "coalition_neurons": [
    "q_net.0_neuron_4",
    "q_net.0_neuron_7",
    "q_net.2_neuron_15",
    "q_net.0_neuron_52",
    "q_net.2_neuron_41",
    "q_net.0_neuron_58",
    "q_net.0_neuron_59",
    "q_net.0_neuron_16",
    "q_net.0_neuron_34",
    "q_net.2_neuron_52",
    "q_net.0_neuron_44",
    "q_net.2_neuron_1",
    "q_net.0_neuron_14",
    "q_net.2_neuron_19",
    "q_net.0_neuron_1",
    "q_net.2_neuron_55",
    "q_net.0_neuron_57",
    "q_net.0_neuron_36",
    "q_net.0_neuron_56"
  ],
  "patch_config": {
    "q_net.0": [
      4,
      7,
      52,
      58,
      59,
      16,
      34,
      44,
      14,
      1,
      57,
      36,
      56
    ],
    "q_net.2": [
      15,
      41,
      52,
      1,
      19,
      55
    ]
  },
  "noising": {
    "metrics": {
      "mean": 0.003634077752105381,
      "std": 0.0014464073162111307,
      "count": 32,
      "values": [
        0.0035831160319165223,
        0.0033039915435816303,
        0.006826854421605688,
        0.00274421898244237,
        0.0017520067298125996,
        0.0028470589370486743,
        0.0028832101273158217,
        0.003684420482703843,
        0.0064847845782105284,
        0.003958991229776582,
        0.0035485339227878943,
        0.0033059444283162487,
        0.003130011235783964,
        0.004725162279223566,
        0.002442036571905254,
        0.0021624846673582165,
        0.004027815507120225,
        0.0038200213280147055,
        0.004974153952088806,
        0.006788771018122336,
        0.004662326103495262,
        0.004016813215188042,
        0.0013425546710050529,
        0.0046401197107500125,
        0.0026056585867448023,
        0.000725467499269189,
        0.003836447570253615,
        0.004883110047401856,
        0.005197041015944093,
        0.0018894547487083302,
        0.0024599470162682824,
        0.0030379599072081764
      ]
    },
    "num_results": 32
  },
  "denoising": {
    "metrics": {
      "mean": 0.0033386832200853487,
      "std": 0.0013620464832552436,
      "count": 32,
      "values": [
        0.0034987725511339274,
        0.003249402435453408,
        0.0023118366725068396,
        0.002764456002212784,
        0.0017611333725775502,
        0.0017913253030802379,
        0.00285518865438808,
        0.0014108732619932118,
        0.006584663819993536,
        0.00392897801397199,
        0.003548144771970435,
        0.0009199158670635532,
        0.0031192189899316713,
        0.004694108687517462,
        0.002406822568904343,
        0.0023092911968114194,
        0.00403927890609776,
        0.0038428911147243283,
        0.004917182301206829,
        0.006467187115174106,
        0.004660164754119928,
        0.00399667233235787,
        0.0013360845552942147,
        0.004349166153618245,
        0.002674156763454033,
        0.004155125912785801,
        0.003773365610854007,
        0.0027408710204503417,
        0.005297803771837695,
        0.0019393725190577915,
        0.0024858698137910362,
        0.0030085382283967232
      ]
    },
    "num_results": 32
  },
  "target_metric_score": 0.003634077752105381,
  "timestamp": "2025-06-04T19:27:54.496568"
}