{
  "experiment_name": "candidate_q_net_2_neuron_16",
  "coalition_neurons": [
    "q_net.0_neuron_4",
    "q_net.0_neuron_7",
    "q_net.2_neuron_15",
    "q_net.0_neuron_52",
    "q_net.2_neuron_41",
    "q_net.2_neuron_16"
  ],
  "patch_config": {
    "q_net.0": [
      4,
      7,
      52
    ],
    "q_net.2": [
      15,
      41,
      16
    ]
  },
  "noising": {
    "metrics": {
      "mean": 0.002035118645420942,
      "std": 0.0012245096317863456,
      "count": 32,
      "values": [
        0.0022625234723997467,
        0.002363623552287919,
        0.004434715674738576,
        7.837163184432061e-05,
        0.00043585716353672366,
        0.0006123452963447962,
        0.0003154012543608309,
        0.002258152521706136,
        0.0038416542588495806,
        0.0026028618202802167,
        0.0026035931902147758,
        0.0018289547486971536,
        0.0016591473853661831,
        0.0025855880349645866,
        3.571895903942135e-06,
        0.0012049507790475589,
        0.0024948201055669805,
        0.0024328710277680132,
        0.0030273158557013735,
        0.00414581858612556,
        0.0028348605270554494,
        0.002106058185618126,
        0.0008149463310700711,
        0.004084465834502171,
        0.0014401618726783416,
        0.0002614670449868073,
        0.001117419971000344,
        0.003733609320127146,
        0.0028833920305729455,
        0.0009247178145241064,
        0.0017006508352139238,
        0.0020299086304157443
      ]
    },
    "num_results": 32
  },
  "denoising": {
    "metrics": {
      "mean": 0.0017393723343080243,
      "std": 0.0011639028515096485,
      "count": 32,
      "values": [
        0.002166505658964285,
        0.002329961554676352,
        0.0005944855297065066,
        5.066115532903481e-05,
        0.0004231582857193439,
        0.00041747241986769823,
        0.000312235521267884,
        6.395720026333707e-05,
        0.0038213993737401253,
        0.002596114099612301,
        0.0026214982290348188,
        0.00039775694560789665,
        0.0016617149794413422,
        0.002598897703553288,
        4.718908771877972e-05,
        0.0012069715472584897,
        0.0024521793143900683,
        0.0024598290636981546,
        0.002994391258554552,
        0.00360339018902317,
        0.002841126218280726,
        0.0020673509239967636,
        0.0008097405933643054,
        0.004311691146122232,
        0.001451656694465231,
        0.0006585378009164311,
        0.001093311641998218,
        0.0020400801354706344,
        0.0029240330953873017,
        0.000917107720187188,
        0.001712100339837791,
        0.0020134092704025275
      ]
    },
    "num_results": 32
  },
  "target_metric_score": 0.002035118645420942,
  "timestamp": "2025-06-04T19:27:33.135001"
}