{
  "experiment_name": "candidate_q_net_2_neuron_62",
  "coalition_neurons": [
    "q_net.0_neuron_4",
    "q_net.0_neuron_7",
    "q_net.2_neuron_15",
    "q_net.0_neuron_52",
    "q_net.2_neuron_41",
    "q_net.0_neuron_58",
    "q_net.0_neuron_59",
    "q_net.0_neuron_16",
    "q_net.0_neuron_34",
    "q_net.2_neuron_52",
    "q_net.0_neuron_44",
    "q_net.2_neuron_1",
    "q_net.0_neuron_14",
    "q_net.2_neuron_19",
    "q_net.0_neuron_1",
    "q_net.2_neuron_55",
    "q_net.0_neuron_57",
    "q_net.0_neuron_36",
    "q_net.0_neuron_26",
    "q_net.2_neuron_59",
    "q_net.0_neuron_29",
    "q_net.0_neuron_12",
    "q_net.0_neuron_27",
    "q_net.0_neuron_2",
    "q_net.2_neuron_3",
    "q_net.0_neuron_31",
    "q_net.0_neuron_6",
    "q_net.2_neuron_62"
  ],
  "patch_config": {
    "q_net.0": [
      4,
      7,
      52,
      58,
      59,
      16,
      34,
      44,
      14,
      1,
      57,
      36,
      26,
      29,
      12,
      27,
      2,
      31,
      6
    ],
    "q_net.2": [
      15,
      41,
      52,
      1,
      19,
      55,
      59,
      3,
      62
    ]
  },
  "noising": {
    "metrics": {
      "mean": 0.003896699093309864,
      "std": 0.0016658696767855206,
      "count": 32,
      "values": [
        0.004167607006666685,
        0.0030532548018588346,
        0.007135477463518475,
        0.002626063472943585,
        0.0014727393482838191,
        0.003452455823986067,
        0.0029753392232009512,
        0.004484520443522655,
        0.007772363921032449,
        0.004154399022108263,
        0.0034218525428444946,
        0.0041965702753083145,
        0.004555290663030953,
        0.0049348922062867895,
        0.0022445231257307297,
        0.001732513446651207,
        0.004397855157076913,
        0.004601404252204205,
        0.005304153829420066,
        0.005550608883724467,
        0.00498573873287142,
        0.0042091194934288645,
        0.0008970458224812905,
        0.004013099811851828,
        0.003688856509856897,
        0.00011066267552217735,
        0.005019206725185882,
        0.0054108714730755625,
        0.006194530201425408,
        0.0019968351844597,
        0.0030495438118495755,
        0.0028849756345071254
      ]
    },
    "num_results": 32
  },
  "denoising": {
    "metrics": {
      "mean": 0.0034913887783389478,
      "std": 0.001710137983551111,
      "count": 32,
      "values": [
        0.004027224660070466,
        0.0030106987969497623,
        0.00220056667624427,
        0.0025796391098126814,
        0.001510729281593487,
        0.0018749111249197203,
        0.0029508904029308114,
        0.0002822924135180427,
        0.007860958253275874,
        0.004121271405226057,
        0.003425772753392231,
        5.7735489723820255e-05,
        0.004539695418055073,
        0.004911171004606751,
        0.002183287158722569,
        0.0019037997990991873,
        0.004362482977930626,
        0.004639514273092976,
        0.005165970624421201,
        0.0052562851138766575,
        0.0049646204675303784,
        0.0042112099821576265,
        0.0008953629177697875,
        0.0037617220004864116,
        0.0037597263277086568,
        0.005400882755463632,
        0.004979793967900631,
        0.002788129128705602,
        0.006304594279171738,
        0.0019788949779370457,
        0.0029545128732004766,
        0.0028600944913520776
      ]
    },
    "num_results": 32
  },
  "target_metric_score": 0.003896699093309864,
  "timestamp": "2025-06-04T19:28:09.819997"
}