{
  "experiment_name": "candidate_q_net_2_neuron_59",
  "coalition_neurons": [
    "q_net.0_neuron_4",
    "q_net.0_neuron_7",
    "q_net.2_neuron_15",
    "q_net.0_neuron_52",
    "q_net.2_neuron_41",
    "q_net.0_neuron_58",
    "q_net.0_neuron_59",
    "q_net.2_neuron_59"
  ],
  "patch_config": {
    "q_net.0": [
      4,
      7,
      52,
      58,
      59
    ],
    "q_net.2": [
      15,
      41,
      59
    ]
  },
  "noising": {
    "metrics": {
      "mean": 0.002572366649502145,
      "std": 0.0014136681878011903,
      "count": 32,
      "values": [
        0.0032294346088342363,
        0.0018993838109762629,
        0.005880315110566026,
        0.0011294784375608657,
        5.1268155164985174e-05,
        0.0019397971829124283,
        0.001348416584849521,
        0.0029004627943433614,
        0.004920268763574542,
        0.0026095381848901533,
        0.002758087959137817,
        0.002418641378686165,
        0.0021115020018637187,
        0.002849207777230911,
        0.0011318062595517264,
        0.0012270168445563667,
        0.0029301485988880993,
        0.0030764095465236896,
        0.004155393732488438,
        0.0054058943707813445,
        0.0029855493102007302,
        0.003417344659984334,
        0.00016542867238153458,
        0.004104599319529223,
        0.0012694045354631478,
        0.001045157861625845,
        0.003123705937020993,
        0.0038748335466116113,
        0.0036323814531435406,
        0.00046958592646667574,
        0.0022259318906031056,
        0.0020293375676572467
      ]
    },
    "num_results": 32
  },
  "denoising": {
    "metrics": {
      "mean": 0.0022790654203583708,
      "std": 0.0013297714130519134,
      "count": 32,
      "values": [
        0.003176442518132705,
        0.0018707827638223817,
        0.0008869161550457416,
        0.0011907927817536024,
        6.686001312028456e-05,
        0.0017074377909339356,
        0.0013346379345762494,
        1.7942033711831895e-05,
        0.004828943668824581,
        0.002601029080252032,
        0.002768322113039845,
        0.0010114834824823116,
        0.002109321641792866,
        0.0028582261624227334,
        0.00121290516480288,
        0.0013171929154809636,
        0.002893340522744703,
        0.003110969880941783,
        0.0041231795445287045,
        0.00486605840056567,
        0.0029889058816601477,
        0.0033742228385169326,
        0.00016444590646580437,
        0.004331889248149923,
        0.0012812122933359704,
        0.003498868620906981,
        0.0030352094671843577,
        0.0018177750263372316,
        0.0037631879945087265,
        0.0004646836685834599,
        0.0022470426688360745,
        0.00200986526800645
      ]
    },
    "num_results": 32
  },
  "target_metric_score": 0.002572366649502145,
  "timestamp": "2025-06-04T19:27:35.451372"
}