{
  "experiment_name": "candidate_q_net_0_neuron_56",
  "coalition_neurons": [
    "q_net.0_neuron_4",
    "q_net.0_neuron_7",
    "q_net.2_neuron_15",
    "q_net.0_neuron_52",
    "q_net.2_neuron_41",
    "q_net.0_neuron_58",
    "q_net.0_neuron_59",
    "q_net.0_neuron_16",
    "q_net.0_neuron_34",
    "q_net.2_neuron_52",
    "q_net.0_neuron_44",
    "q_net.2_neuron_1",
    "q_net.0_neuron_14",
    "q_net.2_neuron_19",
    "q_net.0_neuron_1",
    "q_net.2_neuron_55",
    "q_net.0_neuron_57",
    "q_net.0_neuron_36",
    "q_net.0_neuron_26",
    "q_net.2_neuron_59",
    "q_net.0_neuron_29",
    "q_net.0_neuron_12",
    "q_net.0_neuron_27",
    "q_net.0_neuron_2",
    "q_net.2_neuron_3",
    "q_net.0_neuron_31",
    "q_net.0_neuron_6",
    "q_net.2_neuron_13",
    "q_net.0_neuron_56"
  ],
  "patch_config": {
    "q_net.0": [
      4,
      7,
      52,
      58,
      59,
      16,
      34,
      44,
      14,
      1,
      57,
      36,
      26,
      29,
      12,
      27,
      2,
      31,
      6,
      56
    ],
    "q_net.2": [
      15,
      41,
      52,
      1,
      19,
      55,
      59,
      3,
      13
    ]
  },
  "noising": {
    "metrics": {
      "mean": 0.003947293666529644,
      "std": 0.0015860814511710398,
      "count": 32,
      "values": [
        0.0039890225609715835,
        0.0032106481458243907,
        0.0071949042518260065,
        0.002892843719085686,
        0.001944736678735487,
        0.0033774693428604285,
        0.0032652483029001478,
        0.0043074823488697955,
        0.007736240383459575,
        0.004222604717446926,
        0.0033506997624606627,
        0.004047863973481142,
        0.0045974691301648996,
        0.004935793426818519,
        0.0027550877589146705,
        0.0020999381598068023,
        0.00442198729984028,
        0.004550200968200829,
        0.005347289285916601,
        0.005642253868505476,
        0.005099012476849046,
        0.004014168160477116,
        0.0011173718799013521,
        0.003730075278686601,
        0.0037201137459927924,
        4.468389113737592e-05,
        0.00477487957175482,
        0.005402636739072347,
        0.006150658927316838,
        0.002173648483498103,
        0.0030887931376837874,
        0.003107570950488525
      ]
    },
    "num_results": 32
  },
  "denoising": {
    "metrics": {
      "mean": 0.0036097321374867165,
      "std": 0.0015980528394009398,
      "count": 32,
      "values": [
        0.0038396123494814915,
        0.003168383619175902,
        0.002378289628478081,
        0.0028215770704259346,
        0.0020022091283951327,
        0.0021601978498908547,
        0.003229672086113272,
        0.0009399213210715129,
        0.007747506313574709,
        0.0041910280099545505,
        0.0033572644000989804,
        0.00018587607887135538,
        0.004584047634737742,
        0.004915663862793601,
        0.002701282572911773,
        0.002235448259791356,
        0.004372645810483022,
        0.004583505766617174,
        0.005189376435504878,
        0.005487483769904544,
        0.005113438916991175,
        0.004006864867761389,
        0.001114462196664029,
        0.003590825147259641,
        0.003781989613333786,
        0.005759136040090207,
        0.00482375761997883,
        0.0027592268973109235,
        0.006243948077344352,
        0.0021541568225830754,
        0.0029902876180482874,
        0.0030823426139333643
      ]
    },
    "num_results": 32
  },
  "target_metric_score": 0.003947293666529644,
  "timestamp": "2025-06-04T19:28:11.807928"
}