{
  "experiment_name": "candidate_q_net_2_neuron_6",
  "coalition_neurons": [
    "q_net.0_neuron_4",
    "q_net.0_neuron_7",
    "q_net.2_neuron_15",
    "q_net.0_neuron_52",
    "q_net.2_neuron_41",
    "q_net.0_neuron_58",
    "q_net.0_neuron_59",
    "q_net.0_neuron_16",
    "q_net.0_neuron_34",
    "q_net.2_neuron_52",
    "q_net.0_neuron_44",
    "q_net.2_neuron_6"
  ],
  "patch_config": {
    "q_net.0": [
      4,
      7,
      52,
      58,
      59,
      16,
      34,
      44
    ],
    "q_net.2": [
      15,
      41,
      52,
      6
    ]
  },
  "noising": {
    "metrics": {
      "mean": 0.003062810819514602,
      "std": 0.0013680705586395952,
      "count": 32,
      "values": [
        0.003639405613697022,
        0.0020884665182443474,
        0.0062229907220917036,
        0.0029669881090237937,
        0.0012849867618268118,
        0.0027880149680027666,
        0.002457278332752416,
        0.0030303498597135103,
        0.005247191954654201,
        0.003050596243033915,
        0.003144793883406022,
        0.0027216438901422613,
        0.0020070608544133783,
        0.0037649465646807656,
        0.0020270952281320476,
        0.0026962058860422744,
        0.0033379690253686756,
        0.003100867648594352,
        0.004526600881887111,
        0.006142545111309933,
        0.003419983482019162,
        0.0033393541570440055,
        0.00043578028139842906,
        0.004367738634324353,
        0.001655277622347684,
        0.0003015230292894855,
        0.003707127937019966,
        0.004433302017828322,
        0.004080867634766366,
        0.0014988624279372031,
        0.0025109011454047536,
        0.0020132297980702263
      ]
    },
    "num_results": 32
  },
  "denoising": {
    "metrics": {
      "mean": 0.002843083473741218,
      "std": 0.0012450796830090248,
      "count": 32,
      "values": [
        0.0035515125367050204,
        0.002053739387488429,
        0.0026354005005498893,
        0.0030071246920894967,
        0.0013056315069153723,
        0.0016094888328026247,
        0.002433385975682295,
        0.000864731900376392,
        0.005136068640287317,
        0.0030323135465999407,
        0.0031467197249314405,
        0.0011661018478086316,
        0.002005583298067326,
        0.00375333323895663,
        0.0020647023397661057,
        0.0026980777304044523,
        0.0032713838165076836,
        0.003121555734518666,
        0.004457021786320681,
        0.0058204443411747075,
        0.0034679608173346643,
        0.003322700008217633,
        0.0004113680725861546,
        0.004448391733841511,
        0.0016948006509394098,
        0.0041869291030530165,
        0.0039255405034644975,
        0.0021759030369175314,
        0.004198051571052436,
        0.0014805886819254377,
        0.0025392135165300256,
        0.001992902085903553
      ]
    },
    "num_results": 32
  },
  "target_metric_score": 0.003062810819514602,
  "timestamp": "2025-06-04T19:27:43.113935"
}