{
  "experiment_name": "candidate_q_net_2_neuron_45",
  "coalition_neurons": [
    "q_net.0_neuron_4",
    "q_net.0_neuron_7",
    "q_net.2_neuron_15",
    "q_net.0_neuron_52",
    "q_net.2_neuron_41",
    "q_net.0_neuron_58",
    "q_net.0_neuron_59",
    "q_net.0_neuron_16",
    "q_net.2_neuron_45"
  ],
  "patch_config": {
    "q_net.0": [
      4,
      7,
      52,
      58,
      59,
      16
    ],
    "q_net.2": [
      15,
      41,
      45
    ]
  },
  "noising": {
    "metrics": {
      "mean": 0.0026183202847237077,
      "std": 0.0013857613817785707,
      "count": 32,
      "values": [
        0.003282040680050724,
        0.0024952231412242454,
        0.005647718569685156,
        0.0013866666558795815,
        0.0002702321684068254,
        0.002124243495139483,
        0.0012939365701379046,
        0.0022950314200221034,
        0.004419334327423474,
        0.002730032823164863,
        0.0029424233745488915,
        0.0020429621472639603,
        0.0019442730689442078,
        0.0034072403896659165,
        0.0012142098220820907,
        0.0021022426370340686,
        0.0027561055838561943,
        0.0025298431232284035,
        0.004102193996421422,
        0.005787252481382843,
        0.0031821074956258355,
        0.0029331782180262167,
        0.00010075241522383704,
        0.004877182223328308,
        0.00122237504851061,
        0.0008972465631592597,
        0.003165734728656777,
        0.003872042648045193,
        0.003734302856859689,
        0.0009427199035883516,
        0.002203116268485489,
        0.00188228426608672
      ]
    },
    "num_results": 32
  },
  "denoising": {
    "metrics": {
      "mean": 0.002361023535851791,
      "std": 0.0013257383174303159,
      "count": 32,
      "values": [
        0.0032229547056871755,
        0.0024528893554412734,
        0.0014161475913363197,
        0.0014466818494650313,
        0.0002836374151097276,
        0.0017181956294917977,
        0.0012812846153753277,
        0.00024522103837443243,
        0.00432240682922394,
        0.002718747562330176,
        0.002949310934703242,
        0.00039758653351928963,
        0.001944596900455231,
        0.0034038967048754254,
        0.0012869971592852636,
        0.0021221619168557693,
        0.0027245040974404333,
        0.002558109083961091,
        0.004074238507690731,
        0.005428042575833708,
        0.0032697273135198213,
        0.0028735208158116865,
        7.95614040526027e-05,
        0.004931545323872355,
        0.0012414471136168448,
        0.003271348723095452,
        0.0030781717076174553,
        0.001947902708496707,
        0.0038604326044610338,
        0.0009313142506296168,
        0.002205219218768678,
        0.001864950956859679
      ]
    },
    "num_results": 32
  },
  "target_metric_score": 0.0026183202847237077,
  "timestamp": "2025-06-04T19:27:37.912166"
}