{
  "experiment_name": "candidate_q_net_0_neuron_3",
  "coalition_neurons": [
    "q_net.0_neuron_4",
    "q_net.0_neuron_7",
    "q_net.0_neuron_3"
  ],
  "patch_config": {
    "q_net.0": [
      4,
      7,
      3
    ]
  },
  "noising": {
    "metrics": {
      "mean": 0.0014027732386900239,
      "std": 0.0008896243806018661,
      "count": 32,
      "values": [
        0.00158839440365946,
        0.001112451012852067,
        0.0023945949895937957,
        0.00016435877135589916,
        0.0012970079992090655,
        0.00013525121948118612,
        0.00021090846246721306,
        0.0018733586840113392,
        0.0023240377281383284,
        0.0015915644765721604,
        0.0014287880890492544,
        0.0021267225914776144,
        0.00046863386122214523,
        0.0009239170705157007,
        0.0014919884694610253,
        0.0008426455912267095,
        0.002086122499235149,
        0.0018008156160684574,
        0.0017882712222127284,
        0.002891030291028829,
        0.0014115439780457706,
        0.002087326471363171,
        0.0003356002059395069,
        0.003396651800166489,
        0.0005135266805910144,
        0.00031056105546276025,
        0.00039184528396921103,
        0.0034892451104113487,
        0.0013197524942544225,
        0.0006381699768892579,
        0.0013063632148672955,
        0.001147294317282388
      ]
    },
    "num_results": 32
  },
  "denoising": {
    "metrics": {
      "mean": 0.0011684942780953514,
      "std": 0.000770848555134675,
      "count": 32,
      "values": [
        0.0014811479165611485,
        0.001099867780597813,
        0.00020117038730305126,
        0.0001997167753786111,
        0.0012910723275530722,
        0.00014553637108000173,
        0.00021057308069896696,
        0.0005650473110505594,
        0.0022628197679899764,
        0.0015989923905600223,
        0.001461313414381188,
        0.0005078092034277171,
        0.000478780988056704,
        0.0009527746121986147,
        0.001438224998919574,
        0.0008866840451447755,
        0.0020279220820033084,
        0.00182893812525467,
        0.0017642836989929522,
        0.0023479732156325983,
        0.0014326372271689647,
        0.0020453547064624156,
        0.0003341847883956972,
        0.00353268165327722,
        0.0004729318389288806,
        0.00041672359629968403,
        0.00042212214755182886,
        0.0014963771906917611,
        0.0013902130390448242,
        0.000635729153673964,
        0.0013198087832588246,
        0.0011424042815118551
      ]
    },
    "num_results": 32
  },
  "target_metric_score": 0.0014027732386900239,
  "timestamp": "2025-06-04T19:27:28.193818"
}