{
  "experiment_name": "candidate_q_net_2_neuron_55",
  "coalition_neurons": [
    "q_net.0_neuron_4",
    "q_net.2_neuron_55"
  ],
  "patch_config": {
    "q_net.0": [
      4
    ],
    "q_net.2": [
      55
    ]
  },
  "noising": {
    "metrics": {
      "mean": 0.0009400942402442982,
      "std": 0.0008424437866137351,
      "count": 32,
      "values": [
        0.0018683471855786005,
        0.00012490529989905852,
        0.0026817348408129937,
        0.0003202042815240169,
        0.0008230191311399127,
        0.00037131392450356904,
        0.00042840664409854456,
        0.001779785926258881,
        0.0026715469437433303,
        0.0005499113729958427,
        0.0002625447674872716,
        0.0017230036124007697,
        0.0004233539357539895,
        0.0005368288224169848,
        0.0008894583618632435,
        0.0003796008515197513,
        0.0021579317764465755,
        0.0017177439430706154,
        0.002105684852131723,
        1.2563269146670386e-05,
        0.0003876319598227207,
        0.00219653196125566,
        0.00015412642626941309,
        4.008593414817074e-05,
        0.001075639674132739,
        6.660700413377296e-05,
        0.00040095194655695443,
        6.90558300813493e-05,
        0.0019248313531541328,
        0.0003344426018825064,
        0.0013817818322801323,
        0.00022343942130764738
      ]
    },
    "num_results": 32
  },
  "denoising": {
    "metrics": {
      "mean": 0.0007828028828026018,
      "std": 0.0007459980587162387,
      "count": 32,
      "values": [
        0.0017703240656710417,
        0.0001245645373695592,
        9.782691773138619e-05,
        0.0003469650040223704,
        0.0008086302859726668,
        0.0004367125400350502,
        0.0004268330034310486,
        0.0005155217550011637,
        0.0026344624170191178,
        0.0005523481269066322,
        0.00026344168360359355,
        4.494500978421967e-05,
        0.0004246212858377285,
        0.0005397605543992212,
        0.0008406525822750865,
        0.00037922434384007886,
        0.002115870481319504,
        0.0017458658456856735,
        0.0020678410745244846,
        1.2603210127110076e-05,
        0.0003907258100277755,
        0.0021554323415929055,
        0.0001531410394550181,
        4.019951270897715e-05,
        0.0010315867790564037,
        0.00042749443248593644,
        0.0004015929106455096,
        0.00036806082524359907,
        0.001984977245307884,
        0.00033153210011085954,
        0.0013920153240981892,
        0.00022391920439346347
      ]
    },
    "num_results": 32
  },
  "target_metric_score": 0.0009400942402442982,
  "timestamp": "2025-06-04T19:27:26.714106"
}