{
  "experiment_name": "candidate_q_net_0_neuron_54",
  "coalition_neurons": [
    "q_net.0_neuron_4",
    "q_net.0_neuron_7",
    "q_net.2_neuron_15",
    "q_net.0_neuron_52",
    "q_net.2_neuron_41",
    "q_net.0_neuron_58",
    "q_net.0_neuron_59",
    "q_net.0_neuron_16",
    "q_net.0_neuron_34",
    "q_net.2_neuron_52",
    "q_net.0_neuron_44",
    "q_net.2_neuron_1",
    "q_net.0_neuron_14",
    "q_net.2_neuron_19",
    "q_net.0_neuron_1",
    "q_net.2_neuron_55",
    "q_net.0_neuron_57",
    "q_net.0_neuron_36",
    "q_net.0_neuron_26",
    "q_net.2_neuron_59",
    "q_net.0_neuron_29",
    "q_net.0_neuron_12",
    "q_net.0_neuron_27",
    "q_net.0_neuron_2",
    "q_net.2_neuron_3",
    "q_net.0_neuron_54"
  ],
  "patch_config": {
    "q_net.0": [
      4,
      7,
      52,
      58,
      59,
      16,
      34,
      44,
      14,
      1,
      57,
      36,
      26,
      29,
      12,
      27,
      2,
      54
    ],
    "q_net.2": [
      15,
      41,
      52,
      1,
      19,
      55,
      59,
      3
    ]
  },
  "noising": {
    "metrics": {
      "mean": 0.003786063275267166,
      "std": 0.0016518473609198133,
      "count": 32,
      "values": [
        0.003952793738879495,
        0.003182863724314422,
        0.007082172080692978,
        0.0025954491096248644,
        0.001627939859377231,
        0.0033855595068250643,
        0.0028281350725726517,
        0.004481751157441316,
        0.007821945116755796,
        0.004064996730715809,
        0.003075398834004456,
        0.003995093695142088,
        0.003394736067698162,
        0.0047209907147433006,
        0.0020590725797922094,
        0.0016402541274538607,
        0.004290705250229343,
        0.00453312839077033,
        0.004776663735557518,
        0.005522124285363833,
        0.00485602676017427,
        0.004427247772300691,
        0.000516945175043193,
        0.00405805980768198,
        0.0037187468065122686,
        0.0004001585173311062,
        0.0048701571042980285,
        0.005456810664653422,
        0.006086084230707778,
        0.0019146835200128942,
        0.0029268490705815775,
        0.0028904816012973733
      ]
    },
    "num_results": 32
  },
  "denoising": {
    "metrics": {
      "mean": 0.0034071503338859747,
      "std": 0.0016306494589966988,
      "count": 32,
      "values": [
        0.003817875153045658,
        0.003137971402537326,
        0.0022501605512794953,
        0.0026098002298989287,
        0.0016572665782435825,
        0.0023985178513489247,
        0.0028029414830035015,
        0.0009690791369648122,
        0.007942715965961189,
        0.004033406079261503,
        0.0030842551516838956,
        3.683320897840403e-05,
        0.0033800418997611825,
        0.004702220738563162,
        0.001997453402484417,
        0.0017857282073162617,
        0.004326675407066688,
        0.004561430935103,
        0.00465764056943016,
        0.005213125067031893,
        0.0048313632694785835,
        0.004421710129926232,
        0.0005155510546438202,
        0.003931273804592461,
        0.0037847535946602395,
        0.004894277884841092,
        0.0047403123604327635,
        0.0027902432060845084,
        0.006170550925769652,
        0.0018966783528209519,
        0.0028215074364332793,
        0.0028654496457036216
      ]
    },
    "num_results": 32
  },
  "target_metric_score": 0.003786063275267166,
  "timestamp": "2025-06-04T19:28:06.471567"
}