{
  "experiment_name": "candidate_q_net_0_neuron_9",
  "coalition_neurons": [
    "q_net.0_neuron_4",
    "q_net.0_neuron_7",
    "q_net.2_neuron_15",
    "q_net.0_neuron_52",
    "q_net.2_neuron_41",
    "q_net.0_neuron_58",
    "q_net.0_neuron_59",
    "q_net.0_neuron_16",
    "q_net.0_neuron_34",
    "q_net.2_neuron_52",
    "q_net.0_neuron_44",
    "q_net.2_neuron_1",
    "q_net.0_neuron_14",
    "q_net.2_neuron_19",
    "q_net.0_neuron_9"
  ],
  "patch_config": {
    "q_net.0": [
      4,
      7,
      52,
      58,
      59,
      16,
      34,
      44,
      14,
      9
    ],
    "q_net.2": [
      15,
      41,
      52,
      1,
      19
    ]
  },
  "noising": {
    "metrics": {
      "mean": 0.003292492068971989,
      "std": 0.0012854826211349305,
      "count": 32,
      "values": [
        0.0034673255025760574,
        0.0032148786526416395,
        0.006031434736071484,
        0.002134750557672843,
        0.001573025746770984,
        0.002963832386142201,
        0.002034928592523494,
        0.0034155791669339686,
        0.00554262220240842,
        0.0036785799915665107,
        0.0036736110033775415,
        0.0032375644538911452,
        0.0024216251945489986,
        0.004628109405436648,
        0.002509596589619717,
        0.0029448661536971565,
        0.003377171305578186,
        0.0034640931243483386,
        0.004436755383117608,
        0.0059918558571634695,
        0.004092673465710073,
        0.0036363550624601837,
        0.0010814041302388555,
        0.004320482021666988,
        0.0014263127813966547,
        0.000605208893271092,
        0.0038116961657450044,
        0.004338934997149768,
        0.004125306149213415,
        0.0020976519425755236,
        0.002389798873943194,
        0.002691715717646481
      ]
    },
    "num_results": 32
  },
  "denoising": {
    "metrics": {
      "mean": 0.0030085200880214553,
      "std": 0.0012612308642891016,
      "count": 32,
      "values": [
        0.0034885436360921618,
        0.003170032854234589,
        0.0018178974038344786,
        0.002193116462450212,
        0.0015968576014313285,
        0.0017731825688466207,
        0.0020128290865803478,
        0.0010465904228554035,
        0.005618849200063641,
        0.0036547210210984837,
        0.003670542109881436,
        0.0004962284008720175,
        0.0024173340957975853,
        0.004606604888458599,
        0.0024893063693192385,
        0.003008738424350954,
        0.003363116257658061,
        0.0034880067389788383,
        0.004418025530974173,
        0.005597629236951118,
        0.004172216009679347,
        0.003628809082173806,
        0.0010674784607727639,
        0.0043969676639676325,
        0.0015602411868675115,
        0.003906373887389097,
        0.0039027901897423223,
        0.0024507434488931223,
        0.004108471669940134,
        0.0020771679289257883,
        0.0024091820777537576,
        0.0026640488998520007
      ]
    },
    "num_results": 32
  },
  "target_metric_score": 0.003292492068971989,
  "timestamp": "2025-06-04T19:27:47.106858"
}