{
  "experiment_name": "candidate_q_net_0_neuron_18",
  "coalition_neurons": [
    "q_net.0_neuron_4",
    "q_net.0_neuron_7",
    "q_net.2_neuron_15",
    "q_net.0_neuron_52",
    "q_net.2_neuron_41",
    "q_net.0_neuron_58",
    "q_net.0_neuron_59",
    "q_net.0_neuron_16",
    "q_net.0_neuron_34",
    "q_net.2_neuron_52",
    "q_net.0_neuron_44",
    "q_net.2_neuron_1",
    "q_net.0_neuron_14",
    "q_net.2_neuron_19",
    "q_net.0_neuron_1",
    "q_net.2_neuron_55",
    "q_net.0_neuron_57",
    "q_net.0_neuron_36",
    "q_net.0_neuron_26",
    "q_net.2_neuron_59",
    "q_net.0_neuron_29",
    "q_net.0_neuron_12",
    "q_net.0_neuron_27",
    "q_net.0_neuron_18"
  ],
  "patch_config": {
    "q_net.0": [
      4,
      7,
      52,
      58,
      59,
      16,
      34,
      44,
      14,
      1,
      57,
      36,
      26,
      29,
      12,
      27,
      18
    ],
    "q_net.2": [
      15,
      41,
      52,
      1,
      19,
      55,
      59
    ]
  },
  "noising": {
    "metrics": {
      "mean": 0.003864319947282817,
      "std": 0.0015430346898892625,
      "count": 32,
      "values": [
        0.004004001890645537,
        0.0032236196386207783,
        0.007086048860050764,
        0.002731938618639157,
        0.0019149762960767314,
        0.0032091867110428385,
        0.0029330874378673266,
        0.004563534129636615,
        0.007599947030287518,
        0.004100690115100614,
        0.00332835205946605,
        0.003996758472833234,
        0.0033890601962360267,
        0.004886013735789285,
        0.002730877074727467,
        0.002168171377584127,
        0.004278912164676685,
        0.004508255302772574,
        0.005004567944077609,
        0.006015512196198947,
        0.00484983114434942,
        0.0045977820303785555,
        0.0010692064650850153,
        0.004138478608235435,
        0.00334325110426939,
        0.0005374748944347585,
        0.0044129748393170465,
        0.005340054208193501,
        0.005881742138884538,
        0.0022340415804154024,
        0.002771780078207303,
        0.0028081099689498956
      ]
    },
    "num_results": 32
  },
  "denoising": {
    "metrics": {
      "mean": 0.0034960789364907414,
      "std": 0.0015391227301627447,
      "count": 32,
      "values": [
        0.003925569875005169,
        0.003175201137684186,
        0.0023795142093863964,
        0.0027012109839024134,
        0.001936556829112146,
        0.002384328208112102,
        0.0029037522344136646,
        0.0010355038893190838,
        0.007715932400020081,
        0.004068185845793021,
        0.0033310140935165766,
        4.71655410758387e-05,
        0.0033749290755143435,
        0.0048641337380440075,
        0.0026738824010187068,
        0.002282490943722071,
        0.004250776296432474,
        0.0045416127743224954,
        0.004918520908930857,
        0.00571023692812575,
        0.004952175614172077,
        0.004591810306576766,
        0.0010685105130680272,
        0.004021619051200354,
        0.0033985325499489294,
        0.0047763556639772164,
        0.004249927699178868,
        0.002883345604374754,
        0.005964721367576142,
        0.002214434821448563,
        0.0027485879829892423,
        0.0027839864797414016
      ]
    },
    "num_results": 32
  },
  "target_metric_score": 0.003864319947282817,
  "timestamp": "2025-06-04T19:28:02.654712"
}