{
  "experiment_name": "candidate_q_net_2_neuron_62",
  "coalition_neurons": [
    "q_net.0_neuron_4",
    "q_net.0_neuron_7",
    "q_net.2_neuron_15",
    "q_net.0_neuron_52",
    "q_net.2_neuron_41",
    "q_net.0_neuron_58",
    "q_net.0_neuron_59",
    "q_net.0_neuron_16",
    "q_net.0_neuron_34",
    "q_net.2_neuron_52",
    "q_net.0_neuron_44",
    "q_net.2_neuron_1",
    "q_net.0_neuron_14",
    "q_net.2_neuron_19",
    "q_net.0_neuron_1",
    "q_net.2_neuron_55",
    "q_net.0_neuron_57",
    "q_net.0_neuron_36",
    "q_net.0_neuron_26",
    "q_net.2_neuron_59",
    "q_net.2_neuron_62"
  ],
  "patch_config": {
    "q_net.0": [
      4,
      7,
      52,
      58,
      59,
      16,
      34,
      44,
      14,
      1,
      57,
      36,
      26
    ],
    "q_net.2": [
      15,
      41,
      52,
      1,
      19,
      55,
      59,
      62
    ]
  },
  "noising": {
    "metrics": {
      "mean": 0.003696979676690166,
      "std": 0.0015245048850922565,
      "count": 32,
      "values": [
        0.003663799344519797,
        0.0034695364368454717,
        0.006742266323634588,
        0.0021682704538439346,
        0.0012404765730890666,
        0.0027323871766462837,
        0.0023638452491599737,
        0.003884103915592352,
        0.006676214416829529,
        0.004249642979241991,
        0.003614934441037082,
        0.003630181534904686,
        0.00359364501694745,
        0.005089840061752282,
        0.0020055789195795592,
        0.0018137601939445525,
        0.0041851177300056,
        0.003968552122774277,
        0.0047508781099527275,
        0.006604883309074494,
        0.0050476152531371,
        0.004369892706470285,
        0.001429797835130281,
        0.004691753908816043,
        0.0026758506990836317,
        0.0008951816926000278,
        0.004058007565504257,
        0.005415949577126683,
        0.005243576672142342,
        0.002241903276088697,
        0.0024960866510642943,
        0.003289819507545977
      ]
    },
    "num_results": 32
  },
  "denoising": {
    "metrics": {
      "mean": 0.0032780206973775598,
      "std": 0.001554685415340068,
      "count": 32,
      "values": [
        0.0036397336175167105,
        0.0034120308549623335,
        0.0017901140503677193,
        0.0022251869435785665,
        0.001233605115180475,
        0.0012443165818997182,
        0.0023454261227419115,
        0.0005658504494367445,
        0.006758136198564191,
        0.004214647947181072,
        0.0036144170996850467,
        0.0001309654676335259,
        0.0035782336381899593,
        0.005052396804185372,
        0.0019451527207850206,
        0.0019849816535166265,
        0.004207701386025331,
        0.004002532245927587,
        0.004717037038096006,
        0.0061371400098508555,
        0.005070560835637283,
        0.004365931266278433,
        0.00142249686353485,
        0.00439209159179943,
        0.002726488050461995,
        0.00370426249039002,
        0.003968743273770975,
        0.0030955482114725097,
        0.005342046433914671,
        0.0022293497709404697,
        0.0025240598297623096,
        0.0032554777527941947
      ]
    },
    "num_results": 32
  },
  "target_metric_score": 0.003696979676690166,
  "timestamp": "2025-06-04T19:27:57.634056"
}