{
  "experiment_name": "candidate_q_net_2_neuron_21",
  "coalition_neurons": [
    "q_net.0_neuron_4",
    "q_net.0_neuron_7",
    "q_net.2_neuron_21"
  ],
  "patch_config": {
    "q_net.0": [
      4,
      7
    ],
    "q_net.2": [
      21
    ]
  },
  "noising": {
    "metrics": {
      "mean": 0.0013739095005124921,
      "std": 0.0009203619829774273,
      "count": 32,
      "values": [
        0.0019238507736735744,
        0.0013378207889028493,
        0.0025868604812418483,
        0.0003201727836880941,
        0.0010286908072735523,
        5.7926758292276004e-05,
        0.00031358906642389717,
        0.0016329217462094647,
        0.0023015348140697223,
        0.0015277026317531694,
        0.0015695486538609416,
        0.0016041047861592717,
        0.0006107308528179312,
        0.0011989833131864913,
        0.0008965622005348006,
        0.0004507819018587933,
        0.0021382924783424073,
        0.0015275011431327423,
        0.002066551733292593,
        0.003017207848536735,
        0.0015422658715066595,
        0.0017051354389797102,
        0.00011693122747188922,
        0.003459542207963434,
        0.0006309185479438928,
        2.5912171343678292e-05,
        0.0005203761895944958,
        0.0033718740231315214,
        0.0016879368682811702,
        0.00017196244043812814,
        0.0012294603055933162,
        0.0013914531609006964
      ]
    },
    "num_results": 32
  },
  "denoising": {
    "metrics": {
      "mean": 0.0011588041217612715,
      "std": 0.0008204048359607105,
      "count": 32,
      "values": [
        0.0018260584772968325,
        0.0013210599423851832,
        9.42528640652529e-05,
        0.00034701860758609704,
        0.0010140526259297955,
        9.922872957340845e-05,
        0.0003134158191722136,
        0.0006895202288564606,
        0.0022637260608134036,
        0.0015359757637083693,
        0.0016003331486746653,
        9.363371676468502e-05,
        0.0006159571418540288,
        0.0012257064118602057,
        0.0008475613557428763,
        0.0004506088470260239,
        0.0020962473178310626,
        0.0015554605854479209,
        0.0020287932334537295,
        0.002491201388180181,
        0.001562148812537023,
        0.0016672554007970686,
        0.00011685778420772452,
        0.003671072354781396,
        0.0005870703146062528,
        0.0008508119627961275,
        0.0005218585630580308,
        0.0010539229763316393,
        0.0017477302242451254,
        0.0001705286842337561,
        0.00123954068462781,
        0.001383121867916337
      ]
    },
    "num_results": 32
  },
  "target_metric_score": 0.0013739095005124921,
  "timestamp": "2025-06-04T19:27:28.430156"
}