{
  "experiment_name": "candidate_q_net_0_neuron_56",
  "coalition_neurons": [
    "q_net.0_neuron_4",
    "q_net.0_neuron_7",
    "q_net.2_neuron_15",
    "q_net.0_neuron_52",
    "q_net.2_neuron_41",
    "q_net.0_neuron_58",
    "q_net.0_neuron_59",
    "q_net.0_neuron_16",
    "q_net.0_neuron_34",
    "q_net.2_neuron_52",
    "q_net.0_neuron_44",
    "q_net.2_neuron_1",
    "q_net.0_neuron_14",
    "q_net.2_neuron_19",
    "q_net.0_neuron_1",
    "q_net.2_neuron_55",
    "q_net.0_neuron_57",
    "q_net.0_neuron_56"
  ],
  "patch_config": {
    "q_net.0": [
      4,
      7,
      52,
      58,
      59,
      16,
      34,
      44,
      14,
      1,
      57,
      56
    ],
    "q_net.2": [
      15,
      41,
      52,
      1,
      19,
      55
    ]
  },
  "noising": {
    "metrics": {
      "mean": 0.003546353702378613,
      "std": 0.0014186597859918329,
      "count": 32,
      "values": [
        0.0035831160319165223,
        0.0029123284432865937,
        0.006826854421605688,
        0.0026985120583784827,
        0.0015916357561377714,
        0.002902474802901539,
        0.0027145487118962475,
        0.003684420482703843,
        0.0064847845782105284,
        0.0037429856325923716,
        0.0035485339227878943,
        0.0033059444283162487,
        0.0029660571080616926,
        0.00468596758906864,
        0.0023404471162600526,
        0.0021624846673582165,
        0.0035947617609943805,
        0.0038200213280147055,
        0.004974153952088806,
        0.006441418219152728,
        0.004442181003140228,
        0.004016813215188042,
        0.0013425546710050529,
        0.004525192027934499,
        0.0026056585867448023,
        0.000690386557473277,
        0.0039592034127245435,
        0.004625947578309947,
        0.004930221899065085,
        0.0018894547487083302,
        0.0024599470162682824,
        0.0030143067478205776
      ]
    },
    "num_results": 32
  },
  "denoising": {
    "metrics": {
      "mean": 0.0032549154066436126,
      "std": 0.0013219687776108615,
      "count": 32,
      "values": [
        0.0034987725511339274,
        0.002865647793493742,
        0.0023118366725068396,
        0.0027088650152458094,
        0.0016442251504728,
        0.0018321585234480908,
        0.00268795835659677,
        0.0014108732619932118,
        0.006584663819993536,
        0.0037170941731559104,
        0.003548144771970435,
        0.0009199158670635532,
        0.0029569644152509234,
        0.004655983358990506,
        0.0023446729387274212,
        0.0023092911968114194,
        0.003560482015513483,
        0.0038428911147243283,
        0.004917182301206829,
        0.005956407626230481,
        0.004512451864356198,
        0.00399667233235787,
        0.0013360845552942147,
        0.004371887336870162,
        0.002674156763454033,
        0.004129088240391043,
        0.003957632855269455,
        0.002418075074186038,
        0.005076689590990779,
        0.0019393725190577915,
        0.0024858698137910362,
        0.002985281142046964
      ]
    },
    "num_results": 32
  },
  "target_metric_score": 0.003546353702378613,
  "timestamp": "2025-06-04T19:27:52.793945"
}