{
  "experiment_name": "candidate_q_net_0_neuron_34",
  "coalition_neurons": [
    "q_net.0_neuron_4",
    "q_net.0_neuron_7",
    "q_net.2_neuron_15",
    "q_net.0_neuron_34"
  ],
  "patch_config": {
    "q_net.0": [
      4,
      7,
      34
    ],
    "q_net.2": [
      15
    ]
  },
  "noising": {
    "metrics": {
      "mean": 0.0017644328774442941,
      "std": 0.0010459916382581146,
      "count": 32,
      "values": [
        0.002428923281381473,
        0.0013165965184677164,
        0.0034108389717394105,
        0.001343788931696538,
        6.531143140797724e-05,
        0.0006523115800009804,
        0.000984737493241128,
        0.0020622568214290204,
        0.0030348893362248386,
        0.002096691169243048,
        0.0020093586904686433,
        0.0020504977797915214,
        0.0011541933703256568,
        0.0019961440681107168,
        1.776701096239952e-05,
        0.0003874266406710125,
        0.0026208337095278422,
        0.002024483218117795,
        0.002678692239179936,
        0.004027040290830508,
        0.0022075097621844786,
        0.0023694890625440834,
        0.00030465293876064115,
        0.0030346626768487095,
        0.000898800529667565,
        0.00039971022704671233,
        0.0009291523584433747,
        0.0036173439325772883,
        0.0022761101762514002,
        0.0006437890549370051,
        0.0019232993034516976,
        0.0014945495026862932
      ]
    },
    "num_results": 32
  },
  "denoising": {
    "metrics": {
      "mean": 0.0015055923295542424,
      "std": 0.0009653600811950394,
      "count": 32,
      "values": [
        0.0023058042538373347,
        0.0013002899210530772,
        0.0003843185784815073,
        0.0012549458768207067,
        5.237949529124375e-05,
        0.0003231112526810853,
        0.00097950892779064,
        0.0004439850289572056,
        0.0030414267853296484,
        0.002097022197805609,
        0.002034473758143307,
        0.0006759084439985907,
        0.0011552723325347347,
        0.00201627764189663,
        3.0910017493473996e-05,
        0.0004002910817430816,
        0.002561269256443427,
        0.0020481274739650723,
        0.0026427279216537647,
        0.003496141009620729,
        0.0022210005724690174,
        0.0023579958627402697,
        0.0003012500394279638,
        0.0032736186566779124,
        0.0009051186917217735,
        0.0007606295114722939,
        0.0009052672137891404,
        0.0018093902169873388,
        0.0023301568509910275,
        0.0006484407222510646,
        0.001937162942780013,
        0.0014847320088870741
      ]
    },
    "num_results": 32
  },
  "target_metric_score": 0.0017644328774442941,
  "timestamp": "2025-06-04T19:27:29.415742"
}