{
  "experiment_name": "candidate_q_net_0_neuron_3",
  "coalition_neurons": [
    "q_net.0_neuron_4",
    "q_net.0_neuron_7",
    "q_net.2_neuron_15",
    "q_net.0_neuron_52",
    "q_net.2_neuron_41",
    "q_net.0_neuron_58",
    "q_net.0_neuron_59",
    "q_net.0_neuron_16",
    "q_net.0_neuron_34",
    "q_net.2_neuron_52",
    "q_net.0_neuron_44",
    "q_net.2_neuron_1",
    "q_net.0_neuron_14",
    "q_net.0_neuron_3"
  ],
  "patch_config": {
    "q_net.0": [
      4,
      7,
      52,
      58,
      59,
      16,
      34,
      44,
      14,
      3
    ],
    "q_net.2": [
      15,
      41,
      52,
      1
    ]
  },
  "noising": {
    "metrics": {
      "mean": 0.003161074618004204,
      "std": 0.0014247094875247724,
      "count": 32,
      "values": [
        0.0036395078811157777,
        0.0020703961557616835,
        0.006273521679958927,
        0.002522041131299557,
        0.0010377480972716124,
        0.0030924864844956157,
        0.002246405950158903,
        0.003628648258898831,
        0.005799111331004053,
        0.003127673831584632,
        0.003380545222541387,
        0.0035740197808153407,
        0.0021771417653327074,
        0.003762027900843401,
        0.0019970819464190936,
        0.001805477728020033,
        0.003538025098656278,
        0.003732782283452002,
        0.004589343497922921,
        0.005986777936065224,
        0.0037796004823901774,
        0.0039775075802363224,
        0.000622891676636872,
        0.0043484268317574015,
        0.001328371172014814,
        0.0005565285152423771,
        0.0038421458726504987,
        0.004434642876250228,
        0.0038271641911392373,
        0.0013455818199423208,
        0.0027471089759472933,
        0.0023636538203090085
      ]
    },
    "num_results": 32
  },
  "denoising": {
    "metrics": {
      "mean": 0.002849928488898758,
      "std": 0.0013021186387476165,
      "count": 32,
      "values": [
        0.0035866202516477153,
        0.0020372244279888707,
        0.00224323891986844,
        0.002583821172476991,
        0.0010542216972465046,
        0.0018017086886662204,
        0.0022234475806731657,
        0.001077230188735373,
        0.005832701061521839,
        0.003108336464601097,
        0.0033788241051737333,
        0.0010454221322780954,
        0.002175360869734716,
        0.003746113495179143,
        0.002005583595143634,
        0.0017885847192167514,
        0.003516521785775939,
        0.0037463261095995737,
        0.004533476663015179,
        0.0055736544857640236,
        0.0037947156238974655,
        0.003962595867508634,
        0.000617830821637827,
        0.004401448422166582,
        0.001362891465586602,
        0.0036178479636001515,
        0.003948307543695351,
        0.002123282006552152,
        0.0038639661707730033,
        0.0013306507564030123,
        0.0027761774048442878,
        0.0023395791837881874
      ]
    },
    "num_results": 32
  },
  "target_metric_score": 0.003161074618004204,
  "timestamp": "2025-06-04T19:27:45.202190"
}