{
  "experiment_name": "candidate_q_net_2_neuron_63",
  "coalition_neurons": [
    "q_net.0_neuron_4",
    "q_net.0_neuron_7",
    "q_net.2_neuron_15",
    "q_net.0_neuron_52",
    "q_net.2_neuron_41",
    "q_net.0_neuron_58",
    "q_net.0_neuron_59",
    "q_net.0_neuron_16",
    "q_net.0_neuron_34",
    "q_net.2_neuron_52",
    "q_net.0_neuron_44",
    "q_net.2_neuron_1",
    "q_net.0_neuron_14",
    "q_net.2_neuron_19",
    "q_net.0_neuron_1",
    "q_net.2_neuron_63"
  ],
  "patch_config": {
    "q_net.0": [
      4,
      7,
      52,
      58,
      59,
      16,
      34,
      44,
      14,
      1
    ],
    "q_net.2": [
      15,
      41,
      52,
      1,
      19,
      63
    ]
  },
  "noising": {
    "metrics": {
      "mean": 0.003258801147879106,
      "std": 0.0012952897763229135,
      "count": 32,
      "values": [
        0.003197158554865215,
        0.0030380319174860837,
        0.006458335925254882,
        0.002340422464340214,
        0.0014563984728760693,
        0.0023370233757549763,
        0.0022974464248615434,
        0.003673756586742849,
        0.005936040857521474,
        0.0032075451036568114,
        0.003669337065740602,
        0.003395433548340293,
        0.0026013259326315985,
        0.004121114205577842,
        0.0020427613581393833,
        0.003156012923011209,
        0.003662655433879586,
        0.0040341661101507,
        0.004778233303134649,
        0.005326071829217238,
        0.003971427246213521,
        0.0037289890517815394,
        0.0010717194101329264,
        0.0036486150532158423,
        0.0016078948689070283,
        0.0007215620016119695,
        0.0034523277263295016,
        0.0044086882228616675,
        0.004098803789460398,
        0.0020188559051727006,
        0.0021598761932147825,
        0.0026636058700462983
      ]
    },
    "num_results": 32
  },
  "denoising": {
    "metrics": {
      "mean": 0.002944816801607893,
      "std": 0.0012474588539191076,
      "count": 32,
      "values": [
        0.0031673751046163157,
        0.002998616081989064,
        0.0020975340040398083,
        0.0023713524243167416,
        0.0014846007357730007,
        0.0010427033015986409,
        0.0022768616728071067,
        0.0012192227716506798,
        0.006012364273878773,
        0.003190977598496625,
        0.003679094939715244,
        0.0006506824347677909,
        0.002595293153452194,
        0.004110523885146572,
        0.0020544518511160514,
        0.0031902236253103233,
        0.0036347484184309775,
        0.004054775208722827,
        0.004737347105297662,
        0.005082569437814072,
        0.004042163597274162,
        0.003717365352121721,
        0.001069622750624749,
        0.003742882706768147,
        0.0016728027505272802,
        0.003774955647080913,
        0.0034488716370522643,
        0.002057116965462513,
        0.004209777400643655,
        0.0020226455705261437,
        0.0021835693388750355,
        0.002641045905555528
      ]
    },
    "num_results": 32
  },
  "target_metric_score": 0.003258801147879106,
  "timestamp": "2025-06-04T19:27:48.346037"
}