{
  "experiment_name": "candidate_q_net_0_neuron_9",
  "coalition_neurons": [
    "q_net.0_neuron_4",
    "q_net.0_neuron_7",
    "q_net.2_neuron_15",
    "q_net.0_neuron_52",
    "q_net.2_neuron_41",
    "q_net.0_neuron_58",
    "q_net.0_neuron_59",
    "q_net.0_neuron_16",
    "q_net.0_neuron_34",
    "q_net.2_neuron_52",
    "q_net.0_neuron_44",
    "q_net.2_neuron_1",
    "q_net.0_neuron_14",
    "q_net.2_neuron_19",
    "q_net.0_neuron_1",
    "q_net.2_neuron_55",
    "q_net.0_neuron_57",
    "q_net.0_neuron_36",
    "q_net.0_neuron_9"
  ],
  "patch_config": {
    "q_net.0": [
      4,
      7,
      52,
      58,
      59,
      16,
      34,
      44,
      14,
      1,
      57,
      36,
      9
    ],
    "q_net.2": [
      15,
      41,
      52,
      1,
      19,
      55
    ]
  },
  "noising": {
    "metrics": {
      "mean": 0.0035836149592413215,
      "std": 0.0014607724271244332,
      "count": 32,
      "values": [
        0.003533822529449532,
        0.0038004374484674752,
        0.0066004577709125045,
        0.002162197842491914,
        0.0016103041268948903,
        0.0027198626882624366,
        0.002193079421064864,
        0.0037606129301927527,
        0.00630501874544831,
        0.00433592924888071,
        0.0037482815132856007,
        0.0034104515863910556,
        0.003167032312511392,
        0.005024874070310853,
        0.0025812770010705255,
        0.0022886949592521577,
        0.003896719941540644,
        0.0036853867360951142,
        0.00472789055381076,
        0.00667949021060027,
        0.004716319811112313,
        0.0038173890025861856,
        0.0013474483673323046,
        0.00465586115982905,
        0.0025116367027575304,
        0.0006190796758387962,
        0.0037160102843694365,
        0.0046573394027510095,
        0.0052537423431210095,
        0.0018754134896280805,
        0.0021637319739031824,
        0.0031098848455596295
      ]
    },
    "num_results": 32
  },
  "denoising": {
    "metrics": {
      "mean": 0.0032849376493456718,
      "std": 0.0014151400830798725,
      "count": 32,
      "values": [
        0.0035684934177990235,
        0.003742614512977138,
        0.0018953979103060459,
        0.002239122467555671,
        0.0016152271442574084,
        0.0016659322749162098,
        0.002168579680667526,
        0.0014341535135196926,
        0.006412038342056087,
        0.004306298040165635,
        0.003745428055347888,
        0.0004003115680986935,
        0.0031571552170174266,
        0.004988028629680952,
        0.0025089900645800245,
        0.0025024567170727485,
        0.003898692202069315,
        0.003709830939149533,
        0.004735547127368872,
        0.006232056115193091,
        0.004716318466425284,
        0.003808020506054749,
        0.001342096978229318,
        0.004377605980176558,
        0.0025921704337602547,
        0.004119712679966497,
        0.003648849687418243,
        0.0030926360286283594,
        0.0053098122736619235,
        0.0019229289949357076,
        0.002179583683225378,
        0.0030819151267802436
      ]
    },
    "num_results": 32
  },
  "target_metric_score": 0.0035836149592413215,
  "timestamp": "2025-06-04T19:27:53.732241"
}