{
  "experiment_name": "candidate_q_net_0_neuron_40",
  "coalition_neurons": [
    "q_net.0_neuron_4",
    "q_net.0_neuron_7",
    "q_net.2_neuron_15",
    "q_net.0_neuron_52",
    "q_net.2_neuron_41",
    "q_net.0_neuron_58",
    "q_net.0_neuron_59",
    "q_net.0_neuron_16",
    "q_net.0_neuron_40"
  ],
  "patch_config": {
    "q_net.0": [
      4,
      7,
      52,
      58,
      59,
      16,
      40
    ],
    "q_net.2": [
      15,
      41
    ]
  },
  "noising": {
    "metrics": {
      "mean": 0.002555107363494514,
      "std": 0.0013737643530749438,
      "count": 32,
      "values": [
        0.0030930665065492247,
        0.0023650993566924072,
        0.0054089078663834556,
        0.0013610729507830543,
        9.065673641978078e-06,
        0.0017858208190811853,
        0.0012323328197813288,
        0.002346731750494213,
        0.004693298459699402,
        0.0027955698422373054,
        0.002877080052662878,
        0.002242641679524926,
        0.0016775905312079453,
        0.003436565344826864,
        0.0009866309126564943,
        0.002091279274193142,
        0.002652358573829311,
        0.0028405444486113707,
        0.003907942090544486,
        0.005594577293129538,
        0.0032049695793474886,
        0.0031105128457586118,
        0.0005134797338595121,
        0.004709825827510061,
        0.0010253709464156935,
        0.0009291283414428197,
        0.0028181344594837843,
        0.003848714365921102,
        0.0036171720784519412,
        0.0007813229645128872,
        0.0020119404937651575,
        0.0017946877488248802
      ]
    },
    "num_results": 32
  },
  "denoising": {
    "metrics": {
      "mean": 0.0022861155389563926,
      "std": 0.0013313865139941308,
      "count": 32,
      "values": [
        0.0030439969241486953,
        0.002325480030673621,
        0.0013262722031686935,
        0.0014251505403793385,
        1.2903210975190316e-05,
        0.001395501497665541,
        0.001221513876966951,
        0.00036794125947275935,
        0.004595646613523352,
        0.0027828365183436288,
        0.0028851714723917288,
        9.145072207969451e-05,
        0.0016810815053678319,
        0.0034320552859454234,
        0.0010828150943806292,
        0.0020853674545616985,
        0.002671405881038008,
        0.002868119518661616,
        0.0039275551438403,
        0.005245640257777379,
        0.003297976139154668,
        0.0030494142195457707,
        0.0005592048745198253,
        0.004717887196390991,
        0.001010074451929771,
        0.00303058731348968,
        0.002792822840299275,
        0.0019202090707101938,
        0.0037498220293800955,
        0.0007709750343970201,
        0.002010051176377675,
        0.0017787678890475167
      ]
    },
    "num_results": 32
  },
  "target_metric_score": 0.002555107363494514,
  "timestamp": "2025-06-04T19:27:37.350729"
}