{
  "experiment_name": "candidate_q_net_0_neuron_47",
  "coalition_neurons": [
    "q_net.0_neuron_4",
    "q_net.0_neuron_7",
    "q_net.2_neuron_15",
    "q_net.0_neuron_52",
    "q_net.2_neuron_41",
    "q_net.0_neuron_58",
    "q_net.0_neuron_59",
    "q_net.0_neuron_47"
  ],
  "patch_config": {
    "q_net.0": [
      4,
      7,
      52,
      58,
      59,
      47
    ],
    "q_net.2": [
      15,
      41
    ]
  },
  "noising": {
    "metrics": {
      "mean": 0.0023462723317320524,
      "std": 0.001227721037239901,
      "count": 32,
      "values": [
        0.003120482757612203,
        0.0018616826210073045,
        0.005701848951743721,
        0.0012036507651753403,
        0.0003043933041614877,
        0.0015494074229432941,
        0.001439671572363771,
        0.0024031338677659164,
        0.0045343652538102075,
        0.0023736304154993726,
        0.0030964511569039066,
        0.001979883866230381,
        0.0016598565101284268,
        0.0027073536783129293,
        0.0013400202631787539,
        0.0015792860037623646,
        0.0026350710808781264,
        0.002773981851012186,
        0.004130461575225175,
        0.004243580745055403,
        0.002656288886749375,
        0.00300167417138153,
        0.0001315206093399357,
        0.003288197382813468,
        0.0012847342598856226,
        0.000934694729621155,
        0.0024095532825083033,
        0.002901640518860299,
        0.003379377124302363,
        0.0005330120733507415,
        0.0021412125945584337,
        0.0017805953192841784
      ]
    },
    "num_results": 32
  },
  "denoising": {
    "metrics": {
      "mean": 0.002140540479289057,
      "std": 0.0011549651536984361,
      "count": 32,
      "values": [
        0.003075753935900344,
        0.001855351383987125,
        0.0014943134893303789,
        0.00125108358233339,
        0.00032323882648491176,
        0.001201281953583877,
        0.0014253988933121964,
        0.00024185958544165054,
        0.004525816621809786,
        0.0023714748212740056,
        0.0031118679245128456,
        0.0006978995612025862,
        0.0016628160756791133,
        0.0027190253291065336,
        0.0013686387993283866,
        0.0017836955045444913,
        0.0026050299981697778,
        0.002801251803777771,
        0.004096261780453053,
        0.004037358131113833,
        0.0026997151260935714,
        0.0029944624921781626,
        0.00012802205615755624,
        0.003618490954018616,
        0.0012793425859988217,
        0.0033376576722680407,
        0.002309986565971034,
        0.0014509430271005264,
        0.0034566751430964437,
        0.0006356774221251138,
        0.0021686732603142522,
        0.0017682310305816296
      ]
    },
    "num_results": 32
  },
  "target_metric_score": 0.0023462723317320524,
  "timestamp": "2025-06-04T19:27:35.855399"
}