{
  "experiment_name": "candidate_q_net_2_neuron_22",
  "coalition_neurons": [
    "q_net.0_neuron_4",
    "q_net.0_neuron_7",
    "q_net.2_neuron_15",
    "q_net.0_neuron_52",
    "q_net.2_neuron_41",
    "q_net.0_neuron_58",
    "q_net.0_neuron_59",
    "q_net.0_neuron_16",
    "q_net.0_neuron_34",
    "q_net.2_neuron_52",
    "q_net.0_neuron_44",
    "q_net.2_neuron_1",
    "q_net.0_neuron_14",
    "q_net.2_neuron_19",
    "q_net.0_neuron_1",
    "q_net.2_neuron_55",
    "q_net.0_neuron_57",
    "q_net.0_neuron_36",
    "q_net.0_neuron_26",
    "q_net.2_neuron_59",
    "q_net.0_neuron_29",
    "q_net.0_neuron_12",
    "q_net.0_neuron_27",
    "q_net.0_neuron_2",
    "q_net.2_neuron_3",
    "q_net.0_neuron_31",
    "q_net.0_neuron_6",
    "q_net.2_neuron_13",
    "q_net.0_neuron_17",
    "q_net.2_neuron_22"
  ],
  "patch_config": {
    "q_net.0": [
      4,
      7,
      52,
      58,
      59,
      16,
      34,
      44,
      14,
      1,
      57,
      36,
      26,
      29,
      12,
      27,
      2,
      31,
      6,
      17
    ],
    "q_net.2": [
      15,
      41,
      52,
      1,
      19,
      55,
      59,
      3,
      13,
      22
    ]
  },
  "noising": {
    "metrics": {
      "mean": 0.003966339002689102,
      "std": 0.0016030721146867526,
      "count": 32,
      "values": [
        0.0041988076711445554,
        0.0032775706346243882,
        0.007204530531714853,
        0.002654293445442657,
        0.0017606892401348107,
        0.0031931203011624776,
        0.0029890974321552244,
        0.004665946805805926,
        0.007798092827158543,
        0.00422431150172331,
        0.0035116487988200162,
        0.004295198138543177,
        0.0045528988643502855,
        0.004975631147036308,
        0.002667453163193334,
        0.0021011987050278402,
        0.004443761673485841,
        0.004785930291087037,
        0.0053511591006920045,
        0.005492769542931097,
        0.005025309856050708,
        0.004161981446541452,
        0.001048205486959941,
        0.003547924409287251,
        0.003744150659482498,
        0.000371019528807498,
        0.0049228013339291665,
        0.005429546867783852,
        0.006228476528998883,
        0.002171585933854192,
        0.0031031269102197445,
        0.0030246093079023817
      ]
    },
    "num_results": 32
  },
  "denoising": {
    "metrics": {
      "mean": 0.003585407448280826,
      "std": 0.0016966388837325688,
      "count": 32,
      "values": [
        0.004054562296209513,
        0.003236883778366756,
        0.00215905502096439,
        0.0026032223498795026,
        0.0017967419785626382,
        0.0013168932155095958,
        0.0029592588355151217,
        0.001041688989747741,
        0.007880502029163405,
        0.004192746933746189,
        0.0035159196568515794,
        1.8043646078547138e-05,
        0.004538886010432092,
        0.004954121391294447,
        0.002600975007202244,
        0.0022713187343242347,
        0.004402385691593513,
        0.00481062916554878,
        0.005206041838280467,
        0.005217298204525239,
        0.005005185656246025,
        0.00416159384324688,
        0.0010462189185629078,
        0.0034154640878405473,
        0.003814142228872802,
        0.006336134082224443,
        0.004887109536818174,
        0.0027790996820589164,
        0.006338173855620188,
        0.0021518460781692617,
        0.003020785023530953,
        0.003000110577999343
      ]
    },
    "num_results": 32
  },
  "target_metric_score": 0.003966339002689102,
  "timestamp": "2025-06-04T19:28:13.968170"
}