{
  "experiment_name": "candidate_q_net_0_neuron_24",
  "coalition_neurons": [
    "q_net.0_neuron_4",
    "q_net.0_neuron_7",
    "q_net.2_neuron_15",
    "q_net.0_neuron_52",
    "q_net.2_neuron_41",
    "q_net.0_neuron_58",
    "q_net.0_neuron_59",
    "q_net.0_neuron_16",
    "q_net.0_neuron_34",
    "q_net.2_neuron_52",
    "q_net.0_neuron_44",
    "q_net.2_neuron_1",
    "q_net.0_neuron_14",
    "q_net.2_neuron_19",
    "q_net.0_neuron_1",
    "q_net.2_neuron_55",
    "q_net.0_neuron_57",
    "q_net.0_neuron_24"
  ],
  "patch_config": {
    "q_net.0": [
      4,
      7,
      52,
      58,
      59,
      16,
      34,
      44,
      14,
      1,
      57,
      24
    ],
    "q_net.2": [
      15,
      41,
      52,
      1,
      19,
      55
    ]
  },
  "noising": {
    "metrics": {
      "mean": 0.003521789896047585,
      "std": 0.0014416907654884095,
      "count": 32,
      "values": [
        0.0037451234353862717,
        0.0031068325503383343,
        0.006838051463008005,
        0.0022906580469533033,
        0.0013658443348517901,
        0.002884374325243022,
        0.002200530143049162,
        0.0038458033741427533,
        0.00661387086188317,
        0.0037467554234738576,
        0.003774394940099457,
        0.0034561283488187267,
        0.0027208288011156267,
        0.004758831882865439,
        0.002285531321207096,
        0.002285633826397404,
        0.003465726439232014,
        0.003873724013382457,
        0.004962128652524184,
        0.006209730301373867,
        0.00431247257223677,
        0.004204742576816578,
        0.0014093730931393766,
        0.0037211279071018843,
        0.0027957510319219225,
        0.0006451186369466344,
        0.0038265483749002627,
        0.004991987053322072,
        0.004984539403817156,
        0.0020630749825082673,
        0.0024119302991766622,
        0.0029001082562891967
      ]
    },
    "num_results": 32
  },
  "denoising": {
    "metrics": {
      "mean": 0.0031745975595806556,
      "std": 0.0013766251264631275,
      "count": 32,
      "values": [
        0.0037890769475950603,
        0.0030659505408203724,
        0.002088164557254052,
        0.0023200772777150214,
        0.0013927055637672492,
        0.0016040274211418792,
        0.0021775071659047573,
        0.0012287594881438546,
        0.006687482049581583,
        0.0037201969944888336,
        0.003776166139679238,
        0.0003979132095436877,
        0.002712022592859825,
        0.004726862987770281,
        0.002274745609361556,
        0.0024432988301071046,
        0.0034778843535994697,
        0.0038948427971444988,
        0.00493725925053623,
        0.005667932145585919,
        0.004334857730426356,
        0.0041896192135186805,
        0.0014056441075936954,
        0.0035490088868302683,
        0.00285435431648165,
        0.00417550920527654,
        0.003752114140369578,
        0.0024434427377452717,
        0.005125533342192901,
        0.002046530940480046,
        0.0024520701255344723,
        0.002875561237531049
      ]
    },
    "num_results": 32
  },
  "target_metric_score": 0.003521789896047585,
  "timestamp": "2025-06-04T19:27:52.463241"
}