{
  "experiment_name": "candidate_q_net_0_neuron_60",
  "coalition_neurons": [
    "q_net.0_neuron_4",
    "q_net.0_neuron_7",
    "q_net.2_neuron_15",
    "q_net.0_neuron_52",
    "q_net.2_neuron_41",
    "q_net.0_neuron_58",
    "q_net.0_neuron_59",
    "q_net.0_neuron_16",
    "q_net.0_neuron_34",
    "q_net.2_neuron_52",
    "q_net.0_neuron_44",
    "q_net.2_neuron_1",
    "q_net.0_neuron_14",
    "q_net.2_neuron_19",
    "q_net.0_neuron_1",
    "q_net.0_neuron_60"
  ],
  "patch_config": {
    "q_net.0": [
      4,
      7,
      52,
      58,
      59,
      16,
      34,
      44,
      14,
      1,
      60
    ],
    "q_net.2": [
      15,
      41,
      52,
      1,
      19
    ]
  },
  "noising": {
    "metrics": {
      "mean": 0.0032803282123020482,
      "std": 0.0012947846745238513,
      "count": 32,
      "values": [
        0.003575385017238031,
        0.002917821921917446,
        0.0064096667837467425,
        0.0024968355011290855,
        0.001260264146913631,
        0.002722352677049872,
        0.002563755568091519,
        0.0033944765309325,
        0.0058184795177126936,
        0.003274929844831992,
        0.0038333874136429746,
        0.0031159677434486888,
        0.002572096836950949,
        0.004143110491079571,
        0.0019081126952555927,
        0.002767895693124578,
        0.003515830961496047,
        0.0037333399615393226,
        0.0048459090436420715,
        0.005564054728584067,
        0.003997395507143953,
        0.0037347259834670243,
        0.0009939035427450615,
        0.0035903124233555295,
        0.0017151090994614038,
        0.0007960096419316609,
        0.0038314136973018054,
        0.004499875752931148,
        0.00424754846015693,
        0.002074499648721806,
        0.002403832745319079,
        0.0026522032128027673
      ]
    },
    "num_results": 32
  },
  "denoising": {
    "metrics": {
      "mean": 0.0029542140247591072,
      "std": 0.0012673815891729122,
      "count": 32,
      "values": [
        0.0035261960485396815,
        0.002879598341246681,
        0.0020806447215991897,
        0.0025441062650605195,
        0.0012977646651373687,
        0.0013679035933598094,
        0.0025403963506384075,
        0.0008167819820997513,
        0.005763395210631184,
        0.0032561037994599806,
        0.0038381774259972634,
        0.00047477292097078405,
        0.0025158037364741426,
        0.004133117248303564,
        0.002005769448516881,
        0.0027686033481244543,
        0.003467306811085924,
        0.0037581814309926853,
        0.004788621751596778,
        0.005228620618526553,
        0.004080276948154993,
        0.003719450600915386,
        0.0009787471968178973,
        0.0037723674845122623,
        0.0017357346810898955,
        0.003800471778900888,
        0.0037716734450393696,
        0.0021179659308454557,
        0.00439470404450934,
        0.0020545381604078483,
        0.002428229898721629,
        0.002628822904014866
      ]
    },
    "num_results": 32
  },
  "target_metric_score": 0.0032803282123020482,
  "timestamp": "2025-06-04T19:27:49.358935"
}