{
  "experiment_name": "candidate_q_net_0_neuron_24",
  "coalition_neurons": [
    "q_net.0_neuron_4",
    "q_net.0_neuron_7",
    "q_net.2_neuron_15",
    "q_net.0_neuron_52",
    "q_net.2_neuron_41",
    "q_net.0_neuron_24"
  ],
  "patch_config": {
    "q_net.0": [
      4,
      7,
      52,
      24
    ],
    "q_net.2": [
      15,
      41
    ]
  },
  "noising": {
    "metrics": {
      "mean": 0.0021170743903225287,
      "std": 0.0012446840350889667,
      "count": 32,
      "values": [
        0.002420248208465814,
        0.002171443221426428,
        0.0047289440266168326,
        6.52308698281534e-05,
        0.0006464832354781958,
        0.0008702516095550894,
        0.0003044083312388757,
        0.0027418518154587734,
        0.004132025140747259,
        0.002430648362409471,
        0.0024436988940113313,
        0.0022467532320404604,
        0.0013591406318792243,
        0.0023812560074417677,
        0.00016076401071971058,
        0.0010961437402416674,
        0.0026973023409571084,
        0.0028550698647093475,
        0.003078577735287663,
        0.004309809372833595,
        0.0027132465723305466,
        0.0030120034066576373,
        0.0007534691771355073,
        0.003402693257488737,
        0.0013390791182261996,
        0.000577765624054899,
        0.001348662068724693,
        0.0041718921195990355,
        0.00278707412390386,
        0.0008687114057417678,
        0.0017905110569009786,
        0.0018412219082102887
      ]
    },
    "num_results": 32
  },
  "denoising": {
    "metrics": {
      "mean": 0.0017479349180711456,
      "std": 0.001161926034890245,
      "count": 32,
      "values": [
        0.002433434443932514,
        0.0021428141784243793,
        0.0006550155331424001,
        7.280276828658394e-05,
        0.0006350101205945535,
        0.00026091874382325186,
        0.0003014475227460234,
        3.4247510788093516e-05,
        0.00410610224090821,
        0.0024247947535984415,
        0.002463121887759462,
        0.0003751104810993666,
        0.001364238463614803,
        0.002394796107889924,
        0.00011918120454570968,
        0.001082583580994917,
        0.0027182081914336464,
        0.002882881275863114,
        0.003066429894876793,
        0.0038427544122923707,
        0.0027199167815359915,
        0.002950292208175609,
        0.0007471183945077786,
        0.0034810254238004656,
        0.001318993718203626,
        0.0008003051964163843,
        0.0012764144170143432,
        0.001951549911819589,
        0.0028085510826838245,
        0.000860704476405072,
        0.0018165567253727033,
        0.0018265957257267151
      ]
    },
    "num_results": 32
  },
  "target_metric_score": 0.0021170743903225287,
  "timestamp": "2025-06-04T19:27:33.408225"
}