{
  "experiment_name": "candidate_q_net_2_neuron_21",
  "coalition_neurons": [
    "q_net.0_neuron_4",
    "q_net.0_neuron_7",
    "q_net.2_neuron_15",
    "q_net.0_neuron_52",
    "q_net.2_neuron_41",
    "q_net.0_neuron_58",
    "q_net.0_neuron_59",
    "q_net.0_neuron_16",
    "q_net.0_neuron_34",
    "q_net.2_neuron_52",
    "q_net.0_neuron_44",
    "q_net.2_neuron_1",
    "q_net.0_neuron_14",
    "q_net.2_neuron_19",
    "q_net.0_neuron_1",
    "q_net.2_neuron_55",
    "q_net.0_neuron_57",
    "q_net.0_neuron_36",
    "q_net.0_neuron_26",
    "q_net.2_neuron_59",
    "q_net.0_neuron_29",
    "q_net.0_neuron_12",
    "q_net.0_neuron_27",
    "q_net.2_neuron_21"
  ],
  "patch_config": {
    "q_net.0": [
      4,
      7,
      52,
      58,
      59,
      16,
      34,
      44,
      14,
      1,
      57,
      36,
      26,
      29,
      12,
      27
    ],
    "q_net.2": [
      15,
      41,
      52,
      1,
      19,
      55,
      59,
      21
    ]
  },
  "noising": {
    "metrics": {
      "mean": 0.003745446125371159,
      "std": 0.0015188404867937197,
      "count": 32,
      "values": [
        0.004001530127061531,
        0.0032182512760171866,
        0.006889437673143456,
        0.0026256685895335585,
        0.0017086264545698726,
        0.003004015084083017,
        0.002780095089179424,
        0.004358664098115028,
        0.00738891150039897,
        0.0039060091502473027,
        0.003425901501163592,
        0.0037531207544352907,
        0.00348063760442871,
        0.004702744670224052,
        0.002442444158872903,
        0.0017146935788250883,
        0.00415240214048504,
        0.004102960509450915,
        0.0047180266498056955,
        0.005881238141707906,
        0.004773512416303222,
        0.0041505318109490985,
        0.0012198533637362008,
        0.004214364453696162,
        0.0032148941499051675,
        0.00055431544373169,
        0.004559608469628024,
        0.0051497677919256635,
        0.005994534246418243,
        0.002160218596238106,
        0.002637826300597612,
        0.0029694702169993648
      ]
    },
    "num_results": 32
  },
  "denoising": {
    "metrics": {
      "mean": 0.0033887911285993503,
      "std": 0.0015427904997268294,
      "count": 32,
      "values": [
        0.0039230981341767945,
        0.0031707248779820063,
        0.0022840997453217327,
        0.002581709124461512,
        0.0017324157723618283,
        0.002168384257238115,
        0.002755842408097231,
        0.0008456781374711897,
        0.0075071397992275135,
        0.0038777037169052675,
        0.0034285316413763256,
        3.253295821187274e-05,
        0.003467286913657164,
        0.004684157973472963,
        0.002399647475499478,
        0.0018865795628560666,
        0.0041220556770178995,
        0.00413436954117169,
        0.004635210563489922,
        0.005626875733151959,
        0.004831039022691719,
        0.004147862197590613,
        0.0012185180464442114,
        0.004055114575842483,
        0.0032751533818857204,
        0.005010773859980694,
        0.004399440522146747,
        0.0024794494095166097,
        0.006064191203392549,
        0.0021423594057261575,
        0.002608772661835318,
        0.0029445978149778562
      ]
    },
    "num_results": 32
  },
  "target_metric_score": 0.003745446125371159,
  "timestamp": "2025-06-04T19:28:02.203179"
}