{
  "experiment_name": "candidate_q_net_0_neuron_24",
  "coalition_neurons": [
    "q_net.0_neuron_4",
    "q_net.0_neuron_7",
    "q_net.2_neuron_15",
    "q_net.0_neuron_52",
    "q_net.2_neuron_41",
    "q_net.0_neuron_58",
    "q_net.0_neuron_59",
    "q_net.0_neuron_16",
    "q_net.0_neuron_34",
    "q_net.2_neuron_52",
    "q_net.0_neuron_44",
    "q_net.2_neuron_1",
    "q_net.0_neuron_24"
  ],
  "patch_config": {
    "q_net.0": [
      4,
      7,
      52,
      58,
      59,
      16,
      34,
      44,
      24
    ],
    "q_net.2": [
      15,
      41,
      52,
      1
    ]
  },
  "noising": {
    "metrics": {
      "mean": 0.00310752967779941,
      "std": 0.001302793522322546,
      "count": 32,
      "values": [
        0.0035373303518912713,
        0.0021486829294840304,
        0.0061580188701565175,
        0.002691435079974075,
        0.0012157361914604259,
        0.0028428613660072266,
        0.0021171930153413288,
        0.003049815283995616,
        0.005343971908968015,
        0.003258733031495431,
        0.00348583796864696,
        0.0026922148412170943,
        0.002225896242114167,
        0.0041020188231108146,
        0.002183849245763092,
        0.002520831759231512,
        0.0032000996448066643,
        0.0031434818263571807,
        0.00457319585030766,
        0.005917969428532094,
        0.003874948203721862,
        0.003424846738450421,
        0.001114827827749354,
        0.003661678853324718,
        0.0015466368492404181,
        0.0003982927604322395,
        0.0036284862961154796,
        0.004793000392318114,
        0.003824162364717193,
        0.0019027799224369812,
        0.002439290861215443,
        0.002422824960997716
      ]
    },
    "num_results": 32
  },
  "denoising": {
    "metrics": {
      "mean": 0.0028591811280630998,
      "std": 0.0011936884997546995,
      "count": 32,
      "values": [
        0.003558960130285116,
        0.0021180471883329444,
        0.0024879038658693065,
        0.00272700199441403,
        0.0012342180072341669,
        0.0015546768920747245,
        0.002095802691636034,
        0.0007701006033948854,
        0.0052367210297375455,
        0.003236782880199268,
        0.0034878172473480074,
        0.0008785529762565247,
        0.002221762295930102,
        0.0040867598397544835,
        0.0022194758926237235,
        0.002509041936284484,
        0.003215081034146028,
        0.0031654940928981246,
        0.004529195793815721,
        0.0056665407642782495,
        0.0039029540314677313,
        0.0034064058795806595,
        0.0011071697313870532,
        0.0036553716151381532,
        0.0015812689093725185,
        0.0041350594859911605,
        0.003652034438367341,
        0.0023647138541347534,
        0.003923318480815813,
        0.0018835036822165974,
        0.0024824684148640197,
        0.0023995904181699224
      ]
    },
    "num_results": 32
  },
  "target_metric_score": 0.00310752967779941,
  "timestamp": "2025-06-04T19:27:44.333748"
}