{
  "experiment_name": "candidate_q_net_2_neuron_10",
  "coalition_neurons": [
    "q_net.0_neuron_4",
    "q_net.0_neuron_7",
    "q_net.2_neuron_15",
    "q_net.0_neuron_52",
    "q_net.2_neuron_41",
    "q_net.0_neuron_58",
    "q_net.0_neuron_59",
    "q_net.0_neuron_16",
    "q_net.0_neuron_34",
    "q_net.2_neuron_52",
    "q_net.0_neuron_44",
    "q_net.2_neuron_1",
    "q_net.0_neuron_14",
    "q_net.2_neuron_19",
    "q_net.0_neuron_1",
    "q_net.2_neuron_55",
    "q_net.0_neuron_57",
    "q_net.0_neuron_36",
    "q_net.0_neuron_26",
    "q_net.2_neuron_59",
    "q_net.0_neuron_29",
    "q_net.0_neuron_12",
    "q_net.0_neuron_27",
    "q_net.0_neuron_2",
    "q_net.2_neuron_3",
    "q_net.2_neuron_10"
  ],
  "patch_config": {
    "q_net.0": [
      4,
      7,
      52,
      58,
      59,
      16,
      34,
      44,
      14,
      1,
      57,
      36,
      26,
      29,
      12,
      27,
      2
    ],
    "q_net.2": [
      15,
      41,
      52,
      1,
      19,
      55,
      59,
      3,
      10
    ]
  },
  "noising": {
    "metrics": {
      "mean": 0.0038657720558756426,
      "std": 0.001502277623581241,
      "count": 32,
      "values": [
        0.003930020012611668,
        0.0031499559888340523,
        0.0071440811527219705,
        0.0027699930346685997,
        0.001852101229518982,
        0.0030705372807448006,
        0.003028674596711939,
        0.0044179100307946695,
        0.0074859235743389985,
        0.004178939537028303,
        0.0034686736839812105,
        0.004061982689023552,
        0.0035099743291301944,
        0.004943063166417322,
        0.0027267028146669703,
        0.002052385978013216,
        0.004417697139901033,
        0.0046341417078894775,
        0.004746822433157938,
        0.005379294095831738,
        0.004986484538791025,
        0.004093399742304049,
        0.001383892437359202,
        0.004046888501526402,
        0.0033654473846429778,
        0.0004493896103941464,
        0.004648769704148847,
        0.005534756014692277,
        0.005900215219094868,
        0.002327675107981042,
        0.0029991071162127902,
        0.0029998059348863015
      ]
    },
    "num_results": 32
  },
  "denoising": {
    "metrics": {
      "mean": 0.003486401922424983,
      "std": 0.0015032030173962648,
      "count": 32,
      "values": [
        0.0038172457918409786,
        0.003105005861213761,
        0.0023565764466600136,
        0.0027179999179771097,
        0.0018869675979253375,
        0.002113227208268287,
        0.0030005445677199205,
        0.000845306004671198,
        0.0075985533889678936,
        0.004146967845264193,
        0.0034730767382117333,
        5.621658909329974e-05,
        0.0034964196563899708,
        0.0049204138674224795,
        0.0026600767912710876,
        0.002220640875835983,
        0.004374517814482226,
        0.0046665061250555084,
        0.00459449039556703,
        0.00509811599799706,
        0.004966683230816393,
        0.004082890590113464,
        0.0013846008198115656,
        0.003915320487230534,
        0.003429509116069457,
        0.0049664658784378535,
        0.004540069574895972,
        0.002916694106582657,
        0.006002781884373282,
        0.0023091634895744395,
        0.0029270446545048567,
        0.002974768203353906
      ]
    },
    "num_results": 32
  },
  "target_metric_score": 0.0038657720558756426,
  "timestamp": "2025-06-04T19:28:05.982248"
}