{
  "experiment_name": "candidate_q_net_2_neuron_0",
  "coalition_neurons": [
    "q_net.0_neuron_4",
    "q_net.0_neuron_7",
    "q_net.2_neuron_15",
    "q_net.0_neuron_52",
    "q_net.2_neuron_41",
    "q_net.0_neuron_58",
    "q_net.0_neuron_59",
    "q_net.0_neuron_16",
    "q_net.0_neuron_34",
    "q_net.2_neuron_52",
    "q_net.0_neuron_44",
    "q_net.2_neuron_1",
    "q_net.0_neuron_14",
    "q_net.2_neuron_19",
    "q_net.0_neuron_1",
    "q_net.2_neuron_55",
    "q_net.0_neuron_57",
    "q_net.0_neuron_36",
    "q_net.0_neuron_26",
    "q_net.2_neuron_59",
    "q_net.0_neuron_29",
    "q_net.0_neuron_12",
    "q_net.0_neuron_27",
    "q_net.0_neuron_2",
    "q_net.2_neuron_3",
    "q_net.0_neuron_31",
    "q_net.0_neuron_6",
    "q_net.2_neuron_0"
  ],
  "patch_config": {
    "q_net.0": [
      4,
      7,
      52,
      58,
      59,
      16,
      34,
      44,
      14,
      1,
      57,
      36,
      26,
      29,
      12,
      27,
      2,
      31,
      6
    ],
    "q_net.2": [
      15,
      41,
      52,
      1,
      19,
      55,
      59,
      3,
      0
    ]
  },
  "noising": {
    "metrics": {
      "mean": 0.003968894036947989,
      "std": 0.0015879693680431095,
      "count": 32,
      "values": [
        0.004218016539476621,
        0.0034442759614168317,
        0.007211961093342906,
        0.002755661131018189,
        0.0017820173660600402,
        0.002843614848936804,
        0.0030508646398532124,
        0.004531847644618087,
        0.007809428298301252,
        0.004312802725209702,
        0.003574615130957498,
        0.004234330598205049,
        0.004510397249677972,
        0.0050511734675057485,
        0.0027674798217660612,
        0.0023374630344138447,
        0.004458117201797618,
        0.004643589550121813,
        0.00537599697400068,
        0.005028190799563209,
        0.005077666171156653,
        0.004249876579107498,
        0.0011026551021897646,
        0.00384192596727409,
        0.003723797684422908,
        0.0002118772823393733,
        0.004507202227690521,
        0.005320822391346319,
        0.006541548404549319,
        0.002349369816142588,
        0.0030839998685154857,
        0.003052023611357979
      ]
    },
    "num_results": 32
  },
  "denoising": {
    "metrics": {
      "mean": 0.0036253017609895605,
      "std": 0.0016178417936235283,
      "count": 32,
      "values": [
        0.0040721471300551315,
        0.0034040310778641336,
        0.002346253586104935,
        0.0027033586958893907,
        0.001816737377552613,
        0.002076078510092394,
        0.0030208341960974716,
        0.0009396341387408191,
        0.007890737132835807,
        0.004283465463328584,
        0.003581196894647004,
        2.837649929421371e-05,
        0.004496942445848223,
        0.005031789888374466,
        0.0027267393865639256,
        0.002510140631853147,
        0.0044152763164821696,
        0.0046760814580937005,
        0.00522751891148171,
        0.0048928138965545764,
        0.005060338547023868,
        0.004245677013707677,
        0.0011005539208943094,
        0.003712191438126816,
        0.0037897701148882634,
        0.00575606042519336,
        0.0044677611260295624,
        0.0028665439477902344,
        0.006523746958729926,
        0.002332861502266692,
        0.0029855149031224604,
        0.0030284828161383504
      ]
    },
    "num_results": 32
  },
  "target_metric_score": 0.003968894036947989,
  "timestamp": "2025-06-04T19:28:09.784899"
}