{
  "experiment_name": "candidate_q_net_0_neuron_61",
  "coalition_neurons": [
    "q_net.0_neuron_4",
    "q_net.0_neuron_7",
    "q_net.2_neuron_15",
    "q_net.0_neuron_52",
    "q_net.2_neuron_41",
    "q_net.0_neuron_58",
    "q_net.0_neuron_59",
    "q_net.0_neuron_16",
    "q_net.0_neuron_34",
    "q_net.2_neuron_52",
    "q_net.0_neuron_44",
    "q_net.2_neuron_1",
    "q_net.0_neuron_14",
    "q_net.0_neuron_61"
  ],
  "patch_config": {
    "q_net.0": [
      4,
      7,
      52,
      58,
      59,
      16,
      34,
      44,
      14,
      61
    ],
    "q_net.2": [
      15,
      41,
      52,
      1
    ]
  },
  "noising": {
    "metrics": {
      "mean": 0.0032711044814684393,
      "std": 0.0013465104325358676,
      "count": 32,
      "values": [
        0.0038858904836920893,
        0.0021758658532876896,
        0.006318719809590673,
        0.0025504506454983034,
        0.0012716070884888908,
        0.002609270809864478,
        0.0023718448529325975,
        0.003479842770718361,
        0.005607413281597057,
        0.0033348515888251273,
        0.0034282031846749605,
        0.0032709838607858643,
        0.0022409044817469914,
        0.003967422272153465,
        0.0022708215038163004,
        0.002346598348225176,
        0.003725449801997016,
        0.003533708937365043,
        0.004400331358475257,
        0.00615869686600698,
        0.0039511273692625914,
        0.003867818155959185,
        0.0009484516391068121,
        0.004442847806148148,
        0.0014755658372739289,
        0.0009154577424065891,
        0.00397117871873337,
        0.004680189089691755,
        0.0042943050955939754,
        0.0018949362908192435,
        0.002674912580981237,
        0.002609675281270901
      ]
    },
    "num_results": 32
  },
  "denoising": {
    "metrics": {
      "mean": 0.002974172581691457,
      "std": 0.001284471147023081,
      "count": 32,
      "values": [
        0.0038178853301719107,
        0.002139402055067491,
        0.0022449118416659197,
        0.0025910054492220558,
        0.001304867588808184,
        0.002097207520008776,
        0.002347728054434839,
        0.0008858213054620256,
        0.005652164833682971,
        0.0033121978935483354,
        0.003425609708780003,
        0.0005195831140555329,
        0.002237416396581454,
        0.003950604787256257,
        0.0022729786084502157,
        0.0023644997559605085,
        0.0036943072872528127,
        0.0035465347954055926,
        0.004303657059277238,
        0.005721999012396645,
        0.0039924579962105355,
        0.003853122365353595,
        0.0009298723803504161,
        0.004488448237501996,
        0.0015394900721086568,
        0.003987310690523854,
        0.004039444918654322,
        0.002350608861277581,
        0.004400938180302377,
        0.0018749897011961225,
        0.0027046602982858103,
        0.0025817965148725863
      ]
    },
    "num_results": 32
  },
  "target_metric_score": 0.0032711044814684393,
  "timestamp": "2025-06-04T19:27:46.354983"
}