{
  "experiment_name": "candidate_q_net_2_neuron_30",
  "coalition_neurons": [
    "q_net.0_neuron_4",
    "q_net.2_neuron_30"
  ],
  "patch_config": {
    "q_net.0": [
      4
    ],
    "q_net.2": [
      30
    ]
  },
  "noising": {
    "metrics": {
      "mean": 0.000919612574275439,
      "std": 0.0008389998305942256,
      "count": 32,
      "values": [
        0.0020501215299596753,
        4.396426158168043e-05,
        0.002673008066605337,
        0.0008161125648337986,
        0.00032034601598340817,
        0.00012381993448770667,
        0.0007225513181184917,
        0.0017364012840720422,
        0.0021943549339757396,
        0.0006277303252960886,
        1.7449850956169355e-05,
        0.0018333095131405353,
        0.00031182369111071306,
        0.00047443330539923,
        0.000579722211288547,
        3.7496733024861006e-05,
        0.0023953299216773194,
        0.0018991746942993992,
        0.0022469416432145395,
        0.00011652760487831926,
        0.0005091382494741559,
        0.0019621690361949773,
        0.0005052207703973299,
        4.114965645951596e-05,
        0.0007675417380841043,
        5.4076026387323006e-05,
        0.00035051967878077517,
        0.0003864467861317,
        0.0016278664358443107,
        0.0001516536008872582,
        0.001501049146120148,
        0.0003501518481488497
      ]
    },
    "num_results": 32
  },
  "denoising": {
    "metrics": {
      "mean": 0.000769309523019842,
      "std": 0.000730648376020166,
      "count": 32,
      "values": [
        0.0019514731158783438,
        4.3856385762541805e-05,
        0.00034005032974121496,
        0.0008439248765023111,
        0.000306668630720458,
        0.00013704044615928113,
        0.0007213970485805132,
        0.0005737223456287466,
        0.0021562160454026424,
        0.0006308485588643609,
        1.7518379768627357e-05,
        0.0002471893266962899,
        0.00031290920963852886,
        0.00047729041392979843,
        0.0005326721656685185,
        3.746445377469931e-05,
        0.002351581942203168,
        0.0019269522559139107,
        0.0022070967529883856,
        0.00011758968177330575,
        0.0005136192430852671,
        0.0019228670823479843,
        0.0005018901424860556,
        4.118018732224282e-05,
        0.0007237669506585109,
        0.0005086951459228328,
        0.00035140670104708005,
        0.00042170010414088743,
        0.001687694717008581,
        0.000150380397257871,
        0.001510280902138228,
        0.0003509607976237561
      ]
    },
    "num_results": 32
  },
  "target_metric_score": 0.000919612574275439,
  "timestamp": "2025-06-04T19:27:26.449284"
}