{
  "experiment_name": "candidate_q_net_0_neuron_40",
  "coalition_neurons": [
    "q_net.0_neuron_4",
    "q_net.0_neuron_7",
    "q_net.2_neuron_15",
    "q_net.0_neuron_52",
    "q_net.2_neuron_41",
    "q_net.0_neuron_58",
    "q_net.0_neuron_59",
    "q_net.0_neuron_16",
    "q_net.0_neuron_34",
    "q_net.2_neuron_52",
    "q_net.0_neuron_44",
    "q_net.2_neuron_1",
    "q_net.0_neuron_14",
    "q_net.2_neuron_19",
    "q_net.0_neuron_1",
    "q_net.2_neuron_55",
    "q_net.0_neuron_57",
    "q_net.0_neuron_36",
    "q_net.0_neuron_40"
  ],
  "patch_config": {
    "q_net.0": [
      4,
      7,
      52,
      58,
      59,
      16,
      34,
      44,
      14,
      1,
      57,
      36,
      40
    ],
    "q_net.2": [
      15,
      41,
      52,
      1,
      19,
      55
    ]
  },
  "noising": {
    "metrics": {
      "mean": 0.003471404395396915,
      "std": 0.0015353924210623102,
      "count": 32,
      "values": [
        0.003723256571545014,
        0.0032887551100803103,
        0.006415680869865076,
        0.0023612879208566584,
        0.0010770893937999126,
        0.002668392702625755,
        0.002481071486577918,
        0.0036673695017392927,
        0.006585193464728356,
        0.004000357294743073,
        0.003655217086560303,
        0.0034724435474732807,
        0.0027525527746473932,
        0.004839569664107424,
        0.0019292005445179505,
        0.0019505499555433903,
        0.0037804054574474832,
        0.0038792723113499905,
        0.004612439205387786,
        0.006454017296851328,
        0.0045721267618240025,
        0.004183048986757032,
        0.0004963799777655542,
        0.004424615376916435,
        0.002466933142780986,
        0.0007281905790719467,
        0.003666545519081743,
        0.004888903666701971,
        0.0052791720677616005,
        0.0015735949794607185,
        0.002423548981398682,
        0.002787758452732908
      ]
    },
    "num_results": 32
  },
  "denoising": {
    "metrics": {
      "mean": 0.0031441360119986283,
      "std": 0.0014827373966368258,
      "count": 32,
      "values": [
        0.0037071395567744303,
        0.0032356398331589153,
        0.0019385795061895028,
        0.002412855123898855,
        0.0010937367942760179,
        0.001470054250323538,
        0.0024591233070360152,
        0.0011579067928881859,
        0.006652282879376137,
        0.0039696496987879915,
        0.0036538546387087367,
        0.0006938954466986225,
        0.00274529142743013,
        0.004804958446653684,
        0.0019074227286403067,
        0.00210662881088991,
        0.003826990136211711,
        0.0039009964847367684,
        0.004613854086230079,
        0.006028910021028844,
        0.004552659269736331,
        0.004165981364852023,
        0.0004929976099741495,
        0.004139046483643993,
        0.002513829761612102,
        0.0038305751008329003,
        0.003625290038295259,
        0.002734402631909494,
        0.0053737387518938695,
        0.0015923638847748778,
        0.002450375218034012,
        0.0027613222984587127
      ]
    },
    "num_results": 32
  },
  "target_metric_score": 0.003471404395396915,
  "timestamp": "2025-06-04T19:27:53.528490"
}