{
  "experiment_name": "candidate_q_net_0_neuron_62",
  "coalition_neurons": [
    "q_net.0_neuron_4",
    "q_net.0_neuron_7",
    "q_net.2_neuron_15",
    "q_net.0_neuron_52",
    "q_net.2_neuron_41",
    "q_net.0_neuron_58",
    "q_net.0_neuron_59",
    "q_net.0_neuron_16",
    "q_net.0_neuron_34",
    "q_net.2_neuron_52",
    "q_net.0_neuron_62"
  ],
  "patch_config": {
    "q_net.0": [
      4,
      7,
      52,
      58,
      59,
      16,
      34,
      62
    ],
    "q_net.2": [
      15,
      41,
      52
    ]
  },
  "noising": {
    "metrics": {
      "mean": 0.0029313317590155532,
      "std": 0.0012533959468833736,
      "count": 32,
      "values": [
        0.0036541924916411728,
        0.001993949116833371,
        0.006029122772018197,
        0.002749950661296796,
        0.0013022503162134214,
        0.002533475126702045,
        0.0023315190093921856,
        0.0029462573049655882,
        0.004965255487694886,
        0.002746739359662881,
        0.0031896250371487578,
        0.0026055805973207447,
        0.002066216094780471,
        0.003387702884265986,
        0.0019558243070713077,
        0.002812172594090223,
        0.0032646688217842224,
        0.0031862083178589296,
        0.004112570752838968,
        0.0056212178033265,
        0.003200071205133298,
        0.0032896167970102863,
        0.00040709640352645793,
        0.004261596943441526,
        0.0008346179441312829,
        0.001023749019896325,
        0.0035917344265869178,
        0.004023502490145325,
        0.003434107257494573,
        0.001554936935132395,
        0.0026783913341481558,
        0.0020486966749445057
      ]
    },
    "num_results": 32
  },
  "denoising": {
    "metrics": {
      "mean": 0.0026616643212731116,
      "std": 0.001189960537270519,
      "count": 32,
      "values": [
        0.003555886007290232,
        0.0019622863998668694,
        0.0023554440548712308,
        0.0027720228409319203,
        0.0013127443623114077,
        0.0014474069287590818,
        0.0023087542768225333,
        0.0007454562878526638,
        0.004904790748784721,
        0.0027347808579743227,
        0.003192578369450416,
        0.0006873880831587964,
        0.0020650601356488885,
        0.003377762592611605,
        0.002024129829175575,
        0.002896249484902219,
        0.003211040384792585,
        0.0032084486181510885,
        0.004093769500166766,
        0.005246696142691798,
        0.00328803853607626,
        0.003272262507761109,
        0.00038451427731189813,
        0.004362480180503087,
        0.0009462380881621602,
        0.003703085995637373,
        0.003505804351458114,
        0.0017443253139308446,
        0.0035869572843583164,
        0.00153823051947502,
        0.002710093409537845,
        0.002028531910312825
      ]
    },
    "num_results": 32
  },
  "target_metric_score": 0.0029313317590155532,
  "timestamp": "2025-06-04T19:27:41.447887"
}