{
  "experiment_name": "candidate_q_net_0_neuron_35",
  "coalition_neurons": [
    "q_net.0_neuron_4",
    "q_net.0_neuron_7",
    "q_net.2_neuron_15",
    "q_net.0_neuron_52",
    "q_net.2_neuron_41",
    "q_net.0_neuron_58",
    "q_net.0_neuron_59",
    "q_net.0_neuron_16",
    "q_net.0_neuron_34",
    "q_net.2_neuron_52",
    "q_net.0_neuron_44",
    "q_net.2_neuron_1",
    "q_net.0_neuron_35"
  ],
  "patch_config": {
    "q_net.0": [
      4,
      7,
      52,
      58,
      59,
      16,
      34,
      44,
      35
    ],
    "q_net.2": [
      15,
      41,
      52,
      1
    ]
  },
  "noising": {
    "metrics": {
      "mean": 0.002809269627872874,
      "std": 0.001368033929635375,
      "count": 32,
      "values": [
        0.0036491468942727034,
        0.002130657563695987,
        0.0064251960419750564,
        0.002743551664638494,
        0.0010280229470751023,
        0.0023236206437793894,
        0.0017616714186138582,
        0.0024930900883916307,
        0.004731147138796965,
        0.0029587525345691756,
        0.003235268877853026,
        0.00239350675656258,
        0.0018462553262743042,
        0.003850797384607224,
        0.0013998593880570898,
        0.00198702600916556,
        0.003286681922232415,
        0.0030155239532727585,
        0.003996810238673709,
        0.005207790106204396,
        0.003601054057573577,
        0.0025100507645287873,
        0.0001606488896413183,
        0.004322678293127102,
        0.0013814884009834827,
        0.00025291305929162067,
        0.0034328089934391737,
        0.004102515327584405,
        0.0037609020456934594,
        0.0010977680739414908,
        0.002545463315379942,
        0.0022639599720361836
      ]
    },
    "num_results": 32
  },
  "denoising": {
    "metrics": {
      "mean": 0.002604714071466562,
      "std": 0.0012121824009076066,
      "count": 32,
      "values": [
        0.003561788765144014,
        0.0020975272138601952,
        0.0028825929448590137,
        0.002790225011332137,
        0.0010431782970638515,
        0.0014600914496713246,
        0.001746063654692459,
        0.0006335858186108934,
        0.0046019917246931386,
        0.0029454884673801307,
        0.0032402216660663563,
        0.0009404015015843925,
        0.0018468525514594436,
        0.003845133148573515,
        0.0013750894417096649,
        0.0019208065552844544,
        0.003220385456457281,
        0.0030379379082107194,
        0.0039685595515092376,
        0.004934111031971861,
        0.0035972081735475836,
        0.0024968526556306825,
        0.0001528798908966844,
        0.004371367384624653,
        0.0014129118044177158,
        0.0037761752371629764,
        0.0036000431296898394,
        0.0020972946303234596,
        0.0038468719060013312,
        0.0010897486280346813,
        0.0025740625670694905,
        0.0022434021193968035
      ]
    },
    "num_results": 32
  },
  "target_metric_score": 0.002809269627872874,
  "timestamp": "2025-06-04T19:27:43.306659"
}