{
  "experiment_name": "candidate_q_net_0_neuron_61",
  "coalition_neurons": [
    "q_net.0_neuron_4",
    "q_net.0_neuron_7",
    "q_net.2_neuron_15",
    "q_net.0_neuron_52",
    "q_net.2_neuron_41",
    "q_net.0_neuron_58",
    "q_net.0_neuron_59",
    "q_net.0_neuron_16",
    "q_net.0_neuron_34",
    "q_net.2_neuron_52",
    "q_net.0_neuron_44",
    "q_net.2_neuron_1",
    "q_net.0_neuron_14",
    "q_net.2_neuron_19",
    "q_net.0_neuron_1",
    "q_net.2_neuron_55",
    "q_net.0_neuron_57",
    "q_net.0_neuron_36",
    "q_net.0_neuron_26",
    "q_net.2_neuron_59",
    "q_net.0_neuron_61"
  ],
  "patch_config": {
    "q_net.0": [
      4,
      7,
      52,
      58,
      59,
      16,
      34,
      44,
      14,
      1,
      57,
      36,
      26,
      61
    ],
    "q_net.2": [
      15,
      41,
      52,
      1,
      19,
      55,
      59
    ]
  },
  "noising": {
    "metrics": {
      "mean": 0.003775523704846344,
      "std": 0.0014845963346070575,
      "count": 32,
      "values": [
        0.003946039857105593,
        0.0033987924290470872,
        0.006859963152093446,
        0.0022793640650164426,
        0.0015922011235847966,
        0.002304167412813196,
        0.0025072936578764693,
        0.003984282356272406,
        0.006619940192063356,
        0.004275235740501648,
        0.003548212565910369,
        0.003717444761394628,
        0.003483744610173284,
        0.005015129758194348,
        0.0024617227393096686,
        0.0022090435973912415,
        0.00437941986367707,
        0.003879603897046169,
        0.004548210573739053,
        0.0067010306694204325,
        0.005012818049523832,
        0.004392565968452722,
        0.001620139168984791,
        0.004725237096407625,
        0.0027719145427113345,
        0.0009925304473813734,
        0.004028706442149532,
        0.005518090962973454,
        0.005668002692309659,
        0.0024759932505363513,
        0.002532873851607581,
        0.0033670430594140432
      ]
    },
    "num_results": 32
  },
  "denoising": {
    "metrics": {
      "mean": 0.0034144611043586542,
      "std": 0.001445238451769424,
      "count": 32,
      "values": [
        0.003893426204228556,
        0.003341249887545028,
        0.0019400520153137757,
        0.002331835907526253,
        0.0015820599870510765,
        0.0020705972205406764,
        0.0024826578179034386,
        0.0013040839658385872,
        0.006702961900608068,
        0.004240969594729638,
        0.003548793305672787,
        0.00015401906668191523,
        0.003468832637473329,
        0.004978964678194725,
        0.0023934661470435825,
        0.0023745434389982056,
        0.004396783296058887,
        0.00390696775706828,
        0.004482463469744263,
        0.0061927661085049435,
        0.005033059816621277,
        0.00438099688367144,
        0.0016117797702733805,
        0.004418280097501698,
        0.0028115115478243025,
        0.003961063459078984,
        0.0039382607887049614,
        0.003194343890640522,
        0.005769973516292687,
        0.0024663816199758104,
        0.0025574646338189233,
        0.0033321449083469346
      ]
    },
    "num_results": 32
  },
  "target_metric_score": 0.003775523704846344,
  "timestamp": "2025-06-04T19:27:57.902997"
}