{
  "experiment_name": "candidate_q_net_2_neuron_63",
  "coalition_neurons": [
    "q_net.0_neuron_4",
    "q_net.0_neuron_7",
    "q_net.2_neuron_15",
    "q_net.0_neuron_52",
    "q_net.2_neuron_41",
    "q_net.0_neuron_58",
    "q_net.0_neuron_59",
    "q_net.0_neuron_16",
    "q_net.0_neuron_34",
    "q_net.2_neuron_63"
  ],
  "patch_config": {
    "q_net.0": [
      4,
      7,
      52,
      58,
      59,
      16,
      34
    ],
    "q_net.2": [
      15,
      41,
      63
    ]
  },
  "noising": {
    "metrics": {
      "mean": 0.0027308632802809053,
      "std": 0.0013178185485480534,
      "count": 32,
      "values": [
        0.003007825548037052,
        0.0019364206822692076,
        0.006124759496105803,
        0.0025515379476002686,
        0.0013206691045776486,
        0.0017031142647077335,
        0.0019030088625422992,
        0.0027895030200671966,
        0.004909883063359655,
        0.0025644600925984473,
        0.0027157214023959264,
        0.0025470221692947825,
        0.0019204346646397585,
        0.0031536700472872825,
        0.0017457457069827709,
        0.002644019887494381,
        0.0032469545309534997,
        0.0033089053585387274,
        0.004301503912671395,
        0.0055996683305404304,
        0.003114048762872107,
        0.0030774199128953406,
        1.6698815459403882e-05,
        0.004172066146880177,
        0.001162037236827812,
        0.0006974213538648855,
        0.0029812850060732254,
        0.0037068807832718043,
        0.0034669181723954445,
        0.00117006305037326,
        0.0020257954096275232,
        0.001802162225783721
      ]
    },
    "num_results": 32
  },
  "denoising": {
    "metrics": {
      "mean": 0.0025196649075848766,
      "std": 0.0011842277039527467,
      "count": 32,
      "values": [
        0.0029187027826813317,
        0.001906053247354239,
        0.0024443363382184724,
        0.002581880527731173,
        0.0013265266800124575,
        0.001439287198289868,
        0.0018841343099421926,
        0.0009682407690769501,
        0.0048511683676494,
        0.0025563042507110723,
        0.0027275229486995733,
        0.000736072975952573,
        0.0019210710881780724,
        0.0031550433880757622,
        0.0018080187422794547,
        0.002669983322138192,
        0.003194832277985421,
        0.0033274101896086927,
        0.0042660136926185865,
        0.005244294695591845,
        0.003202931030966555,
        0.003061208429871759,
        3.620593528050331e-05,
        0.004275928097264181,
        0.0012140010948155089,
        0.0036383268488111575,
        0.002895137563964284,
        0.0017892187229900103,
        0.003588621700599731,
        0.0011561161298993539,
        0.002058386252067307,
        0.0017862974433903722
      ]
    },
    "num_results": 32
  },
  "target_metric_score": 0.0027308632802809053,
  "timestamp": "2025-06-04T19:27:38.662677"
}