{
  "experiment_name": "candidate_q_net_0_neuron_24",
  "coalition_neurons": [
    "q_net.0_neuron_4",
    "q_net.0_neuron_7",
    "q_net.2_neuron_15",
    "q_net.0_neuron_52",
    "q_net.2_neuron_41",
    "q_net.0_neuron_58",
    "q_net.0_neuron_59",
    "q_net.0_neuron_16",
    "q_net.0_neuron_24"
  ],
  "patch_config": {
    "q_net.0": [
      4,
      7,
      52,
      58,
      59,
      16,
      24
    ],
    "q_net.2": [
      15,
      41
    ]
  },
  "noising": {
    "metrics": {
      "mean": 0.0026620234822520997,
      "std": 0.0013527714057629215,
      "count": 32,
      "values": [
        0.003124318594169506,
        0.002574184063332624,
        0.005869984862557992,
        0.0014171125116497763,
        0.00037462585685998917,
        0.0019799930701435986,
        0.00119371876937302,
        0.0025451820594670216,
        0.004721015560540942,
        0.002760585136595023,
        0.0029981283065674547,
        0.0022291767038268573,
        0.0017523135814885293,
        0.0034027550815681207,
        0.0013972324275238202,
        0.0023899638237521448,
        0.0028014210145169416,
        0.0028356561243716716,
        0.004279361153572886,
        0.0057070902389936284,
        0.003169111784407208,
        0.003135740516592822,
        0.0003123628946201107,
        0.004108742601911769,
        0.001364538139103616,
        0.0009232259690058198,
        0.002823956063837063,
        0.0042036581700109765,
        0.0036142515505287465,
        0.0012453701998789424,
        0.0020018437622419394,
        0.0019281308390566299
      ]
    },
    "num_results": 32
  },
  "denoising": {
    "metrics": {
      "mean": 0.0023852524195747795,
      "std": 0.001269664926398937,
      "count": 32,
      "values": [
        0.0031747301929191674,
        0.00253629778307779,
        0.0016664756273307713,
        0.0014965699990683867,
        0.0003847238213704751,
        0.0014819897446972374,
        0.0011817326792194216,
        0.0003168509236233519,
        0.0046165220888489955,
        0.00274817642193273,
        0.003007754412836322,
        0.0003924297029608004,
        0.0017542014646500792,
        0.003399640290221939,
        0.001465411021264934,
        0.0023917311445241785,
        0.002821387387119012,
        0.0028635244420678607,
        0.004273923012210995,
        0.005420980254113916,
        0.003242832092783837,
        0.0030516352788603485,
        0.00030796218397832753,
        0.004042902085764966,
        0.0013479573565150227,
        0.0033852336721883203,
        0.0027395309806298174,
        0.001925829468211654,
        0.0037270312726701282,
        0.001231962248196411,
        0.0020182422628071406,
        0.001911906109728606
      ]
    },
    "num_results": 32
  },
  "target_metric_score": 0.0026620234822520997,
  "timestamp": "2025-06-04T19:27:38.037096"
}