{
  "experiment_name": "candidate_q_net_2_neuron_5",
  "coalition_neurons": [
    "q_net.0_neuron_4",
    "q_net.0_neuron_7",
    "q_net.2_neuron_15",
    "q_net.0_neuron_52",
    "q_net.2_neuron_41",
    "q_net.0_neuron_58",
    "q_net.0_neuron_59",
    "q_net.0_neuron_16",
    "q_net.0_neuron_34",
    "q_net.2_neuron_52",
    "q_net.0_neuron_44",
    "q_net.2_neuron_1",
    "q_net.0_neuron_14",
    "q_net.2_neuron_19",
    "q_net.0_neuron_1",
    "q_net.2_neuron_55",
    "q_net.0_neuron_57",
    "q_net.0_neuron_36",
    "q_net.0_neuron_26",
    "q_net.2_neuron_59",
    "q_net.0_neuron_29",
    "q_net.0_neuron_12",
    "q_net.0_neuron_27",
    "q_net.0_neuron_2",
    "q_net.2_neuron_3",
    "q_net.2_neuron_5"
  ],
  "patch_config": {
    "q_net.0": [
      4,
      7,
      52,
      58,
      59,
      16,
      34,
      44,
      14,
      1,
      57,
      36,
      26,
      29,
      12,
      27,
      2
    ],
    "q_net.2": [
      15,
      41,
      52,
      1,
      19,
      55,
      59,
      3,
      5
    ]
  },
  "noising": {
    "metrics": {
      "mean": 0.0038287652673076886,
      "std": 0.0016020220777283657,
      "count": 32,
      "values": [
        0.003964424854590448,
        0.0031295737700650916,
        0.007171230955641761,
        0.0025768178700995292,
        0.0017563642913028532,
        0.0031938034525280934,
        0.0026446654411945714,
        0.004524390439557019,
        0.0077488339629882,
        0.004017007896614022,
        0.003327833116553852,
        0.004149162604180329,
        0.0032420153962647857,
        0.0048821767082372625,
        0.0024629608855302187,
        0.0021218039342647266,
        0.004448249416237032,
        0.0045812209339470555,
        0.004870547285079269,
        0.0055057930014753564,
        0.004871841028928098,
        0.0042716809755829754,
        0.0009678857943115071,
        0.003955609154792372,
        0.0037576952196960445,
        0.00034884001974280765,
        0.0046042804030194395,
        0.00549919240338223,
        0.0061534718488504,
        0.0020367498047113852,
        0.002907699330145036,
        0.0028266663543322634
      ]
    },
    "num_results": 32
  },
  "denoising": {
    "metrics": {
      "mean": 0.003438570078508396,
      "std": 0.001578221696221558,
      "count": 32,
      "values": [
        0.0038529295304483013,
        0.0030873185964500893,
        0.002293939502073211,
        0.002526442197490486,
        0.001792005962477472,
        0.00217326299231263,
        0.0026186114995890575,
        0.0009004332701468276,
        0.007869808335906087,
        0.003988779261322545,
        0.0033359455333152876,
        8.271611400098577e-05,
        0.0032316990109456656,
        0.00485976248527023,
        0.0023992978139399657,
        0.0022912625718119473,
        0.004405484266400667,
        0.00461382441620084,
        0.004721753156918446,
        0.005225531252926546,
        0.004854650149595102,
        0.00426808192991357,
        0.0009684683797346605,
        0.0038263813080193776,
        0.0038233774158970835,
        0.004748489352120799,
        0.004500140127139396,
        0.0028508227397750496,
        0.006260173841362515,
        0.0020213202978622558,
        0.002836057411749554,
        0.0028054717891520253
      ]
    },
    "num_results": 32
  },
  "target_metric_score": 0.0038287652673076886,
  "timestamp": "2025-06-04T19:28:06.645653"
}