{
  "experiment_name": "candidate_q_net_2_neuron_45",
  "coalition_neurons": [
    "q_net.0_neuron_4",
    "q_net.0_neuron_7",
    "q_net.2_neuron_15",
    "q_net.0_neuron_52",
    "q_net.2_neuron_41",
    "q_net.0_neuron_58",
    "q_net.0_neuron_59",
    "q_net.0_neuron_16",
    "q_net.0_neuron_34",
    "q_net.2_neuron_52",
    "q_net.0_neuron_44",
    "q_net.2_neuron_1",
    "q_net.0_neuron_14",
    "q_net.2_neuron_19",
    "q_net.0_neuron_1",
    "q_net.2_neuron_55",
    "q_net.0_neuron_57",
    "q_net.0_neuron_36",
    "q_net.0_neuron_26",
    "q_net.2_neuron_59",
    "q_net.0_neuron_29",
    "q_net.0_neuron_12",
    "q_net.0_neuron_27",
    "q_net.2_neuron_45"
  ],
  "patch_config": {
    "q_net.0": [
      4,
      7,
      52,
      58,
      59,
      16,
      34,
      44,
      14,
      1,
      57,
      36,
      26,
      29,
      12,
      27
    ],
    "q_net.2": [
      15,
      41,
      52,
      1,
      19,
      55,
      59,
      45
    ]
  },
  "noising": {
    "metrics": {
      "mean": 0.00387601037361209,
      "std": 0.00154226321546969,
      "count": 32,
      "values": [
        0.004129508484887745,
        0.0032724146241431273,
        0.0069549584563730615,
        0.0026060160078477668,
        0.0019041922853232085,
        0.0032930879741540353,
        0.00276923934756354,
        0.004462287725677111,
        0.007552098747111352,
        0.004156076324008828,
        0.0033669236701664162,
        0.003924041087621899,
        0.0035651714271736634,
        0.005032004588597094,
        0.002657103636181851,
        0.0020123429598039866,
        0.0042782489952784,
        0.004318183779014134,
        0.0048771568825215494,
        0.00604168009122466,
        0.00497745724801088,
        0.004481504957045579,
        0.0012028374797201924,
        0.004155598536667471,
        0.00335078135435507,
        0.0005288500737902213,
        0.004569133673174186,
        0.005463654904666049,
        0.006046845903767639,
        0.0022364245266291993,
        0.0029029928931206817,
        0.0029435133099662836
      ]
    },
    "num_results": 32
  },
  "denoising": {
    "metrics": {
      "mean": 0.0035076603851639677,
      "std": 0.0015499502008764156,
      "count": 32,
      "values": [
        0.004049939866532876,
        0.0032238123169247568,
        0.002185373950122582,
        0.002559767710154537,
        0.001926212233117952,
        0.0024073527150453577,
        0.00274099617932122,
        0.0010027471904957286,
        0.007668982035079264,
        0.004123211462788601,
        0.0033700080840165236,
        5.1145431343546655e-05,
        0.0035506195124360707,
        0.005006143303071364,
        0.002611643669827024,
        0.002184936618679467,
        0.004246757295340742,
        0.004348824012579716,
        0.004792703650924046,
        0.005783876951165445,
        0.005030776707476731,
        0.004475896519063771,
        0.0012019002423847291,
        0.0039964144975607185,
        0.0034098875780467497,
        0.004775532700166563,
        0.0044089572086300766,
        0.002986015796537761,
        0.006116009836423519,
        0.0022183825624128573,
        0.0028715129195142908,
        0.002918791568062379
      ]
    },
    "num_results": 32
  },
  "target_metric_score": 0.00387601037361209,
  "timestamp": "2025-06-04T19:28:02.552254"
}