{
  "experiment_name": "candidate_q_net_2_neuron_62",
  "coalition_neurons": [
    "q_net.0_neuron_4",
    "q_net.0_neuron_7",
    "q_net.2_neuron_15",
    "q_net.0_neuron_52",
    "q_net.2_neuron_41",
    "q_net.0_neuron_58",
    "q_net.0_neuron_59",
    "q_net.0_neuron_16",
    "q_net.0_neuron_34",
    "q_net.2_neuron_52",
    "q_net.0_neuron_44",
    "q_net.2_neuron_1",
    "q_net.0_neuron_14",
    "q_net.2_neuron_19",
    "q_net.0_neuron_1",
    "q_net.2_neuron_62"
  ],
  "patch_config": {
    "q_net.0": [
      4,
      7,
      52,
      58,
      59,
      16,
      34,
      44,
      14,
      1
    ],
    "q_net.2": [
      15,
      41,
      52,
      1,
      19,
      62
    ]
  },
  "noising": {
    "metrics": {
      "mean": 0.003356084421577971,
      "std": 0.0013329384736946103,
      "count": 32,
      "values": [
        0.003567787309545156,
        0.0030348816242956045,
        0.006416566560959014,
        0.002373675024505695,
        0.0010592230944592163,
        0.0027746076869942238,
        0.002370916642558424,
        0.0036817442099360276,
        0.006032482403972944,
        0.0035362805902837413,
        0.003933038178398629,
        0.0033924449159467573,
        0.002698076500555757,
        0.004455513514970366,
        0.0017809048522575144,
        0.002497781771649832,
        0.0035989989153180357,
        0.003846417747999542,
        0.004861928398351617,
        0.005584135217907765,
        0.00413229283910907,
        0.003930832855626176,
        0.0011686671571879137,
        0.0037426141574032346,
        0.0018578412458611082,
        0.0008713979948007655,
        0.003857966024722298,
        0.004608972380408777,
        0.004354710367132669,
        0.0021212537665564746,
        0.0024414287290661363,
        0.0028093188117545853
      ]
    },
    "num_results": 32
  },
  "denoising": {
    "metrics": {
      "mean": 0.0029863871370525326,
      "std": 0.0013545724479208515,
      "count": 32,
      "values": [
        0.003540484763717072,
        0.0029949884598884924,
        0.0019680523627494673,
        0.0024076410444322516,
        0.0010899333546215972,
        0.0009575975254738356,
        0.0023530945532646563,
        0.0005096048547229004,
        0.0061144080461666694,
        0.003513178129972705,
        0.0039373092694589,
        0.0005899504540675948,
        0.0026909493706636922,
        0.004438278755113878,
        0.001795409917063645,
        0.0025368191856787736,
        0.003576751277195478,
        0.003872860332674144,
        0.0048296340751819156,
        0.00532632676143871,
        0.004200215085010506,
        0.003922963902685733,
        0.0011646892303719125,
        0.0037554298088691984,
        0.001923613619080583,
        0.003588504809014681,
        0.003850408245454434,
        0.0022741061054672718,
        0.0044674957820094174,
        0.002123275665265101,
        0.0024664850423811724,
        0.002783928596524654
      ]
    },
    "num_results": 32
  },
  "target_metric_score": 0.003356084421577971,
  "timestamp": "2025-06-04T19:27:49.259742"
}