{
  "experiment_name": "candidate_q_net_2_neuron_30",
  "coalition_neurons": [
    "q_net.0_neuron_4",
    "q_net.0_neuron_7",
    "q_net.2_neuron_15",
    "q_net.0_neuron_52",
    "q_net.2_neuron_41",
    "q_net.0_neuron_58",
    "q_net.0_neuron_59",
    "q_net.0_neuron_16",
    "q_net.0_neuron_34",
    "q_net.2_neuron_52",
    "q_net.0_neuron_44",
    "q_net.2_neuron_1",
    "q_net.0_neuron_14",
    "q_net.2_neuron_19",
    "q_net.0_neuron_1",
    "q_net.2_neuron_55",
    "q_net.0_neuron_57",
    "q_net.0_neuron_36",
    "q_net.2_neuron_30"
  ],
  "patch_config": {
    "q_net.0": [
      4,
      7,
      52,
      58,
      59,
      16,
      34,
      44,
      14,
      1,
      57,
      36
    ],
    "q_net.2": [
      15,
      41,
      52,
      1,
      19,
      55,
      30
    ]
  },
  "noising": {
    "metrics": {
      "mean": 0.0034992377395011336,
      "std": 0.0014875027754838563,
      "count": 32,
      "values": [
        0.003972640311350195,
        0.0028601315344398137,
        0.006856561633178382,
        0.002561944657776205,
        0.0015111055048747102,
        0.0028107538218849204,
        0.0027316781148436498,
        0.003769408089563747,
        0.006585193464728356,
        0.0037765436273057007,
        0.0032058018183672987,
        0.003393592611772217,
        0.002692088897264633,
        0.004306685567388668,
        0.002245061171887691,
        0.002042366109572119,
        0.004048261901202277,
        0.003905018594854759,
        0.005096650278767961,
        0.00613500444174106,
        0.004228336230863716,
        0.004183048986757032,
        0.000626072534774369,
        0.004404306935969632,
        0.002623434446439865,
        0.0007070840541577861,
        0.004032099789150423,
        0.004528814582372226,
        0.005252816660519688,
        0.0015394501146421546,
        0.002613037904467347,
        0.0027306132711576725
      ]
    },
    "num_results": 32
  },
  "denoising": {
    "metrics": {
      "mean": 0.0031819852114758204,
      "std": 0.0014205723709784512,
      "count": 32,
      "values": [
        0.003939353852720373,
        0.0028153224419100453,
        0.002249260778173001,
        0.00260186281966443,
        0.0015047571212861155,
        0.0016924172985333663,
        0.002704267640360386,
        0.0013272315136098334,
        0.006652282879376137,
        0.003749708595538387,
        0.003211677862795137,
        0.0005302298660704308,
        0.00268493321441024,
        0.004281196185702413,
        0.0021972120586360444,
        0.002223507163560956,
        0.004059026584440822,
        0.0039262658375640025,
        0.0050461977409481384,
        0.005711366220648717,
        0.0042140445401989135,
        0.004165981364852023,
        0.0006240863730017365,
        0.00413435699447795,
        0.00266974375209858,
        0.004327140651829847,
        0.0039444622289483144,
        0.002364104351617241,
        0.005340026545098686,
        0.0015899428225285839,
        0.0026365672418887376,
        0.002704992224736663
      ]
    },
    "num_results": 32
  },
  "target_metric_score": 0.0034992377395011336,
  "timestamp": "2025-06-04T19:27:53.261149"
}