{
  "experiment_name": "candidate_q_net_2_neuron_63",
  "coalition_neurons": [
    "q_net.0_neuron_4",
    "q_net.0_neuron_7",
    "q_net.2_neuron_15",
    "q_net.0_neuron_52",
    "q_net.2_neuron_41",
    "q_net.0_neuron_58",
    "q_net.0_neuron_59",
    "q_net.0_neuron_16",
    "q_net.0_neuron_34",
    "q_net.2_neuron_52",
    "q_net.0_neuron_44",
    "q_net.2_neuron_1",
    "q_net.0_neuron_14",
    "q_net.2_neuron_19",
    "q_net.0_neuron_1",
    "q_net.2_neuron_55",
    "q_net.0_neuron_57",
    "q_net.0_neuron_36",
    "q_net.0_neuron_26",
    "q_net.2_neuron_63"
  ],
  "patch_config": {
    "q_net.0": [
      4,
      7,
      52,
      58,
      59,
      16,
      34,
      44,
      14,
      1,
      57,
      36,
      26
    ],
    "q_net.2": [
      15,
      41,
      52,
      1,
      19,
      55,
      63
    ]
  },
  "noising": {
    "metrics": {
      "mean": 0.003504779586441093,
      "std": 0.0014095561434945608,
      "count": 32,
      "values": [
        0.003308388093821557,
        0.0033800179171821765,
        0.006734707430872178,
        0.002360734299986983,
        0.001544218648592749,
        0.002401220858651909,
        0.002357967814137052,
        0.0037910892363479942,
        0.006500167813284774,
        0.0037094522439292954,
        0.0033380651705834374,
        0.0035200272433675295,
        0.0028799477810028673,
        0.004474584071778948,
        0.0021959034043021464,
        0.0026566731937504584,
        0.004089587729295768,
        0.004015776805379845,
        0.0047268213095814915,
        0.0062317329132139665,
        0.004476652660249991,
        0.004060287351596775,
        0.001278149014820762,
        0.004420155140132137,
        0.0024017412350368084,
        0.0006915794042476331,
        0.0036906081262311763,
        0.004633192372123923,
        0.0048859238101506,
        0.0022429309463700142,
        0.0022039641342866956,
        0.002950678591805339
      ]
    },
    "num_results": 32
  },
  "denoising": {
    "metrics": {
      "mean": 0.0031786537404793055,
      "std": 0.0013372141014828805,
      "count": 32,
      "values": [
        0.0032818541366425313,
        0.0033261093314492507,
        0.002151747877580351,
        0.0024134624494414336,
        0.0015351101264895473,
        0.0012905798430654924,
        0.0023366000011142973,
        0.0013555907171411419,
        0.006571239976843196,
        0.0036852580085303677,
        0.0033440917474089338,
        0.0007379978964800471,
        0.0028713218203519075,
        0.0044489898162469455,
        0.002133948116150114,
        0.0028225995140366833,
        0.004102450665974644,
        0.004036390309843929,
        0.004686760552937541,
        0.005776082911883612,
        0.004509494131917424,
        0.0040452392156121175,
        0.0012737444087116967,
        0.004155202969284483,
        0.0024520337255557745,
        0.003912222721468239,
        0.0036094887143015286,
        0.0024822667111814856,
        0.004984182892491751,
        0.002232268845243829,
        0.0022298399859008167,
        0.002922749554056664
      ]
    },
    "num_results": 32
  },
  "target_metric_score": 0.003504779586441093,
  "timestamp": "2025-06-04T19:27:55.099807"
}