{
  "model.buffer_size": 167288,
  "model.learning_starts": 416011,
  "model.batch_size": 162,
  "model.learning_rate": 1.532926936889256e-06,
  "model.gamma": 0.5670763901357558,
  "model.train_freq": 779,
  "model.target_update_interval": 23218,
  "model.exploration_fraction": 0.21543186066608186,
  "model.exploration_final_eps": 0.013766030281517381
}