{
  "experiment_name": "candidate_q_net_0_neuron_45",
  "coalition_neurons": [
    "q_net.0_neuron_38",
    "q_net.0_neuron_24",
    "q_net.0_neuron_27",
    "q_net.0_neuron_40",
    "q_net.2_neuron_63",
    "q_net.0_neuron_36",
    "q_net.2_neuron_0",
    "q_net.0_neuron_20",
    "q_net.2_neuron_21",
    "q_net.2_neuron_38",
    "q_net.0_neuron_47",
    "q_net.2_neuron_30",
    "q_net.2_neuron_40",
    "q_net.0_neuron_14",
    "q_net.2_neuron_33",
    "q_net.0_neuron_33",
    "q_net.0_neuron_45"
  ],
  "patch_config": {
    "q_net.0": [
      38,
      24,
      27,
      40,
      36,
      20,
      47,
      14,
      33,
      45
    ],
    "q_net.2": [
      63,
      0,
      21,
      38,
      30,
      40,
      33
    ]
  },
  "noising": {
    "metrics": {
      "mean": 0.0011114346896965483,
      "std": 0.0011710540883044934,
      "count": 6,
      "values": [
        0.0035903410807239453,
        4.803009053535234e-05,
        0.0007919016064471688,
        0.0009352058146146315,
        0.0010966946084914032,
        0.00020643493736678935
      ]
    },
    "num_results": 6
  },
  "denoising": {
    "metrics": {
      "mean": 0.0012302025730331133,
      "std": 0.0014062272406446777,
      "count": 6,
      "values": [
        0.004229658197446938,
        4.727765010536914e-05,
        0.000802050321109261,
        0.0007475156236104097,
        0.0013440866127188296,
        0.00021062703320787277
      ]
    },
    "num_results": 6
  },
  "target_metric_score": 0.0011708186313648308,
  "timestamp": "2025-05-30T23:14:19.058863"
}