{
  "experiment_name": "candidate_q_net_2_neuron_38",
  "coalition_neurons": [
    "q_net.4_neuron_2",
    "q_net.4_neuron_3",
    "q_net.0_neuron_38",
    "q_net.0_neuron_3",
    "q_net.0_neuron_24",
    "q_net.4_neuron_4",
    "q_net.0_neuron_5",
    "q_net.0_neuron_40",
    "q_net.0_neuron_35",
    "q_net.0_neuron_14",
    "q_net.0_neuron_54",
    "q_net.2_neuron_40",
    "q_net.0_neuron_4",
    "q_net.0_neuron_47",
    "q_net.0_neuron_9",
    "q_net.0_neuron_26",
    "q_net.0_neuron_61",
    "q_net.2_neuron_30",
    "q_net.2_neuron_36",
    "q_net.2_neuron_19",
    "q_net.2_neuron_16",
    "q_net.2_neuron_33",
    "q_net.0_neuron_20",
    "q_net.2_neuron_38"
  ],
  "patch_config": {
    "q_net.4": [
      2,
      3,
      4
    ],
    "q_net.0": [
      38,
      3,
      24,
      5,
      40,
      35,
      14,
      54,
      4,
      47,
      9,
      26,
      61,
      20
    ],
    "q_net.2": [
      40,
      30,
      36,
      19,
      16,
      33,
      38
    ]
  },
  "noising": {
    "metrics": {
      "mean": 0.0018136012050166768,
      "std": 0.0016354716983999636,
      "count": 6,
      "values": [
        0.004217912896870096,
        7.186034756070773e-05,
        0.001175369579878881,
        0.0037363024919150854,
        0.001625773943632358,
        5.438797024293144e-05
      ]
    },
    "num_results": 6
  },
  "denoising": {
    "metrics": {
      "mean": 0.001793570523346888,
      "std": 0.0015940683610592686,
      "count": 6,
      "values": [
        0.004186020655012139,
        7.216256269595512e-05,
        0.0012059050073209582,
        0.0035739986202022924,
        0.0016700930343463713,
        5.324326050361338e-05
      ]
    },
    "num_results": 6
  },
  "target_metric_score": 0.0018136012050166768,
  "timestamp": "2025-05-30T17:13:57.010113"
}