{
  "experiment_name": "candidate_q_net_0_neuron_45",
  "coalition_neurons": [
    "q_net.0_neuron_38",
    "q_net.0_neuron_24",
    "q_net.0_neuron_27",
    "q_net.0_neuron_40",
    "q_net.2_neuron_63",
    "q_net.0_neuron_36",
    "q_net.2_neuron_0",
    "q_net.0_neuron_20",
    "q_net.2_neuron_21",
    "q_net.2_neuron_38",
    "q_net.0_neuron_47",
    "q_net.2_neuron_30",
    "q_net.2_neuron_40",
    "q_net.0_neuron_14",
    "q_net.2_neuron_33",
    "q_net.0_neuron_45"
  ],
  "patch_config": {
    "q_net.0": [
      38,
      24,
      27,
      40,
      36,
      20,
      47,
      14,
      45
    ],
    "q_net.2": [
      63,
      0,
      21,
      38,
      30,
      40,
      33
    ]
  },
  "noising": {
    "metrics": {
      "mean": 0.0010628420935290806,
      "std": 0.0011179153299982437,
      "count": 6,
      "values": [
        0.0034433181515961335,
        7.100531887806833e-05,
        0.000717678478605226,
        0.0008896345236925184,
        0.0010278202750847324,
        0.0002275958133178043
      ]
    },
    "num_results": 6
  },
  "denoising": {
    "metrics": {
      "mean": 0.0011824318080254125,
      "std": 0.0013506998135470163,
      "count": 6,
      "values": [
        0.004078331852667492,
        7.373100997841377e-05,
        0.0007275341160549124,
        0.0007157588689902733,
        0.0012651334541526759,
        0.00023410154630870662
      ]
    },
    "num_results": 6
  },
  "target_metric_score": 0.0011226369507772466,
  "timestamp": "2025-05-30T23:14:18.718794"
}