{
  "experiment_name": "candidate_q_net_0_neuron_5",
  "coalition_neurons": [
    "q_net.4_neuron_2",
    "q_net.4_neuron_3",
    "q_net.0_neuron_38",
    "q_net.0_neuron_3",
    "q_net.0_neuron_24",
    "q_net.4_neuron_4",
    "q_net.0_neuron_5"
  ],
  "patch_config": {
    "q_net.4": [
      2,
      3,
      4
    ],
    "q_net.0": [
      38,
      3,
      24,
      5
    ]
  },
  "noising": {
    "metrics": {
      "mean": 0.0013270297965547611,
      "std": 0.0011056401926205506,
      "count": 6,
      "values": [
        0.002280288874640715,
        0.00020870355799080295,
        0.0009175011697912794,
        0.0032461687350805717,
        0.0011133314773703901,
        0.00019618496445480797
      ]
    },
    "num_results": 6
  },
  "denoising": {
    "metrics": {
      "mean": 0.0013557281835788486,
      "std": 0.0011170186826965165,
      "count": 6,
      "values": [
        0.0023627967140217527,
        0.00022538663041337856,
        0.000928672973427214,
        0.0032634462472023486,
        0.0011521687404821312,
        0.00020189779592626536
      ]
    },
    "num_results": 6
  },
  "target_metric_score": 0.0013557281835788486,
  "timestamp": "2025-05-30T17:13:53.870632"
}