{
  "experiment_name": "candidate_q_net_4_neuron_1",
  "coalition_neurons": [
    "q_net.4_neuron_2",
    "q_net.4_neuron_3",
    "q_net.0_neuron_38",
    "q_net.4_neuron_1"
  ],
  "patch_config": {
    "q_net.4": [
      2,
      3,
      1
    ],
    "q_net.0": [
      38
    ]
  },
  "noising": {
    "metrics": {
      "mean": 0.0008941901350398913,
      "std": 0.0005765390268113543,
      "count": 6,
      "values": [
        0.0020576126360760867,
        0.00047692791043929105,
        0.000666561496567001,
        0.0010986884204847404,
        0.0007690047480292444,
        0.0002963455986429841
      ]
    },
    "num_results": 6
  },
  "denoising": {
    "metrics": {
      "mean": 0.0009162607191682401,
      "std": 0.0005823940582907875,
      "count": 6,
      "values": [
        0.0020643593526651384,
        0.0004844879590885434,
        0.0006727899318207152,
        0.0011850114776437758,
        0.0007945002003188115,
        0.00029641539347245553
      ]
    },
    "num_results": 6
  },
  "target_metric_score": 0.0009162607191682401,
  "timestamp": "2025-05-30T17:13:53.131539"
}