{
  "experiment_name": "candidate_q_net_2_neuron_0",
  "coalition_neurons": [
    "q_net.4_neuron_2",
    "q_net.4_neuron_3",
    "q_net.0_neuron_38",
    "q_net.0_neuron_3",
    "q_net.0_neuron_24",
    "q_net.4_neuron_4",
    "q_net.0_neuron_5",
    "q_net.0_neuron_40",
    "q_net.0_neuron_35",
    "q_net.0_neuron_14",
    "q_net.0_neuron_54",
    "q_net.2_neuron_40",
    "q_net.0_neuron_4",
    "q_net.0_neuron_47",
    "q_net.0_neuron_9",
    "q_net.0_neuron_26",
    "q_net.0_neuron_61",
    "q_net.2_neuron_30",
    "q_net.2_neuron_36",
    "q_net.2_neuron_19",
    "q_net.2_neuron_0"
  ],
  "patch_config": {
    "q_net.4": [
      2,
      3,
      4
    ],
    "q_net.0": [
      38,
      3,
      24,
      5,
      40,
      35,
      14,
      54,
      4,
      47,
      9,
      26,
      61
    ],
    "q_net.2": [
      40,
      30,
      36,
      19,
      0
    ]
  },
  "noising": {
    "metrics": {
      "mean": 0.0016731876087914069,
      "std": 0.00145795167380255,
      "count": 6,
      "values": [
        0.0036796532683383803,
        7.936667813847667e-05,
        0.0011888449744775443,
        0.0034944140602800808,
        0.001541958894813265,
        5.4887776700695504e-05
      ]
    },
    "num_results": 6
  },
  "denoising": {
    "metrics": {
      "mean": 0.0016591489157766935,
      "std": 0.001429482454278427,
      "count": 6,
      "values": [
        0.003685395188610211,
        8.164261764330872e-05,
        0.0012199682808097714,
        0.003360234738796132,
        0.0015510192144135714,
        5.6633454387166834e-05
      ]
    },
    "num_results": 6
  },
  "target_metric_score": 0.0016731876087914069,
  "timestamp": "2025-05-30T17:13:56.395875"
}