{
  "experiment_name": "candidate_q_net_2_neuron_15",
  "coalition_neurons": [
    "q_net.4_neuron_2",
    "q_net.4_neuron_3",
    "q_net.0_neuron_38",
    "q_net.0_neuron_3",
    "q_net.0_neuron_24",
    "q_net.4_neuron_4",
    "q_net.0_neuron_5",
    "q_net.0_neuron_40",
    "q_net.0_neuron_35",
    "q_net.0_neuron_14",
    "q_net.2_neuron_15"
  ],
  "patch_config": {
    "q_net.4": [
      2,
      3,
      4
    ],
    "q_net.0": [
      38,
      3,
      24,
      5,
      40,
      35,
      14
    ],
    "q_net.2": [
      15
    ]
  },
  "noising": {
    "metrics": {
      "mean": 0.001420832624258235,
      "std": 0.0012374899629425788,
      "count": 6,
      "values": [
        0.002733136145379678,
        0.00011042562614515561,
        0.0009743292197770814,
        0.0033615673652386546,
        0.0012489481400729187,
        9.658924893592245e-05
      ]
    },
    "num_results": 6
  },
  "denoising": {
    "metrics": {
      "mean": 0.0014273825134834307,
      "std": 0.001233455162355842,
      "count": 6,
      "values": [
        0.0026788373507784236,
        0.00011320509286368815,
        0.0009870469262225762,
        0.003391379109064825,
        0.0012956284773923176,
        9.819812457875473e-05
      ]
    },
    "num_results": 6
  },
  "target_metric_score": 0.0014273825134834307,
  "timestamp": "2025-05-30T17:13:54.527394"
}