{
  "experiment_name": "candidate_q_net_4_neuron_1",
  "coalition_neurons": [
    "q_net.4_neuron_2",
    "q_net.4_neuron_3",
    "q_net.0_neuron_38",
    "q_net.0_neuron_3",
    "q_net.0_neuron_24",
    "q_net.4_neuron_4",
    "q_net.0_neuron_5",
    "q_net.0_neuron_40",
    "q_net.0_neuron_35",
    "q_net.0_neuron_14",
    "q_net.4_neuron_1"
  ],
  "patch_config": {
    "q_net.4": [
      2,
      3,
      4,
      1
    ],
    "q_net.0": [
      38,
      3,
      24,
      5,
      40,
      35,
      14
    ]
  },
  "noising": {
    "metrics": {
      "mean": 0.0010512371333841742,
      "std": 0.0007955140571577205,
      "count": 6,
      "values": [
        0.0023661966541714454,
        0.00014829903150932234,
        0.0009809699558819118,
        0.0016844602832044439,
        0.000994701128489815,
        0.0001327957470481061
      ]
    },
    "num_results": 6
  },
  "denoising": {
    "metrics": {
      "mean": 0.0010593474754222857,
      "std": 0.0007897814514391287,
      "count": 6,
      "values": [
        0.0023523158747374845,
        0.00016475319550646807,
        0.0009953669544903367,
        0.0017022133806529173,
        0.0010040617502928783,
        0.00013737369685362893
      ]
    },
    "num_results": 6
  },
  "target_metric_score": 0.0010593474754222857,
  "timestamp": "2025-05-30T17:13:54.456321"
}