{
  "experiment_name": "candidate_q_net_2_neuron_52",
  "coalition_neurons": [
    "q_net.4_neuron_2",
    "q_net.4_neuron_3",
    "q_net.0_neuron_38",
    "q_net.0_neuron_3",
    "q_net.0_neuron_24",
    "q_net.4_neuron_4",
    "q_net.0_neuron_5",
    "q_net.0_neuron_40",
    "q_net.0_neuron_35",
    "q_net.0_neuron_14",
    "q_net.0_neuron_54",
    "q_net.2_neuron_40",
    "q_net.0_neuron_4",
    "q_net.0_neuron_47",
    "q_net.0_neuron_9",
    "q_net.0_neuron_26",
    "q_net.0_neuron_61",
    "q_net.2_neuron_30",
    "q_net.2_neuron_36",
    "q_net.2_neuron_52"
  ],
  "patch_config": {
    "q_net.4": [
      2,
      3,
      4
    ],
    "q_net.0": [
      38,
      3,
      24,
      5,
      40,
      35,
      14,
      54,
      4,
      47,
      9,
      26,
      61
    ],
    "q_net.2": [
      40,
      30,
      36,
      52
    ]
  },
  "noising": {
    "metrics": {
      "mean": 0.0016909645740867292,
      "std": 0.0014718478229984004,
      "count": 6,
      "values": [
        0.0038011753062887213,
        8.022563384334311e-05,
        0.0011875154501267155,
        0.0034282922524654195,
        0.0015912726544160542,
        5.730614738012115e-05
      ]
    },
    "num_results": 6
  },
  "denoising": {
    "metrics": {
      "mean": 0.0016933878920954932,
      "std": 0.0014594266773948733,
      "count": 6,
      "values": [
        0.0038148441499977737,
        8.091388966623223e-05,
        0.001216723404468158,
        0.003356707929869753,
        0.0016353385543163117,
        5.579942425473121e-05
      ]
    },
    "num_results": 6
  },
  "target_metric_score": 0.0016933878920954932,
  "timestamp": "2025-05-30T17:13:56.309572"
}