{
  "experiment_name": "candidate_q_net_2_neuron_59",
  "coalition_neurons": [
    "q_net.0_neuron_38",
    "q_net.0_neuron_24",
    "q_net.0_neuron_27",
    "q_net.0_neuron_47",
    "q_net.0_neuron_36",
    "q_net.0_neuron_40",
    "q_net.2_neuron_63",
    "q_net.2_neuron_38",
    "q_net.2_neuron_21",
    "q_net.0_neuron_20",
    "q_net.2_neuron_59"
  ],
  "patch_config": {
    "q_net.0": [
      38,
      24,
      27,
      47,
      36,
      40,
      20
    ],
    "q_net.2": [
      63,
      38,
      21,
      59
    ]
  },
  "noising": {
    "metrics": {
      "mean": 0.0007435899156990212,
      "std": 0.0008097478606103698,
      "count": 6,
      "values": [
        0.0024349793619443316,
        1.7796772793005956e-05,
        0.0003877979529694382,
        0.0007456666420948077,
        0.0007788122375920708,
        9.648652680047261e-05
      ]
    },
    "num_results": 6
  },
  "denoising": {
    "metrics": {
      "mean": 0.0007547387631993099,
      "std": 0.0008779704278065356,
      "count": 6,
      "values": [
        0.0026172728604884343,
        1.813292823609825e-05,
        0.0003767757513645129,
        0.0005701949707350362,
        0.0008456784693227659,
        0.0001003775990490117
      ]
    },
    "num_results": 6
  },
  "target_metric_score": 0.0007547387631993099,
  "timestamp": "2025-05-30T22:46:56.145750"
}