{
  "experiment_name": "candidate_q_net_2_neuron_35",
  "coalition_neurons": [
    "q_net.0_neuron_38",
    "q_net.0_neuron_24",
    "q_net.0_neuron_27",
    "q_net.0_neuron_47",
    "q_net.0_neuron_36",
    "q_net.2_neuron_35"
  ],
  "patch_config": {
    "q_net.0": [
      38,
      24,
      27,
      47,
      36
    ],
    "q_net.2": [
      35
    ]
  },
  "noising": {
    "metrics": {
      "mean": 0.00030085839408201673,
      "std": 0.00027927158830143967,
      "count": 6,
      "values": [
        0.0007113431545455132,
        2.732331981596483e-06,
        0.0001030594613721375,
        0.0005636278064048801,
        0.00042038101916304534,
        4.006591024927921e-06
      ]
    },
    "num_results": 6
  },
  "denoising": {
    "metrics": {
      "mean": 0.00024729654091945873,
      "std": 0.0002229010809694738,
      "count": 6,
      "values": [
        0.0005545392368496386,
        2.6394921700757714e-06,
        9.160435104832595e-05,
        0.0004549760787479649,
        0.00037698580602024516,
        3.0342806805022356e-06
      ]
    },
    "num_results": 6
  },
  "target_metric_score": 0.00030085839408201673,
  "timestamp": "2025-05-30T23:31:53.354928"
}