{
  "experiment_name": "candidate_q_net_2_neuron_59",
  "coalition_neurons": [
    "q_net.0_neuron_38",
    "q_net.0_neuron_24",
    "q_net.0_neuron_27",
    "q_net.0_neuron_47",
    "q_net.0_neuron_36",
    "q_net.0_neuron_40",
    "q_net.2_neuron_63",
    "q_net.2_neuron_38",
    "q_net.2_neuron_59"
  ],
  "patch_config": {
    "q_net.0": [
      38,
      24,
      27,
      47,
      36,
      40
    ],
    "q_net.2": [
      63,
      38,
      59
    ]
  },
  "noising": {
    "metrics": {
      "mean": 0.0005684701926148872,
      "std": 0.000594341676467626,
      "count": 6,
      "values": [
        0.001775237062923491,
        1.4223675476580217e-05,
        0.0002759036203619095,
        0.000673206572919945,
        0.0006113007902131132,
        6.09494337942847e-05
      ]
    },
    "num_results": 6
  },
  "denoising": {
    "metrics": {
      "mean": 0.000560152330715652,
      "std": 0.0006153214137942707,
      "count": 6,
      "values": [
        0.0018372271225417366,
        1.4423000756497465e-05,
        0.0002661040283018744,
        0.0005244365252949044,
        0.000654834421721181,
        6.38888856777177e-05
      ]
    },
    "num_results": 6
  },
  "target_metric_score": 0.0005684701926148872,
  "timestamp": "2025-05-31T15:19:47.186901"
}