{
  "experiment_name": "candidate_q_net_2_neuron_13",
  "coalition_neurons": [
    "q_net.0_neuron_38",
    "q_net.0_neuron_24",
    "q_net.0_neuron_27",
    "q_net.0_neuron_47",
    "q_net.0_neuron_36",
    "q_net.0_neuron_40",
    "q_net.2_neuron_63",
    "q_net.2_neuron_38",
    "q_net.2_neuron_21",
    "q_net.0_neuron_20",
    "q_net.0_neuron_13",
    "q_net.0_neuron_14",
    "q_net.0_neuron_56",
    "q_net.2_neuron_5",
    "q_net.0_neuron_45",
    "q_net.0_neuron_52",
    "q_net.2_neuron_33",
    "q_net.0_neuron_33",
    "q_net.2_neuron_0",
    "q_net.0_neuron_4",
    "q_net.0_neuron_12",
    "q_net.0_neuron_26",
    "q_net.0_neuron_46",
    "q_net.0_neuron_32",
    "q_net.0_neuron_23",
    "q_net.2_neuron_10",
    "q_net.0_neuron_28",
    "q_net.2_neuron_13"
  ],
  "patch_config": {
    "q_net.0": [
      38,
      24,
      27,
      47,
      36,
      40,
      20,
      13,
      14,
      56,
      45,
      52,
      33,
      4,
      12,
      26,
      46,
      32,
      23,
      28
    ],
    "q_net.2": [
      63,
      38,
      21,
      5,
      33,
      0,
      10,
      13
    ]
  },
  "noising": {
    "metrics": {
      "mean": 0.0013178851686085305,
      "std": 0.0012858177999981164,
      "count": 6,
      "values": [
        0.004051539272398589,
        0.00011317321119171759,
        0.0010024338043829826,
        0.0011909286792955633,
        0.0011553166767181676,
        0.0003939193676641651
      ]
    },
    "num_results": 6
  },
  "denoising": {
    "metrics": {
      "mean": 0.0015023140434703667,
      "std": 0.00162475200637128,
      "count": 6,
      "values": [
        0.00500385538201297,
        0.00011178017255636494,
        0.0010572420726537874,
        0.001145798642594253,
        0.0013282574660372598,
        0.0003669505249675664
      ]
    },
    "num_results": 6
  },
  "target_metric_score": 0.0015023140434703667,
  "timestamp": "2025-05-30T22:47:02.950117"
}