{
  "experiment_name": "candidate_q_net_0_neuron_56",
  "coalition_neurons": [
    "q_net.4_neuron_2",
    "q_net.0_neuron_56"
  ],
  "patch_config": {
    "q_net.4": [
      2
    ],
    "q_net.0": [
      56
    ]
  },
  "noising": {
    "metrics": {
      "mean": 0.0005379280139280063,
      "std": 0.00034070394853751945,
      "count": 6,
      "values": [
        0.0011392250057568939,
        0.00047911897688125834,
        0.0005674318482326085,
        0.00022116757500042182,
        0.0007247001050808329,
        9.592457261602279e-05
      ]
    },
    "num_results": 6
  },
  "denoising": {
    "metrics": {
      "mean": 0.0005419888045483696,
      "std": 0.00034532438547002774,
      "count": 6,
      "values": [
        0.0011428782949246272,
        0.00045400862465544076,
        0.0005603195034812863,
        0.00023486297068471638,
        0.0007667618084438695,
        9.310162510027813e-05
      ]
    },
    "num_results": 6
  },
  "target_metric_score": 0.0005419888045483696,
  "timestamp": "2025-05-30T17:13:52.869146"
}