{
  "experiment_name": "candidate_q_net_2_neuron_27",
  "coalition_neurons": [
    "q_net.0_neuron_38",
    "q_net.0_neuron_24",
    "q_net.0_neuron_27",
    "q_net.0_neuron_47",
    "q_net.0_neuron_36",
    "q_net.0_neuron_40",
    "q_net.2_neuron_63",
    "q_net.2_neuron_38",
    "q_net.2_neuron_21",
    "q_net.0_neuron_20",
    "q_net.0_neuron_13",
    "q_net.0_neuron_14",
    "q_net.0_neuron_56",
    "q_net.2_neuron_5",
    "q_net.0_neuron_45",
    "q_net.0_neuron_52",
    "q_net.2_neuron_33",
    "q_net.0_neuron_33",
    "q_net.2_neuron_0",
    "q_net.0_neuron_4",
    "q_net.0_neuron_12",
    "q_net.0_neuron_26",
    "q_net.0_neuron_46",
    "q_net.0_neuron_32",
    "q_net.0_neuron_23",
    "q_net.2_neuron_10",
    "q_net.0_neuron_28",
    "q_net.2_neuron_27"
  ],
  "patch_config": {
    "q_net.0": [
      38,
      24,
      27,
      47,
      36,
      40,
      20,
      13,
      14,
      56,
      45,
      52,
      33,
      4,
      12,
      26,
      46,
      32,
      23,
      28
    ],
    "q_net.2": [
      63,
      38,
      21,
      5,
      33,
      0,
      10,
      27
    ]
  },
  "noising": {
    "metrics": {
      "mean": 0.0013329843396738036,
      "std": 0.0013137363719798235,
      "count": 6,
      "values": [
        0.004137226017095819,
        0.00013245371701222112,
        0.0009991947674099144,
        0.0011801911233627238,
        0.001156274460177482,
        0.00039256595298466004
      ]
    },
    "num_results": 6
  },
  "denoising": {
    "metrics": {
      "mean": 0.0015130165622994657,
      "std": 0.001656595425675117,
      "count": 6,
      "values": [
        0.005093787216571402,
        0.00012778628608679527,
        0.0010554250688319736,
        0.0011000090781109132,
        0.001333955116991797,
        0.0003671366072039127
      ]
    },
    "num_results": 6
  },
  "target_metric_score": 0.0015130165622994657,
  "timestamp": "2025-05-30T22:47:02.921159"
}