{
  "experiment_name": "candidate_q_net_2_neuron_13",
  "coalition_neurons": [
    "q_net.0_neuron_38",
    "q_net.0_neuron_24",
    "q_net.0_neuron_27",
    "q_net.0_neuron_47",
    "q_net.0_neuron_36",
    "q_net.0_neuron_40",
    "q_net.2_neuron_63",
    "q_net.2_neuron_38",
    "q_net.2_neuron_21",
    "q_net.0_neuron_20",
    "q_net.0_neuron_13",
    "q_net.0_neuron_14",
    "q_net.0_neuron_56",
    "q_net.2_neuron_5",
    "q_net.0_neuron_45",
    "q_net.0_neuron_52",
    "q_net.2_neuron_33",
    "q_net.0_neuron_33",
    "q_net.2_neuron_0",
    "q_net.0_neuron_4",
    "q_net.0_neuron_12",
    "q_net.0_neuron_26",
    "q_net.0_neuron_46",
    "q_net.2_neuron_13"
  ],
  "patch_config": {
    "q_net.0": [
      38,
      24,
      27,
      47,
      36,
      40,
      20,
      13,
      14,
      56,
      45,
      52,
      33,
      4,
      12,
      26,
      46
    ],
    "q_net.2": [
      63,
      38,
      21,
      5,
      33,
      0,
      13
    ]
  },
  "noising": {
    "metrics": {
      "mean": 0.0012629431023319874,
      "std": 0.0013288295909303144,
      "count": 6,
      "values": [
        0.004136017023142176,
        0.00013920478822807393,
        0.000789141587844152,
        0.0009654214190695343,
        0.0011521734469797941,
        0.00039570034872819446
      ]
    },
    "num_results": 6
  },
  "denoising": {
    "metrics": {
      "mean": 0.0014353715585752839,
      "std": 0.001665958666362917,
      "count": 6,
      "values": [
        0.005061178768456869,
        0.00013110838391769148,
        0.0008376101428490233,
        0.0008919632777230047,
        0.001322508313168398,
        0.0003678604653367173
      ]
    },
    "num_results": 6
  },
  "target_metric_score": 0.0014353715585752839,
  "timestamp": "2025-05-30T23:32:00.633190"
}