{
  "experiment_name": "candidate_q_net_0_neuron_27",
  "coalition_neurons": [
    "q_net.4_neuron_2",
    "q_net.4_neuron_3",
    "q_net.0_neuron_38",
    "q_net.0_neuron_3",
    "q_net.0_neuron_27"
  ],
  "patch_config": {
    "q_net.4": [
      2,
      3
    ],
    "q_net.0": [
      38,
      3,
      27
    ]
  },
  "noising": {
    "metrics": {
      "mean": 0.0010075617806886846,
      "std": 0.0006851322290959656,
      "count": 6,
      "values": [
        0.0018700433795651012,
        0.0004026341717394714,
        0.0005876376740669943,
        0.002001057971858838,
        0.0009065372105564795,
        0.0002774602763452238
      ]
    },
    "num_results": 6
  },
  "denoising": {
    "metrics": {
      "mean": 0.0010182108042654898,
      "std": 0.0007028182220512127,
      "count": 6,
      "values": [
        0.0018254907911800515,
        0.00039417872043619444,
        0.000564789294886946,
        0.0020948799099362965,
        0.0009559753542310511,
        0.0002739507549224
      ]
    },
    "num_results": 6
  },
  "target_metric_score": 0.0010182108042654898,
  "timestamp": "2025-05-30T17:13:53.289675"
}