{
  "experiment_name": "candidate_q_net_2_neuron_55",
  "coalition_neurons": [
    "q_net.0_neuron_38",
    "q_net.0_neuron_24",
    "q_net.0_neuron_27",
    "q_net.0_neuron_47",
    "q_net.0_neuron_36",
    "q_net.0_neuron_40",
    "q_net.2_neuron_63",
    "q_net.2_neuron_38",
    "q_net.2_neuron_55"
  ],
  "patch_config": {
    "q_net.0": [
      38,
      24,
      27,
      47,
      36,
      40
    ],
    "q_net.2": [
      63,
      38,
      55
    ]
  },
  "noising": {
    "metrics": {
      "mean": 0.000563625250797205,
      "std": 0.0005835840624611144,
      "count": 6,
      "values": [
        0.0017432669200193153,
        1.0596219638535093e-05,
        0.00029049483941092085,
        0.0006507524741953506,
        0.000632082410582796,
        5.455864093631261e-05
      ]
    },
    "num_results": 6
  },
  "denoising": {
    "metrics": {
      "mean": 0.0005528855555755355,
      "std": 0.0006039518762363042,
      "count": 6,
      "values": [
        0.0017985380628552541,
        1.0734749062871608e-05,
        0.00028002725552136445,
        0.0004921073484965184,
        0.0006813407168686078,
        5.456520064859617e-05
      ]
    },
    "num_results": 6
  },
  "target_metric_score": 0.000563625250797205,
  "timestamp": "2025-05-30T22:46:55.478653"
}