{
  "experiment_name": "candidate_q_net_0_neuron_47",
  "coalition_neurons": [
    "q_net.0_neuron_38",
    "q_net.0_neuron_24",
    "q_net.0_neuron_27",
    "q_net.0_neuron_40",
    "q_net.2_neuron_63",
    "q_net.0_neuron_36",
    "q_net.2_neuron_0",
    "q_net.0_neuron_20",
    "q_net.2_neuron_21",
    "q_net.0_neuron_47"
  ],
  "patch_config": {
    "q_net.0": [
      38,
      24,
      27,
      40,
      36,
      20,
      47
    ],
    "q_net.2": [
      63,
      0,
      21
    ]
  },
  "noising": {
    "metrics": {
      "mean": 0.0006758715039940289,
      "std": 0.0007347587288007111,
      "count": 6,
      "values": [
        0.0021698860641898377,
        1.7663294973161873e-05,
        0.0002712994530038844,
        0.0007318238274250117,
        0.0008120282249305206,
        5.252815944175606e-05
      ]
    },
    "num_results": 6
  },
  "denoising": {
    "metrics": {
      "mean": 0.000733258752273017,
      "std": 0.0008642545884993611,
      "count": 6,
      "values": [
        0.0025266500002082944,
        1.8281567720995903e-05,
        0.0002631133431002968,
        0.0005893154887030303,
        0.000950882682344327,
        5.1309431561157286e-05
      ]
    },
    "num_results": 6
  },
  "target_metric_score": 0.000704565128133523,
  "timestamp": "2025-05-30T23:14:16.449502"
}