{
  "experiment_name": "candidate_q_net_2_neuron_21",
  "coalition_neurons": [
    "q_net.4_neuron_2",
    "q_net.4_neuron_3",
    "q_net.0_neuron_38",
    "q_net.0_neuron_3",
    "q_net.0_neuron_24",
    "q_net.4_neuron_4",
    "q_net.0_neuron_5",
    "q_net.0_neuron_40",
    "q_net.0_neuron_35",
    "q_net.0_neuron_14",
    "q_net.0_neuron_54",
    "q_net.2_neuron_40",
    "q_net.0_neuron_4",
    "q_net.0_neuron_47",
    "q_net.0_neuron_9",
    "q_net.0_neuron_26",
    "q_net.0_neuron_61",
    "q_net.2_neuron_30",
    "q_net.2_neuron_36",
    "q_net.2_neuron_19",
    "q_net.2_neuron_21"
  ],
  "patch_config": {
    "q_net.4": [
      2,
      3,
      4
    ],
    "q_net.0": [
      38,
      3,
      24,
      5,
      40,
      35,
      14,
      54,
      4,
      47,
      9,
      26,
      61
    ],
    "q_net.2": [
      40,
      30,
      36,
      19,
      21
    ]
  },
  "noising": {
    "metrics": {
      "mean": 0.0016756733132304933,
      "std": 0.0014757839643222547,
      "count": 6,
      "values": [
        0.0037586017698962113,
        8.02420175548552e-05,
        0.0011548245183311276,
        0.0034822347140660154,
        0.0015227420221764804,
        5.5394837358270185e-05
      ]
    },
    "num_results": 6
  },
  "denoising": {
    "metrics": {
      "mean": 0.0016790071711251804,
      "std": 0.0014617709872625977,
      "count": 6,
      "values": [
        0.003781374837880792,
        8.261124391901233e-05,
        0.0011859703050265246,
        0.003401277362014685,
        0.001565542717552411,
        5.726656035765697e-05
      ]
    },
    "num_results": 6
  },
  "target_metric_score": 0.0016790071711251804,
  "timestamp": "2025-05-30T17:13:56.478870"
}