{
  "experiment_name": "candidate_q_net_0_neuron_14",
  "coalition_neurons": [
    "q_net.4_neuron_2",
    "q_net.4_neuron_3",
    "q_net.0_neuron_38",
    "q_net.0_neuron_3",
    "q_net.0_neuron_14"
  ],
  "patch_config": {
    "q_net.4": [
      2,
      3
    ],
    "q_net.0": [
      38,
      3,
      14
    ]
  },
  "noising": {
    "metrics": {
      "mean": 0.0011107838527281587,
      "std": 0.0007752771787616536,
      "count": 6,
      "values": [
        0.0022234419060558393,
        0.0003804673030755514,
        0.000748694012652742,
        0.0020617430913444897,
        0.001030085911449972,
        0.0002202708917903571
      ]
    },
    "num_results": 6
  },
  "denoising": {
    "metrics": {
      "mean": 0.0011499926634722564,
      "std": 0.00082669297590486,
      "count": 6,
      "values": [
        0.002203755391705405,
        0.00036754122753925034,
        0.0007347976955244789,
        0.0023058221162037557,
        0.0010668293114629835,
        0.00022121023839766522
      ]
    },
    "num_results": 6
  },
  "target_metric_score": 0.0011499926634722564,
  "timestamp": "2025-05-30T17:13:53.442994"
}