{
  "experiment_name": "candidate_q_net_2_neuron_5",
  "coalition_neurons": [
    "q_net.0_neuron_38",
    "q_net.0_neuron_24",
    "q_net.0_neuron_27",
    "q_net.0_neuron_40",
    "q_net.2_neuron_63",
    "q_net.0_neuron_36",
    "q_net.2_neuron_0",
    "q_net.0_neuron_20",
    "q_net.2_neuron_21",
    "q_net.2_neuron_38",
    "q_net.0_neuron_47",
    "q_net.2_neuron_30",
    "q_net.2_neuron_40",
    "q_net.0_neuron_14",
    "q_net.2_neuron_33",
    "q_net.2_neuron_5"
  ],
  "patch_config": {
    "q_net.0": [
      38,
      24,
      27,
      40,
      36,
      20,
      47,
      14
    ],
    "q_net.2": [
      63,
      0,
      21,
      38,
      30,
      40,
      33,
      5
    ]
  },
  "noising": {
    "metrics": {
      "mean": 0.0010543885808651763,
      "std": 0.001139490723967872,
      "count": 6,
      "values": [
        0.0035017530948644616,
        7.87909174652814e-05,
        0.0007135904993180306,
        0.0007690472406770756,
        0.001015075132279433,
        0.00024807460058677696
      ]
    },
    "num_results": 6
  },
  "denoising": {
    "metrics": {
      "mean": 0.0011725318627470842,
      "std": 0.0013791006648652996,
      "count": 6,
      "values": [
        0.004150400597833144,
        8.114160508030966e-05,
        0.0007224959774518635,
        0.000613779438265758,
        0.0012094863060129542,
        0.00025788725183847503
      ]
    },
    "num_results": 6
  },
  "target_metric_score": 0.0011134602218061302,
  "timestamp": "2025-05-30T23:14:18.690087"
}