{
  "experiment_name": "candidate_q_net_0_neuron_35",
  "coalition_neurons": [
    "q_net.0_neuron_38",
    "q_net.0_neuron_24",
    "q_net.0_neuron_27",
    "q_net.0_neuron_47",
    "q_net.0_neuron_36",
    "q_net.0_neuron_40",
    "q_net.2_neuron_63",
    "q_net.2_neuron_38",
    "q_net.2_neuron_21",
    "q_net.0_neuron_20",
    "q_net.0_neuron_13",
    "q_net.0_neuron_35"
  ],
  "patch_config": {
    "q_net.0": [
      38,
      24,
      27,
      47,
      36,
      40,
      20,
      13,
      35
    ],
    "q_net.2": [
      63,
      38,
      21
    ]
  },
  "noising": {
    "metrics": {
      "mean": 0.0008753189252206998,
      "std": 0.0009966997339396692,
      "count": 6,
      "values": [
        0.002999214488281162,
        3.066770066300934e-05,
        0.00046550608072747296,
        0.0006523538012651537,
        0.0009454524304841863,
        0.00015871904990321468
      ]
    },
    "num_results": 6
  },
  "denoising": {
    "metrics": {
      "mean": 0.0009071580409657901,
      "std": 0.0011025451705348676,
      "count": 6,
      "values": [
        0.003267945421078128,
        3.383649200128708e-05,
        0.0004513442009965833,
        0.0005125656046299793,
        0.0010309153030933368,
        0.0001463412239954265
      ]
    },
    "num_results": 6
  },
  "target_metric_score": 0.0009071580409657901,
  "timestamp": "2025-05-31T15:19:48.014848"
}