{
  "experiment_name": "candidate_q_net_2_neuron_10",
  "coalition_neurons": [
    "q_net.0_neuron_38",
    "q_net.0_neuron_24",
    "q_net.0_neuron_27",
    "q_net.0_neuron_47",
    "q_net.0_neuron_36",
    "q_net.0_neuron_40",
    "q_net.2_neuron_63",
    "q_net.2_neuron_38",
    "q_net.2_neuron_21",
    "q_net.0_neuron_20",
    "q_net.0_neuron_13",
    "q_net.0_neuron_14",
    "q_net.0_neuron_56",
    "q_net.2_neuron_5",
    "q_net.0_neuron_45",
    "q_net.0_neuron_52",
    "q_net.2_neuron_10"
  ],
  "patch_config": {
    "q_net.0": [
      38,
      24,
      27,
      47,
      36,
      40,
      20,
      13,
      14,
      56,
      45,
      52
    ],
    "q_net.2": [
      63,
      38,
      21,
      5,
      10
    ]
  },
  "noising": {
    "metrics": {
      "mean": 0.0010890540437426491,
      "std": 0.001266226630235621,
      "count": 6,
      "values": [
        0.0038441700801247194,
        8.525001275592591e-05,
        0.0005800582535476296,
        0.0007890529398656242,
        0.0009560060168394169,
        0.00027978695932257946
      ]
    },
    "num_results": 6
  },
  "denoising": {
    "metrics": {
      "mean": 0.0012083513208208296,
      "std": 0.0014814209567380172,
      "count": 6,
      "values": [
        0.00444433486495464,
        9.041344168127241e-05,
        0.0005954701382510086,
        0.0007647321836814015,
        0.001071541313936759,
        0.0002836159824198955
      ]
    },
    "num_results": 6
  },
  "target_metric_score": 0.0012083513208208296,
  "timestamp": "2025-05-30T23:31:57.690186"
}