{
  "experiment_name": "candidate_q_net_2_neuron_2",
  "coalition_neurons": [
    "q_net.0_neuron_38",
    "q_net.0_neuron_24",
    "q_net.0_neuron_27",
    "q_net.0_neuron_47",
    "q_net.0_neuron_36",
    "q_net.2_neuron_2"
  ],
  "patch_config": {
    "q_net.0": [
      38,
      24,
      27,
      47,
      36
    ],
    "q_net.2": [
      2
    ]
  },
  "noising": {
    "metrics": {
      "mean": 0.0003023452083979515,
      "std": 0.0002852148989284054,
      "count": 6,
      "values": [
        0.0006334045311975258,
        5.06704723053056e-06,
        6.412889736589445e-05,
        0.0006562224809981984,
        0.000447815020935223,
        7.433272660336581e-06
      ]
    },
    "num_results": 6
  },
  "denoising": {
    "metrics": {
      "mean": 0.0002315966242774834,
      "std": 0.0002112289149548542,
      "count": 6,
      "values": [
        0.0004323195959142186,
        5.150032391332255e-06,
        5.5798520472006934e-05,
        0.00048535331814530784,
        0.00040482366241903923,
        6.134616322995507e-06
      ]
    },
    "num_results": 6
  },
  "target_metric_score": 0.0003023452083979515,
  "timestamp": "2025-05-30T23:31:53.417583"
}