{
  "experiment_name": "candidate_q_net_0_neuron_33",
  "coalition_neurons": [
    "q_net.0_neuron_38",
    "q_net.0_neuron_24",
    "q_net.0_neuron_27",
    "q_net.0_neuron_47",
    "q_net.0_neuron_36",
    "q_net.0_neuron_40",
    "q_net.2_neuron_63",
    "q_net.2_neuron_38",
    "q_net.2_neuron_21",
    "q_net.0_neuron_20",
    "q_net.0_neuron_13",
    "q_net.0_neuron_14",
    "q_net.0_neuron_33"
  ],
  "patch_config": {
    "q_net.0": [
      38,
      24,
      27,
      47,
      36,
      40,
      20,
      13,
      14,
      33
    ],
    "q_net.2": [
      63,
      38,
      21
    ]
  },
  "noising": {
    "metrics": {
      "mean": 0.0009419884978971728,
      "std": 0.001090512600231814,
      "count": 6,
      "values": [
        0.0032782840350538793,
        1.1761603253994851e-05,
        0.000559832972473747,
        0.0007435494723265178,
        0.0009071289751288701,
        0.00015137392914602813
      ]
    },
    "num_results": 6
  },
  "denoising": {
    "metrics": {
      "mean": 0.0009801936720247588,
      "std": 0.0012179258786118963,
      "count": 6,
      "values": [
        0.0036149990557551113,
        1.1576934815398334e-05,
        0.0005469916402872817,
        0.0005971263149459416,
        0.0009577616250530308,
        0.00015270646129179064
      ]
    },
    "num_results": 6
  },
  "target_metric_score": 0.0009801936720247588,
  "timestamp": "2025-05-30T23:31:56.204763"
}