{
  "experiment_name": "candidate_q_net_2_neuron_34",
  "coalition_neurons": [
    "q_net.4_neuron_2",
    "q_net.4_neuron_3",
    "q_net.0_neuron_38",
    "q_net.0_neuron_3",
    "q_net.0_neuron_24",
    "q_net.4_neuron_4",
    "q_net.0_neuron_5",
    "q_net.2_neuron_34"
  ],
  "patch_config": {
    "q_net.4": [
      2,
      3,
      4
    ],
    "q_net.0": [
      38,
      3,
      24,
      5
    ],
    "q_net.2": [
      34
    ]
  },
  "noising": {
    "metrics": {
      "mean": 0.0013267249078184288,
      "std": 0.0010997958676544105,
      "count": 6,
      "values": [
        0.002299804820024747,
        0.0002152850023619023,
        0.0009162845716009036,
        0.003220020092865433,
        0.0011117855755298218,
        0.00019716938452776604
      ]
    },
    "num_results": 6
  },
  "denoising": {
    "metrics": {
      "mean": 0.0013460080753723454,
      "std": 0.0010996731214702338,
      "count": 6,
      "values": [
        0.0023536956993790506,
        0.0002336488752998334,
        0.0009261221976774991,
        0.0032117002679146935,
        0.001147921290533771,
        0.00020296012142922374
      ]
    },
    "num_results": 6
  },
  "target_metric_score": 0.0013460080753723454,
  "timestamp": "2025-05-30T17:13:53.994374"
}