{
  "experiment_name": "candidate_q_net_0_neuron_40",
  "coalition_neurons": [
    "q_net.0_neuron_38",
    "q_net.0_neuron_24",
    "q_net.0_neuron_27",
    "q_net.0_neuron_47",
    "q_net.0_neuron_36",
    "q_net.0_neuron_40"
  ],
  "patch_config": {
    "q_net.0": [
      38,
      24,
      27,
      47,
      36,
      40
    ]
  },
  "noising": {
    "metrics": {
      "mean": 0.0003944703784705802,
      "std": 0.00038886749757508914,
      "count": 6,
      "values": [
        0.0010568760314314078,
        5.06704723053056e-06,
        0.00011588035452430372,
        0.0006724080476683113,
        0.0005082377672527743,
        8.35302271615372e-06
      ]
    },
    "num_results": 6
  },
  "denoising": {
    "metrics": {
      "mean": 0.0003732515520146579,
      "std": 0.0003804834371875973,
      "count": 6,
      "values": [
        0.0010699325096709782,
        5.150032391332255e-06,
        0.00011170847976274258,
        0.0005095825780531849,
        0.0005362116875114813,
        6.924024698228058e-06
      ]
    },
    "num_results": 6
  },
  "target_metric_score": 0.0003944703784705802,
  "timestamp": "2025-05-31T15:19:45.899908"
}