{
  "experiment_name": "candidate_q_net_0_neuron_16",
  "coalition_neurons": [
    "q_net.4_neuron_2",
    "q_net.4_neuron_3",
    "q_net.0_neuron_38",
    "q_net.0_neuron_3",
    "q_net.0_neuron_24",
    "q_net.4_neuron_4",
    "q_net.0_neuron_5",
    "q_net.0_neuron_40",
    "q_net.0_neuron_35",
    "q_net.0_neuron_14",
    "q_net.0_neuron_54",
    "q_net.2_neuron_40",
    "q_net.0_neuron_16"
  ],
  "patch_config": {
    "q_net.4": [
      2,
      3,
      4
    ],
    "q_net.0": [
      38,
      3,
      24,
      5,
      40,
      35,
      14,
      54,
      16
    ],
    "q_net.2": [
      40
    ]
  },
  "noising": {
    "metrics": {
      "mean": 0.001364841272105461,
      "std": 0.0011019174554442112,
      "count": 6,
      "values": [
        0.002841396599243637,
        0.00016089326401826597,
        0.0009925519489846508,
        0.002783785447922604,
        0.0012679702498031985,
        0.0001424501226604106
      ]
    },
    "num_results": 6
  },
  "denoising": {
    "metrics": {
      "mean": 0.0013512479881939606,
      "std": 0.001075411317788946,
      "count": 6,
      "values": [
        0.0027919822841371423,
        0.00016258460130151792,
        0.0010036177323282242,
        0.002716885881441613,
        0.0012898190567622054,
        0.00014259837319306008
      ]
    },
    "num_results": 6
  },
  "target_metric_score": 0.001364841272105461,
  "timestamp": "2025-05-30T17:13:54.946271"
}