{
  "experiment_name": "candidate_q_net_2_neuron_63",
  "coalition_neurons": [
    "q_net.4_neuron_2",
    "q_net.4_neuron_3",
    "q_net.0_neuron_38",
    "q_net.0_neuron_3",
    "q_net.0_neuron_24",
    "q_net.4_neuron_4",
    "q_net.0_neuron_5",
    "q_net.0_neuron_40",
    "q_net.0_neuron_35",
    "q_net.0_neuron_14",
    "q_net.0_neuron_54",
    "q_net.2_neuron_40",
    "q_net.0_neuron_4",
    "q_net.0_neuron_47",
    "q_net.0_neuron_9",
    "q_net.0_neuron_26",
    "q_net.0_neuron_61",
    "q_net.2_neuron_30",
    "q_net.2_neuron_36",
    "q_net.2_neuron_19",
    "q_net.2_neuron_16",
    "q_net.2_neuron_33",
    "q_net.0_neuron_20",
    "q_net.2_neuron_38",
    "q_net.0_neuron_8",
    "q_net.0_neuron_12",
    "q_net.2_neuron_63"
  ],
  "patch_config": {
    "q_net.4": [
      2,
      3,
      4
    ],
    "q_net.0": [
      38,
      3,
      24,
      5,
      40,
      35,
      14,
      54,
      4,
      47,
      9,
      26,
      61,
      20,
      8,
      12
    ],
    "q_net.2": [
      40,
      30,
      36,
      19,
      16,
      33,
      38,
      63
    ]
  },
  "noising": {
    "metrics": {
      "mean": 0.0018215174874111608,
      "std": 0.0016445323684433303,
      "count": 6,
      "values": [
        0.0044094551232605516,
        7.340035164081244e-05,
        0.0012215645757886829,
        0.003543289732467517,
        0.0016233619174548884,
        5.803322385451411e-05
      ]
    },
    "num_results": 6
  },
  "denoising": {
    "metrics": {
      "mean": 0.001791134440187651,
      "std": 0.0015941016742371794,
      "count": 6,
      "values": [
        0.004316675921709724,
        7.275977191545868e-05,
        0.0012313832565231586,
        0.003395687466372253,
        0.0016753920079601138,
        5.490821664519836e-05
      ]
    },
    "num_results": 6
  },
  "target_metric_score": 0.0018215174874111608,
  "timestamp": "2025-05-30T17:13:57.697882"
}