{
  "experiment_name": "candidate_q_net_0_neuron_27",
  "coalition_neurons": [
    "q_net.4_neuron_2",
    "q_net.4_neuron_3",
    "q_net.0_neuron_38",
    "q_net.0_neuron_27"
  ],
  "patch_config": {
    "q_net.4": [
      2,
      3
    ],
    "q_net.0": [
      38,
      27
    ]
  },
  "noising": {
    "metrics": {
      "mean": 0.0009432522250072146,
      "std": 0.0005308271954207823,
      "count": 6,
      "values": [
        0.001770369512832012,
        0.0005429455063898653,
        0.0005753176537597548,
        0.001551935290525011,
        0.0008519681746881417,
        0.00036697721184850325
      ]
    },
    "num_results": 6
  },
  "denoising": {
    "metrics": {
      "mean": 0.0009128142848490914,
      "std": 0.0004952316106083841,
      "count": 6,
      "values": [
        0.0016686378488796508,
        0.0005362115325048137,
        0.0005513062188141284,
        0.001478607444549099,
        0.0008831468560925403,
        0.00035897580825431687
      ]
    },
    "num_results": 6
  },
  "target_metric_score": 0.0009432522250072146,
  "timestamp": "2025-05-30T17:13:53.141014"
}