{
  "experiment_name": "candidate_q_net_0_neuron_2",
  "coalition_neurons": [
    "q_net.4_neuron_2",
    "q_net.4_neuron_3",
    "q_net.0_neuron_38",
    "q_net.0_neuron_3",
    "q_net.0_neuron_24",
    "q_net.4_neuron_4",
    "q_net.0_neuron_5",
    "q_net.0_neuron_40",
    "q_net.0_neuron_35",
    "q_net.0_neuron_14",
    "q_net.0_neuron_54",
    "q_net.2_neuron_40",
    "q_net.0_neuron_4",
    "q_net.0_neuron_47",
    "q_net.0_neuron_9",
    "q_net.0_neuron_26",
    "q_net.0_neuron_61",
    "q_net.2_neuron_30",
    "q_net.2_neuron_36",
    "q_net.2_neuron_19",
    "q_net.2_neuron_16",
    "q_net.2_neuron_33",
    "q_net.0_neuron_20",
    "q_net.2_neuron_38",
    "q_net.0_neuron_8",
    "q_net.0_neuron_12",
    "q_net.2_neuron_15",
    "q_net.2_neuron_57",
    "q_net.0_neuron_49",
    "q_net.0_neuron_2"
  ],
  "patch_config": {
    "q_net.4": [
      2,
      3,
      4
    ],
    "q_net.0": [
      38,
      3,
      24,
      5,
      40,
      35,
      14,
      54,
      4,
      47,
      9,
      26,
      61,
      20,
      8,
      12,
      49,
      2
    ],
    "q_net.2": [
      40,
      30,
      36,
      19,
      16,
      33,
      38,
      15,
      57
    ]
  },
  "noising": {
    "metrics": {
      "mean": 0.00180942257850433,
      "std": 0.001657912984308081,
      "count": 6,
      "values": [
        0.004301070211954276,
        4.3649446198478544e-05,
        0.0011738913084954408,
        0.0037236168681998496,
        0.0015449427401740341,
        6.936489600390002e-05
      ]
    },
    "num_results": 6
  },
  "denoising": {
    "metrics": {
      "mean": 0.0017838016286355217,
      "std": 0.0016118550099734465,
      "count": 6,
      "values": [
        0.0042357297898392866,
        4.2331000794237125e-05,
        0.0011836430183522388,
        0.00357263545919413,
        0.0016024534320567424,
        6.601707157649346e-05
      ]
    },
    "num_results": 6
  },
  "target_metric_score": 0.00180942257850433,
  "timestamp": "2025-05-30T17:13:58.301535"
}