{
  "experiment_name": "candidate_q_net_0_neuron_23",
  "coalition_neurons": [
    "q_net.0_neuron_38",
    "q_net.0_neuron_24",
    "q_net.0_neuron_27",
    "q_net.0_neuron_47",
    "q_net.0_neuron_36",
    "q_net.0_neuron_40",
    "q_net.2_neuron_63",
    "q_net.2_neuron_38",
    "q_net.2_neuron_21",
    "q_net.0_neuron_20",
    "q_net.0_neuron_13",
    "q_net.0_neuron_14",
    "q_net.0_neuron_56",
    "q_net.2_neuron_5",
    "q_net.0_neuron_45",
    "q_net.0_neuron_52",
    "q_net.2_neuron_33",
    "q_net.0_neuron_33",
    "q_net.2_neuron_0",
    "q_net.0_neuron_4",
    "q_net.0_neuron_12",
    "q_net.0_neuron_26",
    "q_net.0_neuron_23"
  ],
  "patch_config": {
    "q_net.0": [
      38,
      24,
      27,
      47,
      36,
      40,
      20,
      13,
      14,
      56,
      45,
      52,
      33,
      4,
      12,
      26,
      23
    ],
    "q_net.2": [
      63,
      38,
      21,
      5,
      33,
      0
    ]
  },
  "noising": {
    "metrics": {
      "mean": 0.0012810239392506458,
      "std": 0.001348469346510121,
      "count": 6,
      "values": [
        0.00417523073467746,
        0.00011796648092475461,
        0.0007299094672687818,
        0.0011400197033664906,
        0.0011600560903089316,
        0.0003629611589574559
      ]
    },
    "num_results": 6
  },
  "denoising": {
    "metrics": {
      "mean": 0.0014471484526678566,
      "std": 0.0016648367582374802,
      "count": 6,
      "values": [
        0.005056482424964117,
        0.00012184027399279656,
        0.0007634270597618783,
        0.0010547105371571158,
        0.001340910856896773,
        0.0003455195632344585
      ]
    },
    "num_results": 6
  },
  "target_metric_score": 0.0014471484526678566,
  "timestamp": "2025-05-30T23:32:00.168827"
}