{
  "experiment_name": "candidate_q_net_2_neuron_35",
  "coalition_neurons": [
    "q_net.0_neuron_38",
    "q_net.0_neuron_24",
    "q_net.0_neuron_27",
    "q_net.0_neuron_47",
    "q_net.0_neuron_36",
    "q_net.0_neuron_40",
    "q_net.2_neuron_63",
    "q_net.2_neuron_38",
    "q_net.2_neuron_21",
    "q_net.0_neuron_20",
    "q_net.0_neuron_13",
    "q_net.0_neuron_14",
    "q_net.0_neuron_56",
    "q_net.2_neuron_5",
    "q_net.0_neuron_45",
    "q_net.0_neuron_52",
    "q_net.2_neuron_33",
    "q_net.2_neuron_35"
  ],
  "patch_config": {
    "q_net.0": [
      38,
      24,
      27,
      47,
      36,
      40,
      20,
      13,
      14,
      56,
      45,
      52
    ],
    "q_net.2": [
      63,
      38,
      21,
      5,
      33,
      35
    ]
  },
  "noising": {
    "metrics": {
      "mean": 0.00102007030651875,
      "std": 0.0011644683694602882,
      "count": 6,
      "values": [
        0.00354866370257992,
        8.147785263953856e-05,
        0.0006595255263818229,
        0.0006794233705019422,
        0.0009074452514341326,
        0.00024388613557514227
      ]
    },
    "num_results": 6
  },
  "denoising": {
    "metrics": {
      "mean": 0.0011410694828681467,
      "std": 0.001367247948913054,
      "count": 6,
      "values": [
        0.004121254178528773,
        9.01477932440998e-05,
        0.0006792756988905331,
        0.0006905495635901758,
        0.001017919283121761,
        0.00024727037983353784
      ]
    },
    "num_results": 6
  },
  "target_metric_score": 0.0011410694828681467,
  "timestamp": "2025-05-30T22:46:59.290694"
}