{
  "experiment_name": "candidate_q_net_0_neuron_61",
  "coalition_neurons": [
    "q_net.0_neuron_38",
    "q_net.0_neuron_24",
    "q_net.0_neuron_27",
    "q_net.0_neuron_47",
    "q_net.0_neuron_61"
  ],
  "patch_config": {
    "q_net.0": [
      38,
      24,
      27,
      47,
      61
    ]
  },
  "noising": {
    "metrics": {
      "mean": 0.0002637514408682159,
      "std": 0.00024898921004653564,
      "count": 6,
      "values": [
        0.0005741827808371132,
        9.474858103252393e-06,
        6.319042703311527e-05,
        0.0005714122625492656,
        0.0003592450703881816,
        5.003246298367612e-06
      ]
    },
    "num_results": 6
  },
  "denoising": {
    "metrics": {
      "mean": 0.00019257866112499234,
      "std": 0.00017335840603852038,
      "count": 6,
      "values": [
        0.00036370434677928786,
        1.1400505055837327e-05,
        5.451203960672633e-05,
        0.00042503963978707867,
        0.0002945465772528841,
        6.268858268139747e-06
      ]
    },
    "num_results": 6
  },
  "target_metric_score": 0.0002637514408682159,
  "timestamp": "2025-05-30T23:31:52.754085"
}