{
  "experiment_name": "candidate_q_net_4_neuron_0",
  "coalition_neurons": [
    "q_net.4_neuron_2",
    "q_net.4_neuron_3",
    "q_net.0_neuron_38",
    "q_net.0_neuron_3",
    "q_net.0_neuron_24",
    "q_net.4_neuron_4",
    "q_net.0_neuron_5",
    "q_net.0_neuron_40",
    "q_net.0_neuron_35",
    "q_net.0_neuron_14",
    "q_net.0_neuron_54",
    "q_net.2_neuron_40",
    "q_net.0_neuron_4",
    "q_net.0_neuron_47",
    "q_net.0_neuron_9",
    "q_net.0_neuron_26",
    "q_net.0_neuron_61",
    "q_net.2_neuron_30",
    "q_net.2_neuron_36",
    "q_net.2_neuron_19",
    "q_net.4_neuron_0"
  ],
  "patch_config": {
    "q_net.4": [
      2,
      3,
      4,
      0
    ],
    "q_net.0": [
      38,
      3,
      24,
      5,
      40,
      35,
      14,
      54,
      4,
      47,
      9,
      26,
      61
    ],
    "q_net.2": [
      40,
      30,
      36,
      19
    ]
  },
  "noising": {
    "metrics": {
      "mean": 0.0014169585220275454,
      "std": 0.001230791598299869,
      "count": 6,
      "values": [
        0.003317285122176412,
        8.530594542610517e-05,
        0.0010470208993027218,
        0.0027175755532334025,
        0.001280494295707091,
        5.406931631953827e-05
      ]
    },
    "num_results": 6
  },
  "denoising": {
    "metrics": {
      "mean": 0.0013881365822685898,
      "std": 0.0012035277246494587,
      "count": 6,
      "values": [
        0.0033702435863935945,
        8.121554821051598e-05,
        0.0010820613344045497,
        0.002467270234564437,
        0.001275228661021155,
        5.280012901728761e-05
      ]
    },
    "num_results": 6
  },
  "target_metric_score": 0.0014169585220275454,
  "timestamp": "2025-05-30T17:13:56.339691"
}