{
  "experiment_name": "candidate_q_net_2_neuron_38",
  "coalition_neurons": [
    "q_net.4_neuron_2",
    "q_net.4_neuron_3",
    "q_net.0_neuron_38",
    "q_net.0_neuron_3",
    "q_net.0_neuron_24",
    "q_net.4_neuron_4",
    "q_net.0_neuron_5",
    "q_net.0_neuron_40",
    "q_net.0_neuron_35",
    "q_net.0_neuron_14",
    "q_net.0_neuron_54",
    "q_net.2_neuron_40",
    "q_net.0_neuron_4",
    "q_net.0_neuron_47",
    "q_net.2_neuron_38"
  ],
  "patch_config": {
    "q_net.4": [
      2,
      3,
      4
    ],
    "q_net.0": [
      38,
      3,
      24,
      5,
      40,
      35,
      14,
      54,
      4,
      47
    ],
    "q_net.2": [
      40,
      38
    ]
  },
  "noising": {
    "metrics": {
      "mean": 0.0015949429906116392,
      "std": 0.001364543393754434,
      "count": 6,
      "values": [
        0.003188705093236987,
        0.00011556539988484163,
        0.0010869991471338866,
        0.0035746100171468783,
        0.0015119169773931706,
        9.186130887407231e-05
      ]
    },
    "num_results": 6
  },
  "denoising": {
    "metrics": {
      "mean": 0.0015951518596841706,
      "std": 0.0013390577451771973,
      "count": 6,
      "values": [
        0.003216049078177111,
        0.00011742726416741987,
        0.0011161390374732922,
        0.0034590012843795596,
        0.0015648645079183827,
        9.742998598925943e-05
      ]
    },
    "num_results": 6
  },
  "target_metric_score": 0.0015951518596841706,
  "timestamp": "2025-05-30T17:13:55.266693"
}