{
  "experiment_name": "candidate_q_net_0_neuron_13",
  "coalition_neurons": [
    "q_net.0_neuron_38",
    "q_net.0_neuron_24",
    "q_net.0_neuron_27",
    "q_net.0_neuron_40",
    "q_net.2_neuron_63",
    "q_net.0_neuron_36",
    "q_net.2_neuron_0",
    "q_net.0_neuron_20",
    "q_net.2_neuron_21",
    "q_net.2_neuron_38",
    "q_net.0_neuron_47",
    "q_net.2_neuron_30",
    "q_net.2_neuron_40",
    "q_net.0_neuron_14",
    "q_net.2_neuron_33",
    "q_net.0_neuron_33",
    "q_net.0_neuron_52",
    "q_net.0_neuron_9",
    "q_net.0_neuron_26",
    "q_net.2_neuron_34",
    "q_net.0_neuron_13"
  ],
  "patch_config": {
    "q_net.0": [
      38,
      24,
      27,
      40,
      36,
      20,
      47,
      14,
      33,
      52,
      9,
      26,
      13
    ],
    "q_net.2": [
      63,
      0,
      21,
      38,
      30,
      40,
      33,
      34
    ]
  },
  "noising": {
    "metrics": {
      "mean": 0.001176244177725519,
      "std": 0.0012942736539051814,
      "count": 6,
      "values": [
        0.0039519456329897475,
        5.8819227294646206e-05,
        0.0008073414028005226,
        0.0008715494408450056,
        0.001122073689056631,
        0.0002457356733665604
      ]
    },
    "num_results": 6
  },
  "denoising": {
    "metrics": {
      "mean": 0.0012941133222225689,
      "std": 0.0015446709110722911,
      "count": 6,
      "values": [
        0.004634630999747865,
        5.832882952675703e-05,
        0.0007961239497565054,
        0.0007449610565715683,
        0.0012757174455324,
        0.00025491765220031753
      ]
    },
    "num_results": 6
  },
  "target_metric_score": 0.001235178749974044,
  "timestamp": "2025-05-30T23:14:20.310495"
}