{
  "experiment_name": "candidate_q_net_2_neuron_15",
  "coalition_neurons": [
    "q_net.4_neuron_2",
    "q_net.4_neuron_3",
    "q_net.0_neuron_38",
    "q_net.0_neuron_3",
    "q_net.0_neuron_24",
    "q_net.4_neuron_4",
    "q_net.0_neuron_5",
    "q_net.0_neuron_40",
    "q_net.0_neuron_35",
    "q_net.0_neuron_14",
    "q_net.0_neuron_54",
    "q_net.2_neuron_40",
    "q_net.0_neuron_4",
    "q_net.0_neuron_47",
    "q_net.0_neuron_9",
    "q_net.0_neuron_26",
    "q_net.0_neuron_61",
    "q_net.2_neuron_30",
    "q_net.2_neuron_36",
    "q_net.2_neuron_19",
    "q_net.2_neuron_15"
  ],
  "patch_config": {
    "q_net.4": [
      2,
      3,
      4
    ],
    "q_net.0": [
      38,
      3,
      24,
      5,
      40,
      35,
      14,
      54,
      4,
      47,
      9,
      26,
      61
    ],
    "q_net.2": [
      40,
      30,
      36,
      19,
      15
    ]
  },
  "noising": {
    "metrics": {
      "mean": 0.001675225215443846,
      "std": 0.001501228647263774,
      "count": 6,
      "values": [
        0.0037438481896214194,
        5.662398173075583e-05,
        0.001128097059337814,
        0.0035860416814600515,
        0.0014852079981677792,
        5.1532382345256524e-05
      ]
    },
    "num_results": 6
  },
  "denoising": {
    "metrics": {
      "mean": 0.001677529865719332,
      "std": 0.0014862802191541549,
      "count": 6,
      "values": [
        0.003766735376539315,
        5.698788858904771e-05,
        0.0011581156025153617,
        0.0035025436317362955,
        0.0015282215948282877,
        5.257510010768591e-05
      ]
    },
    "num_results": 6
  },
  "target_metric_score": 0.001677529865719332,
  "timestamp": "2025-05-30T17:13:56.440147"
}