{
  "experiment_name": "candidate_q_net_0_neuron_46",
  "coalition_neurons": [
    "q_net.0_neuron_38",
    "q_net.0_neuron_24",
    "q_net.0_neuron_27",
    "q_net.0_neuron_47",
    "q_net.0_neuron_36",
    "q_net.0_neuron_40",
    "q_net.2_neuron_63",
    "q_net.2_neuron_38",
    "q_net.2_neuron_21",
    "q_net.0_neuron_20",
    "q_net.0_neuron_13",
    "q_net.0_neuron_14",
    "q_net.0_neuron_56",
    "q_net.2_neuron_5",
    "q_net.0_neuron_45",
    "q_net.0_neuron_52",
    "q_net.2_neuron_33",
    "q_net.0_neuron_46"
  ],
  "patch_config": {
    "q_net.0": [
      38,
      24,
      27,
      47,
      36,
      40,
      20,
      13,
      14,
      56,
      45,
      52,
      46
    ],
    "q_net.2": [
      63,
      38,
      21,
      5,
      33
    ]
  },
  "noising": {
    "metrics": {
      "mean": 0.0011387447992589558,
      "std": 0.0012699014838516492,
      "count": 6,
      "values": [
        0.0039042219203050867,
        0.0001268427208726199,
        0.0006385477363116225,
        0.000786057886246598,
        0.0010229749596252372,
        0.00035382357219257204
      ]
    },
    "num_results": 6
  },
  "denoising": {
    "metrics": {
      "mean": 0.0012700981949521092,
      "std": 0.001524147495639004,
      "count": 6,
      "values": [
        0.004605253531710658,
        0.0001370497929221409,
        0.0006523392959208885,
        0.0007259834669654857,
        0.0011451803311660915,
        0.00035478275102739055
      ]
    },
    "num_results": 6
  },
  "target_metric_score": 0.0012700981949521092,
  "timestamp": "2025-05-31T15:19:50.361657"
}