{
  "experiment_name": "candidate_q_net_0_neuron_61",
  "coalition_neurons": [
    "q_net.0_neuron_38",
    "q_net.0_neuron_24",
    "q_net.0_neuron_27",
    "q_net.0_neuron_47",
    "q_net.0_neuron_36",
    "q_net.0_neuron_40",
    "q_net.2_neuron_63",
    "q_net.2_neuron_38",
    "q_net.2_neuron_21",
    "q_net.0_neuron_20",
    "q_net.0_neuron_13",
    "q_net.0_neuron_14",
    "q_net.0_neuron_56",
    "q_net.2_neuron_5",
    "q_net.0_neuron_45",
    "q_net.0_neuron_52",
    "q_net.2_neuron_33",
    "q_net.0_neuron_33",
    "q_net.2_neuron_0",
    "q_net.0_neuron_4",
    "q_net.0_neuron_12",
    "q_net.0_neuron_61"
  ],
  "patch_config": {
    "q_net.0": [
      38,
      24,
      27,
      47,
      36,
      40,
      20,
      13,
      14,
      56,
      45,
      52,
      33,
      4,
      12,
      61
    ],
    "q_net.2": [
      63,
      38,
      21,
      5,
      33,
      0
    ]
  },
  "noising": {
    "metrics": {
      "mean": 0.0011785839514355811,
      "std": 0.0012347371159792016,
      "count": 6,
      "values": [
        0.0038314096236210186,
        0.0001490299270389371,
        0.000733193746341068,
        0.0009315316303560061,
        0.0011358750957792432,
        0.00029046368547721397
      ]
    },
    "num_results": 6
  },
  "denoising": {
    "metrics": {
      "mean": 0.0013215341059617392,
      "std": 0.0015252970325827554,
      "count": 6,
      "values": [
        0.004623255382852804,
        0.00013220245564399312,
        0.0007588317415095688,
        0.0008269974204232699,
        0.0013065215977164347,
        0.000281396037624363
      ]
    },
    "num_results": 6
  },
  "target_metric_score": 0.0013215341059617392,
  "timestamp": "2025-05-30T22:47:00.607568"
}