{
  "experiment_name": "candidate_q_net_0_neuron_40",
  "coalition_neurons": [
    "q_net.4_neuron_2",
    "q_net.4_neuron_3",
    "q_net.0_neuron_40"
  ],
  "patch_config": {
    "q_net.4": [
      2,
      3
    ],
    "q_net.0": [
      40
    ]
  },
  "noising": {
    "metrics": {
      "mean": 0.0009383875340410091,
      "std": 0.0005315008495603603,
      "count": 6,
      "values": [
        0.0018985916713553947,
        0.0005311561624539432,
        0.0006326351268234652,
        0.0013433571529698398,
        0.000873987723983438,
        0.00035059736665997345
      ]
    },
    "num_results": 6
  },
  "denoising": {
    "metrics": {
      "mean": 0.0009261778423334197,
      "std": 0.0005135195390369127,
      "count": 6,
      "values": [
        0.001814082170787126,
        0.000522804868964364,
        0.0006249970074306108,
        0.0013726167934512484,
        0.0008784862393717893,
        0.00034407997399537975
      ]
    },
    "num_results": 6
  },
  "target_metric_score": 0.0009383875340410091,
  "timestamp": "2025-05-30T17:13:52.995412"
}