{
  "experiment_name": "candidate_q_net_0_neuron_12",
  "coalition_neurons": [
    "q_net.0_neuron_38",
    "q_net.0_neuron_24",
    "q_net.0_neuron_27",
    "q_net.0_neuron_47",
    "q_net.0_neuron_36",
    "q_net.0_neuron_40",
    "q_net.2_neuron_63",
    "q_net.2_neuron_38",
    "q_net.2_neuron_21",
    "q_net.0_neuron_20",
    "q_net.0_neuron_13",
    "q_net.0_neuron_14",
    "q_net.0_neuron_56",
    "q_net.2_neuron_5",
    "q_net.0_neuron_45",
    "q_net.0_neuron_52",
    "q_net.2_neuron_33",
    "q_net.0_neuron_12"
  ],
  "patch_config": {
    "q_net.0": [
      38,
      24,
      27,
      47,
      36,
      40,
      20,
      13,
      14,
      56,
      45,
      52,
      12
    ],
    "q_net.2": [
      63,
      38,
      21,
      5,
      33
    ]
  },
  "noising": {
    "metrics": {
      "mean": 0.0011539605827440883,
      "std": 0.0013007692590070925,
      "count": 6,
      "values": [
        0.003990224922789299,
        0.0001223048511471525,
        0.0006295171544935235,
        0.0007902113708980296,
        0.0010244101131936531,
        0.0003670950839428722
      ]
    },
    "num_results": 6
  },
  "denoising": {
    "metrics": {
      "mean": 0.0012886000809588015,
      "std": 0.001543402831534586,
      "count": 6,
      "values": [
        0.0046601728163959116,
        0.00013519216289450118,
        0.000663737582335097,
        0.0007265008733381856,
        0.001195255956911779,
        0.0003507410938773346
      ]
    },
    "num_results": 6
  },
  "target_metric_score": 0.0012886000809588015,
  "timestamp": "2025-05-31T15:19:50.293109"
}