{
  "experiment_name": "candidate_q_net_0_neuron_54",
  "coalition_neurons": [
    "q_net.0_neuron_38",
    "q_net.0_neuron_24",
    "q_net.0_neuron_27",
    "q_net.0_neuron_47",
    "q_net.0_neuron_36",
    "q_net.0_neuron_40",
    "q_net.2_neuron_63",
    "q_net.2_neuron_38",
    "q_net.2_neuron_21",
    "q_net.0_neuron_20",
    "q_net.0_neuron_13",
    "q_net.0_neuron_14",
    "q_net.0_neuron_56",
    "q_net.0_neuron_54"
  ],
  "patch_config": {
    "q_net.0": [
      38,
      24,
      27,
      47,
      36,
      40,
      20,
      13,
      14,
      56,
      54
    ],
    "q_net.2": [
      63,
      38,
      21
    ]
  },
  "noising": {
    "metrics": {
      "mean": 0.0009789056010224325,
      "std": 0.0012190679367735488,
      "count": 6,
      "values": [
        0.0036287796465902964,
        2.4525308771466145e-05,
        0.0004979208371937516,
        0.0007083762287115429,
        0.000848971609562557,
        0.00016485997530498115
      ]
    },
    "num_results": 6
  },
  "denoising": {
    "metrics": {
      "mean": 0.0010069608267630878,
      "std": 0.001289339075036816,
      "count": 6,
      "values": [
        0.003815938433914758,
        2.700306609919865e-05,
        0.0005019165714307619,
        0.000642067320109802,
        0.0008986090212144036,
        0.00015623054780960306
      ]
    },
    "num_results": 6
  },
  "target_metric_score": 0.0010069608267630878,
  "timestamp": "2025-05-30T22:46:56.997066"
}