{
  "experiment_name": "candidate_q_net_2_neuron_35",
  "coalition_neurons": [
    "q_net.0_neuron_38",
    "q_net.0_neuron_24",
    "q_net.0_neuron_27",
    "q_net.0_neuron_47",
    "q_net.0_neuron_36",
    "q_net.0_neuron_40",
    "q_net.2_neuron_63",
    "q_net.2_neuron_38",
    "q_net.2_neuron_21",
    "q_net.0_neuron_20",
    "q_net.0_neuron_13",
    "q_net.0_neuron_14",
    "q_net.0_neuron_56",
    "q_net.2_neuron_5",
    "q_net.2_neuron_35"
  ],
  "patch_config": {
    "q_net.0": [
      38,
      24,
      27,
      47,
      36,
      40,
      20,
      13,
      14,
      56
    ],
    "q_net.2": [
      63,
      38,
      21,
      5,
      35
    ]
  },
  "noising": {
    "metrics": {
      "mean": 0.0009189262497364122,
      "std": 0.0011119065538488745,
      "count": 6,
      "values": [
        0.0033263596552254833,
        2.5169859415830997e-05,
        0.0006194241478009177,
        0.0005769430254564892,
        0.0008266819822206476,
        0.0001389788282991039
      ]
    },
    "num_results": 6
  },
  "denoising": {
    "metrics": {
      "mean": 0.0009955098020737,
      "std": 0.0012393555392203011,
      "count": 6,
      "values": [
        0.0036858979966177385,
        2.7989657630887483e-05,
        0.0006363822562646245,
        0.0005780496451434714,
        0.0009036570682900767,
        0.00014108218849540315
      ]
    },
    "num_results": 6
  },
  "target_metric_score": 0.0009955098020737,
  "timestamp": "2025-05-31T15:19:49.260288"
}