{
  "experiment_name": "candidate_q_net_2_neuron_16",
  "coalition_neurons": [
    "q_net.0_neuron_38",
    "q_net.0_neuron_24",
    "q_net.0_neuron_27",
    "q_net.0_neuron_47",
    "q_net.0_neuron_36",
    "q_net.0_neuron_40",
    "q_net.2_neuron_63",
    "q_net.2_neuron_16"
  ],
  "patch_config": {
    "q_net.0": [
      38,
      24,
      27,
      47,
      36,
      40
    ],
    "q_net.2": [
      63,
      16
    ]
  },
  "noising": {
    "metrics": {
      "mean": 0.00045849187298542147,
      "std": 0.0004740884086694925,
      "count": 6,
      "values": [
        0.0013866124433642574,
        1.3395910586397249e-05,
        0.0001796727092051207,
        0.0006050401810095453,
        0.0005364034455630599,
        2.9826548184148372e-05
      ]
    },
    "num_results": 6
  },
  "denoising": {
    "metrics": {
      "mean": 0.0004471158793325849,
      "std": 0.000489980269498833,
      "count": 6,
      "values": [
        0.0014411589893303664,
        1.373980554897503e-05,
        0.00017467213970386752,
        0.00045424289810583503,
        0.0005702313890293608,
        2.8650054277104233e-05
      ]
    },
    "num_results": 6
  },
  "target_metric_score": 0.00045849187298542147,
  "timestamp": "2025-05-30T23:31:54.129977"
}