{
  "experiment_name": "candidate_q_net_2_neuron_61",
  "coalition_neurons": [
    "q_net.0_neuron_38",
    "q_net.0_neuron_24",
    "q_net.0_neuron_27",
    "q_net.0_neuron_47",
    "q_net.0_neuron_36",
    "q_net.0_neuron_40",
    "q_net.2_neuron_63",
    "q_net.2_neuron_38",
    "q_net.2_neuron_21",
    "q_net.0_neuron_20",
    "q_net.0_neuron_13",
    "q_net.0_neuron_14",
    "q_net.0_neuron_56",
    "q_net.2_neuron_5",
    "q_net.0_neuron_45",
    "q_net.0_neuron_52",
    "q_net.2_neuron_33",
    "q_net.0_neuron_33",
    "q_net.2_neuron_0",
    "q_net.0_neuron_4",
    "q_net.0_neuron_12",
    "q_net.0_neuron_26",
    "q_net.0_neuron_46",
    "q_net.0_neuron_32",
    "q_net.0_neuron_23",
    "q_net.2_neuron_10",
    "q_net.0_neuron_28",
    "q_net.0_neuron_8",
    "q_net.2_neuron_20",
    "q_net.2_neuron_61"
  ],
  "patch_config": {
    "q_net.0": [
      38,
      24,
      27,
      47,
      36,
      40,
      20,
      13,
      14,
      56,
      45,
      52,
      33,
      4,
      12,
      26,
      46,
      32,
      23,
      28,
      8
    ],
    "q_net.2": [
      63,
      38,
      21,
      5,
      33,
      0,
      10,
      20,
      61
    ]
  },
  "noising": {
    "metrics": {
      "mean": 0.0013661403039755854,
      "std": 0.0012923468667651397,
      "count": 6,
      "values": [
        0.004089297175943118,
        0.00013310470882935024,
        0.0010551661445814178,
        0.0012721838028448397,
        0.0012655010610759148,
        0.0003815889305788722
      ]
    },
    "num_results": 6
  },
  "denoising": {
    "metrics": {
      "mean": 0.0015272462000098387,
      "std": 0.0016322092124494204,
      "count": 6,
      "values": [
        0.005031372540407035,
        0.00012073767990299056,
        0.001080547402721642,
        0.0011705490240100228,
        0.0014107933901448926,
        0.0003494771628724481
      ]
    },
    "num_results": 6
  },
  "target_metric_score": 0.0015272462000098387,
  "timestamp": "2025-05-30T22:47:03.625695"
}