{
  "experiment_name": "candidate_q_net_0_neuron_7",
  "coalition_neurons": [
    "q_net.4_neuron_2",
    "q_net.4_neuron_3",
    "q_net.0_neuron_38",
    "q_net.0_neuron_3",
    "q_net.0_neuron_24",
    "q_net.4_neuron_4",
    "q_net.0_neuron_5",
    "q_net.0_neuron_40",
    "q_net.0_neuron_35",
    "q_net.0_neuron_14",
    "q_net.0_neuron_54",
    "q_net.2_neuron_40",
    "q_net.0_neuron_4",
    "q_net.0_neuron_47",
    "q_net.0_neuron_9",
    "q_net.0_neuron_26",
    "q_net.0_neuron_61",
    "q_net.2_neuron_30",
    "q_net.2_neuron_36",
    "q_net.2_neuron_19",
    "q_net.2_neuron_16",
    "q_net.2_neuron_33",
    "q_net.0_neuron_20",
    "q_net.2_neuron_38",
    "q_net.0_neuron_8",
    "q_net.0_neuron_12",
    "q_net.2_neuron_15",
    "q_net.2_neuron_57",
    "q_net.0_neuron_49",
    "q_net.0_neuron_7"
  ],
  "patch_config": {
    "q_net.4": [
      2,
      3,
      4
    ],
    "q_net.0": [
      38,
      3,
      24,
      5,
      40,
      35,
      14,
      54,
      4,
      47,
      9,
      26,
      61,
      20,
      8,
      12,
      49,
      7
    ],
    "q_net.2": [
      40,
      30,
      36,
      19,
      16,
      33,
      38,
      15,
      57
    ]
  },
  "noising": {
    "metrics": {
      "mean": 0.0017467006433082028,
      "std": 0.0016352181395141582,
      "count": 6,
      "values": [
        0.004257950724739899,
        5.0048406132848075e-05,
        0.0011933770494217634,
        0.0036195573328473007,
        0.001299154254550093,
        6.011609215731203e-05
      ]
    },
    "num_results": 6
  },
  "denoising": {
    "metrics": {
      "mean": 0.0017039367617273666,
      "std": 0.001583288167489476,
      "count": 6,
      "values": [
        0.004176979818476178,
        4.885072605378721e-05,
        0.0012039795597821208,
        0.0034500053850481365,
        0.0012869857353525547,
        5.681934565142301e-05
      ]
    },
    "num_results": 6
  },
  "target_metric_score": 0.0017467006433082028,
  "timestamp": "2025-05-30T17:13:58.134456"
}