{
  "experiment_name": "candidate_q_net_2_neuron_1",
  "coalition_neurons": [
    "q_net.0_neuron_38",
    "q_net.0_neuron_24",
    "q_net.0_neuron_27",
    "q_net.0_neuron_47",
    "q_net.0_neuron_36",
    "q_net.0_neuron_40",
    "q_net.2_neuron_63",
    "q_net.2_neuron_1"
  ],
  "patch_config": {
    "q_net.0": [
      38,
      24,
      27,
      47,
      36,
      40
    ],
    "q_net.2": [
      63,
      1
    ]
  },
  "noising": {
    "metrics": {
      "mean": 0.00047978734785480634,
      "std": 0.0004892670373425424,
      "count": 6,
      "values": [
        0.0014319480128016033,
        1.9879094714321012e-05,
        0.00019683950792872933,
        0.0006304308277874579,
        0.0005742524150401046,
        2.537422885662185e-05
      ]
    },
    "num_results": 6
  },
  "denoising": {
    "metrics": {
      "mean": 0.00046966808206841317,
      "std": 0.000509504773439273,
      "count": 6,
      "values": [
        0.0014983310596975207,
        2.021121488761401e-05,
        0.00019056552547895393,
        0.0004718436018102826,
        0.0006133355997921066,
        2.372149074400152e-05
      ]
    },
    "num_results": 6
  },
  "target_metric_score": 0.00047978734785480634,
  "timestamp": "2025-05-31T15:19:46.902344"
}