{
  "experiment_name": "candidate_q_net_0_neuron_17",
  "coalition_neurons": [
    "q_net.4_neuron_2",
    "q_net.4_neuron_3",
    "q_net.0_neuron_38",
    "q_net.0_neuron_3",
    "q_net.0_neuron_24",
    "q_net.4_neuron_4",
    "q_net.0_neuron_5",
    "q_net.0_neuron_40",
    "q_net.0_neuron_35",
    "q_net.0_neuron_14",
    "q_net.0_neuron_54",
    "q_net.2_neuron_40",
    "q_net.0_neuron_4",
    "q_net.0_neuron_47",
    "q_net.0_neuron_9",
    "q_net.0_neuron_26",
    "q_net.0_neuron_61",
    "q_net.2_neuron_30",
    "q_net.2_neuron_36",
    "q_net.2_neuron_19",
    "q_net.2_neuron_16",
    "q_net.2_neuron_33",
    "q_net.0_neuron_20",
    "q_net.2_neuron_38",
    "q_net.0_neuron_8",
    "q_net.0_neuron_12",
    "q_net.2_neuron_15",
    "q_net.0_neuron_17"
  ],
  "patch_config": {
    "q_net.4": [
      2,
      3,
      4
    ],
    "q_net.0": [
      38,
      3,
      24,
      5,
      40,
      35,
      14,
      54,
      4,
      47,
      9,
      26,
      61,
      20,
      8,
      12,
      17
    ],
    "q_net.2": [
      40,
      30,
      36,
      19,
      16,
      33,
      38,
      15
    ]
  },
  "noising": {
    "metrics": {
      "mean": 0.0017879191799030749,
      "std": 0.0016003990240938302,
      "count": 6,
      "values": [
        0.004221950171438409,
        6.3453003053327e-05,
        0.0011986929529864245,
        0.0035534905652444913,
        0.0016281032865198119,
        6.18251001759858e-05
      ]
    },
    "num_results": 6
  },
  "denoising": {
    "metrics": {
      "mean": 0.001743472398328683,
      "std": 0.0015319207049367142,
      "count": 6,
      "values": [
        0.004089567491557298,
        6.172624777487214e-05,
        0.001209657982251526,
        0.0033604471595800912,
        0.0016826735991502446,
        5.676190965806684e-05
      ]
    },
    "num_results": 6
  },
  "target_metric_score": 0.0017879191799030749,
  "timestamp": "2025-05-30T17:13:57.935350"
}