{
  "experiment_name": "candidate_q_net_0_neuron_0",
  "coalition_neurons": [
    "q_net.0_neuron_38",
    "q_net.0_neuron_24",
    "q_net.0_neuron_27",
    "q_net.0_neuron_47",
    "q_net.0_neuron_36",
    "q_net.0_neuron_40",
    "q_net.2_neuron_63",
    "q_net.2_neuron_38",
    "q_net.2_neuron_21",
    "q_net.0_neuron_20",
    "q_net.0_neuron_13",
    "q_net.0_neuron_14",
    "q_net.0_neuron_56",
    "q_net.2_neuron_5",
    "q_net.0_neuron_45",
    "q_net.0_neuron_52",
    "q_net.2_neuron_33",
    "q_net.0_neuron_33",
    "q_net.2_neuron_0",
    "q_net.0_neuron_4",
    "q_net.0_neuron_12",
    "q_net.0_neuron_26",
    "q_net.0_neuron_46",
    "q_net.0_neuron_32",
    "q_net.0_neuron_23",
    "q_net.2_neuron_10",
    "q_net.0_neuron_28",
    "q_net.0_neuron_8",
    "q_net.0_neuron_0"
  ],
  "patch_config": {
    "q_net.0": [
      38,
      24,
      27,
      47,
      36,
      40,
      20,
      13,
      14,
      56,
      45,
      52,
      33,
      4,
      12,
      26,
      46,
      32,
      23,
      28,
      8,
      0
    ],
    "q_net.2": [
      63,
      38,
      21,
      5,
      33,
      0,
      10
    ]
  },
  "noising": {
    "metrics": {
      "mean": 0.001358868842301273,
      "std": 0.0012895285022001878,
      "count": 6,
      "values": [
        0.004072668194660798,
        0.00011721206569981213,
        0.0010578899848094495,
        0.0012623301446365988,
        0.0012651589762201335,
        0.00037795368778084605
      ]
    },
    "num_results": 6
  },
  "denoising": {
    "metrics": {
      "mean": 0.0015020002044420135,
      "std": 0.0015813576911064657,
      "count": 6,
      "values": [
        0.00488357916314984,
        0.00010625106783578508,
        0.0010825402709848976,
        0.0011834519681154392,
        0.0014096022776456149,
        0.0003465764789205043
      ]
    },
    "num_results": 6
  },
  "target_metric_score": 0.0015020002044420135,
  "timestamp": "2025-05-30T23:32:02.674609"
}