{
  "experiment_name": "candidate_q_net_0_neuron_9",
  "coalition_neurons": [
    "q_net.0_neuron_38",
    "q_net.0_neuron_24",
    "q_net.0_neuron_27",
    "q_net.0_neuron_47",
    "q_net.0_neuron_36",
    "q_net.0_neuron_40",
    "q_net.2_neuron_63",
    "q_net.2_neuron_38",
    "q_net.2_neuron_21",
    "q_net.0_neuron_20",
    "q_net.0_neuron_13",
    "q_net.0_neuron_14",
    "q_net.0_neuron_56",
    "q_net.2_neuron_5",
    "q_net.0_neuron_45",
    "q_net.0_neuron_52",
    "q_net.2_neuron_33",
    "q_net.0_neuron_33",
    "q_net.2_neuron_0",
    "q_net.0_neuron_4",
    "q_net.0_neuron_12",
    "q_net.0_neuron_26",
    "q_net.0_neuron_46",
    "q_net.0_neuron_32",
    "q_net.0_neuron_23",
    "q_net.2_neuron_10",
    "q_net.0_neuron_28",
    "q_net.0_neuron_8",
    "q_net.0_neuron_9"
  ],
  "patch_config": {
    "q_net.0": [
      38,
      24,
      27,
      47,
      36,
      40,
      20,
      13,
      14,
      56,
      45,
      52,
      33,
      4,
      12,
      26,
      46,
      32,
      23,
      28,
      8,
      9
    ],
    "q_net.2": [
      63,
      38,
      21,
      5,
      33,
      0,
      10
    ]
  },
  "noising": {
    "metrics": {
      "mean": 0.0013288266424728733,
      "std": 0.00128828483624726,
      "count": 6,
      "values": [
        0.004052166915785129,
        0.00011778105484675676,
        0.0009853215135097546,
        0.0012399855311141183,
        0.0012165324504566813,
        0.00036117238912479824
      ]
    },
    "num_results": 6
  },
  "denoising": {
    "metrics": {
      "mean": 0.0014760577341512166,
      "std": 0.0015731181644626703,
      "count": 6,
      "values": [
        0.004847175339958799,
        0.00010906077963279324,
        0.001020991810965195,
        0.0011694801024891932,
        0.0013754632409504514,
        0.00033417513091086844
      ]
    },
    "num_results": 6
  },
  "target_metric_score": 0.0014760577341512166,
  "timestamp": "2025-05-30T23:32:02.417312"
}