{
  "experiment_name": "candidate_q_net_0_neuron_29",
  "coalition_neurons": [
    "q_net.0_neuron_38",
    "q_net.0_neuron_24",
    "q_net.0_neuron_27",
    "q_net.0_neuron_47",
    "q_net.0_neuron_36",
    "q_net.0_neuron_40",
    "q_net.2_neuron_63",
    "q_net.2_neuron_38",
    "q_net.2_neuron_21",
    "q_net.0_neuron_20",
    "q_net.0_neuron_13",
    "q_net.0_neuron_14",
    "q_net.0_neuron_56",
    "q_net.2_neuron_5",
    "q_net.0_neuron_45",
    "q_net.0_neuron_52",
    "q_net.2_neuron_33",
    "q_net.0_neuron_33",
    "q_net.0_neuron_29"
  ],
  "patch_config": {
    "q_net.0": [
      38,
      24,
      27,
      47,
      36,
      40,
      20,
      13,
      14,
      56,
      45,
      52,
      33,
      29
    ],
    "q_net.2": [
      63,
      38,
      21,
      5,
      33
    ]
  },
  "noising": {
    "metrics": {
      "mean": 0.001181900946233358,
      "std": 0.001344267870074081,
      "count": 6,
      "values": [
        0.004099195599907587,
        8.335899425419163e-05,
        0.0006647818294057807,
        0.0008585933777329599,
        0.0010631655696312612,
        0.0003223103064683682
      ]
    },
    "num_results": 6
  },
  "denoising": {
    "metrics": {
      "mean": 0.0012875992572930976,
      "std": 0.0015647497425213502,
      "count": 6,
      "values": [
        0.00470320883168048,
        8.807403052313193e-05,
        0.000665389270176826,
        0.0007710778180748442,
        0.0011679196237767398,
        0.0003299259695265641
      ]
    },
    "num_results": 6
  },
  "target_metric_score": 0.0012875992572930976,
  "timestamp": "2025-05-31T15:19:50.801698"
}