{
  "experiment_name": "candidate_q_net_0_neuron_56",
  "coalition_neurons": [
    "q_net.0_neuron_38",
    "q_net.0_neuron_24",
    "q_net.0_neuron_27",
    "q_net.0_neuron_47",
    "q_net.0_neuron_36",
    "q_net.0_neuron_40",
    "q_net.2_neuron_63",
    "q_net.2_neuron_38",
    "q_net.2_neuron_21",
    "q_net.0_neuron_56"
  ],
  "patch_config": {
    "q_net.0": [
      38,
      24,
      27,
      47,
      36,
      40,
      56
    ],
    "q_net.2": [
      63,
      38,
      21
    ]
  },
  "noising": {
    "metrics": {
      "mean": 0.0006822249132292507,
      "std": 0.0007077676909577261,
      "count": 6,
      "values": [
        0.0021433015506889153,
        2.119633906134998e-05,
        0.00038020723157754883,
        0.0006838281922086136,
        0.000762463200921943,
        0.00010235296491713317
      ]
    },
    "num_results": 6
  },
  "denoising": {
    "metrics": {
      "mean": 0.0007038666875656754,
      "std": 0.0007771840373014475,
      "count": 6,
      "values": [
        0.0023328365215537997,
        2.299556029286456e-05,
        0.00037440033964915255,
        0.000556232283683563,
        0.0008328525703094412,
        0.00010388284990523128
      ]
    },
    "num_results": 6
  },
  "target_metric_score": 0.0007038666875656754,
  "timestamp": "2025-05-30T23:31:54.871655"
}