{
  "experiment_name": "candidate_q_net_2_neuron_7",
  "coalition_neurons": [
    "q_net.0_neuron_38",
    "q_net.0_neuron_24",
    "q_net.0_neuron_27",
    "q_net.2_neuron_7"
  ],
  "patch_config": {
    "q_net.0": [
      38,
      24,
      27
    ],
    "q_net.2": [
      7
    ]
  },
  "noising": {
    "metrics": {
      "mean": 0.00020547469629272493,
      "std": 0.0002123148060048863,
      "count": 6,
      "values": [
        0.00048731212616004264,
        1.0515405189420865e-05,
        2.8446345683114517e-05,
        0.0004919755958173837,
        0.00020810957120015157,
        6.489133706236334e-06
      ]
    },
    "num_results": 6
  },
  "denoising": {
    "metrics": {
      "mean": 0.00016163143921107788,
      "std": 0.00016141156334165395,
      "count": 6,
      "values": [
        0.0003745200642931521,
        1.0552442835853968e-05,
        2.6634745120375383e-05,
        0.0003749336533110381,
        0.00017712401810264468,
        6.023711603403122e-06
      ]
    },
    "num_results": 6
  },
  "target_metric_score": 0.00020547469629272493,
  "timestamp": "2025-05-30T23:31:52.342445"
}