{
  "experiment_name": "candidate_q_net_0_neuron_29",
  "coalition_neurons": [
    "q_net.0_neuron_38",
    "q_net.0_neuron_24",
    "q_net.0_neuron_27",
    "q_net.0_neuron_47",
    "q_net.0_neuron_36",
    "q_net.0_neuron_40",
    "q_net.2_neuron_63",
    "q_net.2_neuron_38",
    "q_net.2_neuron_21",
    "q_net.0_neuron_20",
    "q_net.0_neuron_13",
    "q_net.0_neuron_14",
    "q_net.0_neuron_56",
    "q_net.2_neuron_5",
    "q_net.0_neuron_45",
    "q_net.0_neuron_52",
    "q_net.2_neuron_33",
    "q_net.0_neuron_33",
    "q_net.2_neuron_0",
    "q_net.0_neuron_4",
    "q_net.0_neuron_12",
    "q_net.0_neuron_26",
    "q_net.0_neuron_46",
    "q_net.0_neuron_32",
    "q_net.0_neuron_23",
    "q_net.2_neuron_10",
    "q_net.0_neuron_28",
    "q_net.0_neuron_29"
  ],
  "patch_config": {
    "q_net.0": [
      38,
      24,
      27,
      47,
      36,
      40,
      20,
      13,
      14,
      56,
      45,
      52,
      33,
      4,
      12,
      26,
      46,
      32,
      23,
      28,
      29
    ],
    "q_net.2": [
      63,
      38,
      21,
      5,
      33,
      0,
      10
    ]
  },
  "noising": {
    "metrics": {
      "mean": 0.0013468809880295947,
      "std": 0.001301309058359785,
      "count": 6,
      "values": [
        0.004104136918231781,
        0.00011619576953616844,
        0.0010117018411843533,
        0.001251060082584254,
        0.0012001698280651963,
        0.00039802148857581536
      ]
    },
    "num_results": 6
  },
  "denoising": {
    "metrics": {
      "mean": 0.0015174365035702686,
      "std": 0.0016215083714619031,
      "count": 6,
      "values": [
        0.0050059981522734154,
        0.00011707412635527108,
        0.00106055262667408,
        0.0011666193174315331,
        0.0013736779944311115,
        0.0003806968042562014
      ]
    },
    "num_results": 6
  },
  "target_metric_score": 0.0015174365035702686,
  "timestamp": "2025-05-30T23:32:02.257046"
}