{
  "experiment_name": "candidate_q_net_0_neuron_45",
  "coalition_neurons": [
    "q_net.0_neuron_38",
    "q_net.0_neuron_24",
    "q_net.0_neuron_27",
    "q_net.0_neuron_40",
    "q_net.2_neuron_63",
    "q_net.0_neuron_36",
    "q_net.2_neuron_0",
    "q_net.0_neuron_20",
    "q_net.2_neuron_21",
    "q_net.2_neuron_38",
    "q_net.0_neuron_47",
    "q_net.2_neuron_30",
    "q_net.2_neuron_40",
    "q_net.0_neuron_14",
    "q_net.2_neuron_33",
    "q_net.0_neuron_33",
    "q_net.0_neuron_52",
    "q_net.0_neuron_9",
    "q_net.0_neuron_26",
    "q_net.2_neuron_34",
    "q_net.2_neuron_55",
    "q_net.2_neuron_36",
    "q_net.0_neuron_45"
  ],
  "patch_config": {
    "q_net.0": [
      38,
      24,
      27,
      40,
      36,
      20,
      47,
      14,
      33,
      52,
      9,
      26,
      45
    ],
    "q_net.2": [
      63,
      0,
      21,
      38,
      30,
      40,
      33,
      34,
      55,
      36
    ]
  },
  "noising": {
    "metrics": {
      "mean": 0.001297259951620746,
      "std": 0.001347834744960183,
      "count": 6,
      "values": [
        0.004139916526965702,
        6.1007435035352e-05,
        0.0009012702601484462,
        0.001159785593685403,
        0.0012802257666278058,
        0.00024135412726176693
      ]
    },
    "num_results": 6
  },
  "denoising": {
    "metrics": {
      "mean": 0.0014267685609092925,
      "std": 0.0016102075068748483,
      "count": 6,
      "values": [
        0.004862447570082326,
        6.250238382977263e-05,
        0.0009170757963570478,
        0.0009449189700425466,
        0.0015257664057385443,
        0.0002479002394055181
      ]
    },
    "num_results": 6
  },
  "target_metric_score": 0.0013620142562650191,
  "timestamp": "2025-05-30T23:14:21.879379"
}