{
  "experiment_name": "candidate_q_net_0_neuron_52",
  "coalition_neurons": [
    "q_net.0_neuron_38",
    "q_net.0_neuron_24",
    "q_net.0_neuron_27",
    "q_net.0_neuron_47",
    "q_net.0_neuron_52"
  ],
  "patch_config": {
    "q_net.0": [
      38,
      24,
      27,
      47,
      52
    ]
  },
  "noising": {
    "metrics": {
      "mean": 0.0002722191105171139,
      "std": 0.00025694235699739006,
      "count": 6,
      "values": [
        0.0005405273847211289,
        5.06704723053056e-06,
        6.412889736589445e-05,
        0.0006397423146798824,
        0.00036726333254420793,
        1.658568656103882e-05
      ]
    },
    "num_results": 6
  },
  "denoising": {
    "metrics": {
      "mean": 0.00020986379644085477,
      "std": 0.00019131916001380965,
      "count": 6,
      "values": [
        0.00040501945410501873,
        5.150032391332255e-06,
        5.5798520472006934e-05,
        0.00047533709761361266,
        0.00030075876536340843,
        1.7118908699749664e-05
      ]
    },
    "num_results": 6
  },
  "target_metric_score": 0.0002722191105171139,
  "timestamp": "2025-05-30T22:46:54.263443"
}