{
  "experiment_name": "candidate_q_net_2_neuron_34",
  "coalition_neurons": [
    "q_net.4_neuron_2",
    "q_net.4_neuron_3",
    "q_net.0_neuron_38",
    "q_net.0_neuron_3",
    "q_net.0_neuron_24",
    "q_net.4_neuron_4",
    "q_net.0_neuron_5",
    "q_net.0_neuron_40",
    "q_net.0_neuron_35",
    "q_net.0_neuron_14",
    "q_net.0_neuron_54",
    "q_net.2_neuron_40",
    "q_net.2_neuron_34"
  ],
  "patch_config": {
    "q_net.4": [
      2,
      3,
      4
    ],
    "q_net.0": [
      38,
      3,
      24,
      5,
      40,
      35,
      14,
      54
    ],
    "q_net.2": [
      40,
      34
    ]
  },
  "noising": {
    "metrics": {
      "mean": 0.0015202133938653614,
      "std": 0.0012880440202774042,
      "count": 6,
      "values": [
        0.003193316455717877,
        0.00013960133071536394,
        0.0010334249594474813,
        0.0032536070490327383,
        0.0013921306902663871,
        0.00010919987801231968
      ]
    },
    "num_results": 6
  },
  "denoising": {
    "metrics": {
      "mean": 0.0015153786603539674,
      "std": 0.001265173250533679,
      "count": 6,
      "values": [
        0.003124231664119557,
        0.00014648386946485584,
        0.001048910444347597,
        0.0032351825541490544,
        0.0014211954440289368,
        0.00011626798601380335
      ]
    },
    "num_results": 6
  },
  "target_metric_score": 0.0015202133938653614,
  "timestamp": "2025-05-30T17:13:54.907231"
}