{
  "experiment_name": "candidate_q_net_2_neuron_3",
  "coalition_neurons": [
    "q_net.0_neuron_38",
    "q_net.0_neuron_24",
    "q_net.0_neuron_27",
    "q_net.0_neuron_47",
    "q_net.0_neuron_36",
    "q_net.0_neuron_40",
    "q_net.2_neuron_63",
    "q_net.2_neuron_38",
    "q_net.2_neuron_21",
    "q_net.0_neuron_20",
    "q_net.0_neuron_13",
    "q_net.0_neuron_14",
    "q_net.0_neuron_56",
    "q_net.2_neuron_5",
    "q_net.0_neuron_45",
    "q_net.0_neuron_52",
    "q_net.2_neuron_33",
    "q_net.0_neuron_33",
    "q_net.2_neuron_0",
    "q_net.0_neuron_4",
    "q_net.0_neuron_12",
    "q_net.0_neuron_26",
    "q_net.0_neuron_46",
    "q_net.0_neuron_32",
    "q_net.0_neuron_23",
    "q_net.2_neuron_10",
    "q_net.2_neuron_3"
  ],
  "patch_config": {
    "q_net.0": [
      38,
      24,
      27,
      47,
      36,
      40,
      20,
      13,
      14,
      56,
      45,
      52,
      33,
      4,
      12,
      26,
      46,
      32,
      23
    ],
    "q_net.2": [
      63,
      38,
      21,
      5,
      33,
      0,
      10,
      3
    ]
  },
  "noising": {
    "metrics": {
      "mean": 0.0013178902276441233,
      "std": 0.0012938937783725402,
      "count": 6,
      "values": [
        0.004075178682469546,
        0.00011053719308002914,
        0.0010071908736150187,
        0.0011412736274386123,
        0.0011688880332895095,
        0.00040427295597202356
      ]
    },
    "num_results": 6
  },
  "denoising": {
    "metrics": {
      "mean": 0.0015062981711926715,
      "std": 0.0016391415156195538,
      "count": 6,
      "values": [
        0.005042312788629311,
        0.00010878312382250248,
        0.0010678487252780283,
        0.0010848332800770428,
        0.0013553707340632618,
        0.00037864037528588263
      ]
    },
    "num_results": 6
  },
  "target_metric_score": 0.0015062981711926715,
  "timestamp": "2025-05-30T22:47:02.335636"
}