{
  "experiment_name": "candidate_q_net_2_neuron_30",
  "coalition_neurons": [
    "q_net.0_neuron_38",
    "q_net.0_neuron_24",
    "q_net.0_neuron_27",
    "q_net.0_neuron_47",
    "q_net.0_neuron_36",
    "q_net.0_neuron_40",
    "q_net.2_neuron_63",
    "q_net.2_neuron_30"
  ],
  "patch_config": {
    "q_net.0": [
      38,
      24,
      27,
      47,
      36,
      40
    ],
    "q_net.2": [
      63,
      30
    ]
  },
  "noising": {
    "metrics": {
      "mean": 0.0005175979741577099,
      "std": 0.0005182779585546195,
      "count": 6,
      "values": [
        0.0015349396877152926,
        2.2489152477170858e-05,
        0.00025925170137287,
        0.0006340960101164023,
        0.0006264829899298996,
        2.8328303334623794e-05
      ]
    },
    "num_results": 6
  },
  "denoising": {
    "metrics": {
      "mean": 0.0005121015048151268,
      "std": 0.0005486828817528314,
      "count": 6,
      "values": [
        0.0016241200159455792,
        2.2359824713840575e-05,
        0.0002521147083670032,
        0.0004762522741357045,
        0.0006711583477581333,
        2.6603857970499865e-05
      ]
    },
    "num_results": 6
  },
  "target_metric_score": 0.0005175979741577099,
  "timestamp": "2025-05-31T15:19:46.628851"
}