{
  "experiment_name": "candidate_q_net_2_neuron_13",
  "coalition_neurons": [
    "q_net.0_neuron_38",
    "q_net.0_neuron_24",
    "q_net.0_neuron_27",
    "q_net.0_neuron_47",
    "q_net.0_neuron_36",
    "q_net.0_neuron_40",
    "q_net.2_neuron_63",
    "q_net.2_neuron_38",
    "q_net.2_neuron_21",
    "q_net.0_neuron_20",
    "q_net.0_neuron_13",
    "q_net.0_neuron_14",
    "q_net.0_neuron_56",
    "q_net.2_neuron_5",
    "q_net.0_neuron_45",
    "q_net.0_neuron_52",
    "q_net.2_neuron_33",
    "q_net.0_neuron_33",
    "q_net.2_neuron_13"
  ],
  "patch_config": {
    "q_net.0": [
      38,
      24,
      27,
      47,
      36,
      40,
      20,
      13,
      14,
      56,
      45,
      52,
      33
    ],
    "q_net.2": [
      63,
      38,
      21,
      5,
      33,
      13
    ]
  },
  "noising": {
    "metrics": {
      "mean": 0.0011461282330783682,
      "std": 0.0013354688398597497,
      "count": 6,
      "values": [
        0.004053760549292586,
        7.385842579717703e-05,
        0.0006702312706179702,
        0.0007536225638833307,
        0.001015302222644229,
        0.00030999436623491703
      ]
    },
    "num_results": 6
  },
  "denoising": {
    "metrics": {
      "mean": 0.001268561623947805,
      "std": 0.0015727457864426267,
      "count": 6,
      "values": [
        0.004707694213203819,
        7.963423909242997e-05,
        0.0006747791984346675,
        0.0007091699627038934,
        0.0011279426964186318,
        0.0003121494338333879
      ]
    },
    "num_results": 6
  },
  "target_metric_score": 0.001268561623947805,
  "timestamp": "2025-05-31T15:19:50.794828"
}