{
  "experiment_name": "candidate_q_net_0_neuron_9",
  "coalition_neurons": [
    "q_net.0_neuron_38",
    "q_net.0_neuron_24",
    "q_net.0_neuron_27",
    "q_net.0_neuron_47",
    "q_net.0_neuron_36",
    "q_net.0_neuron_40",
    "q_net.2_neuron_63",
    "q_net.2_neuron_38",
    "q_net.2_neuron_21",
    "q_net.0_neuron_20",
    "q_net.0_neuron_13",
    "q_net.0_neuron_14",
    "q_net.0_neuron_56",
    "q_net.2_neuron_5",
    "q_net.0_neuron_45",
    "q_net.0_neuron_52",
    "q_net.2_neuron_33",
    "q_net.0_neuron_33",
    "q_net.2_neuron_0",
    "q_net.0_neuron_4",
    "q_net.0_neuron_12",
    "q_net.0_neuron_26",
    "q_net.0_neuron_46",
    "q_net.0_neuron_9"
  ],
  "patch_config": {
    "q_net.0": [
      38,
      24,
      27,
      47,
      36,
      40,
      20,
      13,
      14,
      56,
      45,
      52,
      33,
      4,
      12,
      26,
      46,
      9
    ],
    "q_net.2": [
      63,
      38,
      21,
      5,
      33,
      0
    ]
  },
  "noising": {
    "metrics": {
      "mean": 0.0012580602100070656,
      "std": 0.0013262604950356623,
      "count": 6,
      "values": [
        0.004113660769338202,
        0.00012980965178227685,
        0.0007321109159500209,
        0.001049797053954662,
        0.0011572440263374765,
        0.0003657388426797554
      ]
    },
    "num_results": 6
  },
  "denoising": {
    "metrics": {
      "mean": 0.0014072292632221286,
      "std": 0.0016129987665429416,
      "count": 6,
      "values": [
        0.004904583224328258,
        0.00012619220046973436,
        0.0007790388699450987,
        0.0009497479253182961,
        0.0013393792155825402,
        0.0003444341436888449
      ]
    },
    "num_results": 6
  },
  "target_metric_score": 0.0014072292632221286,
  "timestamp": "2025-05-30T22:47:01.272281"
}