{
  "experiment_name": "candidate_q_net_0_neuron_13",
  "coalition_neurons": [
    "q_net.4_neuron_2",
    "q_net.0_neuron_13"
  ],
  "patch_config": {
    "q_net.4": [
      2
    ],
    "q_net.0": [
      13
    ]
  },
  "noising": {
    "metrics": {
      "mean": 0.0005780254834531152,
      "std": 0.00035515199685136735,
      "count": 6,
      "values": [
        0.0011880461932658667,
        0.000471100626757088,
        0.000617741570886243,
        0.000273452707875042,
        0.0008128257794267511,
        0.00010498602250770062
      ]
    },
    "num_results": 6
  },
  "denoising": {
    "metrics": {
      "mean": 0.0005621955549931476,
      "std": 0.00034775122835037326,
      "count": 6,
      "values": [
        0.0011383141707209735,
        0.00044546903860103945,
        0.0005918541667648798,
        0.00026735343345532037,
        0.000834805855458181,
        9.537666495849147e-05
      ]
    },
    "num_results": 6
  },
  "target_metric_score": 0.0005780254834531152,
  "timestamp": "2025-05-30T17:13:52.849500"
}