{
  "experiment_name": "candidate_q_net_4_neuron_0",
  "coalition_neurons": [
    "q_net.4_neuron_2",
    "q_net.4_neuron_3",
    "q_net.0_neuron_38",
    "q_net.0_neuron_3",
    "q_net.0_neuron_24",
    "q_net.4_neuron_4",
    "q_net.0_neuron_5",
    "q_net.0_neuron_40",
    "q_net.0_neuron_35",
    "q_net.0_neuron_14",
    "q_net.0_neuron_54",
    "q_net.2_neuron_40",
    "q_net.0_neuron_4",
    "q_net.0_neuron_47",
    "q_net.0_neuron_9",
    "q_net.0_neuron_26",
    "q_net.0_neuron_61",
    "q_net.2_neuron_30",
    "q_net.2_neuron_36",
    "q_net.2_neuron_19",
    "q_net.2_neuron_16",
    "q_net.2_neuron_33",
    "q_net.0_neuron_20",
    "q_net.2_neuron_38",
    "q_net.0_neuron_8",
    "q_net.0_neuron_12",
    "q_net.2_neuron_15",
    "q_net.2_neuron_57",
    "q_net.0_neuron_49",
    "q_net.4_neuron_0"
  ],
  "patch_config": {
    "q_net.4": [
      2,
      3,
      4,
      0
    ],
    "q_net.0": [
      38,
      3,
      24,
      5,
      40,
      35,
      14,
      54,
      4,
      47,
      9,
      26,
      61,
      20,
      8,
      12,
      49
    ],
    "q_net.2": [
      40,
      30,
      36,
      19,
      16,
      33,
      38,
      15,
      57
    ]
  },
  "noising": {
    "metrics": {
      "mean": 0.001472300436316286,
      "std": 0.0012945754134916008,
      "count": 6,
      "values": [
        0.003347567947088439,
        7.157151573163024e-05,
        0.0010755756235403483,
        0.0030108152266437246,
        0.0012749576913633764,
        5.3314613530195233e-05
      ]
    },
    "num_results": 6
  },
  "denoising": {
    "metrics": {
      "mean": 0.0014293548078714582,
      "std": 0.0012457167966957688,
      "count": 6,
      "values": [
        0.0033995460943040345,
        7.049253246433035e-05,
        0.001090949446440885,
        0.002675253379092497,
        0.0012874020884189744,
        5.248530650802904e-05
      ]
    },
    "num_results": 6
  },
  "target_metric_score": 0.001472300436316286,
  "timestamp": "2025-05-30T17:13:58.106891"
}