{
  "experiment_name": "candidate_q_net_0_neuron_51",
  "coalition_neurons": [
    "q_net.0_neuron_38",
    "q_net.0_neuron_24",
    "q_net.0_neuron_27",
    "q_net.0_neuron_47",
    "q_net.0_neuron_36",
    "q_net.0_neuron_40",
    "q_net.2_neuron_63",
    "q_net.2_neuron_38",
    "q_net.2_neuron_21",
    "q_net.0_neuron_20",
    "q_net.0_neuron_13",
    "q_net.0_neuron_14",
    "q_net.0_neuron_56",
    "q_net.2_neuron_5",
    "q_net.0_neuron_45",
    "q_net.0_neuron_52",
    "q_net.2_neuron_33",
    "q_net.0_neuron_33",
    "q_net.0_neuron_51"
  ],
  "patch_config": {
    "q_net.0": [
      38,
      24,
      27,
      47,
      36,
      40,
      20,
      13,
      14,
      56,
      45,
      52,
      33,
      51
    ],
    "q_net.2": [
      63,
      38,
      21,
      5,
      33
    ]
  },
  "noising": {
    "metrics": {
      "mean": 0.0011607353728351605,
      "std": 0.0013504101220386674,
      "count": 6,
      "values": [
        0.004094736999590174,
        7.424925381937868e-05,
        0.0006704339346767924,
        0.0007453562650064226,
        0.0010747630195693924,
        0.00030487276434880287
      ]
    },
    "num_results": 6
  },
  "denoising": {
    "metrics": {
      "mean": 0.0012678758159236725,
      "std": 0.0015723768828958277,
      "count": 6,
      "values": [
        0.004704767962733317,
        8.014883488906038e-05,
        0.0006747890911724631,
        0.0007017229573822218,
        0.0011382692277938952,
        0.0003075568215710773
      ]
    },
    "num_results": 6
  },
  "target_metric_score": 0.0012678758159236725,
  "timestamp": "2025-05-30T23:31:58.557241"
}