{
  "experiment_name": "candidate_q_net_2_neuron_59",
  "coalition_neurons": [
    "q_net.0_neuron_38",
    "q_net.0_neuron_24",
    "q_net.0_neuron_27",
    "q_net.0_neuron_47",
    "q_net.0_neuron_36",
    "q_net.0_neuron_40",
    "q_net.2_neuron_63",
    "q_net.2_neuron_38",
    "q_net.2_neuron_21",
    "q_net.0_neuron_20",
    "q_net.0_neuron_13",
    "q_net.0_neuron_14",
    "q_net.0_neuron_56",
    "q_net.2_neuron_5",
    "q_net.2_neuron_59"
  ],
  "patch_config": {
    "q_net.0": [
      38,
      24,
      27,
      47,
      36,
      40,
      20,
      13,
      14,
      56
    ],
    "q_net.2": [
      63,
      38,
      21,
      5,
      59
    ]
  },
  "noising": {
    "metrics": {
      "mean": 0.001024012101674157,
      "std": 0.0012456492673374746,
      "count": 6,
      "values": [
        0.0037277599464378957,
        3.121885499478207e-05,
        0.0005876289141760714,
        0.0006968906176974205,
        0.0009161370469844096,
        0.00018443722975436264
      ]
    },
    "num_results": 6
  },
  "denoising": {
    "metrics": {
      "mean": 0.0011060165886198853,
      "std": 0.0014067425458341458,
      "count": 6,
      "values": [
        0.004171415224812283,
        3.403217193998691e-05,
        0.000602517818577287,
        0.0006345781399462111,
        0.0010050152927286366,
        0.00018854088371490752
      ]
    },
    "num_results": 6
  },
  "target_metric_score": 0.0011060165886198853,
  "timestamp": "2025-05-30T23:31:57.050465"
}