{
  "experiment_name": "candidate_q_net_0_neuron_61",
  "coalition_neurons": [
    "q_net.0_neuron_38",
    "q_net.0_neuron_24",
    "q_net.0_neuron_27",
    "q_net.0_neuron_47",
    "q_net.0_neuron_36",
    "q_net.0_neuron_40",
    "q_net.2_neuron_63",
    "q_net.2_neuron_38",
    "q_net.0_neuron_61"
  ],
  "patch_config": {
    "q_net.0": [
      38,
      24,
      27,
      47,
      36,
      40,
      61
    ],
    "q_net.2": [
      63,
      38
    ]
  },
  "noising": {
    "metrics": {
      "mean": 0.0005450912025009917,
      "std": 0.0005790788425626813,
      "count": 6,
      "values": [
        0.0017353211726750303,
        2.40663995449884e-05,
        0.0002570512852096444,
        0.0005890979523726272,
        0.0006050766661970216,
        5.9933739006638514e-05
      ]
    },
    "num_results": 6
  },
  "denoising": {
    "metrics": {
      "mean": 0.0005450463604478648,
      "std": 0.0006104242817301709,
      "count": 6,
      "values": [
        0.0018204445369394452,
        2.729642222913729e-05,
        0.00024687509135250783,
        0.00046209877256895866,
        0.0006520169316591847,
        6.154640793795522e-05
      ]
    },
    "num_results": 6
  },
  "target_metric_score": 0.0005450912025009917,
  "timestamp": "2025-05-31T15:19:47.054898"
}