{
  "experiment_name": "candidate_q_net_0_neuron_32",
  "coalition_neurons": [
    "q_net.0_neuron_38",
    "q_net.0_neuron_24",
    "q_net.0_neuron_27",
    "q_net.0_neuron_47",
    "q_net.0_neuron_32"
  ],
  "patch_config": {
    "q_net.0": [
      38,
      24,
      27,
      47,
      32
    ]
  },
  "noising": {
    "metrics": {
      "mean": 0.00027394957982304304,
      "std": 0.00024311854648064992,
      "count": 6,
      "values": [
        0.0004957672651869534,
        2.887352115469677e-06,
        0.00013519031340167536,
        0.0006397423146798824,
        0.00036267696089394095,
        7.433272660336581e-06
      ]
    },
    "num_results": 6
  },
  "denoising": {
    "metrics": {
      "mean": 0.00020581751506639886,
      "std": 0.00017503566704731558,
      "count": 6,
      "values": [
        0.0003303720935188678,
        3.3499656327743007e-06,
        0.00012391591752564774,
        0.00047533709761361266,
        0.0002957953997844952,
        6.134616322995507e-06
      ]
    },
    "num_results": 6
  },
  "target_metric_score": 0.00027394957982304304,
  "timestamp": "2025-05-30T22:46:54.214334"
}