{
  "experiment_name": "candidate_q_net_0_neuron_35",
  "coalition_neurons": [
    "q_net.0_neuron_38",
    "q_net.0_neuron_24",
    "q_net.0_neuron_27",
    "q_net.0_neuron_47",
    "q_net.0_neuron_36",
    "q_net.0_neuron_40",
    "q_net.2_neuron_63",
    "q_net.2_neuron_38",
    "q_net.2_neuron_21",
    "q_net.0_neuron_20",
    "q_net.0_neuron_13",
    "q_net.0_neuron_14",
    "q_net.0_neuron_56",
    "q_net.2_neuron_5",
    "q_net.0_neuron_35"
  ],
  "patch_config": {
    "q_net.0": [
      38,
      24,
      27,
      47,
      36,
      40,
      20,
      13,
      14,
      56,
      35
    ],
    "q_net.2": [
      63,
      38,
      21,
      5
    ]
  },
  "noising": {
    "metrics": {
      "mean": 0.0010400666890453304,
      "std": 0.0012355595649879774,
      "count": 6,
      "values": [
        0.00371929438044248,
        5.1735236903196406e-05,
        0.0005769342225223706,
        0.000674964625731733,
        0.0009860293139545052,
        0.00023144235471769716
      ]
    },
    "num_results": 6
  },
  "denoising": {
    "metrics": {
      "mean": 0.001129965182779355,
      "std": 0.0014206897339932986,
      "count": 6,
      "values": [
        0.004219573169181163,
        5.654357739009876e-05,
        0.0005758601781575149,
        0.0006049038718791222,
        0.0011033371654931567,
        0.00021957313457507486
      ]
    },
    "num_results": 6
  },
  "target_metric_score": 0.001129965182779355,
  "timestamp": "2025-05-30T23:31:56.879420"
}