{
  "experiment_name": "candidate_q_net_0_neuron_33",
  "coalition_neurons": [
    "q_net.0_neuron_38",
    "q_net.0_neuron_24",
    "q_net.0_neuron_27",
    "q_net.0_neuron_47",
    "q_net.0_neuron_36",
    "q_net.0_neuron_40",
    "q_net.2_neuron_63",
    "q_net.2_neuron_38",
    "q_net.2_neuron_21",
    "q_net.0_neuron_20",
    "q_net.0_neuron_13",
    "q_net.0_neuron_14",
    "q_net.0_neuron_56",
    "q_net.0_neuron_33"
  ],
  "patch_config": {
    "q_net.0": [
      38,
      24,
      27,
      47,
      36,
      40,
      20,
      13,
      14,
      56,
      33
    ],
    "q_net.2": [
      63,
      38,
      21
    ]
  },
  "noising": {
    "metrics": {
      "mean": 0.0010112415180155217,
      "std": 0.0012124024071206842,
      "count": 6,
      "values": [
        0.003625008752848531,
        1.1398136328533506e-05,
        0.0005755295064237866,
        0.0007719491894049458,
        0.0009291839643587083,
        0.0001543795587286255
      ]
    },
    "num_results": 6
  },
  "denoising": {
    "metrics": {
      "mean": 0.0010665443485568778,
      "std": 0.0013433115616281845,
      "count": 6,
      "values": [
        0.003979527903167213,
        1.219886684486937e-05,
        0.0005700484746130677,
        0.0006876965636649825,
        0.0009969933249143897,
        0.0001528009581367451
      ]
    },
    "num_results": 6
  },
  "target_metric_score": 0.0010665443485568778,
  "timestamp": "2025-05-30T23:31:56.593375"
}