{
  "experiment_name": "candidate_q_net_0_neuron_27",
  "coalition_neurons": [
    "q_net.4_neuron_2",
    "q_net.4_neuron_3",
    "q_net.0_neuron_38",
    "q_net.0_neuron_3",
    "q_net.0_neuron_24",
    "q_net.4_neuron_4",
    "q_net.0_neuron_5",
    "q_net.0_neuron_40",
    "q_net.0_neuron_35",
    "q_net.0_neuron_14",
    "q_net.0_neuron_54",
    "q_net.2_neuron_40",
    "q_net.0_neuron_4",
    "q_net.0_neuron_47",
    "q_net.0_neuron_9",
    "q_net.0_neuron_26",
    "q_net.0_neuron_61",
    "q_net.2_neuron_30",
    "q_net.2_neuron_36",
    "q_net.2_neuron_19",
    "q_net.2_neuron_16",
    "q_net.2_neuron_33",
    "q_net.0_neuron_20",
    "q_net.2_neuron_38",
    "q_net.0_neuron_8",
    "q_net.0_neuron_27"
  ],
  "patch_config": {
    "q_net.4": [
      2,
      3,
      4
    ],
    "q_net.0": [
      38,
      3,
      24,
      5,
      40,
      35,
      14,
      54,
      4,
      47,
      9,
      26,
      61,
      20,
      8,
      27
    ],
    "q_net.2": [
      40,
      30,
      36,
      19,
      16,
      33,
      38
    ]
  },
  "noising": {
    "metrics": {
      "mean": 0.0016737648159914217,
      "std": 0.001481487307440119,
      "count": 6,
      "values": [
        0.0037328839186956987,
        7.998776482548214e-05,
        0.0011320878984616353,
        0.0035323375308896204,
        0.0015081935433520618,
        5.709823972403202e-05
      ]
    },
    "num_results": 6
  },
  "denoising": {
    "metrics": {
      "mean": 0.001618889208797128,
      "std": 0.001404597927620826,
      "count": 6,
      "values": [
        0.003667065447251302,
        7.987450767413658e-05,
        0.0011381357753614159,
        0.003229058579979802,
        0.001543758565028311,
        5.544237748779905e-05
      ]
    },
    "num_results": 6
  },
  "target_metric_score": 0.0016737648159914217,
  "timestamp": "2025-05-30T17:13:57.380543"
}