{
  "experiment_name": "candidate_q_net_2_neuron_34",
  "coalition_neurons": [
    "q_net.0_neuron_38",
    "q_net.0_neuron_24",
    "q_net.0_neuron_27",
    "q_net.0_neuron_47",
    "q_net.0_neuron_36",
    "q_net.0_neuron_40",
    "q_net.2_neuron_63",
    "q_net.2_neuron_38",
    "q_net.2_neuron_21",
    "q_net.0_neuron_20",
    "q_net.0_neuron_13",
    "q_net.0_neuron_14",
    "q_net.0_neuron_56",
    "q_net.2_neuron_5",
    "q_net.0_neuron_45",
    "q_net.0_neuron_52",
    "q_net.2_neuron_33",
    "q_net.0_neuron_33",
    "q_net.2_neuron_0",
    "q_net.0_neuron_4",
    "q_net.2_neuron_34"
  ],
  "patch_config": {
    "q_net.0": [
      38,
      24,
      27,
      47,
      36,
      40,
      20,
      13,
      14,
      56,
      45,
      52,
      33,
      4
    ],
    "q_net.2": [
      63,
      38,
      21,
      5,
      33,
      0,
      34
    ]
  },
  "noising": {
    "metrics": {
      "mean": 0.0012008501174741437,
      "std": 0.0012679265002034988,
      "count": 6,
      "values": [
        0.003906707638990879,
        8.753153856335782e-05,
        0.0007063347969918027,
        0.0011098326115715144,
        0.0011003496815557546,
        0.00029434443717155307
      ]
    },
    "num_results": 6
  },
  "denoising": {
    "metrics": {
      "mean": 0.0013690653362311758,
      "std": 0.0016160179854917236,
      "count": 6,
      "values": [
        0.004875295068090095,
        9.73844871497364e-05,
        0.0007077257387592406,
        0.0009733784895011818,
        0.0012656122518280763,
        0.0002949959820587227
      ]
    },
    "num_results": 6
  },
  "target_metric_score": 0.0013690653362311758,
  "timestamp": "2025-05-30T22:47:00.170669"
}