{
  "experiment_name": "candidate_q_net_2_neuron_36",
  "coalition_neurons": [
    "q_net.0_neuron_38",
    "q_net.0_neuron_24",
    "q_net.0_neuron_27",
    "q_net.0_neuron_47",
    "q_net.0_neuron_36",
    "q_net.0_neuron_40",
    "q_net.2_neuron_63",
    "q_net.2_neuron_38",
    "q_net.2_neuron_21",
    "q_net.0_neuron_20",
    "q_net.0_neuron_13",
    "q_net.0_neuron_14",
    "q_net.0_neuron_56",
    "q_net.2_neuron_5",
    "q_net.0_neuron_45",
    "q_net.0_neuron_52",
    "q_net.2_neuron_33",
    "q_net.0_neuron_33",
    "q_net.2_neuron_0",
    "q_net.0_neuron_4",
    "q_net.0_neuron_12",
    "q_net.0_neuron_26",
    "q_net.0_neuron_46",
    "q_net.2_neuron_36"
  ],
  "patch_config": {
    "q_net.0": [
      38,
      24,
      27,
      47,
      36,
      40,
      20,
      13,
      14,
      56,
      45,
      52,
      33,
      4,
      12,
      26,
      46
    ],
    "q_net.2": [
      63,
      38,
      21,
      5,
      33,
      0,
      36
    ]
  },
  "noising": {
    "metrics": {
      "mean": 0.001298620646315666,
      "std": 0.0013493250956214784,
      "count": 6,
      "values": [
        0.004199045028274975,
        0.00013370865904371127,
        0.0007855798297625519,
        0.0010723951601755845,
        0.001215193730366794,
        0.0003858014702703789
      ]
    },
    "num_results": 6
  },
  "denoising": {
    "metrics": {
      "mean": 0.0014626013266587495,
      "std": 0.001682311943057226,
      "count": 6,
      "values": [
        0.005111818885852196,
        0.0001263448528945302,
        0.0008357416362070611,
        0.0009469405236252463,
        0.0013945105887192527,
        0.000360251472654212
      ]
    },
    "num_results": 6
  },
  "target_metric_score": 0.0014626013266587495,
  "timestamp": "2025-05-31T15:19:53.119037"
}