{
  "experiment_name": "candidate_q_net_0_neuron_23",
  "coalition_neurons": [
    "q_net.0_neuron_38",
    "q_net.0_neuron_24",
    "q_net.0_neuron_27",
    "q_net.0_neuron_40",
    "q_net.2_neuron_63",
    "q_net.0_neuron_36",
    "q_net.2_neuron_0",
    "q_net.0_neuron_20",
    "q_net.2_neuron_21",
    "q_net.2_neuron_38",
    "q_net.0_neuron_47",
    "q_net.2_neuron_30",
    "q_net.2_neuron_40",
    "q_net.0_neuron_14",
    "q_net.2_neuron_33",
    "q_net.0_neuron_33",
    "q_net.0_neuron_52",
    "q_net.0_neuron_9",
    "q_net.0_neuron_26",
    "q_net.2_neuron_34",
    "q_net.2_neuron_55",
    "q_net.2_neuron_36",
    "q_net.0_neuron_46",
    "q_net.0_neuron_62",
    "q_net.0_neuron_8",
    "q_net.0_neuron_42",
    "q_net.0_neuron_32",
    "q_net.0_neuron_23"
  ],
  "patch_config": {
    "q_net.0": [
      38,
      24,
      27,
      40,
      36,
      20,
      47,
      14,
      33,
      52,
      9,
      26,
      46,
      62,
      8,
      42,
      32,
      23
    ],
    "q_net.2": [
      63,
      0,
      21,
      38,
      30,
      40,
      33,
      34,
      55,
      36
    ]
  },
  "noising": {
    "metrics": {
      "mean": 0.0013910293504578253,
      "std": 0.0013937962413840528,
      "count": 6,
      "values": [
        0.004304554494467307,
        7.51955474051515e-05,
        0.001128612841841718,
        0.0011091147408831617,
        0.001469674879704536,
        0.00025902359844507696
      ]
    },
    "num_results": 6
  },
  "denoising": {
    "metrics": {
      "mean": 0.0015307456651237406,
      "std": 0.0016577216314812664,
      "count": 6,
      "values": [
        0.005037750082646524,
        7.902467273070602e-05,
        0.0011613189327843295,
        0.0009514255445763672,
        0.0016836546637944462,
        0.0002713000942100701
      ]
    },
    "num_results": 6
  },
  "target_metric_score": 0.001460887507790783,
  "timestamp": "2025-05-30T23:14:23.845331"
}