{
  "experiment_name": "candidate_q_net_0_neuron_40",
  "coalition_neurons": [
    "q_net.0_neuron_38",
    "q_net.0_neuron_24",
    "q_net.0_neuron_27",
    "q_net.0_neuron_40"
  ],
  "patch_config": {
    "q_net.0": [
      38,
      24,
      27,
      40
    ]
  },
  "noising": {
    "metrics": {
      "mean": 0.00024094141367930183,
      "std": 0.00023819647233315158,
      "count": 6,
      "values": [
        0.0005455605279638008,
        2.521619443001123e-06,
        6.800103732949208e-05,
        0.0005616869593207795,
        0.00026642221315261545,
        1.4561248661220953e-06
      ]
    },
    "num_results": 6
  },
  "denoising": {
    "metrics": {
      "mean": 0.00023558307710352477,
      "std": 0.0002382543441395655,
      "count": 6,
      "values": [
        0.0006318044769607876,
        2.2089280510576503e-06,
        6.403609321844735e-05,
        0.00044437687950429124,
        0.0002698749161317688,
        1.1971687547961331e-06
      ]
    },
    "num_results": 6
  },
  "target_metric_score": 0.00024094141367930183,
  "timestamp": "2025-05-31T15:19:45.191796"
}