{
  "experiment_name": "candidate_q_net_2_neuron_57",
  "coalition_neurons": [
    "q_net.0_neuron_38",
    "q_net.0_neuron_24",
    "q_net.2_neuron_57"
  ],
  "patch_config": {
    "q_net.0": [
      38,
      24
    ],
    "q_net.2": [
      57
    ]
  },
  "noising": {
    "metrics": {
      "mean": 0.00012699545615442353,
      "std": 0.0001582603919710327,
      "count": 6,
      "values": [
        0.000198792012087755,
        9.725100217121093e-07,
        2.1940104942308773e-07,
        0.0004385288155333454,
        0.00012336286245572805,
        9.713577857766744e-08
      ]
    },
    "num_results": 6
  },
  "denoising": {
    "metrics": {
      "mean": 0.00011191698967354651,
      "std": 0.00013731494807642545,
      "count": 6,
      "values": [
        0.00017061877377683513,
        1.175055242180745e-06,
        2.6624674031157326e-07,
        0.0003810163158015677,
        0.00011831814403283781,
        1.0740244754614493e-07
      ]
    },
    "num_results": 6
  },
  "target_metric_score": 0.00012699545615442353,
  "timestamp": "2025-05-30T23:31:52.091981"
}