{
  "experiment_name": "candidate_q_net_2_neuron_33",
  "coalition_neurons": [
    "q_net.0_neuron_38",
    "q_net.0_neuron_24",
    "q_net.0_neuron_27",
    "q_net.0_neuron_47",
    "q_net.0_neuron_36",
    "q_net.0_neuron_40",
    "q_net.2_neuron_63",
    "q_net.2_neuron_38",
    "q_net.2_neuron_21",
    "q_net.0_neuron_20",
    "q_net.0_neuron_13",
    "q_net.2_neuron_33"
  ],
  "patch_config": {
    "q_net.0": [
      38,
      24,
      27,
      47,
      36,
      40,
      20,
      13
    ],
    "q_net.2": [
      63,
      38,
      21,
      33
    ]
  },
  "noising": {
    "metrics": {
      "mean": 0.0008616027136796007,
      "std": 0.001004216967673339,
      "count": 6,
      "values": [
        0.0030236646863763747,
        4.198932522575711e-05,
        0.0004244459576247146,
        0.0006666119002993916,
        0.0008403990704459671,
        0.00017250534210539988
      ]
    },
    "num_results": 6
  },
  "denoising": {
    "metrics": {
      "mean": 0.0008907849822195373,
      "std": 0.0010968492779074846,
      "count": 6,
      "values": [
        0.0032664966566051255,
        4.5498745117356315e-05,
        0.0004224607380050988,
        0.0005278949180351185,
        0.0009048347150368253,
        0.00017752412051769964
      ]
    },
    "num_results": 6
  },
  "target_metric_score": 0.0008907849822195373,
  "timestamp": "2025-05-31T15:19:48.089289"
}