{
  "experiment_name": "candidate_q_net_0_neuron_14",
  "coalition_neurons": [
    "q_net.4_neuron_2",
    "q_net.4_neuron_3",
    "q_net.0_neuron_38",
    "q_net.0_neuron_3",
    "q_net.0_neuron_24",
    "q_net.4_neuron_4",
    "q_net.0_neuron_5",
    "q_net.0_neuron_14"
  ],
  "patch_config": {
    "q_net.4": [
      2,
      3,
      4
    ],
    "q_net.0": [
      38,
      3,
      24,
      5,
      14
    ]
  },
  "noising": {
    "metrics": {
      "mean": 0.0013423914154867753,
      "std": 0.0011007255929068821,
      "count": 6,
      "values": [
        0.0024302999327360892,
        0.0002025165320197836,
        0.000945178382127829,
        0.0031402874305875815,
        0.001161487646632616,
        0.0001745785688167527
      ]
    },
    "num_results": 6
  },
  "denoising": {
    "metrics": {
      "mean": 0.0013642272168544096,
      "std": 0.0011100519833589216,
      "count": 6,
      "values": [
        0.002457241997345933,
        0.00021941413866308657,
        0.0009528635730286731,
        0.003178354942072281,
        0.0011962777795529406,
        0.00018121087046354392
      ]
    },
    "num_results": 6
  },
  "target_metric_score": 0.0013642272168544096,
  "timestamp": "2025-05-30T17:13:54.032868"
}