{
  "experiment_name": "candidate_q_net_2_neuron_15",
  "coalition_neurons": [
    "q_net.4_neuron_2",
    "q_net.4_neuron_3",
    "q_net.0_neuron_38",
    "q_net.0_neuron_3",
    "q_net.0_neuron_24",
    "q_net.4_neuron_4",
    "q_net.0_neuron_5",
    "q_net.0_neuron_40",
    "q_net.0_neuron_35",
    "q_net.0_neuron_14",
    "q_net.0_neuron_54",
    "q_net.2_neuron_40",
    "q_net.0_neuron_4",
    "q_net.0_neuron_47",
    "q_net.0_neuron_9",
    "q_net.0_neuron_26",
    "q_net.0_neuron_61",
    "q_net.2_neuron_30",
    "q_net.2_neuron_36",
    "q_net.2_neuron_19",
    "q_net.2_neuron_16",
    "q_net.2_neuron_33",
    "q_net.0_neuron_20",
    "q_net.2_neuron_38",
    "q_net.2_neuron_15"
  ],
  "patch_config": {
    "q_net.4": [
      2,
      3,
      4
    ],
    "q_net.0": [
      38,
      3,
      24,
      5,
      40,
      35,
      14,
      54,
      4,
      47,
      9,
      26,
      61,
      20
    ],
    "q_net.2": [
      40,
      30,
      36,
      19,
      16,
      33,
      38,
      15
    ]
  },
  "noising": {
    "metrics": {
      "mean": 0.0017891484876028183,
      "std": 0.001654578295147179,
      "count": 6,
      "values": [
        0.00415225913649644,
        5.385266382368424e-05,
        0.0011162213878290412,
        0.0038581599411436334,
        0.0015012531965615094,
        5.314459976260112e-05
      ]
    },
    "num_results": 6
  },
  "denoising": {
    "metrics": {
      "mean": 0.0017683743307725082,
      "std": 0.001611356072906264,
      "count": 6,
      "values": [
        0.004124032688353728,
        5.2406420360774685e-05,
        0.0011455950163901003,
        0.0036916486507691543,
        0.0015453225051914226,
        5.124070356987202e-05
      ]
    },
    "num_results": 6
  },
  "target_metric_score": 0.0017891484876028183,
  "timestamp": "2025-05-30T17:13:57.234257"
}