{
  "experiment_name": "candidate_q_net_2_neuron_40",
  "coalition_neurons": [
    "q_net.0_neuron_38",
    "q_net.2_neuron_40"
  ],
  "patch_config": {
    "q_net.0": [
      38
    ],
    "q_net.2": [
      40
    ]
  },
  "noising": {
    "metrics": {
      "mean": 9.343557687693982e-05,
      "std": 0.00011346212053180642,
      "count": 6,
      "values": [
        9.12085009324669e-05,
        1.7679684924280315e-06,
        2.9211220138933248e-05,
        0.0003295669214685888,
        0.0001087813654275559,
        7.748480166591351e-08
      ]
    },
    "num_results": 6
  },
  "denoising": {
    "metrics": {
      "mean": 8.398178513674133e-05,
      "std": 9.688146787559545e-05,
      "count": 6,
      "values": [
        8.837811813743263e-05,
        1.7672307556874651e-06,
        2.8847419765026805e-05,
        0.0002816969911107652,
        0.00010312402775150315,
        7.692330003267883e-08
      ]
    },
    "num_results": 6
  },
  "target_metric_score": 9.343557687693982e-05,
  "timestamp": "2025-05-30T23:31:51.446393"
}