{
  "experiment_name": "candidate_q_net_2_neuron_55",
  "coalition_neurons": [
    "q_net.0_neuron_38",
    "q_net.0_neuron_24",
    "q_net.0_neuron_27",
    "q_net.0_neuron_47",
    "q_net.0_neuron_36",
    "q_net.0_neuron_40",
    "q_net.2_neuron_63",
    "q_net.2_neuron_55"
  ],
  "patch_config": {
    "q_net.0": [
      38,
      24,
      27,
      47,
      36,
      40
    ],
    "q_net.2": [
      63,
      55
    ]
  },
  "noising": {
    "metrics": {
      "mean": 0.000487181137347785,
      "std": 0.0004915816232060364,
      "count": 6,
      "values": [
        0.0014267840351455292,
        1.0429338664744961e-05,
        0.0002075960329458483,
        0.0006581929353135047,
        0.0006012464886650413,
        1.8837993352041366e-05
      ]
    },
    "num_results": 6
  },
  "denoising": {
    "metrics": {
      "mean": 0.00046512609648827094,
      "std": 0.0004917392738183763,
      "count": 6,
      "values": [
        0.001435891121432155,
        1.0446634511617945e-05,
        0.0001975625120349189,
        0.0004977125802116868,
        0.0006324385567127882,
        1.670517402645893e-05
      ]
    },
    "num_results": 6
  },
  "target_metric_score": 0.000487181137347785,
  "timestamp": "2025-05-31T15:19:10.964210"
}