{
  "experiment_name": "candidate_q_net_0_neuron_49",
  "coalition_neurons": [
    "q_net.0_neuron_38",
    "q_net.0_neuron_24",
    "q_net.0_neuron_27",
    "q_net.0_neuron_47",
    "q_net.0_neuron_36",
    "q_net.0_neuron_40",
    "q_net.0_neuron_49"
  ],
  "patch_config": {
    "q_net.0": [
      38,
      24,
      27,
      47,
      36,
      40,
      49
    ]
  },
  "noising": {
    "metrics": {
      "mean": 0.0003974727793279061,
      "std": 0.00037366496267257176,
      "count": 6,
      "values": [
        0.0010299224153080206,
        3.624303479521037e-05,
        0.00011665744514334782,
        0.0006699249058540867,
        0.0005106250216177412,
        2.1463853249029802e-05
      ]
    },
    "num_results": 6
  },
  "denoising": {
    "metrics": {
      "mean": 0.0003699895562547324,
      "std": 0.0003546097976867937,
      "count": 6,
      "values": [
        0.001008153345415281,
        3.4625940876200235e-05,
        0.00011098724617054144,
        0.0005115839524518582,
        0.0005326858309510213,
        2.1901021663492132e-05
      ]
    },
    "num_results": 6
  },
  "target_metric_score": 0.0003974727793279061,
  "timestamp": "2025-05-31T15:19:10.522732"
}