{
  "experiment_name": "candidate_q_net_0_neuron_3",
  "coalition_neurons": [
    "q_net.4_neuron_3",
    "q_net.0_neuron_61",
    "q_net.2_neuron_33",
    "q_net.2_neuron_10",
    "q_net.0_neuron_42",
    "q_net.2_neuron_22",
    "q_net.0_neuron_44",
    "q_net.2_neuron_44",
    "q_net.0_neuron_28",
    "q_net.0_neuron_1",
    "q_net.2_neuron_36",
    "q_net.2_neuron_23",
    "q_net.2_neuron_50",
    "q_net.0_neuron_29",
    "q_net.2_neuron_59",
    "q_net.2_neuron_43",
    "q_net.0_neuron_18",
    "q_net.0_neuron_4",
    "q_net.0_neuron_26",
    "q_net.2_neuron_41",
    "q_net.0_neuron_20",
    "q_net.2_neuron_3",
    "q_net.0_neuron_45",
    "q_net.0_neuron_62",
    "q_net.0_neuron_3"
  ],
  "patch_config": {
    "q_net.4": [
      3
    ],
    "q_net.0": [
      61,
      42,
      44,
      28,
      1,
      29,
      18,
      4,
      26,
      20,
      45,
      62,
      3
    ],
    "q_net.2": [
      33,
      10,
      22,
      44,
      36,
      23,
      50,
      59,
      43,
      41,
      3
    ]
  },
  "noising": {
    "metrics": {
      "mean": 0.5375510305671505,
      "std": 0.27707879832277144,
      "count": 6,
      "values": [
        0.5497518756638058,
        0.7022910956004645,
        0.08049521550265813,
        0.8716348678165815,
        0.2745798465540978,
        0.746553282265295
      ]
    },
    "num_results": 6
  },
  "denoising": {
    "metrics": {
      "mean": 0.5372616192380408,
      "std": 0.28588474025019045,
      "count": 6,
      "values": [
        0.5589901465940071,
        0.7088780834586237,
        0.08330288707642353,
        0.8886414220140955,
        0.24009432212565723,
        0.743662854159438
      ]
    },
    "num_results": 6
  },
  "target_metric_score": 0.5375510305671505,
  "timestamp": "2025-05-30T17:14:08.685107"
}