{
  "experiment_name": "candidate_q_net_0_neuron_24",
  "coalition_neurons": [
    "q_net.0_neuron_35",
    "q_net.0_neuron_29",
    "q_net.0_neuron_1",
    "q_net.0_neuron_49",
    "q_net.2_neuron_3",
    "q_net.2_neuron_44",
    "q_net.0_neuron_8",
    "q_net.2_neuron_53",
    "q_net.0_neuron_61",
    "q_net.0_neuron_13",
    "q_net.0_neuron_28",
    "q_net.2_neuron_16",
    "q_net.0_neuron_14",
    "q_net.2_neuron_43",
    "q_net.2_neuron_33",
    "q_net.0_neuron_9",
    "q_net.2_neuron_22",
    "q_net.0_neuron_42",
    "q_net.0_neuron_40",
    "q_net.0_neuron_48",
    "q_net.0_neuron_54",
    "q_net.2_neuron_5",
    "q_net.2_neuron_32",
    "q_net.2_neuron_13",
    "q_net.2_neuron_10",
    "q_net.0_neuron_24"
  ],
  "patch_config": {
    "q_net.0": [
      35,
      29,
      1,
      49,
      8,
      61,
      13,
      28,
      14,
      9,
      42,
      40,
      48,
      54,
      24
    ],
    "q_net.2": [
      3,
      44,
      53,
      16,
      43,
      33,
      22,
      5,
      32,
      13,
      10
    ]
  },
  "noising": {
    "metrics": {
      "mean": 0.5574286940119016,
      "std": 0.11659417029886418,
      "count": 6,
      "values": [
        0.5847519319998845,
        0.599043444841941,
        0.33012054942253466,
        0.6844592144046661,
        0.49964776499109803,
        0.6465492584112859
      ]
    },
    "num_results": 6
  },
  "denoising": {
    "metrics": {
      "mean": 0.5794325613751083,
      "std": 0.13792900839755556,
      "count": 6,
      "values": [
        0.6067467100127016,
        0.5858228884019527,
        0.32797019851954645,
        0.7498917479863489,
        0.503203657328707,
        0.702960166001393
      ]
    },
    "num_results": 6
  },
  "target_metric_score": 0.5794325613751083,
  "timestamp": "2025-05-30T23:32:33.687273"
}