{
  "experiment_name": "candidate_q_net_2_neuron_45",
  "coalition_neurons": [
    "q_net.0_neuron_35",
    "q_net.0_neuron_29",
    "q_net.2_neuron_45"
  ],
  "patch_config": {
    "q_net.0": [
      35,
      29
    ],
    "q_net.2": [
      45
    ]
  },
  "noising": {
    "metrics": {
      "mean": 0.5094953282076565,
      "std": 0.2096307752248242,
      "count": 6,
      "values": [
        0.4855123008053448,
        0.7065385102453613,
        0.5000647312771174,
        0.08238923420234105,
        0.5818590392991079,
        0.700608153416667
      ]
    },
    "num_results": 6
  },
  "denoising": {
    "metrics": {
      "mean": 0.508646253576713,
      "std": 0.2297452802194012,
      "count": 6,
      "values": [
        0.46050993107582255,
        0.7001014725433458,
        0.514240040232803,
        0.038272422211099937,
        0.6205214815876037,
        0.7182321738096028
      ]
    },
    "num_results": 6
  },
  "target_metric_score": 0.5094953282076565,
  "timestamp": "2025-05-30T23:32:25.207692"
}