{
  "experiment_name": "candidate_q_net_2_neuron_50",
  "coalition_neurons": [
    "q_net.0_neuron_35",
    "q_net.0_neuron_29",
    "q_net.0_neuron_1",
    "q_net.0_neuron_49",
    "q_net.2_neuron_3",
    "q_net.2_neuron_50"
  ],
  "patch_config": {
    "q_net.0": [
      35,
      29,
      1,
      49
    ],
    "q_net.2": [
      3,
      50
    ]
  },
  "noising": {
    "metrics": {
      "mean": 0.5950115644514674,
      "std": 0.11853058016026073,
      "count": 6,
      "values": [
        0.5079091269412763,
        0.6973570723312748,
        0.5127494333494057,
        0.4421601662954018,
        0.6277022616693688,
        0.7821913261220768
      ]
    },
    "num_results": 6
  },
  "denoising": {
    "metrics": {
      "mean": 0.6057172547927085,
      "std": 0.11140975413640168,
      "count": 6,
      "values": [
        0.4850840902441332,
        0.6931212745811483,
        0.5215105022153932,
        0.5018441669566015,
        0.6459737792954608,
        0.7867697154635144
      ]
    },
    "num_results": 6
  },
  "target_metric_score": 0.6057172547927085,
  "timestamp": "2025-05-31T15:20:24.159097"
}