{
  "experiment_name": "candidate_q_net_2_neuron_1",
  "coalition_neurons": [
    "q_net.0_neuron_35",
    "q_net.0_neuron_29",
    "q_net.0_neuron_1",
    "q_net.0_neuron_49",
    "q_net.2_neuron_1"
  ],
  "patch_config": {
    "q_net.0": [
      35,
      29,
      1,
      49
    ],
    "q_net.2": [
      1
    ]
  },
  "noising": {
    "metrics": {
      "mean": 0.5270740162050807,
      "std": 0.13353820460335655,
      "count": 6,
      "values": [
        0.6145588210014502,
        0.6319803525702464,
        0.3481347648570581,
        0.32995975437570096,
        0.6016344072757813,
        0.6361759971502471
      ]
    },
    "num_results": 6
  },
  "denoising": {
    "metrics": {
      "mean": 0.5428818225298974,
      "std": 0.11917674657285647,
      "count": 6,
      "values": [
        0.60501502866938,
        0.626575592684044,
        0.4210124117102762,
        0.3361303046892116,
        0.6391900684316547,
        0.629367528994817
      ]
    },
    "num_results": 6
  },
  "target_metric_score": 0.5428818225298974,
  "timestamp": "2025-05-31T15:20:23.963157"
}