{
  "experiment_name": "candidate_q_net_0_neuron_18",
  "coalition_neurons": [
    "q_net.0_neuron_35",
    "q_net.0_neuron_29",
    "q_net.0_neuron_1",
    "q_net.0_neuron_49",
    "q_net.2_neuron_3",
    "q_net.2_neuron_44",
    "q_net.0_neuron_8",
    "q_net.2_neuron_53",
    "q_net.0_neuron_61",
    "q_net.0_neuron_13",
    "q_net.0_neuron_18"
  ],
  "patch_config": {
    "q_net.0": [
      35,
      29,
      1,
      49,
      8,
      61,
      13,
      18
    ],
    "q_net.2": [
      3,
      44,
      53
    ]
  },
  "noising": {
    "metrics": {
      "mean": 0.5037127403914577,
      "std": 0.17030987243311563,
      "count": 6,
      "values": [
        0.45953361477450383,
        0.5937324306062564,
        0.41422059727383964,
        0.20811364392747778,
        0.5990272564173931,
        0.7476488993492759
      ]
    },
    "num_results": 6
  },
  "denoising": {
    "metrics": {
      "mean": 0.5976423113575097,
      "std": 0.10457218590577803,
      "count": 6,
      "values": [
        0.5832070791193453,
        0.58604948299104,
        0.4228153784744439,
        0.6646482917280163,
        0.5614716052036933,
        0.7676620306285196
      ]
    },
    "num_results": 6
  },
  "target_metric_score": 0.5976423113575097,
  "timestamp": "2025-05-30T22:47:29.734695"
}