{
  "experiment_name": "candidate_q_net_2_neuron_34",
  "coalition_neurons": [
    "q_net.4_neuron_3",
    "q_net.0_neuron_61",
    "q_net.2_neuron_33",
    "q_net.2_neuron_10",
    "q_net.0_neuron_42",
    "q_net.2_neuron_22",
    "q_net.0_neuron_44",
    "q_net.2_neuron_44",
    "q_net.0_neuron_28",
    "q_net.0_neuron_1",
    "q_net.2_neuron_36",
    "q_net.2_neuron_23",
    "q_net.2_neuron_50",
    "q_net.0_neuron_29",
    "q_net.2_neuron_59",
    "q_net.2_neuron_43",
    "q_net.2_neuron_34"
  ],
  "patch_config": {
    "q_net.4": [
      3
    ],
    "q_net.0": [
      61,
      42,
      44,
      28,
      1,
      29
    ],
    "q_net.2": [
      33,
      10,
      22,
      44,
      36,
      23,
      50,
      59,
      43,
      34
    ]
  },
  "noising": {
    "metrics": {
      "mean": 0.5209105679252541,
      "std": 0.32078184846895164,
      "count": 6,
      "values": [
        0.26647204036224464,
        0.8587752485449911,
        0.0996712117794861,
        0.7729152164201204,
        0.2524597689233169,
        0.8751699215213654
      ]
    },
    "num_results": 6
  },
  "denoising": {
    "metrics": {
      "mean": 0.5330963947474137,
      "std": 0.3179907461604675,
      "count": 6,
      "values": [
        0.33265962080523004,
        0.8623975068130111,
        0.1021285549123568,
        0.7885521631381299,
        0.23547195480852814,
        0.877368568007226
      ]
    },
    "num_results": 6
  },
  "target_metric_score": 0.5330963947474137,
  "timestamp": "2025-05-30T17:14:07.322388"
}