{
  "experiment_name": "candidate_q_net_0_neuron_3",
  "coalition_neurons": [
    "q_net.4_neuron_3",
    "q_net.0_neuron_61",
    "q_net.2_neuron_33",
    "q_net.2_neuron_10",
    "q_net.0_neuron_42",
    "q_net.2_neuron_22",
    "q_net.0_neuron_44",
    "q_net.2_neuron_44",
    "q_net.0_neuron_28",
    "q_net.0_neuron_1",
    "q_net.2_neuron_36",
    "q_net.2_neuron_23",
    "q_net.2_neuron_50",
    "q_net.0_neuron_29",
    "q_net.2_neuron_59",
    "q_net.2_neuron_43",
    "q_net.0_neuron_18",
    "q_net.0_neuron_4",
    "q_net.0_neuron_26",
    "q_net.2_neuron_41",
    "q_net.0_neuron_20",
    "q_net.2_neuron_3",
    "q_net.0_neuron_45",
    "q_net.0_neuron_62",
    "q_net.2_neuron_1",
    "q_net.0_neuron_3"
  ],
  "patch_config": {
    "q_net.4": [
      3
    ],
    "q_net.0": [
      61,
      42,
      44,
      28,
      1,
      29,
      18,
      4,
      26,
      20,
      45,
      62,
      3
    ],
    "q_net.2": [
      33,
      10,
      22,
      44,
      36,
      23,
      50,
      59,
      43,
      41,
      3,
      1
    ]
  },
  "noising": {
    "metrics": {
      "mean": 0.5397309138397554,
      "std": 0.2792188551899587,
      "count": 6,
      "values": [
        0.5429723837197775,
        0.7111551512380088,
        0.07796918254436506,
        0.8786628405541606,
        0.2804248625079339,
        0.7472010624742867
      ]
    },
    "num_results": 6
  },
  "denoising": {
    "metrics": {
      "mean": 0.5382052671994725,
      "std": 0.2891665222981074,
      "count": 6,
      "values": [
        0.5385493208935849,
        0.714833948555198,
        0.08060076641209012,
        0.8959474664941097,
        0.24455057327645074,
        0.7547495275654017
      ]
    },
    "num_results": 6
  },
  "target_metric_score": 0.5397309138397554,
  "timestamp": "2025-05-30T17:14:08.850772"
}