{
  "experiment_name": "candidate_q_net_0_neuron_8",
  "coalition_neurons": [
    "q_net.4_neuron_3",
    "q_net.0_neuron_61",
    "q_net.2_neuron_33",
    "q_net.2_neuron_10",
    "q_net.0_neuron_42",
    "q_net.2_neuron_22",
    "q_net.0_neuron_44",
    "q_net.2_neuron_44",
    "q_net.0_neuron_28",
    "q_net.0_neuron_1",
    "q_net.2_neuron_36",
    "q_net.2_neuron_23",
    "q_net.2_neuron_50",
    "q_net.0_neuron_29",
    "q_net.2_neuron_59",
    "q_net.2_neuron_43",
    "q_net.0_neuron_18",
    "q_net.0_neuron_4",
    "q_net.0_neuron_26",
    "q_net.2_neuron_41",
    "q_net.0_neuron_8"
  ],
  "patch_config": {
    "q_net.4": [
      3
    ],
    "q_net.0": [
      61,
      42,
      44,
      28,
      1,
      29,
      18,
      4,
      26,
      8
    ],
    "q_net.2": [
      33,
      10,
      22,
      44,
      36,
      23,
      50,
      59,
      43,
      41
    ]
  },
  "noising": {
    "metrics": {
      "mean": 0.51848201769816,
      "std": 0.26729948937115616,
      "count": 6,
      "values": [
        0.3979966578712695,
        0.7560912854903593,
        0.0987112070333727,
        0.79296447912514,
        0.30259201931454355,
        0.7625364573542753
      ]
    },
    "num_results": 6
  },
  "denoising": {
    "metrics": {
      "mean": 0.5179306370614319,
      "std": 0.2691097314584737,
      "count": 6,
      "values": [
        0.4351147589678457,
        0.7338410182598226,
        0.0932863346848487,
        0.7953039964991064,
        0.276337059061504,
        0.7737006548954642
      ]
    },
    "num_results": 6
  },
  "target_metric_score": 0.51848201769816,
  "timestamp": "2025-05-30T17:14:07.953824"
}