{
  "experiment_name": "candidate_q_net_2_neuron_22",
  "coalition_neurons": [
    "q_net.0_neuron_35",
    "q_net.2_neuron_22"
  ],
  "patch_config": {
    "q_net.0": [
      35
    ],
    "q_net.2": [
      22
    ]
  },
  "noising": {
    "metrics": {
      "mean": 0.5096199066085454,
      "std": 0.20568404409334043,
      "count": 6,
      "values": [
        0.10822144775779967,
        0.6718109218968177,
        0.6416994960579501,
        0.3730965683961143,
        0.6493663868586507,
        0.61352461868394
      ]
    },
    "num_results": 6
  },
  "denoising": {
    "metrics": {
      "mean": 0.5435386670192695,
      "std": 0.14216760889979618,
      "count": 6,
      "values": [
        0.3047953264677941,
        0.6561200219015171,
        0.6178147796441668,
        0.3903147284230792,
        0.6180998564400261,
        0.6740872892390335
      ]
    },
    "num_results": 6
  },
  "target_metric_score": 0.5435386670192695,
  "timestamp": "2025-05-31T15:20:22.556349"
}