{
  "experiment_name": "candidate_q_net_0_neuron_17",
  "coalition_neurons": [
    "q_net.0_neuron_35",
    "q_net.0_neuron_29",
    "q_net.0_neuron_1",
    "q_net.0_neuron_49",
    "q_net.2_neuron_3",
    "q_net.2_neuron_44",
    "q_net.0_neuron_8",
    "q_net.2_neuron_53",
    "q_net.0_neuron_61",
    "q_net.0_neuron_13",
    "q_net.0_neuron_28",
    "q_net.2_neuron_16",
    "q_net.0_neuron_14",
    "q_net.2_neuron_43",
    "q_net.2_neuron_33",
    "q_net.0_neuron_9",
    "q_net.2_neuron_22",
    "q_net.0_neuron_42",
    "q_net.0_neuron_40",
    "q_net.0_neuron_48",
    "q_net.0_neuron_54",
    "q_net.2_neuron_5",
    "q_net.2_neuron_32",
    "q_net.2_neuron_13",
    "q_net.2_neuron_10",
    "q_net.0_neuron_3",
    "q_net.0_neuron_47",
    "q_net.0_neuron_20",
    "q_net.0_neuron_17"
  ],
  "patch_config": {
    "q_net.0": [
      35,
      29,
      1,
      49,
      8,
      61,
      13,
      28,
      14,
      9,
      42,
      40,
      48,
      54,
      3,
      47,
      20,
      17
    ],
    "q_net.2": [
      3,
      44,
      53,
      16,
      43,
      33,
      22,
      5,
      32,
      13,
      10
    ]
  },
  "noising": {
    "metrics": {
      "mean": 0.5607279809290525,
      "std": 0.09158612592239818,
      "count": 6,
      "values": [
        0.565438673483754,
        0.5786012228346092,
        0.36909947532276116,
        0.6562363533591394,
        0.5706693422972829,
        0.6243228182767682
      ]
    },
    "num_results": 6
  },
  "denoising": {
    "metrics": {
      "mean": 0.5767147868712197,
      "std": 0.11610024828986468,
      "count": 6,
      "values": [
        0.5517503634597983,
        0.5946071240011722,
        0.36609295648900364,
        0.7332550016390919,
        0.5394832096827016,
        0.6751000659555504
      ]
    },
    "num_results": 6
  },
  "target_metric_score": 0.5767147868712197,
  "timestamp": "2025-05-30T23:32:34.685865"
}