{
  "experiment_name": "candidate_q_net_0_neuron_5",
  "coalition_neurons": [
    "q_net.0_neuron_35",
    "q_net.0_neuron_29",
    "q_net.0_neuron_1",
    "q_net.0_neuron_49",
    "q_net.2_neuron_3",
    "q_net.2_neuron_44",
    "q_net.0_neuron_8",
    "q_net.2_neuron_53",
    "q_net.0_neuron_61",
    "q_net.0_neuron_13",
    "q_net.0_neuron_5"
  ],
  "patch_config": {
    "q_net.0": [
      35,
      29,
      1,
      49,
      8,
      61,
      13,
      5
    ],
    "q_net.2": [
      3,
      44,
      53
    ]
  },
  "noising": {
    "metrics": {
      "mean": 0.5035292528457304,
      "std": 0.14157679936150602,
      "count": 6,
      "values": [
        0.4580748006063128,
        0.5744064138055677,
        0.40394180902974935,
        0.2721992983974911,
        0.6170366175588988,
        0.6955165776763627
      ]
    },
    "num_results": 6
  },
  "denoising": {
    "metrics": {
      "mean": 0.48476137505664957,
      "std": 0.22287190053309472,
      "count": 6,
      "values": [
        0.6329933650374087,
        0.5765489718537626,
        0.41361996211981455,
        0.024263043861543987,
        0.5673549734922759,
        0.6937879339750914
      ]
    },
    "num_results": 6
  },
  "target_metric_score": 0.5035292528457304,
  "timestamp": "2025-05-31T15:20:26.819523"
}