{
  "experiment_name": "candidate_q_net_2_neuron_36",
  "coalition_neurons": [
    "q_net.0_neuron_35",
    "q_net.0_neuron_29",
    "q_net.0_neuron_1",
    "q_net.0_neuron_49",
    "q_net.2_neuron_3",
    "q_net.2_neuron_44",
    "q_net.0_neuron_8",
    "q_net.2_neuron_53",
    "q_net.2_neuron_36"
  ],
  "patch_config": {
    "q_net.0": [
      35,
      29,
      1,
      49,
      8
    ],
    "q_net.2": [
      3,
      44,
      53,
      36
    ]
  },
  "noising": {
    "metrics": {
      "mean": 0.544846296695642,
      "std": 0.23918314688960007,
      "count": 6,
      "values": [
        0.5278637400288713,
        0.6670120399172358,
        0.5202484367951666,
        0.052993467350183635,
        0.7722038904331426,
        0.7287562056492521
      ]
    },
    "num_results": 6
  },
  "denoising": {
    "metrics": {
      "mean": 0.5425282028477071,
      "std": 0.2365120791405737,
      "count": 6,
      "values": [
        0.502856834033453,
        0.6551904523004991,
        0.514285220215615,
        0.06622864779996772,
        0.7412184677714437,
        0.7753895949652638
      ]
    },
    "num_results": 6
  },
  "target_metric_score": 0.544846296695642,
  "timestamp": "2025-05-30T22:47:28.983848"
}