{
  "experiment_name": "candidate_q_net_2_neuron_3",
  "coalition_neurons": [
    "q_net.0_neuron_35",
    "q_net.0_neuron_29",
    "q_net.0_neuron_1",
    "q_net.0_neuron_49",
    "q_net.0_neuron_8",
    "q_net.2_neuron_3"
  ],
  "patch_config": {
    "q_net.0": [
      35,
      29,
      1,
      49,
      8
    ],
    "q_net.2": [
      3
    ]
  },
  "noising": {
    "metrics": {
      "mean": 0.6135955902469096,
      "std": 0.13091005142749262,
      "count": 6,
      "values": [
        0.5097779720649357,
        0.6261508949889475,
        0.6366633477465204,
        0.3918816852742557,
        0.767938135717261,
        0.7491615056895372
      ]
    },
    "num_results": 6
  },
  "denoising": {
    "metrics": {
      "mean": 0.6122477195093613,
      "std": 0.10570200369457673,
      "count": 6,
      "values": [
        0.48589719738228976,
        0.6177204069804975,
        0.6080062748873815,
        0.4816344832199497,
        0.7149573712552668,
        0.765270583330783
      ]
    },
    "num_results": 6
  },
  "target_metric_score": 0.6129216548781354,
  "timestamp": "2025-05-30T23:14:47.654268"
}