{
  "experiment_name": "candidate_q_net_2_neuron_16",
  "coalition_neurons": [
    "q_net.4_neuron_3",
    "q_net.2_neuron_16"
  ],
  "patch_config": {
    "q_net.4": [
      3
    ],
    "q_net.2": [
      16
    ]
  },
  "noising": {
    "metrics": {
      "mean": 0.6546992400832178,
      "std": 0.34865554898648154,
      "count": 6,
      "values": [
        0.14172364807839727,
        0.9892754926441188,
        0.29424675725591604,
        0.9972905047757211,
        0.5433956939857318,
        0.9622633437594218
      ]
    },
    "num_results": 6
  },
  "denoising": {
    "metrics": {
      "mean": 0.6546986798108808,
      "std": 0.3486558008868535,
      "count": 6,
      "values": [
        0.1417243880496276,
        0.9892754926441188,
        0.2942435117560781,
        0.9972905047757211,
        0.5433956939857318,
        0.962262487654007
      ]
    },
    "num_results": 6
  },
  "target_metric_score": 0.6546992400832178,
  "timestamp": "2025-05-30T17:14:04.987321"
}