{
  "experiment_name": "candidate_q_net_0_neuron_13",
  "coalition_neurons": [
    "q_net.0_neuron_35",
    "q_net.0_neuron_29",
    "q_net.0_neuron_1",
    "q_net.0_neuron_49",
    "q_net.0_neuron_8",
    "q_net.2_neuron_3",
    "q_net.2_neuron_44",
    "q_net.2_neuron_53",
    "q_net.0_neuron_61",
    "q_net.2_neuron_41",
    "q_net.2_neuron_22",
    "q_net.0_neuron_40",
    "q_net.0_neuron_42",
    "q_net.2_neuron_20",
    "q_net.0_neuron_14",
    "q_net.0_neuron_9",
    "q_net.2_neuron_16",
    "q_net.2_neuron_32",
    "q_net.2_neuron_33",
    "q_net.0_neuron_13"
  ],
  "patch_config": {
    "q_net.0": [
      35,
      29,
      1,
      49,
      8,
      61,
      40,
      42,
      14,
      9,
      13
    ],
    "q_net.2": [
      3,
      44,
      53,
      41,
      22,
      20,
      16,
      32,
      33
    ]
  },
  "noising": {
    "metrics": {
      "mean": 0.591261273685796,
      "std": 0.08578756198639062,
      "count": 6,
      "values": [
        0.4727381635023802,
        0.6856993450592871,
        0.5321694184239888,
        0.6226477984310942,
        0.5294846974856527,
        0.7048282192123728
      ]
    },
    "num_results": 6
  },
  "denoising": {
    "metrics": {
      "mean": 0.6251893369569036,
      "std": 0.1081719022902742,
      "count": 6,
      "values": [
        0.4501549176009106,
        0.6926259940680973,
        0.5144204881922699,
        0.7054278175227171,
        0.6360530148995897,
        0.7524537894578369
      ]
    },
    "num_results": 6
  },
  "target_metric_score": 0.6082253053213498,
  "timestamp": "2025-05-30T23:14:54.024288"
}