{
  "experiment_name": "candidate_q_net_0_neuron_45",
  "coalition_neurons": [
    "q_net.0_neuron_35",
    "q_net.0_neuron_29",
    "q_net.0_neuron_1",
    "q_net.0_neuron_49",
    "q_net.2_neuron_3",
    "q_net.2_neuron_44",
    "q_net.0_neuron_8",
    "q_net.2_neuron_53",
    "q_net.0_neuron_61",
    "q_net.0_neuron_13",
    "q_net.0_neuron_28",
    "q_net.2_neuron_16",
    "q_net.0_neuron_14",
    "q_net.2_neuron_43",
    "q_net.2_neuron_33",
    "q_net.0_neuron_9",
    "q_net.2_neuron_22",
    "q_net.0_neuron_42",
    "q_net.0_neuron_45"
  ],
  "patch_config": {
    "q_net.0": [
      35,
      29,
      1,
      49,
      8,
      61,
      13,
      28,
      14,
      9,
      42,
      45
    ],
    "q_net.2": [
      3,
      44,
      53,
      16,
      43,
      33,
      22
    ]
  },
  "noising": {
    "metrics": {
      "mean": 0.5851963946330797,
      "std": 0.11862156359414269,
      "count": 6,
      "values": [
        0.47204383587234056,
        0.7551918027580831,
        0.464341656958351,
        0.6093282371573374,
        0.4895053462446534,
        0.7207674888077129
      ]
    },
    "num_results": 6
  },
  "denoising": {
    "metrics": {
      "mean": 0.6158439228769189,
      "std": 0.12039095928852002,
      "count": 6,
      "values": [
        0.5272795106013635,
        0.7371215236219564,
        0.41230541795650083,
        0.6797657213858473,
        0.5881048987434667,
        0.7504864649523785
      ]
    },
    "num_results": 6
  },
  "target_metric_score": 0.6158439228769189,
  "timestamp": "2025-05-30T23:32:30.879383"
}