{
  "experiment_name": "candidate_q_net_0_neuron_17",
  "coalition_neurons": [
    "q_net.4_neuron_3",
    "q_net.0_neuron_61",
    "q_net.2_neuron_33",
    "q_net.2_neuron_10",
    "q_net.0_neuron_42",
    "q_net.2_neuron_22",
    "q_net.0_neuron_44",
    "q_net.2_neuron_44",
    "q_net.0_neuron_28",
    "q_net.0_neuron_1",
    "q_net.2_neuron_36",
    "q_net.2_neuron_23",
    "q_net.2_neuron_50",
    "q_net.0_neuron_29",
    "q_net.2_neuron_59",
    "q_net.0_neuron_17"
  ],
  "patch_config": {
    "q_net.4": [
      3
    ],
    "q_net.0": [
      61,
      42,
      44,
      28,
      1,
      29,
      17
    ],
    "q_net.2": [
      33,
      10,
      22,
      44,
      36,
      23,
      50,
      59
    ]
  },
  "noising": {
    "metrics": {
      "mean": 0.5683622789533969,
      "std": 0.2733943668431672,
      "count": 6,
      "values": [
        0.2581799942076241,
        0.8645570364405143,
        0.20881701133956299,
        0.7592957416886296,
        0.4570257561360787,
        0.8622981339079712
      ]
    },
    "num_results": 6
  },
  "denoising": {
    "metrics": {
      "mean": 0.5885682031222678,
      "std": 0.26767332357032214,
      "count": 6,
      "values": [
        0.29337078345578244,
        0.8681781954547478,
        0.1905404706930806,
        0.7488521212275204,
        0.5597259216901226,
        0.8707417262123526
      ]
    },
    "num_results": 6
  },
  "target_metric_score": 0.5885682031222678,
  "timestamp": "2025-05-30T17:14:07.206899"
}