{
  "experiment_name": "candidate_q_net_0_neuron_16",
  "coalition_neurons": [
    "q_net.0_neuron_35",
    "q_net.0_neuron_29",
    "q_net.0_neuron_1",
    "q_net.0_neuron_49",
    "q_net.2_neuron_3",
    "q_net.2_neuron_44",
    "q_net.0_neuron_8",
    "q_net.2_neuron_53",
    "q_net.0_neuron_61",
    "q_net.0_neuron_13",
    "q_net.0_neuron_28",
    "q_net.2_neuron_16",
    "q_net.0_neuron_14",
    "q_net.2_neuron_43",
    "q_net.0_neuron_16"
  ],
  "patch_config": {
    "q_net.0": [
      35,
      29,
      1,
      49,
      8,
      61,
      13,
      28,
      14,
      16
    ],
    "q_net.2": [
      3,
      44,
      53,
      16,
      43
    ]
  },
  "noising": {
    "metrics": {
      "mean": 0.6097174275004277,
      "std": 0.08756997561001768,
      "count": 6,
      "values": [
        0.5207182539188583,
        0.6966894460023201,
        0.46603867608244154,
        0.6567999831239426,
        0.6215965933526281,
        0.6964616125223748
      ]
    },
    "num_results": 6
  },
  "denoising": {
    "metrics": {
      "mean": 0.6155032733373198,
      "std": 0.07330902085760475,
      "count": 6,
      "values": [
        0.6227174081781816,
        0.6360368746245937,
        0.4641132568065083,
        0.6613547348504303,
        0.6112442894284978,
        0.6975530761357072
      ]
    },
    "num_results": 6
  },
  "target_metric_score": 0.6155032733373198,
  "timestamp": "2025-05-30T23:32:29.620184"
}