{
  "experiment_name": "candidate_q_net_2_neuron_19",
  "coalition_neurons": [
    "q_net.0_neuron_35",
    "q_net.0_neuron_29",
    "q_net.0_neuron_1",
    "q_net.0_neuron_49",
    "q_net.2_neuron_3",
    "q_net.2_neuron_44",
    "q_net.0_neuron_8",
    "q_net.2_neuron_53",
    "q_net.0_neuron_61",
    "q_net.0_neuron_13",
    "q_net.0_neuron_28",
    "q_net.2_neuron_16",
    "q_net.2_neuron_19"
  ],
  "patch_config": {
    "q_net.0": [
      35,
      29,
      1,
      49,
      8,
      61,
      13,
      28
    ],
    "q_net.2": [
      3,
      44,
      53,
      16,
      19
    ]
  },
  "noising": {
    "metrics": {
      "mean": 0.48642901504756514,
      "std": 0.08258409352231054,
      "count": 6,
      "values": [
        0.48548477365215,
        0.45714993048385427,
        0.5274772495116024,
        0.32318545916340263,
        0.5551050622943617,
        0.5701716151800196
      ]
    },
    "num_results": 6
  },
  "denoising": {
    "metrics": {
      "mean": 0.5487321803816562,
      "std": 0.061025089123543326,
      "count": 6,
      "values": [
        0.6295929885216646,
        0.45351719567969195,
        0.5307347633252534,
        0.49736433003733244,
        0.6022745752583288,
        0.5789092294676657
      ]
    },
    "num_results": 6
  },
  "target_metric_score": 0.5487321803816562,
  "timestamp": "2025-05-30T23:32:28.974876"
}