{
  "experiment_name": "candidate_q_net_2_neuron_50",
  "coalition_neurons": [
    "q_net.0_neuron_35",
    "q_net.2_neuron_50"
  ],
  "patch_config": {
    "q_net.0": [
      35
    ],
    "q_net.2": [
      50
    ]
  },
  "noising": {
    "metrics": {
      "mean": 0.5200348225304171,
      "std": 0.2255792088125235,
      "count": 6,
      "values": [
        0.09673468118532375,
        0.7123469690673865,
        0.656077612572886,
        0.34114447546048915,
        0.6808957979063431,
        0.6330093989900744
      ]
    },
    "num_results": 6
  },
  "denoising": {
    "metrics": {
      "mean": 0.5579610638104048,
      "std": 0.17877343502142595,
      "count": 6,
      "values": [
        0.3001583714791279,
        0.7284402289764982,
        0.6322219027317245,
        0.3174821459065644,
        0.6653951490953202,
        0.7040685846731933
      ]
    },
    "num_results": 6
  },
  "target_metric_score": 0.5579610638104048,
  "timestamp": "2025-05-31T15:20:22.590594"
}