{
  "experiment_name": "candidate_q_net_0_neuron_54",
  "coalition_neurons": [
    "q_net.0_neuron_35",
    "q_net.0_neuron_29",
    "q_net.0_neuron_1",
    "q_net.0_neuron_49",
    "q_net.2_neuron_3",
    "q_net.2_neuron_44",
    "q_net.0_neuron_8",
    "q_net.2_neuron_53",
    "q_net.0_neuron_54"
  ],
  "patch_config": {
    "q_net.0": [
      35,
      29,
      1,
      49,
      8,
      54
    ],
    "q_net.2": [
      3,
      44,
      53
    ]
  },
  "noising": {
    "metrics": {
      "mean": 0.629686081524328,
      "std": 0.08675830580898014,
      "count": 6,
      "values": [
        0.6416097319932189,
        0.606584384222233,
        0.483550637197194,
        0.7779567890149233,
        0.6106968040192403,
        0.6577181426991583
      ]
    },
    "num_results": 6
  },
  "denoising": {
    "metrics": {
      "mean": 0.6228677360060678,
      "std": 0.09757500014837257,
      "count": 6,
      "values": [
        0.5967235206452873,
        0.6042074275836519,
        0.47596466021767225,
        0.7832659721676368,
        0.574120124048218,
        0.7029247113739409
      ]
    },
    "num_results": 6
  },
  "target_metric_score": 0.629686081524328,
  "timestamp": "2025-05-31T15:20:25.988645"
}