{
  "experiment_name": "candidate_q_net_0_neuron_8",
  "coalition_neurons": [
    "q_net.4_neuron_3",
    "q_net.0_neuron_61",
    "q_net.2_neuron_33",
    "q_net.2_neuron_10",
    "q_net.0_neuron_42",
    "q_net.2_neuron_22",
    "q_net.0_neuron_44",
    "q_net.2_neuron_44",
    "q_net.0_neuron_28",
    "q_net.0_neuron_1",
    "q_net.2_neuron_36",
    "q_net.2_neuron_23",
    "q_net.0_neuron_8"
  ],
  "patch_config": {
    "q_net.4": [
      3
    ],
    "q_net.0": [
      61,
      42,
      44,
      28,
      1,
      8
    ],
    "q_net.2": [
      33,
      10,
      22,
      44,
      36,
      23
    ]
  },
  "noising": {
    "metrics": {
      "mean": 0.5246543035091378,
      "std": 0.28761845498578276,
      "count": 6,
      "values": [
        0.22722555083746412,
        0.8105449324805961,
        0.15472372063321294,
        0.8022954003429271,
        0.34545597307524883,
        0.8076802436853775
      ]
    },
    "num_results": 6
  },
  "denoising": {
    "metrics": {
      "mean": 0.531131600688437,
      "std": 0.27916512422876266,
      "count": 6,
      "values": [
        0.3214395501920591,
        0.7865481602826347,
        0.15118387651374038,
        0.8145152430780341,
        0.2992269501798687,
        0.8138758238842851
      ]
    },
    "num_results": 6
  },
  "target_metric_score": 0.531131600688437,
  "timestamp": "2025-05-30T17:14:06.667349"
}