{
  "experiment_name": "candidate_q_net_0_neuron_60",
  "coalition_neurons": [
    "q_net.0_neuron_35",
    "q_net.0_neuron_29",
    "q_net.0_neuron_1",
    "q_net.0_neuron_49",
    "q_net.2_neuron_3",
    "q_net.2_neuron_44",
    "q_net.0_neuron_8",
    "q_net.2_neuron_53",
    "q_net.0_neuron_61",
    "q_net.0_neuron_13",
    "q_net.0_neuron_28",
    "q_net.2_neuron_16",
    "q_net.0_neuron_14",
    "q_net.2_neuron_43",
    "q_net.2_neuron_33",
    "q_net.0_neuron_9",
    "q_net.2_neuron_22",
    "q_net.0_neuron_42",
    "q_net.0_neuron_40",
    "q_net.0_neuron_48",
    "q_net.0_neuron_54",
    "q_net.2_neuron_5",
    "q_net.2_neuron_32",
    "q_net.2_neuron_13",
    "q_net.2_neuron_10",
    "q_net.0_neuron_3",
    "q_net.0_neuron_47",
    "q_net.0_neuron_20",
    "q_net.0_neuron_60"
  ],
  "patch_config": {
    "q_net.0": [
      35,
      29,
      1,
      49,
      8,
      61,
      13,
      28,
      14,
      9,
      42,
      40,
      48,
      54,
      3,
      47,
      20,
      60
    ],
    "q_net.2": [
      3,
      44,
      53,
      16,
      43,
      33,
      22,
      5,
      32,
      13,
      10
    ]
  },
  "noising": {
    "metrics": {
      "mean": 0.567752292484844,
      "std": 0.09932679203733853,
      "count": 6,
      "values": [
        0.5810531881619889,
        0.5724268426258478,
        0.36782355199977557,
        0.6976422746355083,
        0.5738101976730204,
        0.6137576998129229
      ]
    },
    "num_results": 6
  },
  "denoising": {
    "metrics": {
      "mean": 0.5911451631628096,
      "std": 0.12809989185709877,
      "count": 6,
      "values": [
        0.5658022216857084,
        0.5852156092208677,
        0.3646657780065701,
        0.7935465773963222,
        0.5741606380297123,
        0.6634801546376773
      ]
    },
    "num_results": 6
  },
  "target_metric_score": 0.5911451631628096,
  "timestamp": "2025-05-30T23:32:34.738425"
}