{
  "experiment_name": "candidate_q_net_0_neuron_42",
  "coalition_neurons": [
    "q_net.0_neuron_35",
    "q_net.0_neuron_29",
    "q_net.0_neuron_1",
    "q_net.0_neuron_49",
    "q_net.2_neuron_3",
    "q_net.2_neuron_44",
    "q_net.0_neuron_8",
    "q_net.2_neuron_53",
    "q_net.0_neuron_61",
    "q_net.0_neuron_13",
    "q_net.0_neuron_28",
    "q_net.0_neuron_42"
  ],
  "patch_config": {
    "q_net.0": [
      35,
      29,
      1,
      49,
      8,
      61,
      13,
      28,
      42
    ],
    "q_net.2": [
      3,
      44,
      53
    ]
  },
  "noising": {
    "metrics": {
      "mean": 0.5844155086997594,
      "std": 0.1019139892301086,
      "count": 6,
      "values": [
        0.5675585348707777,
        0.632754317118895,
        0.4161126891020215,
        0.5137513762663366,
        0.6388951322567746,
        0.7374210025837509
      ]
    },
    "num_results": 6
  },
  "denoising": {
    "metrics": {
      "mean": 0.6408826074716875,
      "std": 0.12646961893152378,
      "count": 6,
      "values": [
        0.6444068897642602,
        0.6159805067846299,
        0.423247891647045,
        0.8129553975868248,
        0.5845736607762515,
        0.7641312982711135
      ]
    },
    "num_results": 6
  },
  "target_metric_score": 0.6408826074716875,
  "timestamp": "2025-05-30T23:32:28.183226"
}