{
  "experiment_name": "candidate_q_net_0_neuron_35",
  "coalition_neurons": [
    "q_net.4_neuron_3",
    "q_net.0_neuron_61",
    "q_net.2_neuron_33",
    "q_net.2_neuron_10",
    "q_net.0_neuron_42",
    "q_net.2_neuron_22",
    "q_net.0_neuron_44",
    "q_net.2_neuron_44",
    "q_net.0_neuron_28",
    "q_net.0_neuron_1",
    "q_net.2_neuron_36",
    "q_net.2_neuron_23",
    "q_net.2_neuron_50",
    "q_net.0_neuron_29",
    "q_net.2_neuron_59",
    "q_net.2_neuron_43",
    "q_net.0_neuron_18",
    "q_net.0_neuron_4",
    "q_net.0_neuron_26",
    "q_net.2_neuron_41",
    "q_net.0_neuron_35"
  ],
  "patch_config": {
    "q_net.4": [
      3
    ],
    "q_net.0": [
      61,
      42,
      44,
      28,
      1,
      29,
      18,
      4,
      26,
      35
    ],
    "q_net.2": [
      33,
      10,
      22,
      44,
      36,
      23,
      50,
      59,
      43,
      41
    ]
  },
  "noising": {
    "metrics": {
      "mean": 0.49618990175022587,
      "std": 0.2656565471217052,
      "count": 6,
      "values": [
        0.42610329344291176,
        0.6985653523791763,
        0.06950701240841417,
        0.7955130859678754,
        0.26360835678246725,
        0.7238423095205104
      ]
    },
    "num_results": 6
  },
  "denoising": {
    "metrics": {
      "mean": 0.5090923303673681,
      "std": 0.26368807291053775,
      "count": 6,
      "values": [
        0.48205659122912325,
        0.6975307670503873,
        0.060147273450807205,
        0.7994613234051071,
        0.2896439108733273,
        0.7257141161954558
      ]
    },
    "num_results": 6
  },
  "target_metric_score": 0.5090923303673681,
  "timestamp": "2025-05-30T17:14:07.876754"
}