{
  "experiment_name": "candidate_q_net_0_neuron_40",
  "coalition_neurons": [
    "q_net.0_neuron_35",
    "q_net.0_neuron_29",
    "q_net.0_neuron_1",
    "q_net.0_neuron_49",
    "q_net.2_neuron_3",
    "q_net.2_neuron_44",
    "q_net.0_neuron_8",
    "q_net.2_neuron_53",
    "q_net.0_neuron_61",
    "q_net.0_neuron_13",
    "q_net.0_neuron_28",
    "q_net.2_neuron_16",
    "q_net.0_neuron_14",
    "q_net.2_neuron_43",
    "q_net.2_neuron_33",
    "q_net.0_neuron_9",
    "q_net.2_neuron_22",
    "q_net.0_neuron_40"
  ],
  "patch_config": {
    "q_net.0": [
      35,
      29,
      1,
      49,
      8,
      61,
      13,
      28,
      14,
      9,
      40
    ],
    "q_net.2": [
      3,
      44,
      53,
      16,
      43,
      33,
      22
    ]
  },
  "noising": {
    "metrics": {
      "mean": 0.6059781692426348,
      "std": 0.07907718550824859,
      "count": 6,
      "values": [
        0.5391591217195593,
        0.7062508039892824,
        0.4982325238159241,
        0.6169029353193783,
        0.5696043405563816,
        0.7057192900552827
      ]
    },
    "num_results": 6
  },
  "denoising": {
    "metrics": {
      "mean": 0.6251969441261378,
      "std": 0.1135836129005933,
      "count": 6,
      "values": [
        0.45738354094452444,
        0.7130514979901792,
        0.48246818413701975,
        0.7204025427628329,
        0.6444057962837326,
        0.7334701026385382
      ]
    },
    "num_results": 6
  },
  "target_metric_score": 0.6251969441261378,
  "timestamp": "2025-05-30T22:47:32.404285"
}