{
  "experiment_name": "candidate_q_net_0_neuron_56",
  "coalition_neurons": [
    "q_net.0_neuron_35",
    "q_net.0_neuron_29",
    "q_net.0_neuron_1",
    "q_net.0_neuron_49",
    "q_net.2_neuron_3",
    "q_net.2_neuron_44",
    "q_net.0_neuron_8",
    "q_net.2_neuron_53",
    "q_net.0_neuron_61",
    "q_net.0_neuron_13",
    "q_net.0_neuron_56"
  ],
  "patch_config": {
    "q_net.0": [
      35,
      29,
      1,
      49,
      8,
      61,
      13,
      56
    ],
    "q_net.2": [
      3,
      44,
      53
    ]
  },
  "noising": {
    "metrics": {
      "mean": 0.4542572927296016,
      "std": 0.2004933373928335,
      "count": 6,
      "values": [
        0.4206998659084908,
        0.6122777415651175,
        0.15302529012252686,
        0.5227162488988809,
        0.26987925888822495,
        0.7469453509943683
      ]
    },
    "num_results": 6
  },
  "denoising": {
    "metrics": {
      "mean": 0.47852135465452084,
      "std": 0.20924979791806578,
      "count": 6,
      "values": [
        0.4592979510124686,
        0.603031526870769,
        0.15390022871179387,
        0.6032825666022114,
        0.2794096014704385,
        0.7722062532594438
      ]
    },
    "num_results": 6
  },
  "target_metric_score": 0.47852135465452084,
  "timestamp": "2025-05-30T22:47:29.593235"
}