{
  "experiment_name": "candidate_q_net_2_neuron_16",
  "coalition_neurons": [
    "q_net.0_neuron_35",
    "q_net.0_neuron_29",
    "q_net.0_neuron_1",
    "q_net.0_neuron_49",
    "q_net.2_neuron_3",
    "q_net.2_neuron_44",
    "q_net.0_neuron_8",
    "q_net.2_neuron_53",
    "q_net.0_neuron_61",
    "q_net.2_neuron_16"
  ],
  "patch_config": {
    "q_net.0": [
      35,
      29,
      1,
      49,
      8,
      61
    ],
    "q_net.2": [
      3,
      44,
      53,
      16
    ]
  },
  "noising": {
    "metrics": {
      "mean": 0.5460231359487127,
      "std": 0.2628062564973891,
      "count": 6,
      "values": [
        0.16172545448410292,
        0.6404507346026186,
        0.6715616160628438,
        0.2066675304519818,
        0.8016715093031622,
        0.7940619707875664
      ]
    },
    "num_results": 6
  },
  "denoising": {
    "metrics": {
      "mean": 0.55653647392795,
      "std": 0.2171390725642232,
      "count": 6,
      "values": [
        0.32249173659421887,
        0.6158128872111482,
        0.6357592491926614,
        0.20955964013415282,
        0.7743750998942248,
        0.7812202305412939
      ]
    },
    "num_results": 6
  },
  "target_metric_score": 0.55653647392795,
  "timestamp": "2025-05-30T23:32:27.445779"
}