{
  "experiment_name": "candidate_q_net_2_neuron_38",
  "coalition_neurons": [
    "q_net.0_neuron_35",
    "q_net.0_neuron_29",
    "q_net.0_neuron_1",
    "q_net.0_neuron_49",
    "q_net.2_neuron_3",
    "q_net.2_neuron_44",
    "q_net.0_neuron_8",
    "q_net.2_neuron_53",
    "q_net.0_neuron_61",
    "q_net.0_neuron_13",
    "q_net.0_neuron_28",
    "q_net.2_neuron_16",
    "q_net.0_neuron_14",
    "q_net.2_neuron_43",
    "q_net.2_neuron_38"
  ],
  "patch_config": {
    "q_net.0": [
      35,
      29,
      1,
      49,
      8,
      61,
      13,
      28,
      14
    ],
    "q_net.2": [
      3,
      44,
      53,
      16,
      43,
      38
    ]
  },
  "noising": {
    "metrics": {
      "mean": 0.5934395353447245,
      "std": 0.07315537212975079,
      "count": 6,
      "values": [
        0.5364104820491933,
        0.6771602370697366,
        0.4698498053637281,
        0.6086403567607092,
        0.5955191408811806,
        0.6730571899437983
      ]
    },
    "num_results": 6
  },
  "denoising": {
    "metrics": {
      "mean": 0.6291473839518954,
      "std": 0.10430264002368408,
      "count": 6,
      "values": [
        0.5464355494093526,
        0.6671168478212215,
        0.4688316982718393,
        0.7857254125960464,
        0.6004801116208535,
        0.7062946839920593
      ]
    },
    "num_results": 6
  },
  "target_metric_score": 0.6291473839518954,
  "timestamp": "2025-05-30T23:32:29.710128"
}