{
  "experiment_name": "candidate_q_net_0_neuron_20",
  "coalition_neurons": [
    "q_net.0_neuron_35",
    "q_net.0_neuron_29",
    "q_net.0_neuron_1",
    "q_net.0_neuron_49",
    "q_net.2_neuron_3",
    "q_net.2_neuron_44",
    "q_net.0_neuron_8",
    "q_net.2_neuron_53",
    "q_net.0_neuron_61",
    "q_net.0_neuron_13",
    "q_net.0_neuron_28",
    "q_net.2_neuron_16",
    "q_net.0_neuron_14",
    "q_net.2_neuron_43",
    "q_net.2_neuron_33",
    "q_net.0_neuron_9",
    "q_net.2_neuron_22",
    "q_net.0_neuron_42",
    "q_net.0_neuron_40",
    "q_net.0_neuron_48",
    "q_net.0_neuron_54",
    "q_net.0_neuron_20"
  ],
  "patch_config": {
    "q_net.0": [
      35,
      29,
      1,
      49,
      8,
      61,
      13,
      28,
      14,
      9,
      42,
      40,
      48,
      54,
      20
    ],
    "q_net.2": [
      3,
      44,
      53,
      16,
      43,
      33,
      22
    ]
  },
  "noising": {
    "metrics": {
      "mean": 0.5873691235906644,
      "std": 0.0725164343975222,
      "count": 6,
      "values": [
        0.6320652673958569,
        0.6385993254382349,
        0.4559755799995282,
        0.6088024648525189,
        0.5269049630510309,
        0.6618671408068164
      ]
    },
    "num_results": 6
  },
  "denoising": {
    "metrics": {
      "mean": 0.6121301692374206,
      "std": 0.0858605539623512,
      "count": 6,
      "values": [
        0.5773105463197254,
        0.6457289862991406,
        0.4445781036076542,
        0.6624576389811546,
        0.625148345396375,
        0.7175573948204736
      ]
    },
    "num_results": 6
  },
  "target_metric_score": 0.6121301692374206,
  "timestamp": "2025-05-30T22:47:33.849362"
}