{
  "experiment_name": "candidate_q_net_2_neuron_40",
  "coalition_neurons": [
    "q_net.0_neuron_35",
    "q_net.0_neuron_29",
    "q_net.0_neuron_1",
    "q_net.0_neuron_49",
    "q_net.2_neuron_3",
    "q_net.2_neuron_44",
    "q_net.0_neuron_8",
    "q_net.2_neuron_53",
    "q_net.0_neuron_61",
    "q_net.0_neuron_13",
    "q_net.0_neuron_28",
    "q_net.2_neuron_16",
    "q_net.0_neuron_14",
    "q_net.2_neuron_43",
    "q_net.2_neuron_33",
    "q_net.0_neuron_9",
    "q_net.2_neuron_22",
    "q_net.0_neuron_42",
    "q_net.0_neuron_40",
    "q_net.0_neuron_48",
    "q_net.2_neuron_40"
  ],
  "patch_config": {
    "q_net.0": [
      35,
      29,
      1,
      49,
      8,
      61,
      13,
      28,
      14,
      9,
      42,
      40,
      48
    ],
    "q_net.2": [
      3,
      44,
      53,
      16,
      43,
      33,
      22,
      40
    ]
  },
  "noising": {
    "metrics": {
      "mean": 0.5379938764389878,
      "std": 0.16144630702705817,
      "count": 6,
      "values": [
        0.5543557418200764,
        0.6949263209322695,
        0.3213242691011252,
        0.6440484279639251,
        0.31779408095721745,
        0.6955144178593129
      ]
    },
    "num_results": 6
  },
  "denoising": {
    "metrics": {
      "mean": 0.5245145197739073,
      "std": 0.1957281973342034,
      "count": 6,
      "values": [
        0.4126260256272102,
        0.6940883790222856,
        0.21150880662661442,
        0.6750525672272231,
        0.40018712396528444,
        0.7536242161748254
      ]
    },
    "num_results": 6
  },
  "target_metric_score": 0.5379938764389878,
  "timestamp": "2025-05-30T22:47:33.363606"
}