{
  "experiment_name": "candidate_q_net_2_neuron_7",
  "coalition_neurons": [
    "q_net.4_neuron_3",
    "q_net.0_neuron_61",
    "q_net.2_neuron_33",
    "q_net.2_neuron_10",
    "q_net.0_neuron_42",
    "q_net.2_neuron_22",
    "q_net.0_neuron_44",
    "q_net.2_neuron_44",
    "q_net.0_neuron_28",
    "q_net.0_neuron_1",
    "q_net.2_neuron_36",
    "q_net.2_neuron_23",
    "q_net.2_neuron_50",
    "q_net.0_neuron_29",
    "q_net.2_neuron_59",
    "q_net.2_neuron_43",
    "q_net.0_neuron_18",
    "q_net.0_neuron_4",
    "q_net.0_neuron_26",
    "q_net.2_neuron_7"
  ],
  "patch_config": {
    "q_net.4": [
      3
    ],
    "q_net.0": [
      61,
      42,
      44,
      28,
      1,
      29,
      18,
      4,
      26
    ],
    "q_net.2": [
      33,
      10,
      22,
      44,
      36,
      23,
      50,
      59,
      43,
      7
    ]
  },
  "noising": {
    "metrics": {
      "mean": 0.5221416750383868,
      "std": 0.24915338064399029,
      "count": 6,
      "values": [
        0.40917337825350714,
        0.7275251995668299,
        0.11474669359654772,
        0.8085584403896864,
        0.3505373739479282,
        0.7223089644758218
      ]
    },
    "num_results": 6
  },
  "denoising": {
    "metrics": {
      "mean": 0.5505322512080641,
      "std": 0.23691994254803977,
      "count": 6,
      "values": [
        0.4449669873590495,
        0.7241458814251238,
        0.11348099919435797,
        0.8049523227202285,
        0.4789969195697559,
        0.7366503969798697
      ]
    },
    "num_results": 6
  },
  "target_metric_score": 0.5505322512080641,
  "timestamp": "2025-05-30T17:14:07.843030"
}