{
  "experiment_name": "candidate_q_net_2_neuron_40",
  "coalition_neurons": [
    "q_net.0_neuron_35",
    "q_net.0_neuron_29",
    "q_net.0_neuron_1",
    "q_net.0_neuron_49",
    "q_net.2_neuron_3",
    "q_net.2_neuron_44",
    "q_net.0_neuron_8",
    "q_net.2_neuron_53",
    "q_net.0_neuron_61",
    "q_net.0_neuron_13",
    "q_net.0_neuron_28",
    "q_net.2_neuron_16",
    "q_net.0_neuron_14",
    "q_net.2_neuron_43",
    "q_net.2_neuron_33",
    "q_net.2_neuron_40"
  ],
  "patch_config": {
    "q_net.0": [
      35,
      29,
      1,
      49,
      8,
      61,
      13,
      28,
      14
    ],
    "q_net.2": [
      3,
      44,
      53,
      16,
      43,
      33,
      40
    ]
  },
  "noising": {
    "metrics": {
      "mean": 0.5648136002093765,
      "std": 0.13641482919674722,
      "count": 6,
      "values": [
        0.6066863992989486,
        0.6718895384958159,
        0.32866615154064693,
        0.6619099649345901,
        0.4310370929314337,
        0.6886924540548243
      ]
    },
    "num_results": 6
  },
  "denoising": {
    "metrics": {
      "mean": 0.5775980813233382,
      "std": 0.14669890903637975,
      "count": 6,
      "values": [
        0.5887078104601002,
        0.6643825126455658,
        0.30507059792664787,
        0.7072547894230903,
        0.47889456399651703,
        0.721278213488108
      ]
    },
    "num_results": 6
  },
  "target_metric_score": 0.5775980813233382,
  "timestamp": "2025-05-30T22:47:31.482068"
}