{
  "experiment_name": "candidate_q_net_2_neuron_52",
  "coalition_neurons": [
    "q_net.0_neuron_35",
    "q_net.0_neuron_29",
    "q_net.0_neuron_1",
    "q_net.0_neuron_49",
    "q_net.2_neuron_3",
    "q_net.2_neuron_44",
    "q_net.0_neuron_8",
    "q_net.2_neuron_53",
    "q_net.0_neuron_61",
    "q_net.0_neuron_13",
    "q_net.0_neuron_28",
    "q_net.2_neuron_16",
    "q_net.0_neuron_14",
    "q_net.2_neuron_43",
    "q_net.2_neuron_33",
    "q_net.0_neuron_9",
    "q_net.2_neuron_22",
    "q_net.0_neuron_42",
    "q_net.0_neuron_40",
    "q_net.2_neuron_52"
  ],
  "patch_config": {
    "q_net.0": [
      35,
      29,
      1,
      49,
      8,
      61,
      13,
      28,
      14,
      9,
      42,
      40
    ],
    "q_net.2": [
      3,
      44,
      53,
      16,
      43,
      33,
      22,
      52
    ]
  },
  "noising": {
    "metrics": {
      "mean": 0.6114789570584667,
      "std": 0.07277164189846777,
      "count": 6,
      "values": [
        0.5449280891647666,
        0.710616213595367,
        0.5039836682600504,
        0.6182295612736795,
        0.603170175657731,
        0.6879460343992053
      ]
    },
    "num_results": 6
  },
  "denoising": {
    "metrics": {
      "mean": 0.644734612756424,
      "std": 0.09261134306582341,
      "count": 6,
      "values": [
        0.5421604019500875,
        0.7177126343559854,
        0.492192308794576,
        0.7151031616625395,
        0.6766742572198234,
        0.7245649125555319
      ]
    },
    "num_results": 6
  },
  "target_metric_score": 0.644734612756424,
  "timestamp": "2025-05-31T15:20:30.449825"
}