{
  "experiment_name": "candidate_q_net_2_neuron_34",
  "coalition_neurons": [
    "q_net.0_neuron_35",
    "q_net.0_neuron_29",
    "q_net.0_neuron_1",
    "q_net.0_neuron_49",
    "q_net.2_neuron_3",
    "q_net.2_neuron_44",
    "q_net.0_neuron_8",
    "q_net.2_neuron_53",
    "q_net.0_neuron_61",
    "q_net.0_neuron_13",
    "q_net.0_neuron_28",
    "q_net.2_neuron_34"
  ],
  "patch_config": {
    "q_net.0": [
      35,
      29,
      1,
      49,
      8,
      61,
      13,
      28
    ],
    "q_net.2": [
      3,
      44,
      53,
      34
    ]
  },
  "noising": {
    "metrics": {
      "mean": 0.4973068329033384,
      "std": 0.1617792624742975,
      "count": 6,
      "values": [
        0.42429139899780827,
        0.6397779673428778,
        0.30406111380888756,
        0.5299704559379985,
        0.33210586072192716,
        0.7536342006105313
      ]
    },
    "num_results": 6
  },
  "denoising": {
    "metrics": {
      "mean": 0.5420642989065737,
      "std": 0.14941973599778907,
      "count": 6,
      "values": [
        0.5325123309979037,
        0.6197078070901411,
        0.3173506519948496,
        0.6078617745594304,
        0.4018860665889094,
        0.7730671622082081
      ]
    },
    "num_results": 6
  },
  "target_metric_score": 0.5420642989065737,
  "timestamp": "2025-05-31T15:20:27.109426"
}