{
  "experiment_name": "candidate_q_net_2_neuron_16",
  "coalition_neurons": [
    "q_net.4_neuron_3",
    "q_net.0_neuron_61",
    "q_net.2_neuron_33",
    "q_net.2_neuron_10",
    "q_net.0_neuron_42",
    "q_net.2_neuron_22",
    "q_net.0_neuron_44",
    "q_net.2_neuron_44",
    "q_net.0_neuron_28",
    "q_net.0_neuron_1",
    "q_net.2_neuron_36",
    "q_net.2_neuron_23",
    "q_net.2_neuron_50",
    "q_net.0_neuron_29",
    "q_net.2_neuron_16"
  ],
  "patch_config": {
    "q_net.4": [
      3
    ],
    "q_net.0": [
      61,
      42,
      44,
      28,
      1,
      29
    ],
    "q_net.2": [
      33,
      10,
      22,
      44,
      36,
      23,
      50,
      16
    ]
  },
  "noising": {
    "metrics": {
      "mean": 0.572840719736497,
      "std": 0.2742192946369221,
      "count": 6,
      "values": [
        0.19308244029636146,
        0.8618050402393983,
        0.23716261514621778,
        0.7890857843477629,
        0.5331764816565727,
        0.822731956732669
      ]
    },
    "num_results": 6
  },
  "denoising": {
    "metrics": {
      "mean": 0.5869919542144358,
      "std": 0.26300001127415024,
      "count": 6,
      "values": [
        0.2752794425397872,
        0.852141989270038,
        0.21642517269636072,
        0.8053904730249009,
        0.5401037793108301,
        0.8326108684446981
      ]
    },
    "num_results": 6
  },
  "target_metric_score": 0.5869919542144358,
  "timestamp": "2025-05-30T17:14:06.923628"
}