{
  "experiment_name": "candidate_q_net_0_neuron_5",
  "coalition_neurons": [
    "q_net.0_neuron_35",
    "q_net.0_neuron_29",
    "q_net.0_neuron_1",
    "q_net.0_neuron_49",
    "q_net.2_neuron_3",
    "q_net.2_neuron_44",
    "q_net.0_neuron_8",
    "q_net.2_neuron_53",
    "q_net.0_neuron_61",
    "q_net.0_neuron_13",
    "q_net.0_neuron_28",
    "q_net.2_neuron_16",
    "q_net.0_neuron_14",
    "q_net.2_neuron_43",
    "q_net.2_neuron_33",
    "q_net.0_neuron_9",
    "q_net.2_neuron_22",
    "q_net.0_neuron_42",
    "q_net.0_neuron_40",
    "q_net.0_neuron_48",
    "q_net.0_neuron_54",
    "q_net.2_neuron_5",
    "q_net.2_neuron_32",
    "q_net.2_neuron_13",
    "q_net.2_neuron_10",
    "q_net.0_neuron_3",
    "q_net.0_neuron_47",
    "q_net.0_neuron_20",
    "q_net.0_neuron_38",
    "q_net.0_neuron_5"
  ],
  "patch_config": {
    "q_net.0": [
      35,
      29,
      1,
      49,
      8,
      61,
      13,
      28,
      14,
      9,
      42,
      40,
      48,
      54,
      3,
      47,
      20,
      38,
      5
    ],
    "q_net.2": [
      3,
      44,
      53,
      16,
      43,
      33,
      22,
      5,
      32,
      13,
      10
    ]
  },
  "noising": {
    "metrics": {
      "mean": 0.5359579054123391,
      "std": 0.08613074900283861,
      "count": 6,
      "values": [
        0.5386072304449303,
        0.5353000374643629,
        0.36110076984046124,
        0.5966899945897695,
        0.547565683055158,
        0.6364837170793536
      ]
    },
    "num_results": 6
  },
  "denoising": {
    "metrics": {
      "mean": 0.565022579857175,
      "std": 0.10897010983102624,
      "count": 6,
      "values": [
        0.5448082136564177,
        0.5365227879401208,
        0.35751944570989636,
        0.688105001915048,
        0.5931402415792691,
        0.670039788342298
      ]
    },
    "num_results": 6
  },
  "target_metric_score": 0.565022579857175,
  "timestamp": "2025-05-30T22:47:37.845550"
}