{
  "experiment_name": "candidate_q_net_0_neuron_12",
  "coalition_neurons": [
    "q_net.0_neuron_35",
    "q_net.0_neuron_29",
    "q_net.0_neuron_1",
    "q_net.0_neuron_49",
    "q_net.2_neuron_3",
    "q_net.2_neuron_44",
    "q_net.0_neuron_8",
    "q_net.2_neuron_53",
    "q_net.0_neuron_61",
    "q_net.0_neuron_13",
    "q_net.0_neuron_28",
    "q_net.2_neuron_16",
    "q_net.0_neuron_12"
  ],
  "patch_config": {
    "q_net.0": [
      35,
      29,
      1,
      49,
      8,
      61,
      13,
      28,
      12
    ],
    "q_net.2": [
      3,
      44,
      53,
      16
    ]
  },
  "noising": {
    "metrics": {
      "mean": 0.5499274443418359,
      "std": 0.08589127715701284,
      "count": 6,
      "values": [
        0.4756747728232859,
        0.5994987556417231,
        0.39616899397457117,
        0.6405993281090604,
        0.5768049565623233,
        0.6108178589400519
      ]
    },
    "num_results": 6
  },
  "denoising": {
    "metrics": {
      "mean": 0.5986660702173096,
      "std": 0.14355969231354299,
      "count": 6,
      "values": [
        0.5880126001913607,
        0.6019271507090016,
        0.3813843475828126,
        0.8457418531406914,
        0.50079495865239,
        0.6741355110276018
      ]
    },
    "num_results": 6
  },
  "target_metric_score": 0.5986660702173096,
  "timestamp": "2025-05-30T22:47:30.591670"
}