{
  "experiment_name": "candidate_q_net_2_neuron_36",
  "coalition_neurons": [
    "q_net.0_neuron_35",
    "q_net.0_neuron_29",
    "q_net.0_neuron_1",
    "q_net.0_neuron_49",
    "q_net.2_neuron_3",
    "q_net.2_neuron_44",
    "q_net.0_neuron_8",
    "q_net.2_neuron_53",
    "q_net.0_neuron_61",
    "q_net.0_neuron_13",
    "q_net.0_neuron_28",
    "q_net.2_neuron_16",
    "q_net.0_neuron_14",
    "q_net.2_neuron_43",
    "q_net.2_neuron_33",
    "q_net.0_neuron_9",
    "q_net.2_neuron_22",
    "q_net.0_neuron_42",
    "q_net.0_neuron_40",
    "q_net.2_neuron_36"
  ],
  "patch_config": {
    "q_net.0": [
      35,
      29,
      1,
      49,
      8,
      61,
      13,
      28,
      14,
      9,
      42,
      40
    ],
    "q_net.2": [
      3,
      44,
      53,
      16,
      43,
      33,
      22,
      36
    ]
  },
  "noising": {
    "metrics": {
      "mean": 0.5807629710001154,
      "std": 0.12126899412162907,
      "count": 6,
      "values": [
        0.49028454134912686,
        0.7385288396150981,
        0.5547540333341288,
        0.3861375462745318,
        0.6082051528747454,
        0.7066677125530614
      ]
    },
    "num_results": 6
  },
  "denoising": {
    "metrics": {
      "mean": 0.6100493858003362,
      "std": 0.11540224873409291,
      "count": 6,
      "values": [
        0.48107557201605233,
        0.7341992883256423,
        0.5145524968618961,
        0.49285609318997003,
        0.6928399420348742,
        0.744772922373582
      ]
    },
    "num_results": 6
  },
  "target_metric_score": 0.6100493858003362,
  "timestamp": "2025-05-31T15:20:30.322271"
}