{
  "experiment_name": "candidate_q_net_2_neuron_40",
  "coalition_neurons": [
    "q_net.0_neuron_35",
    "q_net.0_neuron_29",
    "q_net.0_neuron_1",
    "q_net.0_neuron_49",
    "q_net.2_neuron_3",
    "q_net.2_neuron_44",
    "q_net.0_neuron_8",
    "q_net.2_neuron_53",
    "q_net.0_neuron_61",
    "q_net.0_neuron_13",
    "q_net.0_neuron_28",
    "q_net.2_neuron_16",
    "q_net.0_neuron_14",
    "q_net.2_neuron_43",
    "q_net.2_neuron_33",
    "q_net.0_neuron_9",
    "q_net.2_neuron_22",
    "q_net.0_neuron_42",
    "q_net.2_neuron_40"
  ],
  "patch_config": {
    "q_net.0": [
      35,
      29,
      1,
      49,
      8,
      61,
      13,
      28,
      14,
      9,
      42
    ],
    "q_net.2": [
      3,
      44,
      53,
      16,
      43,
      33,
      22,
      40
    ]
  },
  "noising": {
    "metrics": {
      "mean": 0.5640930344999108,
      "std": 0.1525228254669989,
      "count": 6,
      "values": [
        0.573708532991982,
        0.7134729783566381,
        0.33341662025314506,
        0.696994522707843,
        0.38444576948677966,
        0.6825197832030768
      ]
    },
    "num_results": 6
  },
  "denoising": {
    "metrics": {
      "mean": 0.5862305736285255,
      "std": 0.16276017425355363,
      "count": 6,
      "values": [
        0.5746751274220134,
        0.7202902716086853,
        0.2899417484677269,
        0.7378724728693019,
        0.47521130408304757,
        0.7193925173203777
      ]
    },
    "num_results": 6
  },
  "target_metric_score": 0.5862305736285255,
  "timestamp": "2025-05-31T15:20:29.952630"
}