{
  "experiment_name": "candidate_q_net_2_neuron_43",
  "coalition_neurons": [
    "q_net.0_neuron_35",
    "q_net.0_neuron_29",
    "q_net.0_neuron_1",
    "q_net.0_neuron_49",
    "q_net.0_neuron_8",
    "q_net.2_neuron_3",
    "q_net.2_neuron_44",
    "q_net.2_neuron_53",
    "q_net.0_neuron_61",
    "q_net.2_neuron_41",
    "q_net.2_neuron_22",
    "q_net.0_neuron_40",
    "q_net.0_neuron_42",
    "q_net.2_neuron_20",
    "q_net.0_neuron_14",
    "q_net.0_neuron_9",
    "q_net.2_neuron_16",
    "q_net.2_neuron_32",
    "q_net.2_neuron_33",
    "q_net.0_neuron_20",
    "q_net.0_neuron_48",
    "q_net.0_neuron_3",
    "q_net.2_neuron_23",
    "q_net.2_neuron_13",
    "q_net.2_neuron_43"
  ],
  "patch_config": {
    "q_net.0": [
      35,
      29,
      1,
      49,
      8,
      61,
      40,
      42,
      14,
      9,
      20,
      48,
      3
    ],
    "q_net.2": [
      3,
      44,
      53,
      41,
      22,
      20,
      16,
      32,
      33,
      23,
      13,
      43
    ]
  },
  "noising": {
    "metrics": {
      "mean": 0.6141447237996606,
      "std": 0.11312889815378817,
      "count": 6,
      "values": [
        0.43768493452329227,
        0.6361406994384445,
        0.5547764799297464,
        0.5605269620848973,
        0.7866178576066808,
        0.7091214092149021
      ]
    },
    "num_results": 6
  },
  "denoising": {
    "metrics": {
      "mean": 0.6300744871749696,
      "std": 0.1322312433441068,
      "count": 6,
      "values": [
        0.41105621856186353,
        0.6223426832520537,
        0.5530592975002078,
        0.6208656467073642,
        0.8172966232115941,
        0.7558264538167343
      ]
    },
    "num_results": 6
  },
  "target_metric_score": 0.6221096054873151,
  "timestamp": "2025-05-30T23:14:55.918997"
}