{
  "experiment_name": "candidate_q_net_2_neuron_40",
  "coalition_neurons": [
    "q_net.0_neuron_35",
    "q_net.0_neuron_29",
    "q_net.0_neuron_1",
    "q_net.2_neuron_40"
  ],
  "patch_config": {
    "q_net.0": [
      35,
      29,
      1
    ],
    "q_net.2": [
      40
    ]
  },
  "noising": {
    "metrics": {
      "mean": 0.39689818843660757,
      "std": 0.24950663521426486,
      "count": 6,
      "values": [
        0.35460420070759485,
        0.7408250368367253,
        0.1750231099949748,
        0.38944148639425175,
        0.043297627308032646,
        0.6781976693780658
      ]
    },
    "num_results": 6
  },
  "denoising": {
    "metrics": {
      "mean": 0.4055588639141772,
      "std": 0.24578860335091615,
      "count": 6,
      "values": [
        0.3616016843443608,
        0.7403064341848072,
        0.13312287299433506,
        0.3992436904540991,
        0.10445423441451494,
        0.6946242670929463
      ]
    },
    "num_results": 6
  },
  "target_metric_score": 0.4055588639141772,
  "timestamp": "2025-05-30T23:32:25.491750"
}