{
  "experiment_name": "candidate_q_net_2_neuron_7",
  "coalition_neurons": [
    "q_net.0_neuron_35",
    "q_net.0_neuron_29",
    "q_net.2_neuron_7"
  ],
  "patch_config": {
    "q_net.0": [
      35,
      29
    ],
    "q_net.2": [
      7
    ]
  },
  "noising": {
    "metrics": {
      "mean": 0.4570258033071111,
      "std": 0.176948336892931,
      "count": 6,
      "values": [
        0.1428183607607271,
        0.610535057532131,
        0.4731330468461915,
        0.3100570752247127,
        0.5782078375843941,
        0.6274034418945104
      ]
    },
    "num_results": 6
  },
  "denoising": {
    "metrics": {
      "mean": 0.47865000094453397,
      "std": 0.16791724099526334,
      "count": 6,
      "values": [
        0.20033328200847472,
        0.6068837290870576,
        0.49561878303152773,
        0.30844466112538854,
        0.6329500726076674,
        0.6276694778070878
      ]
    },
    "num_results": 6
  },
  "target_metric_score": 0.47865000094453397,
  "timestamp": "2025-05-30T22:47:26.956868"
}