{
  "experiment_name": "candidate_q_net_0_neuron_4",
  "coalition_neurons": [
    "q_net.0_neuron_35",
    "q_net.0_neuron_29",
    "q_net.0_neuron_1",
    "q_net.0_neuron_49",
    "q_net.2_neuron_3",
    "q_net.2_neuron_44",
    "q_net.0_neuron_8",
    "q_net.2_neuron_53",
    "q_net.0_neuron_61",
    "q_net.0_neuron_13",
    "q_net.0_neuron_28",
    "q_net.2_neuron_16",
    "q_net.0_neuron_14",
    "q_net.2_neuron_43",
    "q_net.2_neuron_33",
    "q_net.0_neuron_4"
  ],
  "patch_config": {
    "q_net.0": [
      35,
      29,
      1,
      49,
      8,
      61,
      13,
      28,
      14,
      4
    ],
    "q_net.2": [
      3,
      44,
      53,
      16,
      43,
      33
    ]
  },
  "noising": {
    "metrics": {
      "mean": 0.5651827857238225,
      "std": 0.11694121498584747,
      "count": 6,
      "values": [
        0.5336405855929558,
        0.5316705803394919,
        0.3839915159993816,
        0.7573648679138035,
        0.5262303292429951,
        0.6581988352543069
      ]
    },
    "num_results": 6
  },
  "denoising": {
    "metrics": {
      "mean": 0.5762796887913717,
      "std": 0.13576682778587598,
      "count": 6,
      "values": [
        0.5983126171688131,
        0.49681094472338794,
        0.3648676964851992,
        0.7773408275802441,
        0.5196828867435008,
        0.7006631600470848
      ]
    },
    "num_results": 6
  },
  "target_metric_score": 0.5762796887913717,
  "timestamp": "2025-05-30T23:32:29.751402"
}