{
  "experiment_name": "candidate_q_net_2_neuron_41",
  "coalition_neurons": [
    "q_net.0_neuron_35",
    "q_net.0_neuron_29",
    "q_net.0_neuron_1",
    "q_net.0_neuron_49",
    "q_net.2_neuron_3",
    "q_net.2_neuron_44",
    "q_net.0_neuron_8",
    "q_net.2_neuron_41"
  ],
  "patch_config": {
    "q_net.0": [
      35,
      29,
      1,
      49,
      8
    ],
    "q_net.2": [
      3,
      44,
      41
    ]
  },
  "noising": {
    "metrics": {
      "mean": 0.6311186658150206,
      "std": 0.07772365350046916,
      "count": 6,
      "values": [
        0.559340530480109,
        0.6580774308300071,
        0.5035619722904253,
        0.6776042811179557,
        0.6492805385617534,
        0.7388472416098731
      ]
    },
    "num_results": 6
  },
  "denoising": {
    "metrics": {
      "mean": 0.6283750113043721,
      "std": 0.08539228729672314,
      "count": 6,
      "values": [
        0.5657789939446476,
        0.6458467925772529,
        0.5000836752146413,
        0.6835116945342898,
        0.606786940920813,
        0.7682419706345879
      ]
    },
    "num_results": 6
  },
  "target_metric_score": 0.6311186658150206,
  "timestamp": "2025-05-31T15:20:25.213172"
}