{
  "experiment_name": "candidate_q_net_2_neuron_40",
  "coalition_neurons": [
    "q_net.4_neuron_3",
    "q_net.0_neuron_61",
    "q_net.2_neuron_33",
    "q_net.2_neuron_10",
    "q_net.0_neuron_42",
    "q_net.2_neuron_22",
    "q_net.0_neuron_44",
    "q_net.2_neuron_44",
    "q_net.0_neuron_28",
    "q_net.0_neuron_1",
    "q_net.2_neuron_36",
    "q_net.2_neuron_23",
    "q_net.2_neuron_50",
    "q_net.0_neuron_29",
    "q_net.2_neuron_59",
    "q_net.2_neuron_43",
    "q_net.0_neuron_18",
    "q_net.2_neuron_40"
  ],
  "patch_config": {
    "q_net.4": [
      3
    ],
    "q_net.0": [
      61,
      42,
      44,
      28,
      1,
      29,
      18
    ],
    "q_net.2": [
      33,
      10,
      22,
      44,
      36,
      23,
      50,
      59,
      43,
      40
    ]
  },
  "noising": {
    "metrics": {
      "mean": 0.49912960886692,
      "std": 0.3164869037775314,
      "count": 6,
      "values": [
        0.29466550433308775,
        0.7673456859156378,
        0.0683703070481969,
        0.8056012804371658,
        0.20851772270106436,
        0.8502771527663674
      ]
    },
    "num_results": 6
  },
  "denoising": {
    "metrics": {
      "mean": 0.5149001793421917,
      "std": 0.31373350384573895,
      "count": 6,
      "values": [
        0.3728383126679618,
        0.7809076471255743,
        0.06970952808305152,
        0.8177005312501311,
        0.20041135380151004,
        0.847833703124921
      ]
    },
    "num_results": 6
  },
  "target_metric_score": 0.5149001793421917,
  "timestamp": "2025-05-30T17:14:07.486162"
}