{
  "experiment_name": "candidate_q_net_2_neuron_43",
  "coalition_neurons": [
    "q_net.0_neuron_35",
    "q_net.0_neuron_29",
    "q_net.0_neuron_1",
    "q_net.0_neuron_49",
    "q_net.0_neuron_8",
    "q_net.2_neuron_3",
    "q_net.2_neuron_44",
    "q_net.2_neuron_53",
    "q_net.0_neuron_61",
    "q_net.2_neuron_41",
    "q_net.2_neuron_22",
    "q_net.0_neuron_40",
    "q_net.0_neuron_42",
    "q_net.2_neuron_20",
    "q_net.0_neuron_14",
    "q_net.0_neuron_9",
    "q_net.2_neuron_16",
    "q_net.2_neuron_32",
    "q_net.2_neuron_33",
    "q_net.0_neuron_20",
    "q_net.0_neuron_48",
    "q_net.0_neuron_3",
    "q_net.2_neuron_23",
    "q_net.2_neuron_43"
  ],
  "patch_config": {
    "q_net.0": [
      35,
      29,
      1,
      49,
      8,
      61,
      40,
      42,
      14,
      9,
      20,
      48,
      3
    ],
    "q_net.2": [
      3,
      44,
      53,
      41,
      22,
      20,
      16,
      32,
      33,
      23,
      43
    ]
  },
  "noising": {
    "metrics": {
      "mean": 0.6118869944627683,
      "std": 0.11522529430482027,
      "count": 6,
      "values": [
        0.43768493452329227,
        0.6343638329862136,
        0.5547764799297464,
        0.5437676098321076,
        0.7861116797298919,
        0.7146174297753579
      ]
    },
    "num_results": 6
  },
  "denoising": {
    "metrics": {
      "mean": 0.6228551191486208,
      "std": 0.13788649801593053,
      "count": 6,
      "values": [
        0.3899684629075839,
        0.620740875439337,
        0.5529867988696259,
        0.6012915519686105,
        0.810665225189409,
        0.7614778005171581
      ]
    },
    "num_results": 6
  },
  "target_metric_score": 0.6173710568056945,
  "timestamp": "2025-05-30T23:14:55.501450"
}