{
  "experiment_name": "candidate_q_net_0_neuron_56",
  "coalition_neurons": [
    "q_net.4_neuron_3",
    "q_net.0_neuron_61",
    "q_net.2_neuron_33",
    "q_net.2_neuron_10",
    "q_net.0_neuron_42",
    "q_net.2_neuron_22",
    "q_net.0_neuron_44",
    "q_net.2_neuron_44",
    "q_net.0_neuron_28",
    "q_net.0_neuron_1",
    "q_net.2_neuron_36",
    "q_net.2_neuron_23",
    "q_net.2_neuron_50",
    "q_net.0_neuron_29",
    "q_net.2_neuron_59",
    "q_net.2_neuron_43",
    "q_net.0_neuron_18",
    "q_net.0_neuron_4",
    "q_net.0_neuron_26",
    "q_net.2_neuron_41",
    "q_net.0_neuron_20",
    "q_net.2_neuron_3",
    "q_net.0_neuron_45",
    "q_net.0_neuron_62",
    "q_net.2_neuron_1",
    "q_net.2_neuron_45",
    "q_net.0_neuron_56"
  ],
  "patch_config": {
    "q_net.4": [
      3
    ],
    "q_net.0": [
      61,
      42,
      44,
      28,
      1,
      29,
      18,
      4,
      26,
      20,
      45,
      62,
      56
    ],
    "q_net.2": [
      33,
      10,
      22,
      44,
      36,
      23,
      50,
      59,
      43,
      41,
      3,
      1,
      45
    ]
  },
  "noising": {
    "metrics": {
      "mean": 0.5296815381421988,
      "std": 0.2766518688203177,
      "count": 6,
      "values": [
        0.4973247743457249,
        0.7562721195676523,
        0.09068041704039778,
        0.7992183838160729,
        0.2516386909723995,
        0.782954843110945
      ]
    },
    "num_results": 6
  },
  "denoising": {
    "metrics": {
      "mean": 0.5361072216681718,
      "std": 0.27500251939387826,
      "count": 6,
      "values": [
        0.5070103427567436,
        0.7562958214774848,
        0.08959770489108017,
        0.8008362046828159,
        0.2717083567091669,
        0.7911948994917399
      ]
    },
    "num_results": 6
  },
  "target_metric_score": 0.5361072216681718,
  "timestamp": "2025-05-30T17:14:08.958336"
}