{
  "experiment_name": "candidate_q_net_0_neuron_28",
  "coalition_neurons": [
    "q_net.0_neuron_35",
    "q_net.0_neuron_29",
    "q_net.0_neuron_1",
    "q_net.0_neuron_28"
  ],
  "patch_config": {
    "q_net.0": [
      35,
      29,
      1,
      28
    ]
  },
  "noising": {
    "metrics": {
      "mean": 0.5925064851287684,
      "std": 0.10300407854778362,
      "count": 6,
      "values": [
        0.5456841665499255,
        0.7440668621680203,
        0.4192184738477593,
        0.5656033780450229,
        0.6003080327237056,
        0.6801579974381766
      ]
    },
    "num_results": 6
  },
  "denoising": {
    "metrics": {
      "mean": 0.5970909526916438,
      "std": 0.10447983252579801,
      "count": 6,
      "values": [
        0.47555153398845873,
        0.736032478594113,
        0.46399163024671053,
        0.5633504685472774,
        0.6453525575961291,
        0.698267047177174
      ]
    },
    "num_results": 6
  },
  "target_metric_score": 0.5970909526916438,
  "timestamp": "2025-05-30T23:32:25.497861"
}