{
  "experiment_name": "candidate_q_net_0_neuron_13",
  "coalition_neurons": [
    "q_net.0_neuron_35",
    "q_net.0_neuron_29",
    "q_net.0_neuron_1",
    "q_net.0_neuron_49",
    "q_net.2_neuron_3",
    "q_net.2_neuron_44",
    "q_net.0_neuron_8",
    "q_net.0_neuron_13"
  ],
  "patch_config": {
    "q_net.0": [
      35,
      29,
      1,
      49,
      8,
      13
    ],
    "q_net.2": [
      3,
      44
    ]
  },
  "noising": {
    "metrics": {
      "mean": 0.5451661721118917,
      "std": 0.10770319538202958,
      "count": 6,
      "values": [
        0.5226378837646718,
        0.6594775505238548,
        0.40650266962058534,
        0.4212565631918878,
        0.5719971965775489,
        0.6891251689928014
      ]
    },
    "num_results": 6
  },
  "denoising": {
    "metrics": {
      "mean": 0.5633842468107616,
      "std": 0.11088215892944922,
      "count": 6,
      "values": [
        0.5171531597218126,
        0.6527765956934509,
        0.41411215951622843,
        0.5048514346031652,
        0.5353004415060822,
        0.7561116898238306
      ]
    },
    "num_results": 6
  },
  "target_metric_score": 0.5633842468107616,
  "timestamp": "2025-05-30T23:32:27.013025"
}