{
  "experiment_name": "candidate_q_net_2_neuron_63",
  "coalition_neurons": [
    "q_net.4_neuron_3",
    "q_net.0_neuron_61",
    "q_net.2_neuron_33",
    "q_net.2_neuron_10",
    "q_net.0_neuron_42",
    "q_net.2_neuron_22",
    "q_net.0_neuron_44",
    "q_net.2_neuron_44",
    "q_net.0_neuron_28",
    "q_net.0_neuron_1",
    "q_net.2_neuron_36",
    "q_net.2_neuron_63"
  ],
  "patch_config": {
    "q_net.4": [
      3
    ],
    "q_net.0": [
      61,
      42,
      44,
      28,
      1
    ],
    "q_net.2": [
      33,
      10,
      22,
      44,
      36,
      63
    ]
  },
  "noising": {
    "metrics": {
      "mean": 0.5642458024861995,
      "std": 0.257098417799612,
      "count": 6,
      "values": [
        0.31239043397733596,
        0.8190347094426758,
        0.20198677747247676,
        0.8083120672277918,
        0.4337175302803584,
        0.810033296516558
      ]
    },
    "num_results": 6
  },
  "denoising": {
    "metrics": {
      "mean": 0.5767711778194288,
      "std": 0.25385922855069293,
      "count": 6,
      "values": [
        0.38799818725385143,
        0.8175691476729378,
        0.20052617479289592,
        0.8209913403440088,
        0.40624276795136777,
        0.8272994489015112
      ]
    },
    "num_results": 6
  },
  "target_metric_score": 0.5767711778194288,
  "timestamp": "2025-05-30T17:14:06.508555"
}