{
  "experiment_name": "candidate_q_net_0_neuron_24",
  "coalition_neurons": [
    "q_net.0_neuron_35",
    "q_net.0_neuron_29",
    "q_net.0_neuron_1",
    "q_net.0_neuron_49",
    "q_net.2_neuron_3",
    "q_net.2_neuron_44",
    "q_net.0_neuron_8",
    "q_net.2_neuron_53",
    "q_net.0_neuron_61",
    "q_net.0_neuron_13",
    "q_net.0_neuron_28",
    "q_net.2_neuron_16",
    "q_net.0_neuron_14",
    "q_net.0_neuron_24"
  ],
  "patch_config": {
    "q_net.0": [
      35,
      29,
      1,
      49,
      8,
      61,
      13,
      28,
      14,
      24
    ],
    "q_net.2": [
      3,
      44,
      53,
      16
    ]
  },
  "noising": {
    "metrics": {
      "mean": 0.5622797342335174,
      "std": 0.06047676281091324,
      "count": 6,
      "values": [
        0.5022301843127729,
        0.5995395682934105,
        0.5006106280550442,
        0.5359421657593043,
        0.5614830760103184,
        0.6738727829702543
      ]
    },
    "num_results": 6
  },
  "denoising": {
    "metrics": {
      "mean": 0.6257407057592553,
      "std": 0.08195974391582878,
      "count": 6,
      "values": [
        0.6588198997474226,
        0.5803849374991796,
        0.5032497500623248,
        0.7366147789890912,
        0.5685120195382787,
        0.7068628487192355
      ]
    },
    "num_results": 6
  },
  "target_metric_score": 0.6257407057592553,
  "timestamp": "2025-05-31T15:20:28.180254"
}