{
  "experiment_name": "candidate_q_net_0_neuron_33",
  "coalition_neurons": [
    "q_net.4_neuron_3",
    "q_net.0_neuron_61",
    "q_net.2_neuron_33",
    "q_net.2_neuron_10",
    "q_net.0_neuron_42",
    "q_net.2_neuron_22",
    "q_net.0_neuron_44",
    "q_net.2_neuron_44",
    "q_net.0_neuron_28",
    "q_net.0_neuron_1",
    "q_net.2_neuron_36",
    "q_net.0_neuron_33"
  ],
  "patch_config": {
    "q_net.4": [
      3
    ],
    "q_net.0": [
      61,
      42,
      44,
      28,
      1,
      33
    ],
    "q_net.2": [
      33,
      10,
      22,
      44,
      36
    ]
  },
  "noising": {
    "metrics": {
      "mean": 0.48670056709905873,
      "std": 0.27813065432873313,
      "count": 6,
      "values": [
        0.19710828460118315,
        0.6691920040642454,
        0.1036769014144823,
        0.8026746564070006,
        0.36730276250205585,
        0.7802487936053855
      ]
    },
    "num_results": 6
  },
  "denoising": {
    "metrics": {
      "mean": 0.5098670907801081,
      "std": 0.2667238459931393,
      "count": 6,
      "values": [
        0.29311187102847586,
        0.6939728509755955,
        0.09973679622194838,
        0.803700471095712,
        0.3839226152023867,
        0.7847579401565292
      ]
    },
    "num_results": 6
  },
  "target_metric_score": 0.5098670907801081,
  "timestamp": "2025-05-30T17:14:06.562080"
}