{
  "experiment_name": "candidate_q_net_0_neuron_18",
  "coalition_neurons": [
    "q_net.0_neuron_35",
    "q_net.0_neuron_29",
    "q_net.0_neuron_1",
    "q_net.0_neuron_49",
    "q_net.2_neuron_3",
    "q_net.2_neuron_44",
    "q_net.0_neuron_8",
    "q_net.2_neuron_53",
    "q_net.0_neuron_61",
    "q_net.0_neuron_13",
    "q_net.0_neuron_28",
    "q_net.2_neuron_16",
    "q_net.0_neuron_14",
    "q_net.2_neuron_43",
    "q_net.2_neuron_33",
    "q_net.0_neuron_9",
    "q_net.2_neuron_22",
    "q_net.0_neuron_42",
    "q_net.0_neuron_18"
  ],
  "patch_config": {
    "q_net.0": [
      35,
      29,
      1,
      49,
      8,
      61,
      13,
      28,
      14,
      9,
      42,
      18
    ],
    "q_net.2": [
      3,
      44,
      53,
      16,
      43,
      33,
      22
    ]
  },
  "noising": {
    "metrics": {
      "mean": 0.5930405647907526,
      "std": 0.09757199934219618,
      "count": 6,
      "values": [
        0.4651906923229456,
        0.7031168973145139,
        0.45946347641262436,
        0.6123814862001873,
        0.6296414191845191,
        0.6884494173097254
      ]
    },
    "num_results": 6
  },
  "denoising": {
    "metrics": {
      "mean": 0.6390675462235239,
      "std": 0.10824160949899636,
      "count": 6,
      "values": [
        0.5272079794319379,
        0.6958289295651234,
        0.4520920871922728,
        0.713191454472831,
        0.7214105169642181,
        0.72467430971476
      ]
    },
    "num_results": 6
  },
  "target_metric_score": 0.6390675462235239,
  "timestamp": "2025-05-30T22:47:32.662785"
}