{
  "experiment_name": "candidate_q_net_2_neuron_53",
  "coalition_neurons": [
    "q_net.0_neuron_35",
    "q_net.0_neuron_29",
    "q_net.0_neuron_1",
    "q_net.0_neuron_49",
    "q_net.2_neuron_3",
    "q_net.2_neuron_44",
    "q_net.2_neuron_53"
  ],
  "patch_config": {
    "q_net.0": [
      35,
      29,
      1,
      49
    ],
    "q_net.2": [
      3,
      44,
      53
    ]
  },
  "noising": {
    "metrics": {
      "mean": 0.6434432072643107,
      "std": 0.14330899911684492,
      "count": 6,
      "values": [
        0.5360715599558533,
        0.75356450558803,
        0.40608761067416177,
        0.8187766490573034,
        0.5998219186523571,
        0.7463369996581581
      ]
    },
    "num_results": 6
  },
  "denoising": {
    "metrics": {
      "mean": 0.6553010682745777,
      "std": 0.1411271191018867,
      "count": 6,
      "values": [
        0.5104159334296703,
        0.7505861423207618,
        0.44477246913182167,
        0.820625679831698,
        0.6212113358210105,
        0.784194849112503
      ]
    },
    "num_results": 6
  },
  "target_metric_score": 0.6553010682745777,
  "timestamp": "2025-05-30T23:32:26.712207"
}