{
  "experiment_name": "candidate_q_net_2_neuron_36",
  "coalition_neurons": [
    "q_net.4_neuron_3",
    "q_net.0_neuron_61",
    "q_net.2_neuron_33",
    "q_net.2_neuron_10",
    "q_net.0_neuron_42",
    "q_net.2_neuron_22",
    "q_net.0_neuron_44",
    "q_net.2_neuron_44",
    "q_net.0_neuron_28",
    "q_net.0_neuron_1",
    "q_net.2_neuron_36"
  ],
  "patch_config": {
    "q_net.4": [
      3
    ],
    "q_net.0": [
      61,
      42,
      44,
      28,
      1
    ],
    "q_net.2": [
      33,
      10,
      22,
      44,
      36
    ]
  },
  "noising": {
    "metrics": {
      "mean": 0.651695629879564,
      "std": 0.2436773352559844,
      "count": 6,
      "values": [
        0.2140880649265359,
        0.8642026081065358,
        0.4474880357165085,
        0.8177135847463789,
        0.6947724325477688,
        0.8719090532336562
      ]
    },
    "num_results": 6
  },
  "denoising": {
    "metrics": {
      "mean": 0.6718908708500986,
      "std": 0.21524452435183997,
      "count": 6,
      "values": [
        0.3113306220937549,
        0.8625711053758653,
        0.4637542455661895,
        0.8306915667252658,
        0.6838969574656008,
        0.879100727873915
      ]
    },
    "num_results": 6
  },
  "target_metric_score": 0.6718908708500986,
  "timestamp": "2025-05-30T17:14:06.411444"
}