{
  "experiment_name": "candidate_q_net_0_neuron_8",
  "coalition_neurons": [
    "q_net.4_neuron_3",
    "q_net.0_neuron_61",
    "q_net.2_neuron_33",
    "q_net.0_neuron_8"
  ],
  "patch_config": {
    "q_net.4": [
      3
    ],
    "q_net.0": [
      61,
      8
    ],
    "q_net.2": [
      33
    ]
  },
  "noising": {
    "metrics": {
      "mean": 0.5543282158246364,
      "std": 0.3599255423196734,
      "count": 6,
      "values": [
        0.027430410321872236,
        0.8686790544416458,
        0.1976000864299994,
        0.9317174314120416,
        0.41283384343986923,
        0.8877084689023903
      ]
    },
    "num_results": 6
  },
  "denoising": {
    "metrics": {
      "mean": 0.5645245043033479,
      "std": 0.3248429405228213,
      "count": 6,
      "values": [
        0.19149518482709801,
        0.8439045925398433,
        0.19510857003753512,
        0.9272727266021992,
        0.3474308857974764,
        0.8819350660159352
      ]
    },
    "num_results": 6
  },
  "target_metric_score": 0.5645245043033479,
  "timestamp": "2025-05-30T17:14:05.335674"
}