{
  "experiment_name": "candidate_q_net_2_neuron_36",
  "coalition_neurons": [
    "q_net.0_neuron_35",
    "q_net.0_neuron_29",
    "q_net.0_neuron_1",
    "q_net.0_neuron_49",
    "q_net.2_neuron_3",
    "q_net.2_neuron_44",
    "q_net.0_neuron_8",
    "q_net.2_neuron_53",
    "q_net.0_neuron_61",
    "q_net.0_neuron_13",
    "q_net.0_neuron_28",
    "q_net.2_neuron_16",
    "q_net.0_neuron_14",
    "q_net.2_neuron_43",
    "q_net.2_neuron_33",
    "q_net.0_neuron_9",
    "q_net.2_neuron_22",
    "q_net.0_neuron_42",
    "q_net.2_neuron_36"
  ],
  "patch_config": {
    "q_net.0": [
      35,
      29,
      1,
      49,
      8,
      61,
      13,
      28,
      14,
      9,
      42
    ],
    "q_net.2": [
      3,
      44,
      53,
      16,
      43,
      33,
      22,
      36
    ]
  },
  "noising": {
    "metrics": {
      "mean": 0.5679466590045211,
      "std": 0.13097857419790188,
      "count": 6,
      "values": [
        0.4354496838675509,
        0.7385288396150981,
        0.5019506539416947,
        0.3969915656804724,
        0.6291457570320285,
        0.7056134538902816
      ]
    },
    "num_results": 6
  },
  "denoising": {
    "metrics": {
      "mean": 0.6159355524004831,
      "std": 0.12266182716555682,
      "count": 6,
      "values": [
        0.4785472561850791,
        0.7341992883256423,
        0.5022282201829888,
        0.4998303016926772,
        0.7373178146013868,
        0.7434904334151241
      ]
    },
    "num_results": 6
  },
  "target_metric_score": 0.6159355524004831,
  "timestamp": "2025-05-30T22:47:32.623098"
}