{
  "experiment_name": "candidate_q_net_0_neuron_54",
  "coalition_neurons": [
    "q_net.0_neuron_35",
    "q_net.0_neuron_29",
    "q_net.0_neuron_1",
    "q_net.0_neuron_49",
    "q_net.2_neuron_3",
    "q_net.2_neuron_44",
    "q_net.0_neuron_8",
    "q_net.2_neuron_53",
    "q_net.0_neuron_61",
    "q_net.0_neuron_13",
    "q_net.0_neuron_28",
    "q_net.2_neuron_16",
    "q_net.0_neuron_14",
    "q_net.2_neuron_43",
    "q_net.0_neuron_54"
  ],
  "patch_config": {
    "q_net.0": [
      35,
      29,
      1,
      49,
      8,
      61,
      13,
      28,
      14,
      54
    ],
    "q_net.2": [
      3,
      44,
      53,
      16,
      43
    ]
  },
  "noising": {
    "metrics": {
      "mean": 0.5867178072465112,
      "std": 0.061280758138084486,
      "count": 6,
      "values": [
        0.5870757952973624,
        0.6215742582117003,
        0.45845572675483875,
        0.6316641359558586,
        0.5817108856411469,
        0.6398260416181605
      ]
    },
    "num_results": 6
  },
  "denoising": {
    "metrics": {
      "mean": 0.6316693558324669,
      "std": 0.11626820693394035,
      "count": 6,
      "values": [
        0.6199902884468099,
        0.6205093569042768,
        0.4535189248852424,
        0.8419287940223449,
        0.5777431276558239,
        0.6763256430803031
      ]
    },
    "num_results": 6
  },
  "target_metric_score": 0.6316693558324669,
  "timestamp": "2025-05-30T22:47:31.261416"
}