{
  "experiment_name": "candidate_q_net_2_neuron_16",
  "coalition_neurons": [
    "q_net.0_neuron_35",
    "q_net.0_neuron_29",
    "q_net.0_neuron_1",
    "q_net.0_neuron_49",
    "q_net.0_neuron_8",
    "q_net.2_neuron_3",
    "q_net.2_neuron_44",
    "q_net.2_neuron_53",
    "q_net.0_neuron_61",
    "q_net.2_neuron_41",
    "q_net.2_neuron_22",
    "q_net.0_neuron_40",
    "q_net.0_neuron_42",
    "q_net.2_neuron_16"
  ],
  "patch_config": {
    "q_net.0": [
      35,
      29,
      1,
      49,
      8,
      61,
      40,
      42
    ],
    "q_net.2": [
      3,
      44,
      53,
      41,
      22,
      16
    ]
  },
  "noising": {
    "metrics": {
      "mean": 0.6263256250389134,
      "std": 0.07952689231491358,
      "count": 6,
      "values": [
        0.5016793206329002,
        0.6715337209743178,
        0.6374665546231271,
        0.5436942482438762,
        0.6699709949183758,
        0.7336089108408828
      ]
    },
    "num_results": 6
  },
  "denoising": {
    "metrics": {
      "mean": 0.6562978799982156,
      "std": 0.08463225327540899,
      "count": 6,
      "values": [
        0.48917137386328335,
        0.6674834187909352,
        0.6649786099378834,
        0.7466950781337903,
        0.6344521019940068,
        0.7350066972693949
      ]
    },
    "num_results": 6
  },
  "target_metric_score": 0.6413117525185645,
  "timestamp": "2025-05-30T23:14:50.928319"
}