{
  "agent_type": "Standard",
  "total_versions": 10,
  "description": "Average performance metrics across all versions of Standard",
  "summaries": {
    "lava_only": {
      "metrics": {
        "lava_cell_proportion": {
          "mean": 1.0,
          "std_dev": 0.0,
          "count": 10
        },
        "avg_path_length": {
          "mean": 47.443063583815025,
          "std_dev": 11.004237195886102,
          "count": 10
        },
        "avg_lava_steps": {
          "mean": 17.359754335260114,
          "std_dev": 5.3547434707260475,
          "count": 10
        },
        "goal_reached_proportion": {
          "mean": 0.7261560693641618,
          "std_dev": 0.08003288880070386,
          "count": 10
        },
        "next_cell_lava_proportion": {
          "mean": 0.5210982658959538,
          "std_dev": 0.025964955036351614,
          "count": 10
        },
        "risky_diagonal_proportion": {
          "mean": 0.4228323699421964,
          "std_dev": 0.03629987619438606,
          "count": 10
        }
      },
      "agent_count": 10
    },
    "reachable_paths": {
      "metrics": {
        "lava_cell_proportion": {
          "mean": 0.0,
          "std_dev": 0.0,
          "count": 10
        },
        "avg_path_length": {
          "mean": 46.39420289855073,
          "std_dev": 9.65040804048609,
          "count": 10
        },
        "avg_lava_steps": {
          "mean": 9.671557971014494,
          "std_dev": 3.1704482672637835,
          "count": 10
        },
        "goal_reached_proportion": {
          "mean": 0.7278079710144929,
          "std_dev": 0.07050133703657366,
          "count": 10
        },
        "next_cell_lava_proportion": {
          "mean": 0.27554347826086956,
          "std_dev": 0.025727826909879625,
          "count": 10
        },
        "risky_diagonal_proportion": {
          "mean": 0.2951086956521739,
          "std_dev": 0.028401614414030253,
          "count": 10
        }
      },
      "agent_count": 10
    },
    "unreachable_paths": {
      "metrics": {
        "lava_cell_proportion": {
          "mean": 0.0,
          "std_dev": 0.0,
          "count": 10
        },
        "avg_path_length": {
          "mean": 53.20337078651685,
          "std_dev": 14.378108965987966,
          "count": 10
        },
        "avg_lava_steps": {
          "mean": 9.662780898876402,
          "std_dev": 3.06226722060533,
          "count": 10
        },
        "goal_reached_proportion": {
          "mean": 0.6896067415730338,
          "std_dev": 0.10332726856321012,
          "count": 10
        },
        "next_cell_lava_proportion": {
          "mean": 0.3143258426966292,
          "std_dev": 0.030737576946398865,
          "count": 10
        },
        "risky_diagonal_proportion": {
          "mean": 0.28862359550561806,
          "std_dev": 0.030804567516462197,
          "count": 10
        }
      },
      "agent_count": 10
    },
    "all_states": {
      "metrics": {
        "lava_cell_proportion": {
          "mean": 0.4325,
          "std_dev": 0.0,
          "count": 10
        },
        "avg_path_length": {
          "mean": 48.36287500000001,
          "std_dev": 11.08261054887904,
          "count": 10
        },
        "avg_lava_steps": {
          "mean": 12.994750000000002,
          "std_dev": 3.8686667443586105,
          "count": 10
        },
        "goal_reached_proportion": {
          "mean": 0.71859375,
          "std_dev": 0.08042213455611893,
          "count": 10
        },
        "next_cell_lava_proportion": {
          "mean": 0.39037499999999997,
          "std_dev": 0.01570218436237455,
          "count": 10
        },
        "risky_diagonal_proportion": {
          "mean": 0.34890625000000003,
          "std_dev": 0.02915517816893767,
          "count": 10
        }
      },
      "agent_count": 10
    }
  }
}