{
  "experiment_name": "candidate_q_net_0_neuron_8",
  "coalition_neurons": [
    "q_net.2_neuron_40",
    "q_net.0_neuron_56",
    "q_net.2_neuron_34",
    "q_net.2_neuron_38",
    "q_net.0_neuron_14",
    "q_net.2_neuron_33",
    "q_net.2_neuron_30",
    "q_net.2_neuron_63",
    "q_net.2_neuron_21",
    "q_net.0_neuron_49",
    "q_net.0_neuron_20",
    "q_net.0_neuron_29",
    "q_net.0_neuron_8"
  ],
  "patch_config": {
    "q_net.2": [
      40,
      34,
      38,
      33,
      30,
      63,
      21
    ],
    "q_net.0": [
      56,
      14,
      49,
      20,
      29,
      8
    ]
  },
  "noising": {
    "metrics": {
      "mean": 0.014644161819261097,
      "std": 0.013709645415564839,
      "count": 6,
      "values": [
        0.04471433432545516,
        0.005989414785515179,
        0.007732961532498195,
        0.011901365304522515,
        0.005288312994533528,
        0.012238581973042006
      ]
    },
    "num_results": 6
  },
  "denoising": {
    "metrics": {
      "mean": 0.010611646417185575,
      "std": 0.004548084556495435,
      "count": 6,
      "values": [
        0.01600489825892301,
        0.005675135674970994,
        0.008616644829802511,
        0.01647774926316764,
        0.005064100599507598,
        0.011831349876741698
      ]
    },
    "num_results": 6
  },
  "target_metric_score": 0.014644161819261097,
  "timestamp": "2025-05-31T15:21:39.810088"
}