{
  "experiment_name": "candidate_q_net_0_neuron_26",
  "coalition_neurons": [
    "q_net.2_neuron_40",
    "q_net.0_neuron_56",
    "q_net.2_neuron_34",
    "q_net.2_neuron_38",
    "q_net.0_neuron_14",
    "q_net.2_neuron_33",
    "q_net.2_neuron_30",
    "q_net.2_neuron_63",
    "q_net.0_neuron_26"
  ],
  "patch_config": {
    "q_net.2": [
      40,
      34,
      38,
      33,
      30,
      63
    ],
    "q_net.0": [
      56,
      14,
      26
    ]
  },
  "noising": {
    "metrics": {
      "mean": 0.012973562459440225,
      "std": 0.01080799205092816,
      "count": 6,
      "values": [
        0.03651112232102888,
        0.004615534972031765,
        0.007665406445842737,
        0.012314863241629448,
        0.006641580482436932,
        0.010092867293671592
      ]
    },
    "num_results": 6
  },
  "denoising": {
    "metrics": {
      "mean": 0.009816484668144443,
      "std": 0.00384637425515714,
      "count": 6,
      "values": [
        0.01279806202901182,
        0.004766709454996437,
        0.008259132869181313,
        0.01625056248836751,
        0.006594128322264053,
        0.010230312845045525
      ]
    },
    "num_results": 6
  },
  "target_metric_score": 0.012973562459440225,
  "timestamp": "2025-05-31T15:21:38.280801"
}