{
  "experiment_name": "candidate_q_net_2_neuron_19",
  "coalition_neurons": [
    "q_net.2_neuron_40",
    "q_net.0_neuron_56",
    "q_net.2_neuron_34",
    "q_net.2_neuron_38",
    "q_net.0_neuron_14",
    "q_net.2_neuron_33",
    "q_net.2_neuron_30",
    "q_net.2_neuron_63",
    "q_net.2_neuron_21",
    "q_net.0_neuron_49",
    "q_net.0_neuron_20",
    "q_net.0_neuron_29",
    "q_net.0_neuron_23",
    "q_net.2_neuron_10",
    "q_net.2_neuron_5",
    "q_net.2_neuron_23",
    "q_net.0_neuron_4",
    "q_net.0_neuron_26",
    "q_net.0_neuron_54",
    "q_net.0_neuron_42",
    "q_net.0_neuron_33",
    "q_net.0_neuron_52",
    "q_net.2_neuron_19"
  ],
  "patch_config": {
    "q_net.2": [
      40,
      34,
      38,
      33,
      30,
      63,
      21,
      10,
      5,
      23,
      19
    ],
    "q_net.0": [
      56,
      14,
      49,
      20,
      29,
      23,
      4,
      26,
      54,
      42,
      33,
      52
    ]
  },
  "noising": {
    "metrics": {
      "mean": 0.017996753850182054,
      "std": 0.014966185750780516,
      "count": 6,
      "values": [
        0.05026885735760628,
        0.005414956920279768,
        0.013216725478001012,
        0.01763628164433878,
        0.007955718349951457,
        0.013487983350915028
      ]
    },
    "num_results": 6
  },
  "denoising": {
    "metrics": {
      "mean": 0.012679612408596377,
      "std": 0.005736759399767917,
      "count": 6,
      "values": [
        0.017278575075669295,
        0.004202143312392104,
        0.013171378631934572,
        0.021125850129551732,
        0.0069824919200328905,
        0.013317235381997666
      ]
    },
    "num_results": 6
  },
  "target_metric_score": 0.017996753850182054,
  "timestamp": "2025-05-31T15:21:43.296868"
}