{
  "experiment_name": "candidate_q_net_0_neuron_8",
  "coalition_neurons": [
    "q_net.0_neuron_4",
    "q_net.2_neuron_62",
    "q_net.0_neuron_14",
    "q_net.2_neuron_59",
    "q_net.0_neuron_20",
    "q_net.2_neuron_15",
    "q_net.0_neuron_33",
    "q_net.0_neuron_29",
    "q_net.0_neuron_24",
    "q_net.2_neuron_52",
    "q_net.0_neuron_47",
    "q_net.0_neuron_8"
  ],
  "patch_config": {
    "q_net.0": [
      4,
      14,
      20,
      33,
      29,
      24,
      47,
      8
    ],
    "q_net.2": [
      62,
      59,
      15,
      52
    ]
  },
  "noising": {
    "metrics": {
      "mean": 0.02441961181372614,
      "std": 0.039476101641585264,
      "count": 32,
      "values": [
        0.015037225389347153,
        0.0033364843013591328,
        0.0485950207271606,
        0.11394369937557336,
        0.08201814972740473,
        0.0036657147045326965,
        0.043748390223407374,
        0.11541550426825364,
        0.004784851221105724,
        0.0017730758436695915,
        0.0044240467856163646,
        0.16679507528968007,
        0.0021034546367876272,
        0.003616050067897225,
        0.033199365179302776,
        0.0008939337317049878,
        0.02519982648347263,
        0.0048166644570249995,
        0.007384903544302435,
        0.002971839114738528,
        0.004485089489315142,
        0.006513544181031339,
        0.0005327156907481978,
        0.008547939058574094,
        0.022148516680590702,
        0.006395010558704506,
        0.0036826374617128232,
        0.002008921499738192,
        0.011284341375566442,
        0.0009587324774460448,
        0.0294699328232787,
        0.0016769216701886247
      ]
    },
    "num_results": 32
  },
  "denoising": {
    "metrics": {
      "mean": 0.018106751063290384,
      "std": 0.027330027194260663,
      "count": 32,
      "values": [
        0.011002279836931583,
        0.0031520403528815244,
        0.03593365642788904,
        0.07515462402879924,
        0.049166163302892585,
        0.0038957070141287797,
        0.0383174686766069,
        0.08379496381673124,
        0.004754771763068821,
        0.0014673922000116857,
        0.003920813152202718,
        0.11761997562905635,
        0.0019409874133420324,
        0.002823015595035838,
        0.029835452319556977,
        0.0009295286199578756,
        0.02225747693533331,
        0.004232075664519441,
        0.005754522723093514,
        0.0026056075699169012,
        0.003083360587326056,
        0.005975460545844524,
        0.000575966225990654,
        0.006996406009423417,
        0.01787239005895469,
        0.005536017329015319,
        0.003305140035076315,
        0.0016498035698881974,
        0.011806823251749532,
        0.001089088458872789,
        0.021663745207359697,
        0.001303309703834743
      ]
    },
    "num_results": 32
  },
  "target_metric_score": 0.02441961181372614,
  "timestamp": "2025-06-04T19:28:45.874645"
}