{
  "experiment_name": "candidate_q_net_0_neuron_47",
  "coalition_neurons": [
    "q_net.0_neuron_4",
    "q_net.2_neuron_62",
    "q_net.0_neuron_14",
    "q_net.2_neuron_59",
    "q_net.0_neuron_20",
    "q_net.2_neuron_15",
    "q_net.0_neuron_47"
  ],
  "patch_config": {
    "q_net.0": [
      4,
      14,
      20,
      47
    ],
    "q_net.2": [
      62,
      59,
      15
    ]
  },
  "noising": {
    "metrics": {
      "mean": 0.01673646533968761,
      "std": 0.02647654390877951,
      "count": 32,
      "values": [
        0.008674152852093053,
        0.0011650494621517904,
        0.04035417573869171,
        0.08696480983375998,
        0.06031185661858507,
        0.0011225190791882556,
        0.03274744484860559,
        0.0577382966194373,
        0.002704924372931794,
        0.0011824337111063787,
        0.0015815490821238232,
        0.109449399520538,
        0.001789768742526343,
        0.002226305837228826,
        0.024525654674364628,
        0.0002625230304789117,
        0.02105022140467061,
        0.003718599223072938,
        0.007063436949124147,
        0.001573371140414448,
        0.0032118202519597627,
        0.004206884106175979,
        0.00010276567769307299,
        0.0024382654626058375,
        0.022189248031422304,
        0.006044670896117488,
        0.0012398090342125023,
        0.0013230656727780676,
        0.010561313355308743,
        0.00043771017890581465,
        0.017187642309835494,
        0.0004172031518948627
      ]
    },
    "num_results": 32
  },
  "denoising": {
    "metrics": {
      "mean": 0.014099225616760483,
      "std": 0.021290269358837297,
      "count": 32,
      "values": [
        0.007077597821327997,
        0.001153666702819578,
        0.03163484734512689,
        0.06857943162632485,
        0.04571145143607114,
        0.00133844236083569,
        0.03308202430333396,
        0.051731993774043694,
        0.0029237395458201476,
        0.0009807058079291942,
        0.001418734514804898,
        0.08644717252538636,
        0.0016391936226012316,
        0.0017068206421737564,
        0.02574273066745747,
        0.00020106820752197052,
        0.02017912938401667,
        0.003865121949729544,
        0.006099107230952416,
        0.0013252892730839516,
        0.002161766594029446,
        0.004045968144491985,
        0.00012283067904428346,
        0.002108044793001529,
        0.015603256035748192,
        0.00527007609130159,
        0.0012231860491166424,
        0.0010806816383372997,
        0.012007183705970093,
        0.0005307011167443587,
        0.013809933959303855,
        0.00037332218788477256
      ]
    },
    "num_results": 32
  },
  "target_metric_score": 0.01673646533968761,
  "timestamp": "2025-06-04T19:28:36.537827"
}