{
  "experiment_name": "candidate_q_net_2_neuron_40",
  "coalition_neurons": [
    "q_net.0_neuron_4",
    "q_net.2_neuron_62",
    "q_net.0_neuron_14",
    "q_net.2_neuron_59",
    "q_net.0_neuron_20",
    "q_net.2_neuron_15",
    "q_net.0_neuron_33",
    "q_net.0_neuron_29",
    "q_net.0_neuron_24",
    "q_net.2_neuron_52",
    "q_net.0_neuron_47",
    "q_net.2_neuron_40"
  ],
  "patch_config": {
    "q_net.0": [
      4,
      14,
      20,
      33,
      29,
      24,
      47
    ],
    "q_net.2": [
      62,
      59,
      15,
      52,
      40
    ]
  },
  "noising": {
    "metrics": {
      "mean": 0.022159755460266863,
      "std": 0.03490449346009901,
      "count": 32,
      "values": [
        0.015205633641375282,
        0.003216521056780497,
        0.04225224528975158,
        0.09220139926797355,
        0.07278396710338453,
        0.0036485559003621715,
        0.04019594931425219,
        0.10614421013257946,
        0.004849080981140896,
        0.0018113798030119366,
        0.004274960556581275,
        0.1507124119968246,
        0.0020734426509825266,
        0.0032681235390593644,
        0.030708209708950496,
        0.0007966881312754248,
        0.02548644733310279,
        0.004150448117728578,
        0.00786517638691342,
        0.0029823326996926136,
        0.004316459533756034,
        0.005944289526085056,
        0.0006077827028003746,
        0.007866028619401555,
        0.022404399217486826,
        0.007760735341499347,
        0.003585684231616315,
        0.0015833562952294322,
        0.011465958068593074,
        0.0009587324774460448,
        0.026359329349582294,
        0.0016322357533200549
      ]
    },
    "num_results": 32
  },
  "denoising": {
    "metrics": {
      "mean": 0.01706457731170967,
      "std": 0.02510824014866912,
      "count": 32,
      "values": [
        0.011840033270505756,
        0.0030071679431670217,
        0.03282329360109104,
        0.06801198414090948,
        0.04558872422189941,
        0.003911826993139189,
        0.0361000868711443,
        0.07986273343600403,
        0.004803168517593437,
        0.001498971410801575,
        0.003757084625154672,
        0.10697373675720567,
        0.001913964364649523,
        0.0025664176774623515,
        0.028219141635712597,
        0.0007959566390037809,
        0.022344163355962565,
        0.0039038766090091492,
        0.006478905170759219,
        0.0025669929396787694,
        0.002923603730358826,
        0.0055046633121884625,
        0.0006269608003972582,
        0.0064156810969923095,
        0.016430813461011495,
        0.0068808865239027295,
        0.0033856649998689203,
        0.0012863085680538955,
        0.012030723745249161,
        0.001089088458872789,
        0.021294600159527666,
        0.00122924893743237
      ]
    },
    "num_results": 32
  },
  "target_metric_score": 0.022159755460266863,
  "timestamp": "2025-06-04T19:28:46.205074"
}