{
  "experiment_name": "candidate_q_net_2_neuron_2",
  "coalition_neurons": [
    "q_net.0_neuron_4",
    "q_net.2_neuron_62",
    "q_net.0_neuron_14",
    "q_net.2_neuron_59",
    "q_net.0_neuron_20",
    "q_net.2_neuron_15",
    "q_net.0_neuron_33",
    "q_net.0_neuron_29",
    "q_net.0_neuron_24",
    "q_net.2_neuron_52",
    "q_net.0_neuron_47",
    "q_net.0_neuron_36",
    "q_net.0_neuron_5",
    "q_net.2_neuron_41",
    "q_net.0_neuron_13",
    "q_net.0_neuron_38",
    "q_net.0_neuron_1",
    "q_net.2_neuron_2"
  ],
  "patch_config": {
    "q_net.0": [
      4,
      14,
      20,
      33,
      29,
      24,
      47,
      36,
      5,
      13,
      38,
      1
    ],
    "q_net.2": [
      62,
      59,
      15,
      52,
      41,
      2
    ]
  },
  "noising": {
    "metrics": {
      "mean": 0.028620169873852883,
      "std": 0.043478719135104524,
      "count": 32,
      "values": [
        0.01992853121874072,
        0.005710602957114452,
        0.054904029872304805,
        0.12866069520023937,
        0.11206167699512182,
        0.006686002201011121,
        0.047972952165472815,
        0.11954269028613629,
        0.005999385844661864,
        0.0019262923552052502,
        0.009739933379742105,
        0.17881396786105574,
        0.0026489952260253524,
        0.002209337307396253,
        0.03778901144816116,
        0.000801448596094656,
        0.032091901171467985,
        0.004528164896220543,
        0.0103264507251285,
        0.0029511231723778897,
        0.00468733295596524,
        0.006505338913213254,
        0.0004598000673183833,
        0.016659367781045598,
        0.022241773157018696,
        0.010222951340689068,
        0.006250264469045752,
        0.0017751090689371862,
        0.018762598227141214,
        0.0011618967545365955,
        0.03802165396857038,
        0.0038041563801322065
      ]
    },
    "num_results": 32
  },
  "denoising": {
    "metrics": {
      "mean": 0.020133446626478334,
      "std": 0.028752686357902093,
      "count": 32,
      "values": [
        0.014091537005961108,
        0.004700556882872409,
        0.04116589517644165,
        0.08426740301664715,
        0.06397623147128739,
        0.006443718541769616,
        0.04093854309201983,
        0.08202993477044651,
        0.0056448996574504084,
        0.0014962302909666825,
        0.004555641358147122,
        0.12064522251171916,
        0.0023515385440590064,
        0.0015924032202692118,
        0.03262532828424369,
        0.0008478088470608158,
        0.02630755889359271,
        0.004151985970359151,
        0.008350791056847107,
        0.0036952376772961815,
        0.0028968916690067514,
        0.005928225977178236,
        0.0005052894021323473,
        0.010830855767079206,
        0.0158009750497079,
        0.008160386591930635,
        0.005077755757077584,
        0.0013273366774245732,
        0.014678583461206873,
        0.0012739252324810435,
        0.025853654729629638,
        0.002057945462994981
      ]
    },
    "num_results": 32
  },
  "target_metric_score": 0.028620169873852883,
  "timestamp": "2025-06-04T19:28:57.355231"
}