{
  "experiment_name": "candidate_q_net_0_neuron_5",
  "coalition_neurons": [
    "q_net.0_neuron_4",
    "q_net.2_neuron_62",
    "q_net.0_neuron_14",
    "q_net.2_neuron_59",
    "q_net.0_neuron_20",
    "q_net.2_neuron_15",
    "q_net.0_neuron_33",
    "q_net.0_neuron_5"
  ],
  "patch_config": {
    "q_net.0": [
      4,
      14,
      20,
      33,
      5
    ],
    "q_net.2": [
      62,
      59,
      15
    ]
  },
  "noising": {
    "metrics": {
      "mean": 0.018735484591071782,
      "std": 0.029663033537598256,
      "count": 32,
      "values": [
        0.010680115735583584,
        0.00043125082605011134,
        0.04594174765317893,
        0.09995553612914299,
        0.07710126758098534,
        0.001083706604969148,
        0.039127760196989825,
        0.06613390670100727,
        0.002990896611636873,
        0.0011678115188461513,
        0.0015734054756195714,
        0.11249458794756007,
        0.001719818041809873,
        0.0014753180034394742,
        0.0288710076735873,
        0.0004894930878862613,
        0.02278597146765793,
        0.003046410869014693,
        0.007248519929046959,
        0.0009177442768256716,
        0.0031647617301839848,
        0.0029676700030737413,
        6.719710216362973e-05,
        0.0006655620520420458,
        0.023676968994381098,
        0.006200628891883886,
        0.0012599302371936183,
        0.0016324018617586145,
        0.013272901464399633,
        9.405752595670336e-05,
        0.020862879404698997,
        0.0004342713157230449
      ]
    },
    "num_results": 32
  },
  "denoising": {
    "metrics": {
      "mean": 0.014532889734065715,
      "std": 0.021599173676674494,
      "count": 32,
      "values": [
        0.008496829280328466,
        0.00044906846169834314,
        0.03503497443471226,
        0.06965534754001501,
        0.04935326621207714,
        0.0012994857849779606,
        0.03497845778954001,
        0.055153284608305375,
        0.003034161863629148,
        0.000969756593665605,
        0.0015135856024373062,
        0.08230545362028674,
        0.0016043186928041964,
        0.0012244092404301021,
        0.027945737787521296,
        0.0005452778458742147,
        0.021146696180937452,
        0.0030231174733106325,
        0.00597076792597262,
        0.0008451810485815558,
        0.002197314116945903,
        0.0028117877371623967,
        8.737147698412162e-05,
        0.0005863683345799231,
        0.015936196967335614,
        0.005371911720277955,
        0.001165276985085506,
        0.0013551356552533589,
        0.013803674843970937,
        0.00010793016388532806,
        0.016683889362422155,
        0.00039643613909423614
      ]
    },
    "num_results": 32
  },
  "target_metric_score": 0.018735484591071782,
  "timestamp": "2025-06-04T19:28:38.920969"
}