{
  "experiment_name": "candidate_q_net_0_neuron_60",
  "coalition_neurons": [
    "q_net.0_neuron_4",
    "q_net.2_neuron_62",
    "q_net.0_neuron_14",
    "q_net.2_neuron_59",
    "q_net.0_neuron_20",
    "q_net.2_neuron_15",
    "q_net.0_neuron_33",
    "q_net.0_neuron_29",
    "q_net.0_neuron_24",
    "q_net.2_neuron_52",
    "q_net.0_neuron_47",
    "q_net.0_neuron_36",
    "q_net.0_neuron_5",
    "q_net.0_neuron_60"
  ],
  "patch_config": {
    "q_net.0": [
      4,
      14,
      20,
      33,
      29,
      24,
      47,
      36,
      5,
      60
    ],
    "q_net.2": [
      62,
      59,
      15,
      52
    ]
  },
  "noising": {
    "metrics": {
      "mean": 0.025935510688247124,
      "std": 0.04044603674562934,
      "count": 32,
      "values": [
        0.019288544722564804,
        0.004140998899466286,
        0.048135043113579634,
        0.11467530749109656,
        0.09862171960914878,
        0.0045815903369790245,
        0.046879251390367305,
        0.12076897063813163,
        0.004486062017314829,
        0.0025854486467000726,
        0.005400553216365789,
        0.16507888334783738,
        0.0023915481060763355,
        0.004391142338740495,
        0.035217971663937475,
        0.0006747971353820992,
        0.028428006598156252,
        0.004457587211691982,
        0.008367546380978474,
        0.0031895057188712217,
        0.0059398254286022745,
        0.005946455143019946,
        0.00018738619588565264,
        0.009606922524046824,
        0.016527567825661116,
        0.008825127544535794,
        0.004501019207026724,
        0.0027525078214539755,
        0.017580052169126614,
        0.0007333367935692392,
        0.03393018713664864,
        0.00164547565094475
      ]
    },
    "num_results": 32
  },
  "denoising": {
    "metrics": {
      "mean": 0.0185003741227823,
      "std": 0.02621917633403976,
      "count": 32,
      "values": [
        0.014326067447006485,
        0.0039173067139273154,
        0.03514161064208077,
        0.0710491733219849,
        0.0560826060853703,
        0.004574716456543948,
        0.04074235846561847,
        0.087210400308245,
        0.004347380913594323,
        0.0021074745327352984,
        0.00479617931700238,
        0.10552917355725455,
        0.0022059229405482217,
        0.003386537245637533,
        0.030151437459209673,
        0.000715382033165235,
        0.024629902089855937,
        0.003838269759771973,
        0.006609001129377123,
        0.0033562313341876093,
        0.004024178270674583,
        0.005561398162487796,
        0.0002068814997154833,
        0.008256283043864832,
        0.01265358794427307,
        0.007552823538530262,
        0.0038029163856063697,
        0.002240391097838468,
        0.01591325571392932,
        0.0008834757304585494,
        0.024957321010428135,
        0.0012423277781097308
      ]
    },
    "num_results": 32
  },
  "target_metric_score": 0.025935510688247124,
  "timestamp": "2025-06-04T19:28:50.492838"
}