{
  "experiment_name": "candidate_q_net_2_neuron_0",
  "coalition_neurons": [
    "q_net.0_neuron_4",
    "q_net.2_neuron_62",
    "q_net.0_neuron_14",
    "q_net.2_neuron_59",
    "q_net.0_neuron_20",
    "q_net.2_neuron_15",
    "q_net.0_neuron_33",
    "q_net.0_neuron_29",
    "q_net.0_neuron_24",
    "q_net.2_neuron_52",
    "q_net.0_neuron_47",
    "q_net.0_neuron_36",
    "q_net.0_neuron_5",
    "q_net.2_neuron_41",
    "q_net.0_neuron_13",
    "q_net.0_neuron_38",
    "q_net.2_neuron_0"
  ],
  "patch_config": {
    "q_net.0": [
      4,
      14,
      20,
      33,
      29,
      24,
      47,
      36,
      5,
      13,
      38
    ],
    "q_net.2": [
      62,
      59,
      15,
      52,
      41,
      0
    ]
  },
  "noising": {
    "metrics": {
      "mean": 0.02874114372830567,
      "std": 0.043404886334747775,
      "count": 32,
      "values": [
        0.01973528011366421,
        0.005447959920321321,
        0.053539153430496866,
        0.12820704818495154,
        0.11095896372883285,
        0.006372415224887851,
        0.050844371382600784,
        0.12270197769226798,
        0.005597411864006974,
        0.0027233014111534004,
        0.00827770624763946,
        0.17700633938860677,
        0.002079062630517936,
        0.003441635072267135,
        0.03762031839762425,
        0.0009424732574193628,
        0.03152820442048787,
        0.004582580681105508,
        0.009613175984861666,
        0.004163782418338369,
        0.005211978959572483,
        0.006506494278844643,
        0.0005379085645373927,
        0.011942237732912142,
        0.026379275767240862,
        0.012247640409544625,
        0.005560523841113163,
        0.0014045630820486155,
        0.0231191909676981,
        0.0013156893136425651,
        0.03705061006727761,
        0.0030573248692971067
      ]
    },
    "num_results": 32
  },
  "denoising": {
    "metrics": {
      "mean": 0.020257884110786037,
      "std": 0.028286794992305204,
      "count": 32,
      "values": [
        0.013921592142581929,
        0.004800587350249241,
        0.039521598066323826,
        0.08154746616524089,
        0.061935278195401344,
        0.006220170519474322,
        0.043677440139661794,
        0.08574154919262889,
        0.005391981072796037,
        0.0021915117692743458,
        0.00610638151394205,
        0.11730219917742657,
        0.0018991636224655606,
        0.0027051921438046023,
        0.030784966172062056,
        0.0009733797961446466,
        0.025819742784179534,
        0.004076125076090786,
        0.0076037241554494095,
        0.004292281118018826,
        0.003524908937363569,
        0.005929740589060817,
        0.0005960938526501369,
        0.009030548631214885,
        0.01785828921283794,
        0.009970774881175037,
        0.004587457278089513,
        0.0011060828255450295,
        0.0208425958713655,
        0.0014669534051207078,
        0.024758333596969218,
        0.002068182290544174
      ]
    },
    "num_results": 32
  },
  "target_metric_score": 0.02874114372830567,
  "timestamp": "2025-06-04T19:28:56.032724"
}