{
  "experiment_name": "candidate_q_net_0_neuron_34",
  "coalition_neurons": [
    "q_net.0_neuron_4",
    "q_net.2_neuron_62",
    "q_net.0_neuron_14",
    "q_net.2_neuron_59",
    "q_net.0_neuron_20",
    "q_net.2_neuron_15",
    "q_net.0_neuron_33",
    "q_net.0_neuron_29",
    "q_net.0_neuron_24",
    "q_net.2_neuron_52",
    "q_net.0_neuron_47",
    "q_net.0_neuron_36",
    "q_net.0_neuron_5",
    "q_net.2_neuron_41",
    "q_net.0_neuron_13",
    "q_net.0_neuron_38",
    "q_net.0_neuron_1",
    "q_net.0_neuron_12",
    "q_net.0_neuron_61",
    "q_net.2_neuron_25",
    "q_net.0_neuron_45",
    "q_net.2_neuron_50",
    "q_net.0_neuron_60",
    "q_net.0_neuron_51",
    "q_net.0_neuron_62",
    "q_net.0_neuron_18",
    "q_net.2_neuron_46",
    "q_net.0_neuron_34"
  ],
  "patch_config": {
    "q_net.0": [
      4,
      14,
      20,
      33,
      29,
      24,
      47,
      36,
      5,
      13,
      38,
      1,
      12,
      61,
      45,
      60,
      51,
      62,
      18,
      34
    ],
    "q_net.2": [
      62,
      59,
      15,
      52,
      41,
      25,
      50,
      46
    ]
  },
  "noising": {
    "metrics": {
      "mean": 0.02675486210457889,
      "std": 0.03502294630911278,
      "count": 32,
      "values": [
        0.018444071604945877,
        0.009812432178993968,
        0.05203681043806929,
        0.08301066871293528,
        0.07627850336286346,
        0.008388167132903579,
        0.03967513715614124,
        0.10172547827211909,
        0.005252571611004342,
        0.006053868448858579,
        0.0162803705087462,
        0.16126860144507882,
        0.0033217288847524618,
        0.007170776607854368,
        0.024696184969596247,
        0.002721232666352269,
        0.0275888715106819,
        0.006015509767019478,
        0.0052021543048101915,
        0.005788583341856723,
        0.010228755712879845,
        0.003829431025237695,
        0.0008462117934185942,
        0.024119786706164326,
        0.049671508913512685,
        0.013535512510836845,
        0.006579998358537176,
        0.003139682832991375,
        0.04481629080579874,
        0.0016489399385969383,
        0.031461446954302974,
        0.005546298868663979
      ]
    },
    "num_results": 32
  },
  "denoising": {
    "metrics": {
      "mean": 0.020698708524747998,
      "std": 0.02608389802143887,
      "count": 32,
      "values": [
        0.01431436123166796,
        0.007570232172992242,
        0.04227261091850654,
        0.06479579720714335,
        0.05561974998252672,
        0.00868016826286,
        0.03598903848830104,
        0.0794936845124452,
        0.005361424720495611,
        0.004376713081960637,
        0.008870120345580768,
        0.11682826198261931,
        0.0029601134229175763,
        0.0052556717404128594,
        0.023341897161665348,
        0.0027698315651840666,
        0.024532040095864405,
        0.005298730973999355,
        0.004393325689998839,
        0.006291960432080024,
        0.006409266792316903,
        0.0037480869921839854,
        0.0009966085103255695,
        0.015594759186030704,
        0.0330539231146626,
        0.01136714668834915,
        0.005252466597970851,
        0.0021984617567789577,
        0.03452816405934078,
        0.0017621873181241643,
        0.025276136471403365,
        0.0031557313152270616
      ]
    },
    "num_results": 32
  },
  "target_metric_score": 0.02675486210457889,
  "timestamp": "2025-06-04T19:29:16.437186"
}