{
  "experiment_name": "candidate_q_net_2_neuron_39",
  "coalition_neurons": [
    "q_net.0_neuron_4",
    "q_net.2_neuron_62",
    "q_net.0_neuron_14",
    "q_net.2_neuron_59",
    "q_net.0_neuron_20",
    "q_net.2_neuron_15",
    "q_net.0_neuron_33",
    "q_net.0_neuron_29",
    "q_net.0_neuron_24",
    "q_net.2_neuron_52",
    "q_net.0_neuron_47",
    "q_net.0_neuron_36",
    "q_net.0_neuron_5",
    "q_net.2_neuron_41",
    "q_net.0_neuron_13",
    "q_net.0_neuron_38",
    "q_net.0_neuron_1",
    "q_net.0_neuron_12",
    "q_net.0_neuron_61",
    "q_net.2_neuron_25",
    "q_net.2_neuron_39"
  ],
  "patch_config": {
    "q_net.0": [
      4,
      14,
      20,
      33,
      29,
      24,
      47,
      36,
      5,
      13,
      38,
      1,
      12,
      61
    ],
    "q_net.2": [
      62,
      59,
      15,
      52,
      41,
      25,
      39
    ]
  },
  "noising": {
    "metrics": {
      "mean": 0.030734550434545028,
      "std": 0.043416567089609996,
      "count": 32,
      "values": [
        0.022145672492632107,
        0.0073123974960254134,
        0.0558915972749352,
        0.12551856345705725,
        0.10822558103156932,
        0.005262529863782617,
        0.04580200513460353,
        0.11736568628892963,
        0.006857948128659919,
        0.005449013108933309,
        0.010533881526341715,
        0.1832035292546772,
        0.0030013997271176596,
        0.004688857752818798,
        0.034832230034560596,
        0.0010304431975053374,
        0.03355624361923926,
        0.0049261430039725385,
        0.009925457681495553,
        0.0030069413212182594,
        0.007327821120088007,
        0.006357625435223113,
        0.0009901220939445565,
        0.014207656010353897,
        0.05656712033933442,
        0.013295325341712627,
        0.0049863782006095425,
        0.003791889460656339,
        0.04729626791058417,
        0.0013393412356186296,
        0.03603064156457325,
        0.002779303796667132
      ]
    },
    "num_results": 32
  },
  "denoising": {
    "metrics": {
      "mean": 0.02299879447141679,
      "std": 0.030417218310537973,
      "count": 32,
      "values": [
        0.015484967884872525,
        0.006357226720725584,
        0.044853305334398796,
        0.09435660466830187,
        0.0789891277562016,
        0.005649734466080414,
        0.04192559071144275,
        0.08006751428419023,
        0.00649269860433388,
        0.004296809994265183,
        0.006759077219083087,
        0.12385757136105213,
        0.0026587397857033013,
        0.003784883951831186,
        0.03517628063955869,
        0.0010544030031682805,
        0.02901285474826576,
        0.004501079661890062,
        0.009165407486297794,
        0.004416635984542894,
        0.005173748302266246,
        0.005807524517624785,
        0.001142936645925574,
        0.011299839286563529,
        0.03446727130043081,
        0.010269781791235832,
        0.004482337374911771,
        0.0030447237207524847,
        0.03233816812326462,
        0.001444433510789711,
        0.025723972790209437,
        0.0019061714551564801
      ]
    },
    "num_results": 32
  },
  "target_metric_score": 0.030734550434545028,
  "timestamp": "2025-06-04T19:29:02.802532"
}