{
  "experiment_name": "candidate_q_net_0_neuron_12",
  "coalition_neurons": [
    "q_net.0_neuron_4",
    "q_net.2_neuron_62",
    "q_net.0_neuron_14",
    "q_net.2_neuron_59",
    "q_net.0_neuron_20",
    "q_net.2_neuron_15",
    "q_net.0_neuron_33",
    "q_net.0_neuron_29",
    "q_net.0_neuron_24",
    "q_net.2_neuron_52",
    "q_net.0_neuron_47",
    "q_net.0_neuron_36",
    "q_net.0_neuron_5",
    "q_net.2_neuron_41",
    "q_net.0_neuron_13",
    "q_net.0_neuron_38",
    "q_net.0_neuron_12"
  ],
  "patch_config": {
    "q_net.0": [
      4,
      14,
      20,
      33,
      29,
      24,
      47,
      36,
      5,
      13,
      38,
      12
    ],
    "q_net.2": [
      62,
      59,
      15,
      52,
      41
    ]
  },
  "noising": {
    "metrics": {
      "mean": 0.029202376924012168,
      "std": 0.04327619672244844,
      "count": 32,
      "values": [
        0.019853318890860172,
        0.006878952443336472,
        0.054478661781536486,
        0.1282666364948214,
        0.10987614337408291,
        0.005304618402912853,
        0.04766579964330697,
        0.12192344679353428,
        0.005520813147986914,
        0.003980022514163739,
        0.007866624748300133,
        0.17799563481686986,
        0.002498797248573048,
        0.006487265475376924,
        0.035227584944835466,
        0.0009713737993659599,
        0.02884972915265893,
        0.00461180456018051,
        0.009290687762649408,
        0.004249603239124267,
        0.006588444035359298,
        0.006531799524266191,
        0.0003406007015550605,
        0.017441963718262676,
        0.04262136630473978,
        0.010751333744502434,
        0.006108339979367217,
        0.002284148647422879,
        0.019665419010373775,
        0.0009525463301268688,
        0.03630916555548791,
        0.003083414782448557
      ]
    },
    "num_results": 32
  },
  "denoising": {
    "metrics": {
      "mean": 0.0203218297838629,
      "std": 0.02814197458625187,
      "count": 32,
      "values": [
        0.01373645432908277,
        0.005913398710698403,
        0.03979331169478273,
        0.0815778532562218,
        0.06141886728772983,
        0.005626312646283882,
        0.040485631203975525,
        0.08568157689780631,
        0.005342946968667883,
        0.0030867570073810358,
        0.005516741434607453,
        0.11780872229788142,
        0.002251131198653278,
        0.004628649142974783,
        0.030576022191293628,
        0.001010491964270277,
        0.025065854520867292,
        0.004098627673541411,
        0.007424362841348953,
        0.005130661655315394,
        0.004300332398872508,
        0.005938647218227899,
        0.00040510752321076815,
        0.012958358936123293,
        0.02297643763854873,
        0.009173877769393046,
        0.004832051000702942,
        0.0017494964166975269,
        0.01375199684640882,
        0.0010754096207626906,
        0.02491394183873874,
        0.0020485209525418213
      ]
    },
    "num_results": 32
  },
  "target_metric_score": 0.029202376924012168,
  "timestamp": "2025-06-04T19:28:55.240603"
}