{
  "experiment_name": "candidate_q_net_0_neuron_8",
  "coalition_neurons": [
    "q_net.0_neuron_4",
    "q_net.2_neuron_62",
    "q_net.0_neuron_14",
    "q_net.2_neuron_59",
    "q_net.0_neuron_20",
    "q_net.2_neuron_15",
    "q_net.0_neuron_33",
    "q_net.0_neuron_29",
    "q_net.0_neuron_24",
    "q_net.2_neuron_52",
    "q_net.0_neuron_47",
    "q_net.0_neuron_36",
    "q_net.0_neuron_5",
    "q_net.2_neuron_41",
    "q_net.0_neuron_13",
    "q_net.0_neuron_38",
    "q_net.0_neuron_1",
    "q_net.0_neuron_12",
    "q_net.0_neuron_61",
    "q_net.2_neuron_25",
    "q_net.0_neuron_45",
    "q_net.2_neuron_50",
    "q_net.0_neuron_60",
    "q_net.0_neuron_51",
    "q_net.0_neuron_62",
    "q_net.0_neuron_18",
    "q_net.2_neuron_46",
    "q_net.0_neuron_40",
    "q_net.0_neuron_8"
  ],
  "patch_config": {
    "q_net.0": [
      4,
      14,
      20,
      33,
      29,
      24,
      47,
      36,
      5,
      13,
      38,
      1,
      12,
      61,
      45,
      60,
      51,
      62,
      18,
      40,
      8
    ],
    "q_net.2": [
      62,
      59,
      15,
      52,
      41,
      25,
      50,
      46
    ]
  },
  "noising": {
    "metrics": {
      "mean": 0.037239867354267736,
      "std": 0.05293637605973049,
      "count": 32,
      "values": [
        0.02221479831965778,
        0.009768015945258113,
        0.06768630733824621,
        0.1464928975574834,
        0.1319319259461179,
        0.008931751337833749,
        0.056835520909903625,
        0.15634976124647748,
        0.005430421932375862,
        0.0060739084876441085,
        0.016391101260662788,
        0.21863793362079975,
        0.003026563675769367,
        0.007244473081162939,
        0.033684615753905245,
        0.0033716901530798093,
        0.03278905199527715,
        0.0067074504724763395,
        0.005550907655446968,
        0.006287497754283722,
        0.01025884414574929,
        0.005147852127983965,
        0.0007932802836592145,
        0.023573415033945166,
        0.07830369565873607,
        0.014127286319196353,
        0.00737712568682769,
        0.0031517473281811315,
        0.04927980608722293,
        0.001695306467454194,
        0.04660797563923147,
        0.00595282611451764
      ]
    },
    "num_results": 32
  },
  "denoising": {
    "metrics": {
      "mean": 0.024418593813883074,
      "std": 0.03263388091423254,
      "count": 32,
      "values": [
        0.014692522927891583,
        0.007797490080480363,
        0.04930761709691778,
        0.0837656913776712,
        0.06921413792159858,
        0.008895096805937364,
        0.04544903328795691,
        0.0995265452296219,
        0.005345535735934104,
        0.0043980484111888485,
        0.008918769872524823,
        0.1426685938929234,
        0.0026804221451011134,
        0.0052701337340417265,
        0.028070552305605734,
        0.003410588278735416,
        0.025349185672691177,
        0.005396974992860626,
        0.0038210909635786328,
        0.006538572961812483,
        0.006560061474084944,
        0.004766720579547301,
        0.0008426255078027856,
        0.015718583475282433,
        0.04392456627543384,
        0.011216140213339942,
        0.005499240908866332,
        0.00219521990534155,
        0.035754325485086835,
        0.001784847327275907,
        0.02918266215249221,
        0.003433405044630522
      ]
    },
    "num_results": 32
  },
  "target_metric_score": 0.037239867354267736,
  "timestamp": "2025-06-04T19:29:18.774001"
}