{
  "experiment_name": "candidate_q_net_0_neuron_62",
  "coalition_neurons": [
    "q_net.0_neuron_4",
    "q_net.2_neuron_62",
    "q_net.0_neuron_14",
    "q_net.2_neuron_59",
    "q_net.0_neuron_20",
    "q_net.2_neuron_15",
    "q_net.0_neuron_33",
    "q_net.0_neuron_29",
    "q_net.0_neuron_24",
    "q_net.2_neuron_52",
    "q_net.0_neuron_47",
    "q_net.0_neuron_36",
    "q_net.0_neuron_5",
    "q_net.2_neuron_41",
    "q_net.0_neuron_13",
    "q_net.0_neuron_38",
    "q_net.0_neuron_1",
    "q_net.0_neuron_12",
    "q_net.0_neuron_61",
    "q_net.2_neuron_25",
    "q_net.0_neuron_45",
    "q_net.2_neuron_50",
    "q_net.0_neuron_60",
    "q_net.0_neuron_62"
  ],
  "patch_config": {
    "q_net.0": [
      4,
      14,
      20,
      33,
      29,
      24,
      47,
      36,
      5,
      13,
      38,
      1,
      12,
      61,
      45,
      60,
      62
    ],
    "q_net.2": [
      62,
      59,
      15,
      52,
      41,
      25,
      50
    ]
  },
  "noising": {
    "metrics": {
      "mean": 0.033901596613288114,
      "std": 0.04878712702393845,
      "count": 32,
      "values": [
        0.025516808330260488,
        0.009285975482714814,
        0.059770145351338066,
        0.1350015047401214,
        0.11499338098622436,
        0.008904789643357947,
        0.04747771738684525,
        0.13982662891650677,
        0.005676762286041637,
        0.005816324247335025,
        0.016950743580100625,
        0.21204495560974157,
        0.0032985802962158806,
        0.006372176020410958,
        0.03215172699891733,
        0.001786699875808595,
        0.03022354968688501,
        0.006402305537837161,
        0.0061091076359730545,
        0.0053231648964340295,
        0.00980693756355766,
        0.005130650310504636,
        0.0005403316672438763,
        0.022490504949840395,
        0.05790513369725314,
        0.014697122289806797,
        0.007331334865333439,
        0.00346528380333444,
        0.039450395288609386,
        0.0012208438285048473,
        0.045068137052638124,
        0.00481136879952293
      ]
    },
    "num_results": 32
  },
  "denoising": {
    "metrics": {
      "mean": 0.023125432883372883,
      "std": 0.03074609291199588,
      "count": 32,
      "values": [
        0.017017544215537583,
        0.007485151256790834,
        0.044951914840042684,
        0.08319825723433671,
        0.06888083179148807,
        0.009202274957532008,
        0.03967734970787995,
        0.09270544282794035,
        0.005578564273157727,
        0.004232131982672804,
        0.008544247789072146,
        0.13380643743787912,
        0.002936525181102323,
        0.004724104302130661,
        0.027611250600941384,
        0.0018669658217654872,
        0.02482624539573275,
        0.005219277083812646,
        0.004821206988760762,
        0.006138300006666264,
        0.006106847621653255,
        0.004847301171326923,
        0.0006309252412242117,
        0.01552722941822271,
        0.035064009801516915,
        0.01201481398620774,
        0.005634277497851947,
        0.002343638928721248,
        0.030123059187542656,
        0.0013656067764536983,
        0.03033982531214474,
        0.0025922936298239385
      ]
    },
    "num_results": 32
  },
  "target_metric_score": 0.033901596613288114,
  "timestamp": "2025-06-04T19:29:10.303588"
}