{
  "experiment_name": "candidate_q_net_2_neuron_3",
  "coalition_neurons": [
    "q_net.0_neuron_4",
    "q_net.2_neuron_62",
    "q_net.0_neuron_14",
    "q_net.2_neuron_59",
    "q_net.0_neuron_20",
    "q_net.2_neuron_15",
    "q_net.0_neuron_33",
    "q_net.0_neuron_29",
    "q_net.0_neuron_24",
    "q_net.2_neuron_52",
    "q_net.0_neuron_47",
    "q_net.0_neuron_36",
    "q_net.0_neuron_5",
    "q_net.2_neuron_41",
    "q_net.2_neuron_3"
  ],
  "patch_config": {
    "q_net.0": [
      4,
      14,
      20,
      33,
      29,
      24,
      47,
      36,
      5
    ],
    "q_net.2": [
      62,
      59,
      15,
      52,
      41,
      3
    ]
  },
  "noising": {
    "metrics": {
      "mean": 0.027106798057802212,
      "std": 0.04413924597184214,
      "count": 32,
      "values": [
        0.016690977047626898,
        0.004799943932587314,
        0.05563296560854647,
        0.11652173446272274,
        0.09657897370200974,
        0.003984604296853433,
        0.04480241557726916,
        0.12793591296764295,
        0.006167300704306711,
        0.002909809761749038,
        0.006121353736830315,
        0.19256833045607757,
        0.002692097558898987,
        0.004907683454183798,
        0.03133735171230123,
        0.0006055068709507339,
        0.03414226501401185,
        0.005905672103210136,
        0.007340501969020585,
        0.0027089653340881537,
        0.005808487852096644,
        0.006619357582656971,
        0.0002614175739322766,
        0.009702696247080422,
        0.014879901905332504,
        0.00888560392456983,
        0.004623334319093564,
        0.0028705393422556735,
        0.016395166919703885,
        0.000573260117123775,
        0.030820156892251482,
        0.0016232489026859476
      ]
    },
    "num_results": 32
  },
  "denoising": {
    "metrics": {
      "mean": 0.019814307393111377,
      "std": 0.02956884100151485,
      "count": 32,
      "values": [
        0.01283382546498446,
        0.004647027896811373,
        0.040807011828200124,
        0.07892168906166408,
        0.05863151789812193,
        0.003985835968594809,
        0.039873020927334135,
        0.08928980149951438,
        0.005833314968002101,
        0.0024278426339480186,
        0.005384341477812971,
        0.128619107274211,
        0.002512152132700729,
        0.004085411416979268,
        0.028806747040465708,
        0.0006511347892088626,
        0.028844030822436362,
        0.00500130354907502,
        0.006258207844511032,
        0.003112538166728851,
        0.004117152796379697,
        0.006027549396325105,
        0.0003094284039367734,
        0.008213889452753698,
        0.011937139469990865,
        0.007466928305882581,
        0.004002927419999636,
        0.0024420953592358963,
        0.01375325469367017,
        0.0006776271435761094,
        0.023281937363684113,
        0.0013020441128241966
      ]
    },
    "num_results": 32
  },
  "target_metric_score": 0.027106798057802212,
  "timestamp": "2025-06-04T19:28:51.570290"
}