{
  "experiment_name": "candidate_q_net_0_neuron_59",
  "coalition_neurons": [
    "q_net.0_neuron_4",
    "q_net.2_neuron_62",
    "q_net.0_neuron_14",
    "q_net.2_neuron_59",
    "q_net.0_neuron_20",
    "q_net.2_neuron_15",
    "q_net.0_neuron_33",
    "q_net.0_neuron_29",
    "q_net.0_neuron_24",
    "q_net.2_neuron_52",
    "q_net.0_neuron_47",
    "q_net.0_neuron_36",
    "q_net.0_neuron_5",
    "q_net.2_neuron_41",
    "q_net.0_neuron_13",
    "q_net.0_neuron_38",
    "q_net.0_neuron_1",
    "q_net.0_neuron_12",
    "q_net.0_neuron_61",
    "q_net.2_neuron_25",
    "q_net.0_neuron_45",
    "q_net.2_neuron_50",
    "q_net.0_neuron_60",
    "q_net.0_neuron_51",
    "q_net.0_neuron_62",
    "q_net.0_neuron_18",
    "q_net.2_neuron_46",
    "q_net.0_neuron_59"
  ],
  "patch_config": {
    "q_net.0": [
      4,
      14,
      20,
      33,
      29,
      24,
      47,
      36,
      5,
      13,
      38,
      1,
      12,
      61,
      45,
      60,
      51,
      62,
      18,
      59
    ],
    "q_net.2": [
      62,
      59,
      15,
      52,
      41,
      25,
      50,
      46
    ]
  },
  "noising": {
    "metrics": {
      "mean": 0.035670082718492195,
      "std": 0.049934189795558886,
      "count": 32,
      "values": [
        0.0250134644870057,
        0.009551075186307156,
        0.06277235435460615,
        0.12929794920042847,
        0.11497324872689274,
        0.00857430970306694,
        0.05142970424742355,
        0.14865845893037188,
        0.006564117111070411,
        0.006053868448858579,
        0.019464135523732717,
        0.21784832359117046,
        0.0033217288847524618,
        0.007338811322116112,
        0.0334936395410983,
        0.002862970585530644,
        0.03157212783602592,
        0.0064037168615509454,
        0.0060831113925351454,
        0.005777377668602535,
        0.010228755712879845,
        0.005057001272581019,
        0.000580378173282825,
        0.022430545607028285,
        0.07094322048347623,
        0.022770153434217844,
        0.0066346826771567224,
        0.0026088183484347383,
        0.04874234807247824,
        0.001642288388127855,
        0.04720366235027584,
        0.005546298868663979
      ]
    },
    "num_results": 32
  },
  "denoising": {
    "metrics": {
      "mean": 0.024946415074858057,
      "std": 0.032018166301658775,
      "count": 32,
      "values": [
        0.016726589269328684,
        0.007667390761759929,
        0.04917500534299779,
        0.09272686179785616,
        0.07479345929770942,
        0.008838653450762401,
        0.046523313539237665,
        0.09544012642008348,
        0.006304033609390358,
        0.004376713081960637,
        0.01115755044052169,
        0.1334912377011137,
        0.0029601134229175763,
        0.005549727254026804,
        0.030785623848045396,
        0.003022637818197227,
        0.025241211631577998,
        0.0051074765620309215,
        0.0048105464363011885,
        0.00637260015866703,
        0.006409266792316903,
        0.004727752375153771,
        0.000730812068088782,
        0.015393576354718608,
        0.03934317264130671,
        0.01959050076829505,
        0.005325556682002297,
        0.0017517694925996974,
        0.03844068242205578,
        0.0017223379270956407,
        0.030623251712111443,
        0.0031557313152270616
      ]
    },
    "num_results": 32
  },
  "target_metric_score": 0.035670082718492195,
  "timestamp": "2025-06-04T19:29:16.397168"
}