{
  "experiment_name": "candidate_q_net_2_neuron_51",
  "coalition_neurons": [
    "q_net.0_neuron_4",
    "q_net.2_neuron_62",
    "q_net.0_neuron_14",
    "q_net.2_neuron_59",
    "q_net.0_neuron_20",
    "q_net.2_neuron_15",
    "q_net.0_neuron_33",
    "q_net.0_neuron_29",
    "q_net.0_neuron_24",
    "q_net.2_neuron_52",
    "q_net.0_neuron_47",
    "q_net.0_neuron_36",
    "q_net.0_neuron_5",
    "q_net.2_neuron_41",
    "q_net.0_neuron_13",
    "q_net.0_neuron_38",
    "q_net.0_neuron_1",
    "q_net.0_neuron_12",
    "q_net.0_neuron_61",
    "q_net.2_neuron_25",
    "q_net.0_neuron_45",
    "q_net.2_neuron_50",
    "q_net.0_neuron_60",
    "q_net.0_neuron_51",
    "q_net.0_neuron_62",
    "q_net.0_neuron_18",
    "q_net.2_neuron_46",
    "q_net.0_neuron_40",
    "q_net.2_neuron_51"
  ],
  "patch_config": {
    "q_net.0": [
      4,
      14,
      20,
      33,
      29,
      24,
      47,
      36,
      5,
      13,
      38,
      1,
      12,
      61,
      45,
      60,
      51,
      62,
      18,
      40
    ],
    "q_net.2": [
      62,
      59,
      15,
      52,
      41,
      25,
      50,
      46,
      51
    ]
  },
  "noising": {
    "metrics": {
      "mean": 0.0340583765764778,
      "std": 0.050437961210383804,
      "count": 32,
      "values": [
        0.019472062346577612,
        0.009768015945258113,
        0.06264697468658076,
        0.12993589104590053,
        0.1132905209181071,
        0.008241347886943085,
        0.05183716942946437,
        0.15643124176752987,
        0.0053715501662847664,
        0.0060739084876441085,
        0.016483359152232535,
        0.21784832359117046,
        0.002973099631257692,
        0.007138036307067441,
        0.028970637251276687,
        0.002783330256916572,
        0.029671518381955253,
        0.006188268453729995,
        0.004296502840166028,
        0.006301706251133243,
        0.010250922685340225,
        0.004909039189418873,
        0.0009774568001370554,
        0.024417704790419048,
        0.06049380162218543,
        0.009205228352550998,
        0.006681051888617895,
        0.0030916512254917095,
        0.0413518093109424,
        0.001701513740621885,
        0.035090147756731804,
        0.00597425828763587
      ]
    },
    "num_results": 32
  },
  "denoising": {
    "metrics": {
      "mean": 0.022647920524615724,
      "std": 0.030682172720373296,
      "count": 32,
      "values": [
        0.014048841686768343,
        0.007797490080480363,
        0.04520061040331491,
        0.07639082985269263,
        0.06250561260929033,
        0.008346536159496432,
        0.042066880596290046,
        0.09617914706846298,
        0.005304309445664623,
        0.0043980484111888485,
        0.008948435593093218,
        0.13601719319348238,
        0.0026329507580763467,
        0.005246416051512437,
        0.025091039685699146,
        0.0027952352442202066,
        0.023902433566566073,
        0.004992249560857309,
        0.0032779194934816624,
        0.006550737108409033,
        0.006435420291173943,
        0.004569609469400326,
        0.0010298754957291933,
        0.01622373264154431,
        0.03543826486564794,
        0.00799651144902569,
        0.005178774034717781,
        0.002169593138305892,
        0.033421458716687336,
        0.0017910914823205948,
        0.025403957535862443,
        0.0033822510982404186
      ]
    },
    "num_results": 32
  },
  "target_metric_score": 0.0340583765764778,
  "timestamp": "2025-06-04T19:29:19.176435"
}