{
  "experiment_name": "candidate_q_net_0_neuron_52",
  "coalition_neurons": [
    "q_net.0_neuron_4",
    "q_net.2_neuron_62",
    "q_net.0_neuron_14",
    "q_net.2_neuron_59",
    "q_net.0_neuron_20",
    "q_net.2_neuron_15",
    "q_net.0_neuron_33",
    "q_net.0_neuron_29",
    "q_net.0_neuron_24",
    "q_net.2_neuron_52",
    "q_net.0_neuron_47",
    "q_net.0_neuron_36",
    "q_net.0_neuron_5",
    "q_net.2_neuron_41",
    "q_net.0_neuron_13",
    "q_net.0_neuron_38",
    "q_net.0_neuron_1",
    "q_net.0_neuron_12",
    "q_net.0_neuron_61",
    "q_net.0_neuron_52"
  ],
  "patch_config": {
    "q_net.0": [
      4,
      14,
      20,
      33,
      29,
      24,
      47,
      36,
      5,
      13,
      38,
      1,
      12,
      61,
      52
    ],
    "q_net.2": [
      62,
      59,
      15,
      52,
      41
    ]
  },
  "noising": {
    "metrics": {
      "mean": 0.031456911265715315,
      "std": 0.04479646583964925,
      "count": 32,
      "values": [
        0.022267423392021923,
        0.008671193643160713,
        0.0597772424878481,
        0.13353032981975932,
        0.11158591675814566,
        0.007043243288652912,
        0.047706146822528606,
        0.12711892925140678,
        0.007760850549506371,
        0.005646045081990958,
        0.0121344506281853,
        0.18730518316240663,
        0.0032298117207245625,
        0.006075717474917641,
        0.03525028002943753,
        0.0012503022334889868,
        0.031647892000954525,
        0.006090021626974473,
        0.008121347924321065,
        0.005470345390428566,
        0.008178091143924204,
        0.006886646500148252,
        0.0007644429059131541,
        0.01908281292874947,
        0.04464060143472226,
        0.01207436133950357,
        0.006596089988239018,
        0.0033553034482440847,
        0.03360976986360242,
        0.001074168888424265,
        0.0372613832300116,
        0.005414815544547147
      ]
    },
    "num_results": 32
  },
  "denoising": {
    "metrics": {
      "mean": 0.022190699519615793,
      "std": 0.029334577702930107,
      "count": 32,
      "values": [
        0.014822498830585173,
        0.007236049946801604,
        0.050612123797121766,
        0.0868745281891643,
        0.06373081554982785,
        0.007405963354170209,
        0.041935450007151265,
        0.0863053054848244,
        0.007234790594285334,
        0.004355103973729402,
        0.007238437273388243,
        0.12412949321369404,
        0.002935387727866612,
        0.004602012470881656,
        0.030990987157585637,
        0.0013097800096710799,
        0.026593056542868143,
        0.005427059805370171,
        0.006982993103031299,
        0.006515009242146874,
        0.005676636679408098,
        0.006284410226795489,
        0.0008646215507860378,
        0.01376484328139449,
        0.025124153708145913,
        0.009931510893644746,
        0.005209146413754473,
        0.0025745325157554566,
        0.022820367763321192,
        0.001188766653673179,
        0.026057814525896728,
        0.003368734140964502
      ]
    },
    "num_results": 32
  },
  "target_metric_score": 0.031456911265715315,
  "timestamp": "2025-06-04T19:29:01.109926"
}