{
  "experiment_name": "candidate_q_net_0_neuron_18",
  "coalition_neurons": [
    "q_net.0_neuron_4",
    "q_net.2_neuron_62",
    "q_net.0_neuron_14",
    "q_net.2_neuron_59",
    "q_net.0_neuron_20",
    "q_net.2_neuron_15",
    "q_net.0_neuron_33",
    "q_net.0_neuron_29",
    "q_net.0_neuron_24",
    "q_net.2_neuron_52",
    "q_net.0_neuron_47",
    "q_net.0_neuron_36",
    "q_net.0_neuron_5",
    "q_net.2_neuron_41",
    "q_net.0_neuron_13",
    "q_net.0_neuron_38",
    "q_net.0_neuron_1",
    "q_net.0_neuron_12",
    "q_net.0_neuron_18"
  ],
  "patch_config": {
    "q_net.0": [
      4,
      14,
      20,
      33,
      29,
      24,
      47,
      36,
      5,
      13,
      38,
      1,
      12,
      18
    ],
    "q_net.2": [
      62,
      59,
      15,
      52,
      41
    ]
  },
  "noising": {
    "metrics": {
      "mean": 0.030488456859606872,
      "std": 0.043671959789476605,
      "count": 32,
      "values": [
        0.019941463199056875,
        0.009303449726930424,
        0.05597880396851451,
        0.1292554986510306,
        0.11053373708435088,
        0.00670321019579545,
        0.04739303382616156,
        0.11934098315530872,
        0.0057386333633689945,
        0.005192097126946127,
        0.01356977256468861,
        0.18552153317536257,
        0.003000421908320061,
        0.006806822090192566,
        0.0355024540978679,
        0.001202674126426606,
        0.02904009357233517,
        0.004463713633888311,
        0.009916561144422742,
        0.005673780119188843,
        0.008748461067933921,
        0.006164490664363864,
        0.0008828268609758494,
        0.024742221806443143,
        0.04330632833824766,
        0.010623415314713891,
        0.006870850242761795,
        0.002779869305218452,
        0.022617837239323424,
        0.0012618418985849145,
        0.03752035438446255,
        0.006033385654232948
      ]
    },
    "num_results": 32
  },
  "denoising": {
    "metrics": {
      "mean": 0.021197734585189684,
      "std": 0.0283613456089843,
      "count": 32,
      "values": [
        0.013814535059278099,
        0.00766064294946478,
        0.04130545438309008,
        0.08471246210646244,
        0.06304585772405491,
        0.007017976987600538,
        0.04042346194822777,
        0.08141682431006725,
        0.00552741331518114,
        0.0038340339229330223,
        0.007237751677524051,
        0.12180935421821137,
        0.002650934428118923,
        0.004839439612425944,
        0.03099079152251849,
        0.0012344329849681701,
        0.02527935780338275,
        0.004070448718471842,
        0.00809480561054543,
        0.00684012051359828,
        0.005437421505139151,
        0.0056017425288374945,
        0.0009494702670839184,
        0.016990753841152673,
        0.02449786496350026,
        0.009004988756017962,
        0.005379133069243092,
        0.0021205591805683044,
        0.01562980330879893,
        0.0013236096083594218,
        0.026099356025317544,
        0.0034867038759258673
      ]
    },
    "num_results": 32
  },
  "target_metric_score": 0.030488456859606872,
  "timestamp": "2025-06-04T19:29:00.266092"
}