{
  "experiment_name": "candidate_q_net_0_neuron_59",
  "coalition_neurons": [
    "q_net.0_neuron_4",
    "q_net.2_neuron_62",
    "q_net.0_neuron_14",
    "q_net.2_neuron_59",
    "q_net.0_neuron_20",
    "q_net.2_neuron_15",
    "q_net.0_neuron_33",
    "q_net.0_neuron_29",
    "q_net.0_neuron_24",
    "q_net.2_neuron_52",
    "q_net.0_neuron_47",
    "q_net.0_neuron_36",
    "q_net.0_neuron_5",
    "q_net.2_neuron_41",
    "q_net.0_neuron_13",
    "q_net.0_neuron_38",
    "q_net.0_neuron_59"
  ],
  "patch_config": {
    "q_net.0": [
      4,
      14,
      20,
      33,
      29,
      24,
      47,
      36,
      5,
      13,
      38,
      59
    ],
    "q_net.2": [
      62,
      59,
      15,
      52,
      41
    ]
  },
  "noising": {
    "metrics": {
      "mean": 0.02893380710965052,
      "std": 0.04271634123638766,
      "count": 32,
      "values": [
        0.01973528011366421,
        0.0062302743882132194,
        0.05344388186018689,
        0.12478208998007057,
        0.10696476950932099,
        0.005496661972771766,
        0.04734140103552409,
        0.12270197769226798,
        0.006939480720723035,
        0.0030499007305797576,
        0.008147822782451075,
        0.17700633938860677,
        0.00231695182459013,
        0.005106140706017781,
        0.040161042284884596,
        0.0010869332674381393,
        0.03152820442048787,
        0.004582580681105508,
        0.009758619998022189,
        0.004285642917847721,
        0.0060621499230056886,
        0.007056397734961584,
        0.00016168956745821195,
        0.015710411906461164,
        0.026379275767240862,
        0.0220538775550132,
        0.00553824100480127,
        0.0012216155117203975,
        0.019877781283792695,
        0.0010206894908338926,
        0.03705061006727761,
        0.003083091421475781
      ]
    },
    "num_results": 32
  },
  "denoising": {
    "metrics": {
      "mean": 0.021448971715474878,
      "std": 0.029496001809068396,
      "count": 32,
      "values": [
        0.013921592142581929,
        0.005342575404804983,
        0.04240362441207246,
        0.09337475929420935,
        0.06874723661662763,
        0.005370823976542871,
        0.04416602292762051,
        0.08574154919262889,
        0.006489688664869986,
        0.0024139141575678646,
        0.006140266552275397,
        0.11730219917742657,
        0.0020894472952946996,
        0.0038488491056662966,
        0.037109931027491605,
        0.0011506732887264226,
        0.025819742784179534,
        0.004076125076090786,
        0.007756726338133069,
        0.004981654619222398,
        0.003986714011301351,
        0.006440653060429402,
        0.000197671291322421,
        0.011211558481284412,
        0.01785828921283794,
        0.018864753707236837,
        0.004709555219146289,
        0.0009153587838036659,
        0.015967270069504047,
        0.0011543075748563503,
        0.024758333596969218,
        0.0020552278324709183
      ]
    },
    "num_results": 32
  },
  "target_metric_score": 0.02893380710965052,
  "timestamp": "2025-06-04T19:28:54.744705"
}