{
  "experiment_name": "candidate_q_net_0_neuron_60",
  "coalition_neurons": [
    "q_net.0_neuron_4",
    "q_net.2_neuron_62",
    "q_net.0_neuron_14",
    "q_net.2_neuron_59",
    "q_net.0_neuron_60"
  ],
  "patch_config": {
    "q_net.0": [
      4,
      14,
      60
    ],
    "q_net.2": [
      62,
      59
    ]
  },
  "noising": {
    "metrics": {
      "mean": 0.01253000960302678,
      "std": 0.0204404387252827,
      "count": 32,
      "values": [
        0.00635324558619188,
        5.6069988957685446e-05,
        0.030108433168426818,
        0.06447635337302848,
        0.061610711688200204,
        0.0003311378540939991,
        0.027941156533740186,
        0.04003736300606464,
        0.0024399242182909786,
        0.0002662992371200712,
        0.00013023906052833656,
        0.0766389726599479,
        0.0006528010240527404,
        0.0002275914693541381,
        0.02037400242527254,
        0.00036089606106404215,
        0.018749285027939266,
        0.004474346565880749,
        0.004683595225240533,
        7.767265609337493e-05,
        0.0007998423308054337,
        0.002653046971961226,
        0.0004136956392869484,
        0.00012978031410526558,
        0.00980623332647168,
        0.0009079926734241184,
        0.00019097228377940034,
        0.00048488866254625673,
        0.012690233903752124,
        5.058259733226045e-05,
        0.012455290906636551,
        0.0003876508572671078
      ]
    },
    "num_results": 32
  },
  "denoising": {
    "metrics": {
      "mean": 0.01117523407826592,
      "std": 0.01727503977794495,
      "count": 32,
      "values": [
        0.005373311664866209,
        6.022865648591669e-05,
        0.024510692622459862,
        0.04920407365464907,
        0.046688370381785416,
        0.0002995366849323222,
        0.029208160579669684,
        0.04204880339500516,
        0.002418789935568988,
        0.0002295132949665657,
        0.0002153502183620537,
        0.06660657321955255,
        0.0006022083638175246,
        0.00016713718766792063,
        0.01948721776302753,
        0.00037760261223296343,
        0.01909388368038112,
        0.004563448225769928,
        0.004417819324705752,
        4.425055038859149e-05,
        0.0005313024551110157,
        0.002648066548333272,
        0.0004992144551088096,
        0.00013304713081652153,
        0.010171497418947295,
        0.0009200338831175658,
        0.00017771043785264062,
        0.000393925167156306,
        0.015664070505370553,
        5.559977483104994e-05,
        0.010443818591472698,
        0.0003522321200966072
      ]
    },
    "num_results": 32
  },
  "target_metric_score": 0.01253000960302678,
  "timestamp": "2025-06-04T19:28:34.387226"
}