{
  "experiment_name": "candidate_q_net_2_neuron_13",
  "coalition_neurons": [
    "q_net.0_neuron_4",
    "q_net.2_neuron_62",
    "q_net.0_neuron_14",
    "q_net.2_neuron_59",
    "q_net.0_neuron_20",
    "q_net.2_neuron_15",
    "q_net.0_neuron_33",
    "q_net.0_neuron_29",
    "q_net.0_neuron_24",
    "q_net.2_neuron_52",
    "q_net.0_neuron_47",
    "q_net.0_neuron_36",
    "q_net.0_neuron_5",
    "q_net.2_neuron_41",
    "q_net.0_neuron_13",
    "q_net.0_neuron_38",
    "q_net.0_neuron_1",
    "q_net.0_neuron_12",
    "q_net.0_neuron_61",
    "q_net.2_neuron_25",
    "q_net.0_neuron_45",
    "q_net.2_neuron_50",
    "q_net.0_neuron_60",
    "q_net.0_neuron_51",
    "q_net.0_neuron_62",
    "q_net.0_neuron_18",
    "q_net.2_neuron_46",
    "q_net.2_neuron_13"
  ],
  "patch_config": {
    "q_net.0": [
      4,
      14,
      20,
      33,
      29,
      24,
      47,
      36,
      5,
      13,
      38,
      1,
      12,
      61,
      45,
      60,
      51,
      62,
      18
    ],
    "q_net.2": [
      62,
      59,
      15,
      52,
      41,
      25,
      50,
      46,
      13
    ]
  },
  "noising": {
    "metrics": {
      "mean": 0.03532123870630664,
      "std": 0.05110698923325021,
      "count": 32,
      "values": [
        0.026048925187273753,
        0.008555714888419774,
        0.06388662112281418,
        0.13660165602193797,
        0.12061613767114732,
        0.00981384453775025,
        0.05342859417517476,
        0.14912038736954858,
        0.005522414682535448,
        0.005066410081038919,
        0.011768022774811593,
        0.21795357406013438,
        0.003172385724181215,
        0.0050127937270165734,
        0.032092935381166865,
        0.0027970079255844604,
        0.031018128235490328,
        0.0064039953112258186,
        0.006059588860777287,
        0.004481743849681141,
        0.008110098314986103,
        0.004809676625005199,
        0.0007563670105699138,
        0.018379777851554424,
        0.07134630429779099,
        0.015260925651419788,
        0.007708401867142611,
        0.0018621548194101,
        0.04798085950481401,
        0.0016461931228113347,
        0.04796016808534287,
        0.005037829863254628
      ]
    },
    "num_results": 32
  },
  "denoising": {
    "metrics": {
      "mean": 0.023572736490487422,
      "std": 0.03126886650197005,
      "count": 32,
      "values": [
        0.01740347189808622,
        0.006964949494844275,
        0.04674104373500909,
        0.08259102279252961,
        0.06949737156207059,
        0.010221844825359594,
        0.04378366220078456,
        0.09610451609527304,
        0.005417446126417147,
        0.003748297186787153,
        0.007204372922539393,
        0.1335300193433434,
        0.0028385521553149218,
        0.003832052502461547,
        0.027273159776251776,
        0.002832388480232706,
        0.024949806793637563,
        0.0051076296882702765,
        0.004752100510259649,
        0.004969829555541261,
        0.005234400482717616,
        0.004530088090660467,
        0.0009283355271269,
        0.012846957824228955,
        0.03933512931745253,
        0.012655261889044755,
        0.006042279322978961,
        0.0013157425992834648,
        0.035866832732496134,
        0.001728932135769301,
        0.031161273070296147,
        0.0029187970585284884
      ]
    },
    "num_results": 32
  },
  "target_metric_score": 0.03532123870630664,
  "timestamp": "2025-06-04T19:29:17.321226"
}