{
  "experiment_name": "candidate_q_net_2_neuron_22",
  "coalition_neurons": [
    "q_net.0_neuron_4",
    "q_net.2_neuron_62",
    "q_net.0_neuron_14",
    "q_net.2_neuron_59",
    "q_net.0_neuron_20",
    "q_net.2_neuron_15",
    "q_net.0_neuron_33",
    "q_net.0_neuron_29",
    "q_net.0_neuron_24",
    "q_net.2_neuron_52",
    "q_net.0_neuron_47",
    "q_net.0_neuron_36",
    "q_net.2_neuron_22"
  ],
  "patch_config": {
    "q_net.0": [
      4,
      14,
      20,
      33,
      29,
      24,
      47,
      36
    ],
    "q_net.2": [
      62,
      59,
      15,
      52,
      22
    ]
  },
  "noising": {
    "metrics": {
      "mean": 0.024666473134558133,
      "std": 0.0388763491433263,
      "count": 32,
      "values": [
        0.017264521058644844,
        0.003496224117786051,
        0.04601969526778227,
        0.10952299140847876,
        0.0977740909056507,
        0.004122390037581747,
        0.042080809910870154,
        0.11116038020475416,
        0.004629064015085005,
        0.002320384600186687,
        0.003621029358106931,
        0.16036034875149519,
        0.002422341940916506,
        0.0035662792915119867,
        0.03438560122610146,
        0.0005110100381401361,
        0.02894075856995848,
        0.004599201776915529,
        0.008504106898676533,
        0.003085623850116237,
        0.005487858152945502,
        0.005483464184158793,
        0.0005151881781595424,
        0.008228632817166903,
        0.01668733647679721,
        0.00788229275412966,
        0.0038093051295905456,
        0.00264615231464016,
        0.015475468439350992,
        0.0006096054878187429,
        0.03282143301305962,
        0.0012935501292832274
      ]
    },
    "num_results": 32
  },
  "denoising": {
    "metrics": {
      "mean": 0.018089105611365508,
      "std": 0.026101972042381544,
      "count": 32,
      "values": [
        0.012692457187418738,
        0.0033635142426379216,
        0.03457650251293909,
        0.07358478921153633,
        0.05759867613154046,
        0.004350395094435133,
        0.03768463756633922,
        0.08068922495249287,
        0.004665805047326499,
        0.0019256106412206542,
        0.003222628593647414,
        0.10662040545165097,
        0.002243188193838286,
        0.0028292981766329106,
        0.03163069759289161,
        0.0005514050011290461,
        0.02540155176375425,
        0.004024473877273449,
        0.006808758705617368,
        0.0031298436691965525,
        0.0038005249547932163,
        0.0051450706620763675,
        0.0005638440815138868,
        0.00678535881977671,
        0.012749535376118448,
        0.00668252869425634,
        0.003481939311197002,
        0.002211648914727471,
        0.014076417738966729,
        0.0007105899876280741,
        0.024008233309310345,
        0.0010418240998129047
      ]
    },
    "num_results": 32
  },
  "target_metric_score": 0.024666473134558133,
  "timestamp": "2025-06-04T19:28:48.797967"
}