{
  "experiment_name": "candidate_q_net_0_neuron_9",
  "coalition_neurons": [
    "q_net.0_neuron_4",
    "q_net.2_neuron_62",
    "q_net.0_neuron_14",
    "q_net.2_neuron_59",
    "q_net.0_neuron_20",
    "q_net.2_neuron_15",
    "q_net.0_neuron_33",
    "q_net.0_neuron_29",
    "q_net.0_neuron_9"
  ],
  "patch_config": {
    "q_net.0": [
      4,
      14,
      20,
      33,
      29,
      9
    ],
    "q_net.2": [
      62,
      59,
      15
    ]
  },
  "noising": {
    "metrics": {
      "mean": 0.01860706756304678,
      "std": 0.0308326073188108,
      "count": 32,
      "values": [
        0.009413753319807538,
        0.0005557133267246606,
        0.04067530039490641,
        0.08877028819432942,
        0.0716665089149322,
        0.0011844834065540821,
        0.030456834759209905,
        0.0899639005721038,
        0.004644784097853183,
        0.0023201059792866685,
        0.003261471659015025,
        0.12524340464621941,
        0.001755998641696066,
        0.0019542251320477932,
        0.026640587551295947,
        0.0004592520913727638,
        0.020490614614543823,
        0.005382378676420663,
        0.0062055840868056045,
        0.0009120456347333494,
        0.0037312508459399485,
        0.003706594141499764,
        3.47036987983218e-05,
        0.0006255984711315277,
        0.017108923450061875,
        0.0062211535290582765,
        0.0010605426457945821,
        0.0022819934193910596,
        0.009450253585206125,
        9.788586117487341e-05,
        0.01825663805089639,
        0.0008933886186859308
      ]
    },
    "num_results": 32
  },
  "denoising": {
    "metrics": {
      "mean": 0.015021592337095734,
      "std": 0.024137316097162152,
      "count": 32,
      "values": [
        0.007705092462023,
        0.0005817836318876557,
        0.03263231606766326,
        0.06601730801408934,
        0.04527411058504627,
        0.0013061972960413115,
        0.027572207125185044,
        0.07516130636581897,
        0.004496018464422602,
        0.0019488586311462441,
        0.002788409323200014,
        0.10123069886866132,
        0.0016305202370245908,
        0.0016390856570854817,
        0.025525492262322813,
        0.0005134949399557831,
        0.01977346023695592,
        0.004839714972271758,
        0.005303510582747362,
        0.0008129642870223774,
        0.002601511873115081,
        0.003531419853119666,
        4.2944119253207624e-05,
        0.000633413272195793,
        0.010571229458352649,
        0.005504027308248505,
        0.0012447087391241896,
        0.0019303406499828757,
        0.011339524742785656,
        0.00011178697395186621,
        0.015637066884475748,
        0.0007904309018871292
      ]
    },
    "num_results": 32
  },
  "target_metric_score": 0.01860706756304678,
  "timestamp": "2025-06-04T19:28:39.950636"
}