{
  "experiment_name": "candidate_q_net_0_neuron_57",
  "coalition_neurons": [
    "q_net.0_neuron_4",
    "q_net.2_neuron_62",
    "q_net.0_neuron_14",
    "q_net.2_neuron_59",
    "q_net.0_neuron_20",
    "q_net.2_neuron_15",
    "q_net.0_neuron_33",
    "q_net.0_neuron_29",
    "q_net.0_neuron_24",
    "q_net.2_neuron_52",
    "q_net.0_neuron_47",
    "q_net.0_neuron_36",
    "q_net.0_neuron_5",
    "q_net.2_neuron_41",
    "q_net.0_neuron_57"
  ],
  "patch_config": {
    "q_net.0": [
      4,
      14,
      20,
      33,
      29,
      24,
      47,
      36,
      5,
      57
    ],
    "q_net.2": [
      62,
      59,
      15,
      52,
      41
    ]
  },
  "noising": {
    "metrics": {
      "mean": 0.027155370245820487,
      "std": 0.04229623052212208,
      "count": 32,
      "values": [
        0.020039153472475868,
        0.003874139835638779,
        0.050946869449496446,
        0.12264962678489355,
        0.10189798222322721,
        0.004635037535619002,
        0.04582896444338591,
        0.12168314724513674,
        0.006035056033789066,
        0.0029530615063210197,
        0.008504677821829176,
        0.17548247055179278,
        0.0023724964577328533,
        0.004496666573813757,
        0.0362035190803488,
        0.0013195433202516371,
        0.033162855947783454,
        0.0048397017903637485,
        0.0098061817731534,
        0.0035818813651259385,
        0.005782089284411818,
        0.006860124926307387,
        0.0004181562014954343,
        0.008043853712429438,
        0.01418584275981305,
        0.011067379884437512,
        0.0047318187630635,
        0.0024397552161854463,
        0.017156353563500204,
        0.0009854899792579586,
        0.03459713417377075,
        0.002390816189403955
      ]
    },
    "num_results": 32
  },
  "denoising": {
    "metrics": {
      "mean": 0.019861348483321214,
      "std": 0.02841496838974636,
      "count": 32,
      "values": [
        0.014918032095714295,
        0.004031512493901657,
        0.03913743888059984,
        0.08207506695832656,
        0.060823675583934644,
        0.004539292950472507,
        0.0402141756861607,
        0.08598843902239928,
        0.005711516970515085,
        0.0024564948400689346,
        0.006919836583458405,
        0.11860087096436955,
        0.002206655375695976,
        0.003965488678369433,
        0.03123904189402338,
        0.0013762353827235785,
        0.02824022346862687,
        0.004329702661767021,
        0.007875115395352461,
        0.0037593073151811485,
        0.0042758291835286455,
        0.006213686613183889,
        0.0005066243172830998,
        0.006358030605539078,
        0.011418188746539326,
        0.009125037882396714,
        0.004054749512747424,
        0.0021044596713092334,
        0.015443524135734021,
        0.0011554911788246303,
        0.024554376490703245,
        0.0019450299268282123
      ]
    },
    "num_results": 32
  },
  "target_metric_score": 0.027155370245820487,
  "timestamp": "2025-06-04T19:28:51.272662"
}