{
  "experiment_name": "candidate_q_net_0_neuron_44",
  "coalition_neurons": [
    "q_net.0_neuron_4",
    "q_net.2_neuron_62",
    "q_net.0_neuron_14",
    "q_net.2_neuron_59",
    "q_net.0_neuron_20",
    "q_net.2_neuron_15",
    "q_net.0_neuron_33",
    "q_net.0_neuron_29",
    "q_net.0_neuron_24",
    "q_net.2_neuron_52",
    "q_net.0_neuron_47",
    "q_net.0_neuron_36",
    "q_net.0_neuron_5",
    "q_net.2_neuron_41",
    "q_net.0_neuron_13",
    "q_net.0_neuron_38",
    "q_net.0_neuron_1",
    "q_net.0_neuron_12",
    "q_net.0_neuron_61",
    "q_net.2_neuron_25",
    "q_net.0_neuron_45",
    "q_net.2_neuron_50",
    "q_net.0_neuron_60",
    "q_net.0_neuron_44"
  ],
  "patch_config": {
    "q_net.0": [
      4,
      14,
      20,
      33,
      29,
      24,
      47,
      36,
      5,
      13,
      38,
      1,
      12,
      61,
      45,
      60,
      44
    ],
    "q_net.2": [
      62,
      59,
      15,
      52,
      41,
      25,
      50
    ]
  },
  "noising": {
    "metrics": {
      "mean": 0.03244957916455024,
      "std": 0.04460303834181856,
      "count": 32,
      "values": [
        0.024814112226759555,
        0.009254806883733258,
        0.057512409177745805,
        0.1295165421308534,
        0.11051821621682889,
        0.008214991376033876,
        0.046798452131526336,
        0.12963823738194324,
        0.006195915808969388,
        0.0075143409773900105,
        0.017446771889553236,
        0.18777293081529156,
        0.0037545485026700964,
        0.007949272350657788,
        0.032156309993040866,
        0.0015082422231538217,
        0.03127081256866415,
        0.006942602831742972,
        0.00722797317858348,
        0.005392610776056017,
        0.011402851821423088,
        0.00483218638677263,
        0.0005601982462779542,
        0.022043227074797667,
        0.05392067720073823,
        0.011081218740187637,
        0.007270243468724957,
        0.004748815148670205,
        0.04303419643760076,
        0.0010749730777673827,
        0.04238880241425991,
        0.004629043807189648
      ]
    },
    "num_results": 32
  },
  "denoising": {
    "metrics": {
      "mean": 0.022847314642782647,
      "std": 0.029296399113803506,
      "count": 32,
      "values": [
        0.016852112450525758,
        0.0076961256952660095,
        0.046224858198376184,
        0.08122453461318857,
        0.06925688208469094,
        0.008512074857933705,
        0.03985374662936214,
        0.09060159781918709,
        0.005882625959100052,
        0.0056342342278559165,
        0.009199554249154529,
        0.12387111675103324,
        0.0033157000939103565,
        0.006309370145203941,
        0.02823516898863776,
        0.0015633414934151935,
        0.026443796370952732,
        0.005580930933930528,
        0.005836069840494118,
        0.006481955359034064,
        0.007408943816178515,
        0.004595023161979794,
        0.0006475866712454259,
        0.015848666841693837,
        0.03097466113211178,
        0.00865446101330114,
        0.006120169354764338,
        0.003664863485362213,
        0.03125048108993023,
        0.001181393825173238,
        0.02959814844578723,
        0.002593872970264144
      ]
    },
    "num_results": 32
  },
  "target_metric_score": 0.03244957916455024,
  "timestamp": "2025-06-04T19:29:09.829912"
}