{
  "experiment_name": "candidate_q_net_0_neuron_45",
  "coalition_neurons": [
    "q_net.0_neuron_4",
    "q_net.2_neuron_62",
    "q_net.0_neuron_14",
    "q_net.2_neuron_59",
    "q_net.0_neuron_20",
    "q_net.2_neuron_15",
    "q_net.0_neuron_33",
    "q_net.0_neuron_29",
    "q_net.0_neuron_24",
    "q_net.2_neuron_52",
    "q_net.0_neuron_47",
    "q_net.0_neuron_36",
    "q_net.0_neuron_5",
    "q_net.0_neuron_45"
  ],
  "patch_config": {
    "q_net.0": [
      4,
      14,
      20,
      33,
      29,
      24,
      47,
      36,
      5,
      45
    ],
    "q_net.2": [
      62,
      59,
      15,
      52
    ]
  },
  "noising": {
    "metrics": {
      "mean": 0.026875172989655034,
      "std": 0.04283624687793492,
      "count": 32,
      "values": [
        0.019323791363073606,
        0.00422659363193767,
        0.04900572713745022,
        0.12082254224064826,
        0.10195601750864225,
        0.0050291359957979065,
        0.045009862554444835,
        0.12405529678351879,
        0.004956157542270523,
        0.002883703769545498,
        0.004489143864507605,
        0.17980018169282086,
        0.002497019624000729,
        0.004312441525335831,
        0.03473590933542248,
        0.0007687595705095918,
        0.028702991285048274,
        0.004735278056331782,
        0.008335745640283942,
        0.0030939436736694415,
        0.006194029662155209,
        0.0055871794153584675,
        0.00032914568660113996,
        0.01007955495088364,
        0.01971419704064281,
        0.008952116980257552,
        0.004871080027528452,
        0.0029028461254825277,
        0.01658171550612353,
        0.0008995728635802225,
        0.03338488508690607,
        0.0017689695281813966
      ]
    },
    "num_results": 32
  },
  "denoising": {
    "metrics": {
      "mean": 0.01873328201247048,
      "std": 0.02738586069089226,
      "count": 32,
      "values": [
        0.014413208556942503,
        0.004024240611818275,
        0.0350863528056744,
        0.07374515552593863,
        0.05707783804740452,
        0.0049681516022827,
        0.037943243200486476,
        0.08748350517256331,
        0.004878374044755107,
        0.0023504036669882433,
        0.003919680464006481,
        0.11550342069072084,
        0.002299883558305016,
        0.003439942737760493,
        0.02764618650257611,
        0.0007985261520753184,
        0.02396178509350677,
        0.00360458198111957,
        0.006396116251925821,
        0.003306670797091349,
        0.004205213474372083,
        0.005136379451432083,
        0.00036497154843251334,
        0.008280429051681915,
        0.014845205715233734,
        0.00759054478363308,
        0.004274227739623049,
        0.002411216763275714,
        0.01380691791480948,
        0.0010015266978603554,
        0.023354507613438713,
        0.0013466161813207034
      ]
    },
    "num_results": 32
  },
  "target_metric_score": 0.026875172989655034,
  "timestamp": "2025-06-04T19:28:50.566856"
}