{
  "experiment_name": "candidate_q_net_0_neuron_60",
  "coalition_neurons": [
    "q_net.0_neuron_4",
    "q_net.2_neuron_62",
    "q_net.0_neuron_14",
    "q_net.2_neuron_59",
    "q_net.0_neuron_20",
    "q_net.2_neuron_15",
    "q_net.0_neuron_33",
    "q_net.0_neuron_29",
    "q_net.0_neuron_60"
  ],
  "patch_config": {
    "q_net.0": [
      4,
      14,
      20,
      33,
      29,
      60
    ],
    "q_net.2": [
      62,
      59,
      15
    ]
  },
  "noising": {
    "metrics": {
      "mean": 0.020018575399426503,
      "std": 0.033114887548389677,
      "count": 32,
      "values": [
        0.008881874906129683,
        0.0003630670773859812,
        0.044445253166129906,
        0.09407841360884173,
        0.07422408186552665,
        0.0007899465574980891,
        0.040497241072086854,
        0.10162801495194307,
        0.004469694239764843,
        0.0006527379585050674,
        0.004103102887250243,
        0.1300667888915017,
        0.001535432429102479,
        0.0006517504694545373,
        0.030572637560382532,
        0.0005083060459389888,
        0.020701615275504737,
        0.005672031656453802,
        0.006664255903435112,
        0.0009189656363512988,
        0.002316378530301866,
        0.002876773228704277,
        0.0003519772626771056,
        0.0005640037842635781,
        0.02388209896132909,
        0.0045253089187569095,
        0.0007836830569938336,
        0.0012081257736146211,
        0.014409258882239429,
        8.967193754794156e-05,
        0.017847708024165354,
        0.0003142122618667864
      ]
    },
    "num_results": 32
  },
  "denoising": {
    "metrics": {
      "mean": 0.015106050962468868,
      "std": 0.023159788994009462,
      "count": 32,
      "values": [
        0.007130338573203776,
        0.00037847454680983716,
        0.03433058264238109,
        0.06609693672112549,
        0.04767069518451894,
        0.0008416040732508456,
        0.036736193677911255,
        0.07511739955473007,
        0.004281963944624767,
        0.0005231753061583078,
        0.003989340491227011,
        0.08732504454617018,
        0.0014329888163364668,
        0.0005287421663057179,
        0.02661846243619226,
        0.0005665754297180525,
        0.019847729273015258,
        0.004614918490193687,
        0.00550317542415224,
        0.0008027677310267212,
        0.0015883824816697034,
        0.0027781252305760784,
        0.00043709551438719796,
        0.0005565462746458527,
        0.01662943320335497,
        0.003996942707992668,
        0.0007810923477153953,
        0.0009880561680786215,
        0.01653725484729962,
        0.00010652332359928351,
        0.014369471793289512,
        0.0002875978773428933
      ]
    },
    "num_results": 32
  },
  "target_metric_score": 0.020018575399426503,
  "timestamp": "2025-06-04T19:28:41.478115"
}