{
  "experiment_name": "candidate_q_net_2_neuron_52",
  "coalition_neurons": [
    "q_net.0_neuron_4",
    "q_net.2_neuron_62",
    "q_net.0_neuron_14",
    "q_net.2_neuron_59",
    "q_net.0_neuron_20",
    "q_net.2_neuron_15",
    "q_net.0_neuron_33",
    "q_net.0_neuron_29",
    "q_net.0_neuron_24",
    "q_net.2_neuron_52"
  ],
  "patch_config": {
    "q_net.0": [
      4,
      14,
      20,
      33,
      29,
      24
    ],
    "q_net.2": [
      62,
      59,
      15,
      52
    ]
  },
  "noising": {
    "metrics": {
      "mean": 0.022913855396142335,
      "std": 0.036998464107676966,
      "count": 32,
      "values": [
        0.016403851000370118,
        0.0014407619547691652,
        0.048185955605967834,
        0.11048624671607388,
        0.08211363810764194,
        0.002669387181336358,
        0.043948246242817124,
        0.10509627551228995,
        0.005063963852653397,
        0.0014795859068832407,
        0.004578499427794869,
        0.15042654590288396,
        0.0018423864930328104,
        0.0018256003810651622,
        0.03486440410384406,
        0.0006772382482712613,
        0.024986455436380006,
        0.004865698593540246,
        0.008148626257563296,
        0.001570137959886253,
        0.003690475584515296,
        0.003934436736149349,
        0.0003214230953553221,
        0.002904965700685991,
        0.016367765609678564,
        0.005662159404544509,
        0.002689328628965204,
        0.0020547345336547895,
        0.012307548728329065,
        0.00030286648394617366,
        0.03098585934203557,
        0.001348303943629947
      ]
    },
    "num_results": 32
  },
  "denoising": {
    "metrics": {
      "mean": 0.017036890539662577,
      "std": 0.025293551281633856,
      "count": 32,
      "values": [
        0.012238820018618313,
        0.0014832800084676467,
        0.036223478424095235,
        0.07527821431032244,
        0.05139821436706615,
        0.0029062247390289064,
        0.038821781526847676,
        0.07597633519813884,
        0.004855276243469486,
        0.0012358211630407734,
        0.004310766311307446,
        0.10067947358025142,
        0.0017355245509088624,
        0.0015862801632413603,
        0.03156554827059532,
        0.0007313818063846567,
        0.022605489585125094,
        0.004176441651868479,
        0.006636635872337759,
        0.0014326531955125565,
        0.002609137988534127,
        0.003710537058294827,
        0.0003821315755170307,
        0.0026927519443870063,
        0.012386665636204719,
        0.004877662176843267,
        0.00250469145435972,
        0.001709985810315784,
        0.013727468822154476,
        0.00034909841620311965,
        0.023208246242893416,
        0.0011444791568665513
      ]
    },
    "num_results": 32
  },
  "target_metric_score": 0.022913855396142335,
  "timestamp": "2025-06-04T19:28:42.056401"
}