{
  "experiment_name": "candidate_q_net_2_neuron_33",
  "coalition_neurons": [
    "q_net.0_neuron_4",
    "q_net.2_neuron_33"
  ],
  "patch_config": {
    "q_net.0": [
      4
    ],
    "q_net.2": [
      33
    ]
  },
  "noising": {
    "metrics": {
      "mean": 0.005930039690733673,
      "std": 0.010118054539339148,
      "count": 32,
      "values": [
        0.0033451222789028234,
        2.4809334947306638e-05,
        0.017239105358784035,
        0.03611438961947311,
        0.03827654943851089,
        5.0227185435458566e-05,
        0.016201417791033124,
        0.01415444877869998,
        0.0011041058025164086,
        9.723339546852117e-07,
        2.9471537906111678e-05,
        0.02322590084568965,
        4.027770208137049e-06,
        2.5378276844456593e-05,
        0.011774822267648255,
        8.606458606641443e-05,
        0.010506218042481863,
        0.002722846760719655,
        0.0024790656785123044,
        4.512993201366555e-08,
        1.7456669678672654e-06,
        0.001110507055105181,
        2.784523395249483e-05,
        2.2636301899137123e-05,
        0.0007635422948536474,
        1.3202263966505257e-06,
        2.4511829875506486e-05,
        3.004327742706092e-05,
        0.006061194815469295,
        8.77613987704251e-07,
        0.004349827438584031,
        2.229530692288151e-06
      ]
    },
    "num_results": 32
  },
  "denoising": {
    "metrics": {
      "mean": 0.006152806726157107,
      "std": 0.009971106547849839,
      "count": 32,
      "values": [
        0.0028031607208582887,
        2.480158071638261e-05,
        0.015562005259591505,
        0.03299091605090765,
        0.03623544016125435,
        4.3350025121902114e-05,
        0.017607025566958034,
        0.017992321066107153,
        0.0011796107779127318,
        7.862244306711119e-07,
        2.3937543960794727e-05,
        0.02581588886885311,
        3.6405216641277605e-06,
        1.7867726578635335e-05,
        0.012905291912834627,
        8.60189093723207e-05,
        0.012674632563151489,
        0.0031536634425979315,
        0.002628506188428692,
        3.8720119110990936e-08,
        1.1377152809854962e-06,
        0.0011482862344434075,
        3.5756279114118605e-05,
        1.9045835128017607e-05,
        0.001071338951561529,
        1.017971957173458e-06,
        2.1771482813570664e-05,
        2.345398998271353e-05,
        0.00878318706215453,
        1.0530591607604833e-06,
        0.004032896165510391,
        1.96665850071831e-06
      ]
    },
    "num_results": 32
  },
  "target_metric_score": 0.006152806726157107,
  "timestamp": "2025-06-04T19:28:28.491273"
}