{
  "experiment_name": "candidate_q_net_2_neuron_40",
  "coalition_neurons": [
    "q_net.0_neuron_4",
    "q_net.2_neuron_62",
    "q_net.0_neuron_14",
    "q_net.2_neuron_59",
    "q_net.0_neuron_20",
    "q_net.2_neuron_15",
    "q_net.0_neuron_33",
    "q_net.0_neuron_29",
    "q_net.0_neuron_24",
    "q_net.2_neuron_52",
    "q_net.0_neuron_47",
    "q_net.0_neuron_36",
    "q_net.0_neuron_5",
    "q_net.2_neuron_41",
    "q_net.0_neuron_13",
    "q_net.0_neuron_38",
    "q_net.0_neuron_1",
    "q_net.0_neuron_12",
    "q_net.0_neuron_61",
    "q_net.2_neuron_25",
    "q_net.0_neuron_45",
    "q_net.2_neuron_50",
    "q_net.0_neuron_60",
    "q_net.0_neuron_51",
    "q_net.0_neuron_62",
    "q_net.0_neuron_18",
    "q_net.2_neuron_46",
    "q_net.2_neuron_40"
  ],
  "patch_config": {
    "q_net.0": [
      4,
      14,
      20,
      33,
      29,
      24,
      47,
      36,
      5,
      13,
      38,
      1,
      12,
      61,
      45,
      60,
      51,
      62,
      18
    ],
    "q_net.2": [
      62,
      59,
      15,
      52,
      41,
      25,
      50,
      46,
      40
    ]
  },
  "noising": {
    "metrics": {
      "mean": 0.031027545336893676,
      "std": 0.04382955058587246,
      "count": 32,
      "values": [
        0.021557946754991675,
        0.009521109391400162,
        0.05339474265970867,
        0.10488149030937588,
        0.09808670791276974,
        0.00857430970306694,
        0.044578003963308466,
        0.13360705804009632,
        0.005506469145962978,
        0.006331965974872511,
        0.01622938738933577,
        0.1967553736940214,
        0.003484807942934376,
        0.007170042291859691,
        0.02667491884046025,
        0.002827686909085969,
        0.030114808311390573,
        0.005781764392069122,
        0.005250266158094097,
        0.005751653094013376,
        0.010560438331800648,
        0.00461035845962976,
        0.0005581097907443322,
        0.022344575160406444,
        0.05972928183171533,
        0.01431897369132118,
        0.006687214216100856,
        0.003122844935261271,
        0.038891694696817414,
        0.0016461931228113347,
        0.03878794778881134,
        0.005543305876359761
      ]
    },
    "num_results": 32
  },
  "denoising": {
    "metrics": {
      "mean": 0.022278104006067324,
      "std": 0.029444242068774766,
      "count": 32,
      "values": [
        0.015662034290232718,
        0.0076621224430023505,
        0.041870710277848944,
        0.0745155047133258,
        0.06125376420071893,
        0.008838653450762401,
        0.038819276040023665,
        0.0914480515350562,
        0.00540466429479336,
        0.00461114263546214,
        0.008917541688556185,
        0.13179250570805245,
        0.0031085340357377422,
        0.005286876034802823,
        0.02416517808891583,
        0.002832388480232706,
        0.02481951264096882,
        0.005041278921475989,
        0.004279873134690693,
        0.006370873606846406,
        0.0066673043975800095,
        0.004356838122256845,
        0.0006944491082008231,
        0.01538141984109398,
        0.03458526604649259,
        0.01246919507246702,
        0.005291064343283858,
        0.002185773093219656,
        0.03173823573091239,
        0.001728932135769301,
        0.027946159625218403,
        0.003154204456153331
      ]
    },
    "num_results": 32
  },
  "target_metric_score": 0.031027545336893676,
  "timestamp": "2025-06-04T19:29:17.039997"
}