{
  "experiment_name": "candidate_q_net_0_neuron_16",
  "coalition_neurons": [
    "q_net.0_neuron_4",
    "q_net.2_neuron_62",
    "q_net.0_neuron_14",
    "q_net.2_neuron_59",
    "q_net.0_neuron_20",
    "q_net.2_neuron_15",
    "q_net.0_neuron_33",
    "q_net.0_neuron_29",
    "q_net.0_neuron_24",
    "q_net.2_neuron_52",
    "q_net.0_neuron_47",
    "q_net.0_neuron_36",
    "q_net.0_neuron_5",
    "q_net.2_neuron_41",
    "q_net.0_neuron_13",
    "q_net.0_neuron_38",
    "q_net.0_neuron_1",
    "q_net.0_neuron_16"
  ],
  "patch_config": {
    "q_net.0": [
      4,
      14,
      20,
      33,
      29,
      24,
      47,
      36,
      5,
      13,
      38,
      1,
      16
    ],
    "q_net.2": [
      62,
      59,
      15,
      52,
      41
    ]
  },
  "noising": {
    "metrics": {
      "mean": 0.02949031858114958,
      "std": 0.04350926172238501,
      "count": 32,
      "values": [
        0.0200467624868792,
        0.007337853668994865,
        0.05421234028393951,
        0.12872636001594073,
        0.11015055355060688,
        0.006761226946145449,
        0.04875790391175294,
        0.12534167183936862,
        0.005882226015639147,
        0.004388490928265765,
        0.010976743792236121,
        0.17932077267886148,
        0.0036817125038404175,
        0.004872810268395367,
        0.03734269709611371,
        0.0008231309859444425,
        0.03232666176168575,
        0.004489067809472447,
        0.010513809857579437,
        0.003133930136436258,
        0.008699670478391819,
        0.006565613104615231,
        0.00090262876758751,
        0.019043253276569194,
        0.022040523398812684,
        0.012454425425208138,
        0.006347205752361029,
        0.0028426683176269174,
        0.01894077989681342,
        0.0012214552362239672,
        0.04091649228136873,
        0.004628752123109425
      ]
    },
    "num_results": 32
  },
  "denoising": {
    "metrics": {
      "mean": 0.020855217862902904,
      "std": 0.028645427214944282,
      "count": 32,
      "values": [
        0.01406758462292379,
        0.006392908524930685,
        0.041116208877032046,
        0.08425977553120612,
        0.06431641385919118,
        0.006534103513119893,
        0.0411773816810701,
        0.08462795906278231,
        0.0055333687021162925,
        0.0034325234426333395,
        0.005636814649153887,
        0.1206801890926732,
        0.003269791081700446,
        0.0038173931999306854,
        0.032475410069288335,
        0.0008527650794648567,
        0.02674269736328605,
        0.004119623876528866,
        0.008627841804282332,
        0.00529495049701878,
        0.005739621835968545,
        0.0059495649906440295,
        0.0010073733738874546,
        0.013034862309254103,
        0.01578048032459478,
        0.010071027780027109,
        0.005130278261020749,
        0.0023059527683575443,
        0.014617962068673718,
        0.0014063984177171696,
        0.026703732263793856,
        0.0026440126886206894
      ]
    },
    "num_results": 32
  },
  "target_metric_score": 0.02949031858114958,
  "timestamp": "2025-06-04T19:28:58.034705"
}