{
  "experiment_name": "candidate_q_net_2_neuron_34",
  "coalition_neurons": [
    "q_net.0_neuron_4",
    "q_net.2_neuron_62",
    "q_net.0_neuron_14",
    "q_net.2_neuron_59",
    "q_net.0_neuron_20",
    "q_net.2_neuron_15",
    "q_net.0_neuron_33",
    "q_net.0_neuron_29",
    "q_net.0_neuron_24",
    "q_net.2_neuron_52",
    "q_net.0_neuron_47",
    "q_net.0_neuron_36",
    "q_net.0_neuron_5",
    "q_net.2_neuron_41",
    "q_net.0_neuron_13",
    "q_net.0_neuron_38",
    "q_net.0_neuron_1",
    "q_net.0_neuron_12",
    "q_net.0_neuron_61",
    "q_net.2_neuron_25",
    "q_net.0_neuron_45",
    "q_net.2_neuron_50",
    "q_net.0_neuron_60",
    "q_net.0_neuron_51",
    "q_net.0_neuron_62",
    "q_net.2_neuron_34"
  ],
  "patch_config": {
    "q_net.0": [
      4,
      14,
      20,
      33,
      29,
      24,
      47,
      36,
      5,
      13,
      38,
      1,
      12,
      61,
      45,
      60,
      51,
      62
    ],
    "q_net.2": [
      62,
      59,
      15,
      52,
      41,
      25,
      50,
      34
    ]
  },
  "noising": {
    "metrics": {
      "mean": 0.03168698436043803,
      "std": 0.044036576220922725,
      "count": 32,
      "values": [
        0.02336355791863587,
        0.00922953602030252,
        0.05572767329477457,
        0.11849208045492587,
        0.10373552294569477,
        0.008832557895841697,
        0.04526988334711057,
        0.1252804719455971,
        0.005536811952733256,
        0.006037546106543612,
        0.01711686897992859,
        0.19325120700735898,
        0.0034677744389337573,
        0.0063617743187094344,
        0.03114218379484457,
        0.0018928941788245446,
        0.02864078473561993,
        0.0057301737529541485,
        0.0058185053602058945,
        0.005401063038690479,
        0.009868600820971518,
        0.004802371253631366,
        0.00034730256100823365,
        0.02343064228500602,
        0.06185907680002567,
        0.014437007614558905,
        0.007164295855719094,
        0.0034150985742793516,
        0.04429046295770134,
        0.0011975603107630128,
        0.03766869544798923,
        0.005173513564133092
      ]
    },
    "num_results": 32
  },
  "denoising": {
    "metrics": {
      "mean": 0.02268125185437504,
      "std": 0.02994541681245372,
      "count": 32,
      "values": [
        0.016301433648817865,
        0.0073490801581505005,
        0.04313951006238825,
        0.07914735118627758,
        0.06488399788422783,
        0.009143771235330389,
        0.03956414692488608,
        0.08805378485662185,
        0.005421586128795508,
        0.004424760857242527,
        0.008601755808520961,
        0.13324902175875286,
        0.0030767041621251323,
        0.004720258770282371,
        0.026980983973369455,
        0.0019699147835786635,
        0.02428006324558729,
        0.005117641631322001,
        0.004821206988760762,
        0.006098978753088624,
        0.006156419976004357,
        0.004502195609086379,
        0.0004233673134703686,
        0.01585726878946192,
        0.03572837523754857,
        0.011982886991192432,
        0.005504408785986348,
        0.0023054587028804585,
        0.03528926234196139,
        0.0013382818313849576,
        0.02759746477593561,
        0.0027687161669619487
      ]
    },
    "num_results": 32
  },
  "target_metric_score": 0.03168698436043803,
  "timestamp": "2025-06-04T19:29:12.492720"
}