{
  "experiment_name": "candidate_q_net_2_neuron_13",
  "coalition_neurons": [
    "q_net.0_neuron_4",
    "q_net.2_neuron_62",
    "q_net.0_neuron_14",
    "q_net.2_neuron_59",
    "q_net.0_neuron_20",
    "q_net.2_neuron_15",
    "q_net.0_neuron_33",
    "q_net.0_neuron_29",
    "q_net.0_neuron_24",
    "q_net.2_neuron_52",
    "q_net.0_neuron_47",
    "q_net.0_neuron_36",
    "q_net.0_neuron_5",
    "q_net.2_neuron_41",
    "q_net.0_neuron_13",
    "q_net.0_neuron_38",
    "q_net.0_neuron_1",
    "q_net.0_neuron_12",
    "q_net.0_neuron_61",
    "q_net.2_neuron_25",
    "q_net.0_neuron_45",
    "q_net.2_neuron_13"
  ],
  "patch_config": {
    "q_net.0": [
      4,
      14,
      20,
      33,
      29,
      24,
      47,
      36,
      5,
      13,
      38,
      1,
      12,
      61,
      45
    ],
    "q_net.2": [
      62,
      59,
      15,
      52,
      41,
      25,
      13
    ]
  },
  "noising": {
    "metrics": {
      "mean": 0.03238513657180945,
      "std": 0.04696866106761424,
      "count": 32,
      "values": [
        0.02326743492349581,
        0.008478113006963106,
        0.05465279173381199,
        0.1366822476280185,
        0.11282775005354362,
        0.010077056412905128,
        0.047933765614062596,
        0.1283013852981787,
        0.005653292394251608,
        0.005101056509233759,
        0.010824986925363822,
        0.2011458997182033,
        0.0029711951206210507,
        0.0044918169374634775,
        0.036325735518436986,
        0.0010304431975053374,
        0.029884570474101646,
        0.004434438829864384,
        0.007562635501576098,
        0.004533243573301982,
        0.007300814939563027,
        0.00582672633584469,
        0.0011043827517920324,
        0.01906190981617928,
        0.05998911567751275,
        0.012505027053117956,
        0.008429230692379885,
        0.0026182204937303943,
        0.0395286482982139,
        0.0012540645312375531,
        0.037912829609565324,
        0.004613540727862686
      ]
    },
    "num_results": 32
  },
  "denoising": {
    "metrics": {
      "mean": 0.02187966814017719,
      "std": 0.029658020582921878,
      "count": 32,
      "values": [
        0.015481895447696514,
        0.006931115504643981,
        0.040690425793364016,
        0.08303206405711061,
        0.06837073943658623,
        0.010632094448733698,
        0.03928591692699179,
        0.08672580183978562,
        0.005438387427344149,
        0.003779660452609912,
        0.005590087151929435,
        0.12826847600716473,
        0.002634292289981577,
        0.0033515350273120026,
        0.028522710290963205,
        0.0010544030031682805,
        0.02447746601715084,
        0.003746215761659788,
        0.00610215482238885,
        0.005435926421337944,
        0.004589767447652382,
        0.005360605810386554,
        0.0012276959119870146,
        0.012953475628034838,
        0.032128777558221855,
        0.01046514950330435,
        0.006670032140112081,
        0.0019817836031692515,
        0.02622695512498674,
        0.0013259899089274052,
        0.025096614825937058,
        0.0025711648950274
      ]
    },
    "num_results": 32
  },
  "target_metric_score": 0.03238513657180945,
  "timestamp": "2025-06-04T19:29:05.259940"
}