{
  "experiment_name": "candidate_q_net_0_neuron_44",
  "coalition_neurons": [
    "q_net.0_neuron_4",
    "q_net.2_neuron_62",
    "q_net.0_neuron_14",
    "q_net.2_neuron_59",
    "q_net.0_neuron_20",
    "q_net.2_neuron_15",
    "q_net.0_neuron_33",
    "q_net.0_neuron_29",
    "q_net.0_neuron_24",
    "q_net.2_neuron_52",
    "q_net.0_neuron_47",
    "q_net.0_neuron_36",
    "q_net.0_neuron_5",
    "q_net.2_neuron_41",
    "q_net.0_neuron_13",
    "q_net.0_neuron_38",
    "q_net.0_neuron_1",
    "q_net.0_neuron_12",
    "q_net.0_neuron_61",
    "q_net.2_neuron_25",
    "q_net.0_neuron_45",
    "q_net.2_neuron_50",
    "q_net.0_neuron_60",
    "q_net.0_neuron_51",
    "q_net.0_neuron_62",
    "q_net.0_neuron_18",
    "q_net.2_neuron_46",
    "q_net.0_neuron_44"
  ],
  "patch_config": {
    "q_net.0": [
      4,
      14,
      20,
      33,
      29,
      24,
      47,
      36,
      5,
      13,
      38,
      1,
      12,
      61,
      45,
      60,
      51,
      62,
      18,
      44
    ],
    "q_net.2": [
      62,
      59,
      15,
      52,
      41,
      25,
      50,
      46
    ]
  },
  "noising": {
    "metrics": {
      "mean": 0.03420271602315775,
      "std": 0.04691372101132157,
      "count": 32,
      "values": [
        0.024989334520596485,
        0.009350917211864429,
        0.06109309370202842,
        0.1300409947874771,
        0.1173448668927225,
        0.007821153627587063,
        0.05153598536290949,
        0.13869593372557776,
        0.005844796126385998,
        0.007185241617071236,
        0.01819819942890244,
        0.19608608632228464,
        0.0037504998433034453,
        0.008156718107222627,
        0.030615234661570012,
        0.0028423277619263887,
        0.03261658101878284,
        0.007192900090909893,
        0.006300581144279338,
        0.0054325105535517615,
        0.011184950674430705,
        0.004490481301885452,
        0.0007670245486642857,
        0.021703135104133353,
        0.06562681859188813,
        0.012524529697572784,
        0.006670882003502299,
        0.004247361685609796,
        0.048397930075102846,
        0.0017082324955409733,
        0.04680898299774594,
        0.005262627058017388
      ]
    },
    "num_results": 32
  },
  "denoising": {
    "metrics": {
      "mean": 0.023848324365271508,
      "std": 0.03032798232231693,
      "count": 32,
      "values": [
        0.016965802470493174,
        0.007785544702709313,
        0.0477264388980454,
        0.08206254209593289,
        0.07090445213882157,
        0.008097035589721413,
        0.04340455091999551,
        0.09425272259152861,
        0.005597565492157952,
        0.0053505333827100765,
        0.010289461163497937,
        0.12757892045047425,
        0.0033347879702565475,
        0.00638800672678963,
        0.027301624400675295,
        0.002845352501116505,
        0.026952247768137427,
        0.005651761253749776,
        0.00498336718475445,
        0.0062802879363100805,
        0.007276340499098755,
        0.00418790463809926,
        0.0009078128297667076,
        0.015674295919291925,
        0.03854312703566931,
        0.010306638733712292,
        0.00571841229975345,
        0.003154874600496349,
        0.03728611677520921,
        0.0018037851048524622,
        0.03141548502946723,
        0.0031185805853934934
      ]
    },
    "num_results": 32
  },
  "target_metric_score": 0.03420271602315775,
  "timestamp": "2025-06-04T19:29:17.842239"
}