{
  "experiment_name": "candidate_q_net_2_neuron_10",
  "coalition_neurons": [
    "q_net.0_neuron_4",
    "q_net.2_neuron_62",
    "q_net.0_neuron_14",
    "q_net.2_neuron_59",
    "q_net.0_neuron_20",
    "q_net.2_neuron_10"
  ],
  "patch_config": {
    "q_net.0": [
      4,
      14,
      20
    ],
    "q_net.2": [
      62,
      59,
      10
    ]
  },
  "noising": {
    "metrics": {
      "mean": 0.013851611246750248,
      "std": 0.02291891363933839,
      "count": 32,
      "values": [
        0.005802445480840301,
        8.883961501371385e-05,
        0.03436126202783485,
        0.07084604517421322,
        0.05853125362996214,
        0.0009342541352014289,
        0.0281038709156215,
        0.04526482990906422,
        0.0016761758847702035,
        0.0005997017775983826,
        4.4119330919412114e-05,
        0.09394099426424563,
        0.0017205389483788691,
        0.0009245793875711783,
        0.01937600506595938,
        0.0003466280938499988,
        0.020636889823721916,
        0.004136517041972265,
        0.0044005993608097205,
        2.9407940636216878e-05,
        0.0016466331290551084,
        0.002079554722311916,
        0.00013190531279572149,
        4.9367463596738936e-05,
        0.022588238256438298,
        0.0008065975399388359,
        0.0002627709484138707,
        0.0012422101259581542,
        0.009388902213621986,
        2.240178217483013e-05,
        0.013115841590681576,
        0.0001521790028363723
      ]
    },
    "num_results": 32
  },
  "denoising": {
    "metrics": {
      "mean": 0.01168715754578625,
      "std": 0.01851989925770666,
      "count": 32,
      "values": [
        0.004897426756423573,
        9.218595172133526e-05,
        0.026452425375690924,
        0.05287986439813397,
        0.04616747524536169,
        0.0008747387472032297,
        0.027155102778577578,
        0.043576372966838695,
        0.0018781446269861002,
        0.0004927909911244255,
        4.853556506034806e-05,
        0.07571694013439267,
        0.001589424095322478,
        0.0006398136918396302,
        0.01964156435416564,
        0.00032966267730327736,
        0.02001330660110423,
        0.004114364465735099,
        0.0038547858396219548,
        1.4852249003105555e-05,
        0.0010868270440469452,
        0.002093599698686832,
        0.00015654607205095594,
        4.4738245286612965e-05,
        0.0157271852167431,
        0.0008651514371669222,
        0.00029771971140002407,
        0.001000081245708162,
        0.011523849056736202,
        2.5842276164311784e-05,
        0.010600142750807229,
        0.00013758119875273422
      ]
    },
    "num_results": 32
  },
  "target_metric_score": 0.013851611246750248,
  "timestamp": "2025-06-04T19:28:35.254251"
}