{
  "experiment_name": "candidate_q_net_2_neuron_34",
  "coalition_neurons": [
    "q_net.0_neuron_4",
    "q_net.2_neuron_62",
    "q_net.0_neuron_14",
    "q_net.2_neuron_59",
    "q_net.0_neuron_20",
    "q_net.2_neuron_15",
    "q_net.0_neuron_33",
    "q_net.0_neuron_29",
    "q_net.0_neuron_24",
    "q_net.2_neuron_34"
  ],
  "patch_config": {
    "q_net.0": [
      4,
      14,
      20,
      33,
      29,
      24
    ],
    "q_net.2": [
      62,
      59,
      15,
      34
    ]
  },
  "noising": {
    "metrics": {
      "mean": 0.021675280400545796,
      "std": 0.03577917879376758,
      "count": 32,
      "values": [
        0.01240696836196542,
        0.0018542700424253322,
        0.046327472661544467,
        0.09923291660381828,
        0.08240492063659988,
        0.0011324706510124072,
        0.037341696813551706,
        0.1025481134485221,
        0.004744709816708381,
        0.0005519867829417713,
        0.004767093180831239,
        0.1481351527315392,
        0.0010854361558971792,
        0.0005877084900078877,
        0.0348324828779506,
        0.000786491374667464,
        0.025945950618570968,
        0.004884464321166404,
        0.007331566365585851,
        0.002071749888528318,
        0.001859784656669583,
        0.0038418750593920414,
        0.0004344456069266256,
        0.0033818373941085778,
        0.020888401935035494,
        0.0044868146267303954,
        0.0017930587307956047,
        0.0013667094085082487,
        0.011926629062178007,
        0.0002951487398762387,
        0.023477846136922942,
        0.0008827996364868529
      ]
    },
    "num_results": 32
  },
  "denoising": {
    "metrics": {
      "mean": 0.016221594091924,
      "std": 0.02477826016205684,
      "count": 32,
      "values": [
        0.009535436325196156,
        0.0018393098177790224,
        0.03509964678882793,
        0.07084722312212066,
        0.05119126883195668,
        0.0013069187898775425,
        0.03360100199937255,
        0.07421097901648,
        0.0045825259825711395,
        0.0004352485107850246,
        0.004438941883299519,
        0.10040031456083731,
        0.001011452932940582,
        0.0004938647222756387,
        0.03155755011406447,
        0.0008350032371736704,
        0.022363362399790754,
        0.004335554427722599,
        0.005851389062106693,
        0.0018190513568825395,
        0.0012579508828214347,
        0.0036303812011597714,
        0.000490311884856709,
        0.003198214973399227,
        0.015695966424628227,
        0.0040187428560637395,
        0.0016691967024015097,
        0.0010896363165547873,
        0.01356182282015872,
        0.0003386650326298035,
        0.017645835106942176,
        0.0007382428578913691
      ]
    },
    "num_results": 32
  },
  "target_metric_score": 0.021675280400545796,
  "timestamp": "2025-06-04T19:28:41.876410"
}