{
  "experiment_name": "candidate_q_net_2_neuron_55",
  "coalition_neurons": [
    "q_net.0_neuron_4",
    "q_net.2_neuron_62",
    "q_net.2_neuron_55"
  ],
  "patch_config": {
    "q_net.0": [
      4
    ],
    "q_net.2": [
      62,
      55
    ]
  },
  "noising": {
    "metrics": {
      "mean": 0.007978166114939945,
      "std": 0.012301457731700874,
      "count": 32,
      "values": [
        0.005810486764624145,
        1.065036342440262e-05,
        0.02174458827987913,
        0.04508549383786564,
        0.044395239864151836,
        0.00011185625780152364,
        0.02205184615361311,
        0.022208465337847594,
        0.00189210013673613,
        0.00034256847768876497,
        0.00029904723539719846,
        0.027220540983933672,
        9.440900419621645e-05,
        0.00028891908665484856,
        0.015396134801033745,
        0.00023081100061195237,
        0.012785678243899423,
        0.0037614307693801807,
        0.004272189340517318,
        2.0735399453020165e-07,
        0.000224295064876201,
        0.0016375202445777504,
        6.476238859165484e-05,
        1.0547817116735025e-05,
        0.006220607065203887,
        0.0003680366546858771,
        8.276731873457788e-05,
        7.672729876329054e-05,
        0.008765843997616152,
        4.784704068194756e-05,
        0.009657950343420096,
        0.00014174715055870202
      ]
    },
    "num_results": 32
  },
  "denoising": {
    "metrics": {
      "mean": 0.007892573312301358,
      "std": 0.01160034077860836,
      "count": 32,
      "values": [
        0.004951523559604931,
        1.0892708854237654e-05,
        0.01892271901338438,
        0.03917872823994961,
        0.03882976724720699,
        0.00010190768945927964,
        0.023869161858742216,
        0.026554360274115618,
        0.0019569886722707874,
        0.00028622300091396546,
        0.00027088904121397306,
        0.028755784958373054,
        8.719559811831701e-05,
        0.0002117798000551563,
        0.016665274188863433,
        0.00022271495917758344,
        0.014296965944980533,
        0.00393952734434766,
        0.004329804852917674,
        1.810411935920797e-07,
        0.00014875701414684972,
        0.0016820580135162855,
        7.553699905649136e-05,
        1.0083271969940633e-05,
        0.006467955062008812,
        0.0002817313025362811,
        7.478109112424303e-05,
        7.305157210135693e-05,
        0.011572384461835283,
        4.819632876218449e-05,
        0.008558232136268495,
        0.00012718874657424717
      ]
    },
    "num_results": 32
  },
  "target_metric_score": 0.007978166114939945,
  "timestamp": "2025-06-04T19:28:30.468770"
}