{
  "experiment_name": "candidate_q_net_0_neuron_38",
  "coalition_neurons": [
    "q_net.0_neuron_4",
    "q_net.2_neuron_62",
    "q_net.0_neuron_14",
    "q_net.0_neuron_38"
  ],
  "patch_config": {
    "q_net.0": [
      4,
      14,
      38
    ],
    "q_net.2": [
      62
    ]
  },
  "noising": {
    "metrics": {
      "mean": 0.010547881108023571,
      "std": 0.01652175212404456,
      "count": 32,
      "values": [
        0.006121923455786549,
        0.0004528229520859295,
        0.025956230618854548,
        0.05301900669438386,
        0.05522142395284346,
        0.00040124635351324045,
        0.023828797661368584,
        0.031574037534766064,
        0.002421222970600101,
        6.688723026360144e-05,
        0.0008755646818066065,
        0.056372710922564906,
        3.845249745049184e-05,
        0.00027602721909714134,
        0.017071847000197926,
        0.00014367234764200987,
        0.016878148981794516,
        0.004728692808249058,
        0.004414003859628868,
        0.00034038973790695426,
        0.0002566780864544649,
        0.0025599825437649937,
        8.128147263175567e-05,
        0.0012833457069422183,
        0.008544161523960092,
        0.0008107252626063932,
        0.0003971254739836283,
        3.332075135553669e-05,
        0.010210812855739881,
        9.053399600444934e-06,
        0.013009556565946045,
        0.00013304233296440593
      ]
    },
    "num_results": 32
  },
  "denoising": {
    "metrics": {
      "mean": 0.009973517227998312,
      "std": 0.014929863372574763,
      "count": 32,
      "values": [
        0.005241366916186263,
        0.0004700218766151565,
        0.021762427002735008,
        0.04311925997371158,
        0.04406859577247313,
        0.00048416383579430455,
        0.024944355245621774,
        0.03638291212157041,
        0.0025065041328808935,
        6.51639193308684e-05,
        0.0006560078086448318,
        0.0544801747666559,
        4.046517103462044e-05,
        0.00019624072724855335,
        0.018630261843047835,
        0.00013534968055151086,
        0.01840689086141767,
        0.005044920449146728,
        0.004422709689854143,
        0.0002685941946489745,
        0.00017457297060563537,
        0.002597197915439775,
        0.00010007353077379211,
        0.0011970668265010032,
        0.009124740951283128,
        0.0008784004701234416,
        0.0004461940207696191,
        3.1705397782966216e-05,
        0.012248121158582315,
        9.970575016171601e-06,
        0.010899039123345333,
        0.00011908236655266968
      ]
    },
    "num_results": 32
  },
  "target_metric_score": 0.010547881108023571,
  "timestamp": "2025-06-04T19:28:32.374244"
}