{
  "experiment_name": "candidate_q_net_0_neuron_41",
  "coalition_neurons": [
    "q_net.0_neuron_4",
    "q_net.2_neuron_62",
    "q_net.0_neuron_14",
    "q_net.2_neuron_59",
    "q_net.0_neuron_20",
    "q_net.2_neuron_15",
    "q_net.0_neuron_33",
    "q_net.0_neuron_29",
    "q_net.0_neuron_24",
    "q_net.2_neuron_52",
    "q_net.0_neuron_47",
    "q_net.0_neuron_36",
    "q_net.0_neuron_5",
    "q_net.2_neuron_41",
    "q_net.0_neuron_13",
    "q_net.0_neuron_38",
    "q_net.0_neuron_1",
    "q_net.0_neuron_12",
    "q_net.0_neuron_61",
    "q_net.2_neuron_25",
    "q_net.0_neuron_45",
    "q_net.2_neuron_50",
    "q_net.0_neuron_60",
    "q_net.0_neuron_51",
    "q_net.0_neuron_62",
    "q_net.0_neuron_41"
  ],
  "patch_config": {
    "q_net.0": [
      4,
      14,
      20,
      33,
      29,
      24,
      47,
      36,
      5,
      13,
      38,
      1,
      12,
      61,
      45,
      60,
      51,
      62,
      41
    ],
    "q_net.2": [
      62,
      59,
      15,
      52,
      41,
      25,
      50
    ]
  },
  "noising": {
    "metrics": {
      "mean": 0.03430337817001175,
      "std": 0.049036540855818274,
      "count": 32,
      "values": [
        0.025516808330260488,
        0.009285975482714814,
        0.059770145351338066,
        0.1350015047401214,
        0.11499338098622436,
        0.008904789643357947,
        0.05232943789423328,
        0.13982662891650677,
        0.005536811952733256,
        0.005816324247335025,
        0.016950743580100625,
        0.21204495560974157,
        0.0027672826788007754,
        0.006372176020410958,
        0.03215172699891733,
        0.001786699875808595,
        0.03022354968688501,
        0.006402305537837161,
        0.0061091076359730545,
        0.0053231648964340295,
        0.00763107592194312,
        0.004802371253631366,
        0.0005403316672438763,
        0.022490504949840395,
        0.06264267752357988,
        0.014697122289806797,
        0.007100310180340741,
        0.0028720763888567813,
        0.04706334310603599,
        0.0012208438285048473,
        0.045068137052638124,
        0.004465787212219685
      ]
    },
    "num_results": 32
  },
  "denoising": {
    "metrics": {
      "mean": 0.023396693717095053,
      "std": 0.030954903494413613,
      "count": 32,
      "values": [
        0.017017544215537583,
        0.007485151256790834,
        0.044951914840042684,
        0.08319825723433671,
        0.06888083179148807,
        0.009202274957532008,
        0.04373532626333754,
        0.09270544282794035,
        0.005421586128795508,
        0.004232131982672804,
        0.008544247789072146,
        0.13380643743787912,
        0.0024970037824672,
        0.004724104302130661,
        0.027611250600941384,
        0.0018669658217654872,
        0.02482624539573275,
        0.005219277083812646,
        0.004821206988760762,
        0.006138300006666264,
        0.004834836252207708,
        0.004502195609086379,
        0.0006309252412242117,
        0.01552722941822271,
        0.036092614235449294,
        0.01201481398620774,
        0.00548183772130284,
        0.00201245164292696,
        0.036564818730957516,
        0.0013656067764536983,
        0.03033982531214474,
        0.002441543313155381
      ]
    },
    "num_results": 32
  },
  "target_metric_score": 0.03430337817001175,
  "timestamp": "2025-06-04T19:29:14.239879"
}