{
  "experiment_name": "candidate_q_net_0_neuron_59",
  "coalition_neurons": [
    "q_net.0_neuron_4",
    "q_net.2_neuron_62",
    "q_net.0_neuron_14",
    "q_net.2_neuron_59",
    "q_net.0_neuron_20",
    "q_net.2_neuron_15",
    "q_net.0_neuron_33",
    "q_net.0_neuron_29",
    "q_net.0_neuron_24",
    "q_net.2_neuron_52",
    "q_net.0_neuron_47",
    "q_net.0_neuron_59"
  ],
  "patch_config": {
    "q_net.0": [
      4,
      14,
      20,
      33,
      29,
      24,
      47,
      59
    ],
    "q_net.2": [
      62,
      59,
      15,
      52
    ]
  },
  "noising": {
    "metrics": {
      "mean": 0.024777095428777842,
      "std": 0.03896829530409437,
      "count": 32,
      "values": [
        0.01704708843575653,
        0.00332372060487518,
        0.04872883102641523,
        0.11085322370173956,
        0.08077076210583778,
        0.0036485559003621715,
        0.043373583417469885,
        0.11608746691087724,
        0.006068981682890051,
        0.0017730758436695915,
        0.006723647457561599,
        0.16545091778031085,
        0.0020908864258362136,
        0.003878043742352788,
        0.036249243844326595,
        0.0008883171451170568,
        0.02519982648347263,
        0.0047600727331639225,
        0.008286996415378112,
        0.0030029552673217497,
        0.004479230577966287,
        0.006466845034303281,
        0.0002115799475759239,
        0.00858242298024936,
        0.01632683923359124,
        0.015637805179488762,
        0.003670926851449541,
        0.0014888245285300528,
        0.013663541715102312,
        0.0009535404863545427,
        0.03157728578188368,
        0.0016020144796612401
      ]
    },
    "num_results": 32
  },
  "denoising": {
    "metrics": {
      "mean": 0.019032881973906627,
      "std": 0.027422663132447612,
      "count": 32,
      "values": [
        0.012579664098389176,
        0.003126801425307524,
        0.03854219020677152,
        0.08618034929696305,
        0.055344156156658,
        0.003911826993139189,
        0.04170037907509383,
        0.08311650961630834,
        0.005814876040065253,
        0.0014673922000116857,
        0.005713891375847879,
        0.10904119142639024,
        0.0019302637962661517,
        0.003165747342378955,
        0.03303938872619383,
        0.0009306418508427949,
        0.02225747693533331,
        0.004109739216619168,
        0.006772407337315434,
        0.0027284915143972466,
        0.003038985508973302,
        0.005993753550690206,
        0.0001987224125510334,
        0.0069837126311877995,
        0.01268693408504995,
        0.013751061746745119,
        0.0034539011256816687,
        0.0011969469943947653,
        0.014573663749849142,
        0.0010823416885373804,
        0.023390220036338727,
        0.0012285950047203897
      ]
    },
    "num_results": 32
  },
  "target_metric_score": 0.024777095428777842,
  "timestamp": "2025-06-04T19:28:45.431472"
}