{
  "experiment_name": "candidate_q_net_2_neuron_35",
  "coalition_neurons": [
    "q_net.0_neuron_4",
    "q_net.2_neuron_62",
    "q_net.0_neuron_14",
    "q_net.2_neuron_59",
    "q_net.0_neuron_20",
    "q_net.2_neuron_15",
    "q_net.0_neuron_33",
    "q_net.0_neuron_29",
    "q_net.0_neuron_24",
    "q_net.2_neuron_52",
    "q_net.0_neuron_47",
    "q_net.0_neuron_36",
    "q_net.0_neuron_5",
    "q_net.2_neuron_41",
    "q_net.0_neuron_13",
    "q_net.0_neuron_38",
    "q_net.0_neuron_1",
    "q_net.0_neuron_12",
    "q_net.0_neuron_61",
    "q_net.2_neuron_25",
    "q_net.0_neuron_45",
    "q_net.2_neuron_50",
    "q_net.0_neuron_60",
    "q_net.2_neuron_35"
  ],
  "patch_config": {
    "q_net.0": [
      4,
      14,
      20,
      33,
      29,
      24,
      47,
      36,
      5,
      13,
      38,
      1,
      12,
      61,
      45,
      60
    ],
    "q_net.2": [
      62,
      59,
      15,
      52,
      41,
      25,
      50,
      35
    ]
  },
  "noising": {
    "metrics": {
      "mean": 0.03305766725194377,
      "std": 0.0459998131289144,
      "count": 32,
      "values": [
        0.024760863745251105,
        0.009460914625652905,
        0.05978616447453522,
        0.1336937238207102,
        0.11273684058011457,
        0.007940417608046424,
        0.04778207577529181,
        0.1292195520525059,
        0.006887068515287864,
        0.00867855552500274,
        0.01716495559135789,
        0.19784777391644126,
        0.0033364186822398834,
        0.007958407948199242,
        0.03287973617506934,
        0.0014950142818322965,
        0.029959625242670596,
        0.007143834829931306,
        0.006941135483426342,
        0.005617775168785921,
        0.01306315777011302,
        0.0050264916935447435,
        0.0005648602894540167,
        0.021899228163465012,
        0.05059061057047243,
        0.01367400149074982,
        0.007201566547724747,
        0.00514944894411451,
        0.04111372688757853,
        0.0010319233227588098,
        0.04261786069647133,
        0.004621621643400964
      ]
    },
    "num_results": 32
  },
  "denoising": {
    "metrics": {
      "mean": 0.0232342880192994,
      "std": 0.030399480584191722,
      "count": 32,
      "values": [
        0.01658220345526129,
        0.007908799854241977,
        0.044974403101610494,
        0.08212299681300939,
        0.06731823379617252,
        0.008477901601466331,
        0.03999864199184178,
        0.09175779229050263,
        0.006691410448207424,
        0.006756525363816768,
        0.009296174765598297,
        0.13490375582638459,
        0.0029455568907460483,
        0.00651012857296196,
        0.028170425582962122,
        0.0015644280087167006,
        0.024647965265267358,
        0.005905097692681327,
        0.005549575493277503,
        0.006936664624100586,
        0.009090474746466848,
        0.004764982805602003,
        0.0006581039511640574,
        0.016006842015586442,
        0.029435181165934354,
        0.011590971063234257,
        0.00569140267606183,
        0.004119730221378792,
        0.030467930722696934,
        0.0011264892895395118,
        0.02873276773622857,
        0.0027936587848601535
      ]
    },
    "num_results": 32
  },
  "target_metric_score": 0.03305766725194377,
  "timestamp": "2025-06-04T19:29:09.871629"
}