{
  "experiment_name": "candidate_q_net_2_neuron_39",
  "coalition_neurons": [
    "q_net.0_neuron_4",
    "q_net.2_neuron_62",
    "q_net.0_neuron_14",
    "q_net.2_neuron_59",
    "q_net.0_neuron_20",
    "q_net.2_neuron_15",
    "q_net.0_neuron_33",
    "q_net.0_neuron_29",
    "q_net.2_neuron_39"
  ],
  "patch_config": {
    "q_net.0": [
      4,
      14,
      20,
      33,
      29
    ],
    "q_net.2": [
      62,
      59,
      15,
      39
    ]
  },
  "noising": {
    "metrics": {
      "mean": 0.019859198483670702,
      "std": 0.032135990763652054,
      "count": 32,
      "values": [
        0.009567867464273072,
        0.0003048295864952477,
        0.04500598104818376,
        0.09469469933726393,
        0.07379202772058624,
        0.0007218751606431484,
        0.03803568096523635,
        0.09108412147626166,
        0.005860708146885885,
        0.000977221544578244,
        0.004011201975992251,
        0.1296065980054758,
        0.0015518033922341523,
        0.0005295682621113684,
        0.02888457816844303,
        0.0004925967262010555,
        0.02289164093738505,
        0.006023505285071229,
        0.0087410293812622,
        0.0012004362745452468,
        0.0026750050939947645,
        0.0031699304160790476,
        6.676077491329924e-05,
        0.0004959967974693669,
        0.019080707052996693,
        0.007363758869292636,
        0.0006779991226489868,
        0.0015539588215015554,
        0.018139155154240583,
        0.00012378438098725741,
        0.017362042343056494,
        0.0008072817911528585
      ]
    },
    "num_results": 32
  },
  "denoising": {
    "metrics": {
      "mean": 0.01614303448602824,
      "std": 0.024288552030144902,
      "count": 32,
      "values": [
        0.0076318172215610325,
        0.00031729352841758374,
        0.037111919642616176,
        0.07594593047814335,
        0.05636482182258096,
        0.000806525108673295,
        0.035549344438702835,
        0.06741718959951148,
        0.005616189626957313,
        0.0007736986762896247,
        0.003435354113348721,
        0.09262994120198798,
        0.0014475412704760826,
        0.0004257576930144502,
        0.03115856010831486,
        0.0005482307297759448,
        0.021662346869908866,
        0.005077260202784539,
        0.007862762371683707,
        0.001078065165671549,
        0.0018957597640677504,
        0.002961440774408297,
        8.769843086042783e-05,
        0.0005325024446827253,
        0.015792815427973728,
        0.006224296095679316,
        0.0008062848231928932,
        0.0012955969027191871,
        0.019368573850140458,
        0.0001417178266063246,
        0.013876629977774169,
        0.0007332373643780254
      ]
    },
    "num_results": 32
  },
  "target_metric_score": 0.019859198483670702,
  "timestamp": "2025-06-04T19:28:40.595905"
}