{
  "experiment_name": "candidate_q_net_0_neuron_8",
  "coalition_neurons": [
    "q_net.0_neuron_4",
    "q_net.2_neuron_62",
    "q_net.0_neuron_14",
    "q_net.2_neuron_59",
    "q_net.0_neuron_20",
    "q_net.2_neuron_15",
    "q_net.0_neuron_33",
    "q_net.0_neuron_29",
    "q_net.0_neuron_24",
    "q_net.2_neuron_52",
    "q_net.0_neuron_47",
    "q_net.0_neuron_36",
    "q_net.0_neuron_5",
    "q_net.2_neuron_41",
    "q_net.0_neuron_13",
    "q_net.0_neuron_8"
  ],
  "patch_config": {
    "q_net.0": [
      4,
      14,
      20,
      33,
      29,
      24,
      47,
      36,
      5,
      13,
      8
    ],
    "q_net.2": [
      62,
      59,
      15,
      52,
      41
    ]
  },
  "noising": {
    "metrics": {
      "mean": 0.02804105221871669,
      "std": 0.04366048351631113,
      "count": 32,
      "values": [
        0.017863825162314217,
        0.0041843827221201835,
        0.053539153430496866,
        0.12820704818495154,
        0.11095896372883285,
        0.00426921692124993,
        0.04779157932815925,
        0.12208761081504593,
        0.00553059776624143,
        0.0021906091366343805,
        0.004420751381556065,
        0.17745928574387682,
        0.002125813847977942,
        0.0030728976916056805,
        0.03741611392302957,
        0.0011443911991307898,
        0.03179409616353823,
        0.004702549093305475,
        0.008920710859306236,
        0.0029371807200273548,
        0.004526278795930594,
        0.007051395400988092,
        0.00031917771828382513,
        0.009091589768376873,
        0.03362018632954722,
        0.009985001884317835,
        0.004524837295712625,
        0.0015050389860220559,
        0.019438941488246764,
        0.0010259028180441554,
        0.03361243105863643,
        0.0019961116354269004
      ]
    },
    "num_results": 32
  },
  "denoising": {
    "metrics": {
      "mean": 0.019941851762635472,
      "std": 0.029404227189260154,
      "count": 32,
      "values": [
        0.012548407518275573,
        0.003791673655104355,
        0.039521598066323826,
        0.08154746616524089,
        0.061935278195401344,
        0.0044019522285125845,
        0.04052798991969775,
        0.08649477852821108,
        0.005343947964892903,
        0.001804352958377331,
        0.0037796200467645757,
        0.12544643341056094,
        0.001966501061129833,
        0.0023568521854732127,
        0.03182380627720516,
        0.0011899029219266666,
        0.025894023002288713,
        0.004220310407420658,
        0.006756216054760955,
        0.0033157659120749416,
        0.0031511876214372903,
        0.006371959390619075,
        0.00037768325184450724,
        0.006914203014305564,
        0.024081972791889394,
        0.008240235847283506,
        0.0036979281317847112,
        0.0011568113556230664,
        0.014292230898885538,
        0.001161350792761362,
        0.022575103055363366,
        0.0014517137728944363
      ]
    },
    "num_results": 32
  },
  "target_metric_score": 0.02804105221871669,
  "timestamp": "2025-06-04T19:28:53.235384"
}