{
  "experiment_name": "candidate_q_net_2_neuron_33",
  "coalition_neurons": [
    "q_net.0_neuron_4",
    "q_net.2_neuron_62",
    "q_net.0_neuron_14",
    "q_net.2_neuron_59",
    "q_net.0_neuron_20",
    "q_net.2_neuron_15",
    "q_net.0_neuron_33",
    "q_net.0_neuron_29",
    "q_net.0_neuron_24",
    "q_net.2_neuron_52",
    "q_net.0_neuron_47",
    "q_net.0_neuron_36",
    "q_net.0_neuron_5",
    "q_net.2_neuron_41",
    "q_net.0_neuron_13",
    "q_net.0_neuron_38",
    "q_net.0_neuron_1",
    "q_net.0_neuron_12",
    "q_net.0_neuron_61",
    "q_net.2_neuron_25",
    "q_net.0_neuron_45",
    "q_net.2_neuron_50",
    "q_net.0_neuron_60",
    "q_net.0_neuron_51",
    "q_net.0_neuron_62",
    "q_net.0_neuron_18",
    "q_net.2_neuron_33"
  ],
  "patch_config": {
    "q_net.0": [
      4,
      14,
      20,
      33,
      29,
      24,
      47,
      36,
      5,
      13,
      38,
      1,
      12,
      61,
      45,
      60,
      51,
      62,
      18
    ],
    "q_net.2": [
      62,
      59,
      15,
      52,
      41,
      25,
      50,
      33
    ]
  },
  "noising": {
    "metrics": {
      "mean": 0.03415386062377507,
      "std": 0.049326743538838536,
      "count": 32,
      "values": [
        0.02215992442437742,
        0.009676627178764607,
        0.06085784858226706,
        0.13091634150612663,
        0.11833470525830525,
        0.008764109064458458,
        0.04924341146788824,
        0.1386017555516008,
        0.0052479821523439,
        0.005867444470686212,
        0.018792352650938593,
        0.21594647102348596,
        0.003299189211621645,
        0.006721533329520857,
        0.028966334566306373,
        0.002341780937800686,
        0.030020341415458285,
        0.005472818372434185,
        0.004575390105724608,
        0.00584268807119126,
        0.009713035456449193,
        0.004137605877109207,
        0.0007801778008607041,
        0.02302496146667543,
        0.06770302193929678,
        0.013877483049395734,
        0.00684640327462227,
        0.0030452121307510405,
        0.04592050507009138,
        0.0013861745293093364,
        0.03853658871256416,
        0.006303321312375876
      ]
    },
    "num_results": 32
  },
  "denoising": {
    "metrics": {
      "mean": 0.023093018009659676,
      "std": 0.030504683774787145,
      "count": 32,
      "values": [
        0.014887753575220541,
        0.007898600516236365,
        0.04556365955093322,
        0.08044987527051073,
        0.07082745428529791,
        0.008883531244190723,
        0.040653520935650556,
        0.09068956504262571,
        0.005208801749183367,
        0.0042917388159567915,
        0.01010018614718644,
        0.13243567483880048,
        0.0029448258238190528,
        0.005060652411313815,
        0.02509818715370138,
        0.002444102100587653,
        0.024735464892921,
        0.004594812451732544,
        0.0036119425010774364,
        0.006353332649162158,
        0.006131971029870953,
        0.003990096050916048,
        0.0009463403198007869,
        0.01621960229096342,
        0.03916259762418506,
        0.011330016706432633,
        0.005302346756256848,
        0.0021227984376059883,
        0.03585552488375143,
        0.0014612879225932573,
        0.02609448202238518,
        0.003625830308240152
      ]
    },
    "num_results": 32
  },
  "target_metric_score": 0.03415386062377507,
  "timestamp": "2025-06-04T19:29:14.919664"
}