{
  "experiment_name": "candidate_q_net_0_neuron_56",
  "coalition_neurons": [
    "q_net.0_neuron_4",
    "q_net.2_neuron_62",
    "q_net.0_neuron_14",
    "q_net.2_neuron_59",
    "q_net.0_neuron_20",
    "q_net.2_neuron_15",
    "q_net.0_neuron_33",
    "q_net.0_neuron_29",
    "q_net.0_neuron_24",
    "q_net.2_neuron_52",
    "q_net.0_neuron_47",
    "q_net.0_neuron_36",
    "q_net.0_neuron_5",
    "q_net.2_neuron_41",
    "q_net.0_neuron_13",
    "q_net.0_neuron_38",
    "q_net.0_neuron_1",
    "q_net.0_neuron_12",
    "q_net.0_neuron_61",
    "q_net.0_neuron_56"
  ],
  "patch_config": {
    "q_net.0": [
      4,
      14,
      20,
      33,
      29,
      24,
      47,
      36,
      5,
      13,
      38,
      1,
      12,
      61,
      56
    ],
    "q_net.2": [
      62,
      59,
      15,
      52,
      41
    ]
  },
  "noising": {
    "metrics": {
      "mean": 0.028614011071312673,
      "std": 0.03960393737361911,
      "count": 32,
      "values": [
        0.020444391981518928,
        0.008720147026163305,
        0.05529049942071118,
        0.12569149993455253,
        0.09415256756602808,
        0.007421318025924828,
        0.045464453214072,
        0.10804055253198275,
        0.0056979630704215856,
        0.005767458645424273,
        0.013883947835914068,
        0.1665409445890147,
        0.003161553308171583,
        0.006635498955043118,
        0.03337572699706126,
        0.0010637978865516429,
        0.031042800206610766,
        0.004165256990194877,
        0.007955187029213051,
        0.005609736291421474,
        0.009685548888271,
        0.006174436254891891,
        0.0007444305590107447,
        0.021947675733331673,
        0.03531614069680422,
        0.01207436133950357,
        0.007017103857377971,
        0.0037114677261629314,
        0.025696583292140085,
        0.0010824613002784478,
        0.0372613832300116,
        0.004811459898225401
      ]
    },
    "num_results": 32
  },
  "denoising": {
    "metrics": {
      "mean": 0.02074574784788878,
      "std": 0.0274203684328063,
      "count": 32,
      "values": [
        0.01445710031028391,
        0.00707153041325137,
        0.041424010958718505,
        0.08283885770955113,
        0.05699945603548984,
        0.007821323181746553,
        0.03952369105931075,
        0.08112304071922094,
        0.005486974246195264,
        0.00420040685928269,
        0.006608895419943028,
        0.11732392677712111,
        0.002795335062746318,
        0.00468344067856763,
        0.02978965799797506,
        0.0011023783433654621,
        0.02634377569290225,
        0.004015569460110946,
        0.006884994290946023,
        0.0064142303175946935,
        0.005950447856659324,
        0.005736795491914082,
        0.0008011581646906185,
        0.01503073935438537,
        0.021300317671205327,
        0.009931510893644746,
        0.005717498018235845,
        0.0027455021524851464,
        0.01984087055384509,
        0.001180288294598375,
        0.026057814525896728,
        0.002662392620556786
      ]
    },
    "num_results": 32
  },
  "target_metric_score": 0.028614011071312673,
  "timestamp": "2025-06-04T19:29:01.301170"
}