{
  "experiment_name": "candidate_q_net_0_neuron_38",
  "coalition_neurons": [
    "q_net.0_neuron_4",
    "q_net.2_neuron_62",
    "q_net.0_neuron_14",
    "q_net.2_neuron_59",
    "q_net.0_neuron_20",
    "q_net.2_neuron_15",
    "q_net.0_neuron_33",
    "q_net.0_neuron_29",
    "q_net.0_neuron_24",
    "q_net.0_neuron_38"
  ],
  "patch_config": {
    "q_net.0": [
      4,
      14,
      20,
      33,
      29,
      24,
      38
    ],
    "q_net.2": [
      62,
      59,
      15
    ]
  },
  "noising": {
    "metrics": {
      "mean": 0.021942185031079565,
      "std": 0.03604919809725207,
      "count": 32,
      "values": [
        0.012673719866561184,
        0.0024939907585409538,
        0.04713102145282566,
        0.104015288053384,
        0.07694585895722739,
        0.0016280762780344071,
        0.04035988996154727,
        0.10360647269488066,
        0.004744709816708381,
        0.001056299917917447,
        0.003966627348407359,
        0.1503551253607327,
        0.0015425513890340303,
        0.0017060192310438538,
        0.030785473707409583,
        0.0004934065378330299,
        0.023481910292183605,
        0.005508509003653628,
        0.0069876619404274365,
        0.0022540870542067104,
        0.003337861772438111,
        0.0038418750593920414,
        8.604007212165143e-05,
        0.006145481633039962,
        0.019049730100616058,
        0.005192978154346717,
        0.0023452231996873296,
        0.0016647186327286567,
        0.01127576497892857,
        0.0002682628821744082,
        0.025935473130279663,
        0.0012698117562336408
      ]
    },
    "num_results": 32
  },
  "denoising": {
    "metrics": {
      "mean": 0.01639554766918039,
      "std": 0.02472223681574381,
      "count": 32,
      "values": [
        0.00964483895798951,
        0.002486722372532113,
        0.03547815150758071,
        0.07233962087978973,
        0.0490162446771254,
        0.0018703471623343626,
        0.03553292898392901,
        0.07460518916402126,
        0.0045825259825711395,
        0.0008800078533166555,
        0.003780066800673998,
        0.10063907820430362,
        0.0014242883219482971,
        0.0013978480137242233,
        0.02873416569705367,
        0.0005495838367978179,
        0.021434548532761943,
        0.004582863058368969,
        0.005778817893400734,
        0.0021043102431748117,
        0.002289513592167558,
        0.0036303812011597714,
        0.00010120720293049779,
        0.0056690982065606965,
        0.01446911315296806,
        0.004527303937839511,
        0.0022831142063988175,
        0.0013682761706858004,
        0.013081320724626755,
        0.00031084837253858577,
        0.019033571406299354,
        0.0010316290961991381
      ]
    },
    "num_results": 32
  },
  "target_metric_score": 0.021942185031079565,
  "timestamp": "2025-06-04T19:28:43.036374"
}