{
  "experiment_name": "candidate_q_net_0_neuron_12",
  "coalition_neurons": [
    "q_net.0_neuron_4",
    "q_net.2_neuron_62",
    "q_net.0_neuron_14",
    "q_net.2_neuron_59",
    "q_net.0_neuron_20",
    "q_net.2_neuron_15",
    "q_net.0_neuron_33",
    "q_net.0_neuron_29",
    "q_net.0_neuron_24",
    "q_net.2_neuron_52",
    "q_net.0_neuron_47",
    "q_net.0_neuron_12"
  ],
  "patch_config": {
    "q_net.0": [
      4,
      14,
      20,
      33,
      29,
      24,
      47,
      12
    ],
    "q_net.2": [
      62,
      59,
      15,
      52
    ]
  },
  "noising": {
    "metrics": {
      "mean": 0.024853413324041597,
      "std": 0.039263200362711304,
      "count": 32,
      "values": [
        0.017062155529807832,
        0.0037631976096208497,
        0.049438573865031255,
        0.11399953847087041,
        0.0808766585157149,
        0.003679754899587828,
        0.04362043206202171,
        0.11538568111029812,
        0.004804463034480566,
        0.0026245677827676506,
        0.005680026763171142,
        0.16635291529678087,
        0.0022671184821732027,
        0.005214875585974887,
        0.03135305700530944,
        0.0007652359799086295,
        0.02304036238910312,
        0.004799340079079895,
        0.007949207085279464,
        0.002997501185551088,
        0.004992445859737016,
        0.005961634254347259,
        0.0005531140412806668,
        0.009943990742232622,
        0.029504364397866634,
        0.0063926351174997675,
        0.004159685061847274,
        0.0025214114056140158,
        0.012121214397840863,
        0.0008972652267936754,
        0.030954589025140145,
        0.0016322141065983065
      ]
    },
    "num_results": 32
  },
  "denoising": {
    "metrics": {
      "mean": 0.018089927851929817,
      "std": 0.02623425916732237,
      "count": 32,
      "values": [
        0.012410191298887652,
        0.0035558725600567387,
        0.03616062206520443,
        0.07518277460342959,
        0.048657786452862783,
        0.003777290737364547,
        0.03827386690968382,
        0.08306159140638325,
        0.004774551101770719,
        0.002141181390160174,
        0.004702054444232773,
        0.10948929674481944,
        0.002093374912805812,
        0.004076062544819847,
        0.0281417289707373,
        0.0007954593637019558,
        0.0216120999510383,
        0.004140387101384868,
        0.006529186225362249,
        0.0027934534483123885,
        0.00337449730150452,
        0.005508343906338475,
        0.0006055981876089689,
        0.008334171663620049,
        0.019045156911738803,
        0.005474612490817599,
        0.0036820130623007596,
        0.0020764897094120993,
        0.012626750896709726,
        0.0010165238693499168,
        0.023515383215005015,
        0.0012493178143295758
      ]
    },
    "num_results": 32
  },
  "target_metric_score": 0.024853413324041597,
  "timestamp": "2025-06-04T19:28:45.984192"
}