{
  "experiment_name": "candidate_q_net_0_neuron_27",
  "coalition_neurons": [
    "q_net.0_neuron_4",
    "q_net.2_neuron_62",
    "q_net.0_neuron_14",
    "q_net.2_neuron_59",
    "q_net.0_neuron_20",
    "q_net.2_neuron_15",
    "q_net.0_neuron_33",
    "q_net.0_neuron_29",
    "q_net.0_neuron_24",
    "q_net.0_neuron_27"
  ],
  "patch_config": {
    "q_net.0": [
      4,
      14,
      20,
      33,
      29,
      24,
      27
    ],
    "q_net.2": [
      62,
      59,
      15
    ]
  },
  "noising": {
    "metrics": {
      "mean": 0.020834065751624446,
      "std": 0.034908663973283204,
      "count": 32,
      "values": [
        0.012669917493110638,
        0.0012511114335581608,
        0.0430448072802726,
        0.09518268662757656,
        0.06765187606972856,
        0.0011004497860237494,
        0.03981297623183189,
        0.1031023796437105,
        0.004983212478923971,
        0.0006376982881046711,
        0.0028097967415871006,
        0.14953560581356884,
        0.0012576232704596402,
        0.0007393644801764188,
        0.030514407530613297,
        0.0004934065378330299,
        0.02354472168654187,
        0.00621437223732324,
        0.0073166095914075635,
        0.0013200821889368664,
        0.0022599190700385297,
        0.003717827322457401,
        5.929213558686364e-06,
        0.0036607786816857946,
        0.015446628594516287,
        0.006917316301310872,
        0.0018247328980205424,
        0.0014530779871773092,
        0.015672527403751357,
        0.0004101134644325377,
        0.021719020265982825,
        0.00041912743776095773
      ]
    },
    "num_results": 32
  },
  "denoising": {
    "metrics": {
      "mean": 0.016244255431485985,
      "std": 0.024781679387715787,
      "count": 32,
      "values": [
        0.01029566515440361,
        0.0012505818807996283,
        0.0354483811014894,
        0.07077083019885655,
        0.04932564872867351,
        0.0011724835026172276,
        0.036880324668199904,
        0.07442499649507772,
        0.004745537711321246,
        0.0005129945359622079,
        0.0022658706793745598,
        0.1004033713055259,
        0.0011733667099822487,
        0.0005849739186165603,
        0.02846389757307355,
        0.0005495838367978179,
        0.022109541184593073,
        0.005279318368110797,
        0.006180656633524406,
        0.0011134748858908639,
        0.001534112549806732,
        0.003512117238151813,
        9.294567536510812e-06,
        0.0030690190309011767,
        0.013286593930007862,
        0.004901439584387379,
        0.0015898567073182601,
        0.0011824904525662427,
        0.017937274603442077,
        0.0005202988911608974,
        0.019029926510086725,
        0.0002922506692950577
      ]
    },
    "num_results": 32
  },
  "target_metric_score": 0.020834065751624446,
  "timestamp": "2025-06-04T19:28:42.600888"
}