{
  "experiment_name": "candidate_q_net_0_neuron_7",
  "coalition_neurons": [
    "q_net.0_neuron_4",
    "q_net.2_neuron_62",
    "q_net.0_neuron_14",
    "q_net.2_neuron_59",
    "q_net.0_neuron_20",
    "q_net.2_neuron_15",
    "q_net.0_neuron_33",
    "q_net.0_neuron_29",
    "q_net.0_neuron_24",
    "q_net.2_neuron_52",
    "q_net.0_neuron_47",
    "q_net.0_neuron_36",
    "q_net.0_neuron_5",
    "q_net.2_neuron_41",
    "q_net.0_neuron_13",
    "q_net.0_neuron_38",
    "q_net.0_neuron_1",
    "q_net.0_neuron_12",
    "q_net.0_neuron_61",
    "q_net.2_neuron_25",
    "q_net.0_neuron_45",
    "q_net.2_neuron_50",
    "q_net.0_neuron_60",
    "q_net.0_neuron_51",
    "q_net.0_neuron_62",
    "q_net.0_neuron_18",
    "q_net.2_neuron_46",
    "q_net.0_neuron_7"
  ],
  "patch_config": {
    "q_net.0": [
      4,
      14,
      20,
      33,
      29,
      24,
      47,
      36,
      5,
      13,
      38,
      1,
      12,
      61,
      45,
      60,
      51,
      62,
      18,
      7
    ],
    "q_net.2": [
      62,
      59,
      15,
      52,
      41,
      25,
      50,
      46
    ]
  },
  "noising": {
    "metrics": {
      "mean": 0.034918098537719704,
      "std": 0.051190086833862364,
      "count": 32,
      "values": [
        0.0250134644870057,
        0.002972450508961999,
        0.064137798084137,
        0.1348908125953825,
        0.1212271557001432,
        0.009271556952512361,
        0.05281285442894723,
        0.14865845893037188,
        0.005506469145962978,
        0.0070658404109642525,
        0.025948779447974912,
        0.21784832359117046,
        0.0037350398300824983,
        0.002782333418560934,
        0.03142089773799517,
        0.0027970079255844604,
        0.03157212783602592,
        0.0064037168615509454,
        0.005997612382770412,
        0.0017324114492445197,
        0.006227837887382792,
        0.00461035845962976,
        0.0006670003369084743,
        0.004977533625481256,
        0.07094322048347623,
        0.014768879051862527,
        0.007212872656201186,
        0.005312695002336998,
        0.047811781704403145,
        0.0016461931228113347,
        0.04720366235027584,
        0.004202006800911651
      ]
    },
    "num_results": 32
  },
  "denoising": {
    "metrics": {
      "mean": 0.023821267144938745,
      "std": 0.031176675918506504,
      "count": 32,
      "values": [
        0.016726589269328684,
        0.0031562672959228877,
        0.04668520343343974,
        0.08314071451972704,
        0.06925132447835225,
        0.009447635294229428,
        0.04365431117464946,
        0.09544012642008348,
        0.00540466429479336,
        0.007520226774537786,
        0.023359375405160088,
        0.1334912377011137,
        0.003632396124339854,
        0.0029892037066074906,
        0.027257213894512966,
        0.002832388480232706,
        0.025241211631577998,
        0.0051074765620309215,
        0.0047182486392538525,
        0.0022303933930357678,
        0.00621191757145112,
        0.004356838122256845,
        0.0008161988169945733,
        0.00521801078404327,
        0.03934317264130671,
        0.012016730335091319,
        0.005526547288530637,
        0.005079284258373784,
        0.035660007823044015,
        0.001728932135769301,
        0.030623251712111443,
        0.004413448656137353
      ]
    },
    "num_results": 32
  },
  "target_metric_score": 0.034918098537719704,
  "timestamp": "2025-06-04T19:29:16.316560"
}