{
  "experiment_name": "candidate_q_net_2_neuron_35",
  "coalition_neurons": [
    "q_net.0_neuron_4",
    "q_net.2_neuron_62",
    "q_net.0_neuron_14",
    "q_net.2_neuron_59",
    "q_net.0_neuron_20",
    "q_net.2_neuron_15",
    "q_net.0_neuron_33",
    "q_net.0_neuron_29",
    "q_net.0_neuron_24",
    "q_net.2_neuron_52",
    "q_net.0_neuron_47",
    "q_net.2_neuron_35"
  ],
  "patch_config": {
    "q_net.0": [
      4,
      14,
      20,
      33,
      29,
      24,
      47
    ],
    "q_net.2": [
      62,
      59,
      15,
      52,
      35
    ]
  },
  "noising": {
    "metrics": {
      "mean": 0.024067511860621008,
      "std": 0.0378739430948087,
      "count": 32,
      "values": [
        0.01704708843575653,
        0.0033352416246775762,
        0.0485950207271606,
        0.11394369937557336,
        0.08201814972740473,
        0.0034381651173223116,
        0.04375908434832132,
        0.10874397937092595,
        0.0058629601870935355,
        0.0030754001266557474,
        0.004463013133391369,
        0.15753679949530575,
        0.0020908864258362136,
        0.004491388048746381,
        0.03346663199985367,
        0.0007657289768383535,
        0.02519982648347263,
        0.005455602167938611,
        0.008151082295875467,
        0.0030490222017197643,
        0.006561817230355982,
        0.005944289526085056,
        0.0005317452459733252,
        0.008532298304490205,
        0.012519419519319452,
        0.008473347108265639,
        0.003641415484697319,
        0.002831251459500028,
        0.011871766147958374,
        0.0009587324774460448,
        0.03157728578188368,
        0.0022282409840272965
      ]
    },
    "num_results": 32
  },
  "denoising": {
    "metrics": {
      "mean": 0.01811261723886643,
      "std": 0.026609403371054312,
      "count": 32,
      "values": [
        0.012579664098389176,
        0.0031501627056907955,
        0.03593365642788904,
        0.07515462402879924,
        0.049166163302892585,
        0.003807713885238595,
        0.03835516343286871,
        0.08300662653427016,
        0.00573490007344335,
        0.00259113194109295,
        0.003942864226525344,
        0.11276689493493919,
        0.0019302637962661517,
        0.0038026380815586736,
        0.030064795431248514,
        0.0007959566390037809,
        0.02225747693533331,
        0.004815958896755568,
        0.006632681519232908,
        0.0028100173196387024,
        0.004764921802820066,
        0.0055046633121884625,
        0.000582779296291358,
        0.006956196087132938,
        0.01067084604929558,
        0.007265153102405941,
        0.0034529854500993107,
        0.00250071867771795,
        0.012358859049413584,
        0.001089088458872789,
        0.023390220036338727,
        0.0017679661100723498
      ]
    },
    "num_results": 32
  },
  "target_metric_score": 0.024067511860621008,
  "timestamp": "2025-06-04T19:28:47.156707"
}