{
  "experiment_name": "candidate_q_net_0_neuron_59",
  "coalition_neurons": [
    "q_net.0_neuron_4",
    "q_net.2_neuron_62",
    "q_net.0_neuron_14",
    "q_net.2_neuron_59",
    "q_net.0_neuron_20",
    "q_net.2_neuron_15",
    "q_net.0_neuron_33",
    "q_net.0_neuron_29",
    "q_net.0_neuron_24",
    "q_net.2_neuron_52",
    "q_net.0_neuron_47",
    "q_net.0_neuron_36",
    "q_net.0_neuron_5",
    "q_net.2_neuron_41",
    "q_net.0_neuron_13",
    "q_net.0_neuron_38",
    "q_net.0_neuron_1",
    "q_net.0_neuron_12",
    "q_net.0_neuron_61",
    "q_net.2_neuron_25",
    "q_net.0_neuron_45",
    "q_net.2_neuron_50",
    "q_net.0_neuron_60",
    "q_net.0_neuron_51",
    "q_net.0_neuron_62",
    "q_net.0_neuron_18",
    "q_net.2_neuron_46",
    "q_net.0_neuron_40",
    "q_net.0_neuron_58",
    "q_net.0_neuron_59"
  ],
  "patch_config": {
    "q_net.0": [
      4,
      14,
      20,
      33,
      29,
      24,
      47,
      36,
      5,
      13,
      38,
      1,
      12,
      61,
      45,
      60,
      51,
      62,
      18,
      40,
      58,
      59
    ],
    "q_net.2": [
      62,
      59,
      15,
      52,
      41,
      25,
      50,
      46
    ]
  },
  "noising": {
    "metrics": {
      "mean": 0.0374989178240704,
      "std": 0.0515062955566989,
      "count": 32,
      "values": [
        0.028905796458559507,
        0.009778593300159955,
        0.06730048612757855,
        0.1377322235331695,
        0.1241182823916619,
        0.00645202721475413,
        0.054965408968474794,
        0.15643124176752987,
        0.006564117111070411,
        0.0060739084876441085,
        0.01934439279023259,
        0.21784832359117046,
        0.003025889233371881,
        0.0073569545506838585,
        0.03811613690823645,
        0.003104051308789435,
        0.032914405852230044,
        0.0064037168615509454,
        0.008653136981049747,
        0.005528288650764046,
        0.010250922685340225,
        0.005057001272581019,
        0.0007801536304870016,
        0.023661305509550146,
        0.07165258393678231,
        0.03294744618223511,
        0.006190532716825015,
        0.002566600564690269,
        0.049024775775801555,
        0.0016915894234585949,
        0.049550818296183685,
        0.00597425828763587
      ]
    },
    "num_results": 32
  },
  "denoising": {
    "metrics": {
      "mean": 0.02612271579064978,
      "std": 0.03304593836453897,
      "count": 32,
      "values": [
        0.01997320668313729,
        0.007767194712712477,
        0.05253743236282016,
        0.10273900768756772,
        0.07444453021387543,
        0.006768236130506922,
        0.05076207158769097,
        0.09831103484510817,
        0.006304033609390358,
        0.0043980484111888485,
        0.010978168824254286,
        0.1334912377011137,
        0.0026815099043525636,
        0.005687629999836852,
        0.03595455391606983,
        0.0032415941933280346,
        0.02545608136185229,
        0.0051074765620309215,
        0.006825819088205343,
        0.0065874414806673665,
        0.006435420291173943,
        0.004727752375153771,
        0.0007954750549670209,
        0.0156554002318523,
        0.03811977075892636,
        0.02614544019160303,
        0.005574817086129502,
        0.0017278215431630883,
        0.03853648950172883,
        0.0017783561360521505,
        0.03303160175609299,
        0.0033822510982404186
      ]
    },
    "num_results": 32
  },
  "target_metric_score": 0.0374989178240704,
  "timestamp": "2025-06-04T19:29:20.489872"
}