{
  "experiment_name": "candidate_q_net_2_neuron_10",
  "coalition_neurons": [
    "q_net.0_neuron_4",
    "q_net.2_neuron_62",
    "q_net.0_neuron_14",
    "q_net.2_neuron_59",
    "q_net.0_neuron_20",
    "q_net.2_neuron_15",
    "q_net.0_neuron_33",
    "q_net.0_neuron_29",
    "q_net.0_neuron_24",
    "q_net.2_neuron_52",
    "q_net.0_neuron_47",
    "q_net.0_neuron_36",
    "q_net.0_neuron_5",
    "q_net.2_neuron_41",
    "q_net.0_neuron_13",
    "q_net.0_neuron_38",
    "q_net.0_neuron_1",
    "q_net.0_neuron_12",
    "q_net.0_neuron_61",
    "q_net.2_neuron_10"
  ],
  "patch_config": {
    "q_net.0": [
      4,
      14,
      20,
      33,
      29,
      24,
      47,
      36,
      5,
      13,
      38,
      1,
      12,
      61
    ],
    "q_net.2": [
      62,
      59,
      15,
      52,
      41,
      10
    ]
  },
  "noising": {
    "metrics": {
      "mean": 0.029562206086301092,
      "std": 0.042996022406301126,
      "count": 32,
      "values": [
        0.021952508056868103,
        0.007747313688198587,
        0.055705743534438024,
        0.1293318245284344,
        0.10488099458783773,
        0.008962515475690935,
        0.044699098305281515,
        0.11785103027045785,
        0.0053607321292363785,
        0.004838023525028046,
        0.013215566995018246,
        0.18294178732666555,
        0.0030670811539510456,
        0.0064755594104835,
        0.03285261649960558,
        0.0011087845243411554,
        0.031309422959701405,
        0.004317443062529458,
        0.007455104334142093,
        0.005376496411390597,
        0.0070255599446306105,
        0.006476616309077032,
        0.0007940799057861714,
        0.018557162809727745,
        0.03638391102550764,
        0.01189013920677584,
        0.0072042195986267155,
        0.003228902857930094,
        0.0219050394928908,
        0.001007969770203676,
        0.03753185604771425,
        0.004535491013464177
      ]
    },
    "num_results": 32
  },
  "denoising": {
    "metrics": {
      "mean": 0.020746537839457246,
      "std": 0.028349734558381696,
      "count": 32,
      "values": [
        0.014801094730962694,
        0.006459215523686224,
        0.04122053376303647,
        0.08350998963309353,
        0.05848251376163227,
        0.009582065949086171,
        0.03778373386191747,
        0.08430582269354348,
        0.005175077647373905,
        0.0036163973225036283,
        0.006655540919370706,
        0.12268785195701071,
        0.002708819824976505,
        0.00460825576444901,
        0.028379847714509188,
        0.0011593034744157293,
        0.026399543382679802,
        0.0040433543055138355,
        0.006463152016861318,
        0.0065361273088236915,
        0.004468100162937527,
        0.006055346572552023,
        0.0008451362073262914,
        0.013116105269550316,
        0.02044236109137887,
        0.010001900705676192,
        0.005645791208193085,
        0.002420385415300985,
        0.016613849294988325,
        0.0010931211117045647,
        0.025924024134591384,
        0.002684848132985973
      ]
    },
    "num_results": 32
  },
  "target_metric_score": 0.029562206086301092,
  "timestamp": "2025-06-04T19:29:00.841529"
}