{
  "experiment_name": "candidate_q_net_0_neuron_58",
  "coalition_neurons": [
    "q_net.0_neuron_4",
    "q_net.2_neuron_62",
    "q_net.0_neuron_14",
    "q_net.2_neuron_59",
    "q_net.0_neuron_20",
    "q_net.2_neuron_15",
    "q_net.0_neuron_33",
    "q_net.0_neuron_29",
    "q_net.0_neuron_24",
    "q_net.2_neuron_52",
    "q_net.0_neuron_47",
    "q_net.0_neuron_36",
    "q_net.0_neuron_5",
    "q_net.2_neuron_41",
    "q_net.0_neuron_58"
  ],
  "patch_config": {
    "q_net.0": [
      4,
      14,
      20,
      33,
      29,
      24,
      47,
      36,
      5,
      58
    ],
    "q_net.2": [
      62,
      59,
      15,
      52,
      41
    ]
  },
  "noising": {
    "metrics": {
      "mean": 0.026844950078517518,
      "std": 0.041547047133858095,
      "count": 32,
      "values": [
        0.020213356076719702,
        0.0044597271589016385,
        0.05041674160388465,
        0.11181413164899479,
        0.10183262997381448,
        0.003545031172166646,
        0.044295596446048746,
        0.12168314724513674,
        0.005666065286716759,
        0.002960828185631037,
        0.005297136549584969,
        0.17548247055179278,
        0.002408230696962832,
        0.004747912893557027,
        0.0345474076731227,
        0.0009649272480553028,
        0.033255539692445324,
        0.0048397017903637485,
        0.011223395678952808,
        0.002443074754137964,
        0.005938296393585452,
        0.006860124926307387,
        0.00040234877566125427,
        0.009781121123532466,
        0.016506222520656477,
        0.015127383048216592,
        0.003405048926022447,
        0.0024572585630273647,
        0.016551899844434836,
        0.000981693673825501,
        0.03674097993353276,
        0.002188972456767413
      ]
    },
    "num_results": 32
  },
  "denoising": {
    "metrics": {
      "mean": 0.02009010098407798,
      "std": 0.02866465786379495,
      "count": 32,
      "values": [
        0.015878932277126223,
        0.004326983460024469,
        0.037404983692071014,
        0.08450436778178361,
        0.060973016094191146,
        0.002825186013180825,
        0.041409430153431015,
        0.08598843902239928,
        0.005450389448304893,
        0.0024729199960108472,
        0.00475389078092836,
        0.11860087096436955,
        0.002235771176740342,
        0.004011843347788369,
        0.03389663347796734,
        0.0010051685366120333,
        0.02835875754248196,
        0.004329702661767021,
        0.009797946878169594,
        0.0030939457948430116,
        0.004233603916648843,
        0.006213686613183889,
        0.0004740132528563423,
        0.00828228167601841,
        0.012589905554886593,
        0.011106905476772178,
        0.0029800031039751707,
        0.0021108950995486486,
        0.013838534592764296,
        0.0011212562864070241,
        0.026885853615448818,
        0.0017271132017941948
      ]
    },
    "num_results": 32
  },
  "target_metric_score": 0.026844950078517518,
  "timestamp": "2025-06-04T19:28:51.234526"
}