{
  "experiment_name": "candidate_q_net_2_neuron_0",
  "coalition_neurons": [
    "q_net.0_neuron_4",
    "q_net.2_neuron_62",
    "q_net.0_neuron_14",
    "q_net.2_neuron_59",
    "q_net.0_neuron_20",
    "q_net.2_neuron_15",
    "q_net.0_neuron_33",
    "q_net.0_neuron_29",
    "q_net.0_neuron_24",
    "q_net.2_neuron_52",
    "q_net.0_neuron_47",
    "q_net.2_neuron_0"
  ],
  "patch_config": {
    "q_net.0": [
      4,
      14,
      20,
      33,
      29,
      24,
      47
    ],
    "q_net.2": [
      62,
      59,
      15,
      52,
      0
    ]
  },
  "noising": {
    "metrics": {
      "mean": 0.024476758518305188,
      "std": 0.03930143995937596,
      "count": 32,
      "values": [
        0.01704708843575653,
        0.003441053224305324,
        0.0485950207271606,
        0.11394369937557336,
        0.08201814972740473,
        0.004811395587319245,
        0.043674922583471054,
        0.11608746691087724,
        0.004849080981140896,
        0.0019943330977798546,
        0.004548796251648057,
        0.16545091778031085,
        0.0021165312976636486,
        0.0030534496542485856,
        0.03092365392573504,
        0.000733471906501415,
        0.02519982648347263,
        0.0047600727331639225,
        0.008151082295875467,
        0.00294107466970861,
        0.00476978727494215,
        0.005944289526085056,
        0.0009132932227902124,
        0.00809460254742611,
        0.01632683923359124,
        0.007058322188132737,
        0.004021063247317769,
        0.0021394721447206555,
        0.015137539399141753,
        0.001203520650372103,
        0.03157728578188368,
        0.0017291697202455047
      ]
    },
    "num_results": 32
  },
  "denoising": {
    "metrics": {
      "mean": 0.017854972775704823,
      "std": 0.026220382819525843,
      "count": 32,
      "values": [
        0.012579664098389176,
        0.003240344979120069,
        0.03593365642788904,
        0.07515462402879924,
        0.049166163302892585,
        0.00501653799222368,
        0.03826942110650278,
        0.08311650961630834,
        0.004803168517593437,
        0.0016389921295781873,
        0.004239371613978138,
        0.10904119142639024,
        0.0019519069650282272,
        0.0024485243778002985,
        0.025848996420513082,
        0.000757196881959854,
        0.02225747693533331,
        0.004109739216619168,
        0.006632681519232908,
        0.0025859794394529345,
        0.0032166172575449625,
        0.0055046633121884625,
        0.0009483970290478094,
        0.006703100521778027,
        0.01268693408504995,
        0.0061115834337373,
        0.0037849631680642037,
        0.001760324382106826,
        0.015820013234604358,
        0.0013472297792599397,
        0.023390220036338727,
        0.0012929355872290937
      ]
    },
    "num_results": 32
  },
  "target_metric_score": 0.024476758518305188,
  "timestamp": "2025-06-04T19:28:46.862940"
}