{
  "experiment_name": "candidate_q_net_0_neuron_58",
  "coalition_neurons": [
    "q_net.0_neuron_4",
    "q_net.2_neuron_62",
    "q_net.0_neuron_14",
    "q_net.2_neuron_59",
    "q_net.0_neuron_20",
    "q_net.2_neuron_15",
    "q_net.0_neuron_33",
    "q_net.0_neuron_29",
    "q_net.0_neuron_24",
    "q_net.2_neuron_52",
    "q_net.0_neuron_47",
    "q_net.0_neuron_36",
    "q_net.0_neuron_5",
    "q_net.2_neuron_41",
    "q_net.0_neuron_13",
    "q_net.0_neuron_38",
    "q_net.0_neuron_58"
  ],
  "patch_config": {
    "q_net.0": [
      4,
      14,
      20,
      33,
      29,
      24,
      47,
      36,
      5,
      13,
      38,
      58
    ],
    "q_net.2": [
      62,
      59,
      15,
      52,
      41
    ]
  },
  "noising": {
    "metrics": {
      "mean": 0.028181322327441104,
      "std": 0.04262117807557159,
      "count": 32,
      "values": [
        0.01983192681152468,
        0.006241548359941729,
        0.05310834719009572,
        0.11800391085472706,
        0.11095896372883285,
        0.0042433412457000275,
        0.04584096948394456,
        0.12270197769226798,
        0.005597411864006974,
        0.0030499007305797576,
        0.006061459788698875,
        0.17700633938860677,
        0.00231695182459013,
        0.004662214929994302,
        0.03564288461580656,
        0.0009725460768498229,
        0.031586235073015945,
        0.004582580681105508,
        0.010945698565474449,
        0.0029587963640238524,
        0.0060621499230056886,
        0.006506494278844643,
        0.0003349632822475801,
        0.01561535593259511,
        0.026379275767240862,
        0.01483771588449434,
        0.004120161474736372,
        0.0016714743402121979,
        0.018029523313590756,
        0.0010259028180441554,
        0.037822200771840286,
        0.003083091421475781
      ]
    },
    "num_results": 32
  },
  "denoising": {
    "metrics": {
      "mean": 0.02014550404032569,
      "std": 0.028436603235740984,
      "count": 32,
      "values": [
        0.014689562620145313,
        0.005378089459505131,
        0.0393039636772512,
        0.08368104379533192,
        0.061935278195401344,
        0.0033934958141664806,
        0.04095244782687468,
        0.08574154919262889,
        0.005391981072796037,
        0.0024139141575678646,
        0.004472737239215041,
        0.11730219917742657,
        0.0020894472952946996,
        0.003458887737812333,
        0.03369934680056119,
        0.001011624411240808,
        0.025892387593972832,
        0.004076125076090786,
        0.00927396367578226,
        0.003935897319623294,
        0.003986714011301351,
        0.005929740589060817,
        0.0003991638637952377,
        0.011243946985410647,
        0.01785828921283794,
        0.010241411775120168,
        0.00366003071837695,
        0.001302619914004599,
        0.013571069370504008,
        0.001161350792761362,
        0.02515262208608937,
        0.0020552278324709183
      ]
    },
    "num_results": 32
  },
  "target_metric_score": 0.028181322327441104,
  "timestamp": "2025-06-04T19:28:54.971867"
}