{
  "experiment_name": "candidate_q_net_2_neuron_33",
  "coalition_neurons": [
    "q_net.0_neuron_4",
    "q_net.2_neuron_62",
    "q_net.0_neuron_14",
    "q_net.2_neuron_59",
    "q_net.0_neuron_20",
    "q_net.2_neuron_15",
    "q_net.0_neuron_33",
    "q_net.0_neuron_29",
    "q_net.0_neuron_24",
    "q_net.2_neuron_52",
    "q_net.0_neuron_47",
    "q_net.0_neuron_36",
    "q_net.0_neuron_5",
    "q_net.2_neuron_41",
    "q_net.0_neuron_13",
    "q_net.0_neuron_38",
    "q_net.0_neuron_1",
    "q_net.0_neuron_12",
    "q_net.0_neuron_61",
    "q_net.2_neuron_25",
    "q_net.0_neuron_45",
    "q_net.2_neuron_50",
    "q_net.0_neuron_60",
    "q_net.0_neuron_51",
    "q_net.0_neuron_62",
    "q_net.2_neuron_33"
  ],
  "patch_config": {
    "q_net.0": [
      4,
      14,
      20,
      33,
      29,
      24,
      47,
      36,
      5,
      13,
      38,
      1,
      12,
      61,
      45,
      60,
      51,
      62
    ],
    "q_net.2": [
      62,
      59,
      15,
      52,
      41,
      25,
      50,
      33
    ]
  },
  "noising": {
    "metrics": {
      "mean": 0.03384215031914826,
      "std": 0.048826804901037996,
      "count": 32,
      "values": [
        0.02259142344257692,
        0.0094585767566302,
        0.06097007086578354,
        0.13145392750248674,
        0.11815831624741358,
        0.00881622004259408,
        0.05009995900100206,
        0.13899643325849498,
        0.005426801751729493,
        0.005705059164051507,
        0.01742357012462714,
        0.21147923620004927,
        0.003321121236938951,
        0.006517718056996968,
        0.029334142737064917,
        0.00194839852790063,
        0.029800560706836565,
        0.005884662613169667,
        0.004701666585887665,
        0.005338543076802482,
        0.009431748938638851,
        0.00466845575218211,
        0.0006421151085798105,
        0.02269425509671541,
        0.06278346322194117,
        0.014061614200458039,
        0.0068862095104448295,
        0.003233934432961494,
        0.04641403106693898,
        0.001221195085662874,
        0.0385909368316536,
        0.00489444306752973
      ]
    },
    "num_results": 32
  },
  "denoising": {
    "metrics": {
      "mean": 0.023061028051833812,
      "std": 0.03078246207589175,
      "count": 32,
      "values": [
        0.015180808550416702,
        0.007683487459163585,
        0.04591402090058849,
        0.08090408713388841,
        0.07080342208079538,
        0.008967909717591649,
        0.04154137419443005,
        0.09213426837552363,
        0.005326390961414629,
        0.004147941806000088,
        0.008824995477046182,
        0.1334846341731346,
        0.0029410176999442594,
        0.004850565128021289,
        0.02539436726762634,
        0.002046930417515802,
        0.024545821770411314,
        0.0049017716096957376,
        0.0037385657343412815,
        0.006154718618876287,
        0.0058283511728524084,
        0.0043972518085639845,
        0.0007657495753840005,
        0.015887585579344665,
        0.03620553866671272,
        0.011510722206695467,
        0.005303944388811432,
        0.0021570926165754845,
        0.03618181156156608,
        0.0013652529061726204,
        0.02621441809114855,
        0.002648080008428866
      ]
    },
    "num_results": 32
  },
  "target_metric_score": 0.03384215031914826,
  "timestamp": "2025-06-04T19:29:12.928219"
}