{
  "experiment_name": "candidate_q_net_2_neuron_35",
  "coalition_neurons": [
    "q_net.0_neuron_4",
    "q_net.2_neuron_62",
    "q_net.0_neuron_14",
    "q_net.2_neuron_59",
    "q_net.0_neuron_20",
    "q_net.2_neuron_15",
    "q_net.0_neuron_33",
    "q_net.0_neuron_29",
    "q_net.0_neuron_24",
    "q_net.2_neuron_52",
    "q_net.0_neuron_47",
    "q_net.0_neuron_36",
    "q_net.0_neuron_5",
    "q_net.2_neuron_41",
    "q_net.0_neuron_13",
    "q_net.0_neuron_38",
    "q_net.0_neuron_1",
    "q_net.0_neuron_12",
    "q_net.0_neuron_61",
    "q_net.2_neuron_25",
    "q_net.0_neuron_45",
    "q_net.2_neuron_50",
    "q_net.0_neuron_60",
    "q_net.0_neuron_51",
    "q_net.0_neuron_62",
    "q_net.0_neuron_18",
    "q_net.2_neuron_46",
    "q_net.2_neuron_35"
  ],
  "patch_config": {
    "q_net.0": [
      4,
      14,
      20,
      33,
      29,
      24,
      47,
      36,
      5,
      13,
      38,
      1,
      12,
      61,
      45,
      60,
      51,
      62,
      18
    ],
    "q_net.2": [
      62,
      59,
      15,
      52,
      41,
      25,
      50,
      46,
      35
    ]
  },
  "noising": {
    "metrics": {
      "mean": 0.03487642524458184,
      "std": 0.04817870604922862,
      "count": 32,
      "values": [
        0.0250134644870057,
        0.009639355393669669,
        0.064137798084137,
        0.1348908125953825,
        0.1212271557001432,
        0.007720372864418401,
        0.05281285442894723,
        0.13847148878799653,
        0.006583363793781105,
        0.007820100129529162,
        0.01859961657647491,
        0.20437434899290663,
        0.0033217288847524618,
        0.007966161857939968,
        0.03142089773799517,
        0.0027970079255844604,
        0.03157212783602592,
        0.007716027573832829,
        0.005997612382770412,
        0.005764236733556194,
        0.012278281801707647,
        0.004750348729624987,
        0.0007806649926159759,
        0.021891866501006607,
        0.06101348673651441,
        0.01714471462831102,
        0.006694251400046536,
        0.0040943751554691765,
        0.04525965961361966,
        0.0016461931228113347,
        0.04720366235027584,
        0.0054415700277664625
      ]
    },
    "num_results": 32
  },
  "denoising": {
    "metrics": {
      "mean": 0.02428991313884888,
      "std": 0.031634789728405825,
      "count": 32,
      "values": [
        0.016726589269328684,
        0.008003161326205599,
        0.04668520343343974,
        0.08314071451972704,
        0.06925132447835225,
        0.008230960626274153,
        0.04365431117464946,
        0.09608585630197197,
        0.006382357500005931,
        0.005989566322611828,
        0.010571735432566065,
        0.13994920005640732,
        0.0029601134229175763,
        0.006334464958895336,
        0.027257213894512966,
        0.002832388480232706,
        0.025241211631577998,
        0.0062350633672159095,
        0.0047182486392538525,
        0.006714625400332852,
        0.00841684568353207,
        0.004356838122256845,
        0.0009283355271269,
        0.015852462554588054,
        0.03632499366332076,
        0.014301840880636796,
        0.005381895034653472,
        0.0030614251733563913,
        0.035958297644677506,
        0.001728932135769301,
        0.030623251712111443,
        0.0033777920746553836
      ]
    },
    "num_results": 32
  },
  "target_metric_score": 0.03487642524458184,
  "timestamp": "2025-06-04T19:29:17.882040"
}