{
  "experiment_name": "candidate_q_net_2_neuron_16",
  "coalition_neurons": [
    "q_net.0_neuron_4",
    "q_net.2_neuron_62",
    "q_net.0_neuron_14",
    "q_net.2_neuron_59",
    "q_net.0_neuron_20",
    "q_net.2_neuron_15",
    "q_net.0_neuron_33",
    "q_net.0_neuron_29",
    "q_net.0_neuron_24",
    "q_net.2_neuron_52",
    "q_net.0_neuron_47",
    "q_net.0_neuron_36",
    "q_net.0_neuron_5",
    "q_net.2_neuron_41",
    "q_net.2_neuron_16"
  ],
  "patch_config": {
    "q_net.0": [
      4,
      14,
      20,
      33,
      29,
      24,
      47,
      36,
      5
    ],
    "q_net.2": [
      62,
      59,
      15,
      52,
      41,
      16
    ]
  },
  "noising": {
    "metrics": {
      "mean": 0.025635178925127476,
      "std": 0.03947957805650421,
      "count": 32,
      "values": [
        0.02008586528949885,
        0.0039663416868419565,
        0.04990595546149246,
        0.11377608845874121,
        0.08863274796660814,
        0.00472245741102062,
        0.04267867703759409,
        0.11497780973107186,
        0.005159405340606327,
        0.0024721468898680765,
        0.005763197864487646,
        0.16623610224815522,
        0.0022499961211315256,
        0.0039282412805194955,
        0.03257700556074217,
        0.0009646647730318092,
        0.03192850351621912,
        0.003999891278850698,
        0.009883303828221113,
        0.003005485767267113,
        0.004623737466229572,
        0.0073023102404310425,
        0.0006014839745513978,
        0.00721571572231372,
        0.017354863127150066,
        0.011444130335575897,
        0.004944090209050067,
        0.0023697358872086793,
        0.01901812584688123,
        0.0011800997272254365,
        0.03535115213734841,
        0.0020063934181442367
      ]
    },
    "num_results": 32
  },
  "denoising": {
    "metrics": {
      "mean": 0.0190857538982291,
      "std": 0.027461873625823,
      "count": 32,
      "values": [
        0.01498572757271277,
        0.003894942157271264,
        0.03700009610050714,
        0.07630554814592638,
        0.051956185742843,
        0.0047108942402571685,
        0.037528445205080696,
        0.08524503210825096,
        0.005035589910944771,
        0.0021016674154568094,
        0.005192367344712401,
        0.11800643774277442,
        0.0021268024509697447,
        0.0033643139504572206,
        0.0282661624758348,
        0.0010047365146538256,
        0.02742779132971651,
        0.003808599665518164,
        0.008028625928693134,
        0.003337451981488382,
        0.003433024756810399,
        0.006785878909556287,
        0.0006984132924434672,
        0.006468300093778523,
        0.013285482789547554,
        0.009790045235979816,
        0.004304753070787148,
        0.0020447507198886328,
        0.01560504943205765,
        0.0013406303270843134,
        0.026034279000815674,
        0.0016260991305121486
      ]
    },
    "num_results": 32
  },
  "target_metric_score": 0.025635178925127476,
  "timestamp": "2025-06-04T19:28:51.976291"
}