{
  "experiment_name": "candidate_q_net_2_neuron_25",
  "coalition_neurons": [
    "q_net.0_neuron_4",
    "q_net.2_neuron_62",
    "q_net.0_neuron_14",
    "q_net.2_neuron_59",
    "q_net.0_neuron_20",
    "q_net.2_neuron_15",
    "q_net.0_neuron_33",
    "q_net.0_neuron_29",
    "q_net.0_neuron_24",
    "q_net.2_neuron_52",
    "q_net.0_neuron_47",
    "q_net.0_neuron_36",
    "q_net.0_neuron_5",
    "q_net.2_neuron_41",
    "q_net.0_neuron_13",
    "q_net.0_neuron_38",
    "q_net.0_neuron_1",
    "q_net.2_neuron_25"
  ],
  "patch_config": {
    "q_net.0": [
      4,
      14,
      20,
      33,
      29,
      24,
      47,
      36,
      5,
      13,
      38,
      1
    ],
    "q_net.2": [
      62,
      59,
      15,
      52,
      41,
      25
    ]
  },
  "noising": {
    "metrics": {
      "mean": 0.03006635790673266,
      "std": 0.043207567156197314,
      "count": 32,
      "values": [
        0.01992853121874072,
        0.008996395949505631,
        0.054904029872304805,
        0.12866069520023937,
        0.11231663400078251,
        0.006952573822091468,
        0.0482877387731625,
        0.11988492093762959,
        0.006274092234870077,
        0.00415246718474549,
        0.011409519413261737,
        0.18031934072238798,
        0.0030874469673236593,
        0.005077187717688614,
        0.03778901144816116,
        0.0009871996182819753,
        0.032091901171467985,
        0.004793330502247839,
        0.0103264507251285,
        0.005496722414620292,
        0.00830021618090826,
        0.006487672457127447,
        0.0010326176077295468,
        0.023189926792646864,
        0.029348395624847257,
        0.012127287686378052,
        0.006205866916079716,
        0.002292502361265769,
        0.026891364430816855,
        0.001390239112715852,
        0.03802165396857038,
        0.005099519981717204
      ]
    },
    "num_results": 32
  },
  "denoising": {
    "metrics": {
      "mean": 0.021327556634248693,
      "std": 0.028664239648054587,
      "count": 32,
      "values": [
        0.014091537005961108,
        0.00730570360063254,
        0.04116589517644165,
        0.08426740301664715,
        0.06986457852716443,
        0.006730095108450573,
        0.0411956944127817,
        0.08219854993261055,
        0.00586515998473236,
        0.003121176034165951,
        0.005694212838819879,
        0.1204424455520483,
        0.002715367883706854,
        0.0036636288756264346,
        0.03262532828424369,
        0.001008061171124286,
        0.02630755889359271,
        0.00429120921543702,
        0.008283033211779145,
        0.006764249942011524,
        0.005133452960824791,
        0.005902376284125821,
        0.0011622821343155731,
        0.015101683140692601,
        0.02113853931972709,
        0.009851825644929257,
        0.005025918699196219,
        0.0017232250973724383,
        0.0196186707215954,
        0.0015214538083819784,
        0.025853654729629638,
        0.0028478410871894955
      ]
    },
    "num_results": 32
  },
  "target_metric_score": 0.03006635790673266,
  "timestamp": "2025-06-04T19:28:58.224359"
}