{
  "experiment_name": "candidate_q_net_2_neuron_19",
  "coalition_neurons": [
    "q_net.0_neuron_4",
    "q_net.2_neuron_62",
    "q_net.0_neuron_14",
    "q_net.2_neuron_59",
    "q_net.0_neuron_20",
    "q_net.2_neuron_15",
    "q_net.0_neuron_33",
    "q_net.0_neuron_29",
    "q_net.0_neuron_24",
    "q_net.2_neuron_52",
    "q_net.0_neuron_47",
    "q_net.0_neuron_36",
    "q_net.0_neuron_5",
    "q_net.2_neuron_19"
  ],
  "patch_config": {
    "q_net.0": [
      4,
      14,
      20,
      33,
      29,
      24,
      47,
      36,
      5
    ],
    "q_net.2": [
      62,
      59,
      15,
      52,
      19
    ]
  },
  "noising": {
    "metrics": {
      "mean": 0.026845571981712578,
      "std": 0.040221976815533036,
      "count": 32,
      "values": [
        0.01845063090210708,
        0.006710491866368962,
        0.049376149867629726,
        0.11887815997700002,
        0.10121637827739527,
        0.0031253602328205066,
        0.046792161157913514,
        0.11701356068736435,
        0.00499941001947013,
        0.00271258058027124,
        0.005485963081797607,
        0.16289394081071484,
        0.002350952272611617,
        0.005777935474816309,
        0.035384959474136224,
        0.0010050139926772728,
        0.03074945461584644,
        0.004537979180948115,
        0.008720255652214126,
        0.0037370811172446894,
        0.0053664139106403,
        0.004987631313580487,
        0.0003375991997760508,
        0.014920605926289743,
        0.023661992097101403,
        0.011148188510521684,
        0.00404870947828595,
        0.0028876009816681814,
        0.024176577961102064,
        0.0012190898710191522,
        0.03495246183324141,
        0.0014330130902280303
      ]
    },
    "num_results": 32
  },
  "denoising": {
    "metrics": {
      "mean": 0.019156024669995296,
      "std": 0.025741903639985752,
      "count": 32,
      "values": [
        0.01369076671154601,
        0.006250971181777976,
        0.036036840566394446,
        0.07549428232323141,
        0.05824455804798201,
        0.0031108117261162693,
        0.04076451311159357,
        0.08186890138364733,
        0.004862866105037611,
        0.0022198266154159763,
        0.004536423001911594,
        0.10198855319431277,
        0.0021900478283989333,
        0.004472416802205115,
        0.031400222475018724,
        0.0010068849772673083,
        0.026197609126252352,
        0.00397630813088834,
        0.007090338939259699,
        0.0040748213546757395,
        0.0036699777444352266,
        0.004533839402751316,
        0.00037446208801472647,
        0.011920795564543729,
        0.01930651944650985,
        0.009633377149174338,
        0.0034897737041110766,
        0.00239792439881259,
        0.019884962681824048,
        0.001376784694996136,
        0.025813707946046427,
        0.0011127010156968264
      ]
    },
    "num_results": 32
  },
  "target_metric_score": 0.026845571981712578,
  "timestamp": "2025-06-04T19:28:49.350585"
}