{
  "experiment_name": "candidate_q_net_2_neuron_6",
  "coalition_neurons": [
    "q_net.0_neuron_4",
    "q_net.2_neuron_62",
    "q_net.0_neuron_14",
    "q_net.2_neuron_59",
    "q_net.0_neuron_20",
    "q_net.2_neuron_15",
    "q_net.0_neuron_33",
    "q_net.0_neuron_29",
    "q_net.0_neuron_24",
    "q_net.2_neuron_52",
    "q_net.0_neuron_47",
    "q_net.0_neuron_36",
    "q_net.0_neuron_5",
    "q_net.2_neuron_41",
    "q_net.0_neuron_13",
    "q_net.0_neuron_38",
    "q_net.0_neuron_1",
    "q_net.0_neuron_12",
    "q_net.0_neuron_61",
    "q_net.2_neuron_25",
    "q_net.0_neuron_45",
    "q_net.2_neuron_6"
  ],
  "patch_config": {
    "q_net.0": [
      4,
      14,
      20,
      33,
      29,
      24,
      47,
      36,
      5,
      13,
      38,
      1,
      12,
      61,
      45
    ],
    "q_net.2": [
      62,
      59,
      15,
      52,
      41,
      25,
      6
    ]
  },
  "noising": {
    "metrics": {
      "mean": 0.03200803992735311,
      "std": 0.044909264123471175,
      "count": 32,
      "values": [
        0.021305693637505008,
        0.009189628867024457,
        0.05512405453934266,
        0.13427250325315132,
        0.11041849978404417,
        0.008700579719340684,
        0.047089219609180555,
        0.11790037253198149,
        0.005352676115389476,
        0.005846612117592076,
        0.015038447837705582,
        0.19186406707459347,
        0.0030509279063322126,
        0.0061642785889803875,
        0.03623977484970309,
        0.000915130362643235,
        0.028678440707045394,
        0.004016860416860668,
        0.007408171668762398,
        0.005837908110577605,
        0.00905914233927485,
        0.005148090618959156,
        0.0011682156133282495,
        0.022405112008408223,
        0.06284649103294726,
        0.013540899072872703,
        0.007507130213399216,
        0.0038512999573312445,
        0.043128053196350824,
        0.0011953914598182847,
        0.03523241114717379,
        0.004761193317679768
      ]
    },
    "num_results": 32
  },
  "denoising": {
    "metrics": {
      "mean": 0.02175109409626658,
      "std": 0.028781702506447984,
      "count": 32,
      "values": [
        0.014373629165623014,
        0.007471102232796123,
        0.040853043613346296,
        0.08356479472054668,
        0.06714356735816174,
        0.009035211967369339,
        0.039041775567186576,
        0.08173573648880672,
        0.005206634541472188,
        0.004255973256164114,
        0.007223215988160225,
        0.124272024158396,
        0.0027015595469270792,
        0.004481308812304019,
        0.029147723956099103,
        0.0009402393896512651,
        0.023856428770058558,
        0.003470104641033034,
        0.006012512591765051,
        0.0068252234413077595,
        0.005549204831929888,
        0.004813033020596547,
        0.0012761519152540979,
        0.01517988325122488,
        0.03285576045078087,
        0.010893553549990553,
        0.005872025428788397,
        0.002839643456070906,
        0.02748913138996334,
        0.0012719021987022128,
        0.02377011190465561,
        0.0026127994753983863
      ]
    },
    "num_results": 32
  },
  "target_metric_score": 0.03200803992735311,
  "timestamp": "2025-06-04T19:29:05.881304"
}