{
  "experiment_name": "candidate_q_net_0_neuron_3",
  "coalition_neurons": [
    "q_net.0_neuron_4",
    "q_net.2_neuron_62",
    "q_net.0_neuron_14",
    "q_net.2_neuron_59",
    "q_net.0_neuron_20",
    "q_net.2_neuron_15",
    "q_net.0_neuron_33",
    "q_net.0_neuron_29",
    "q_net.0_neuron_24",
    "q_net.2_neuron_52",
    "q_net.0_neuron_47",
    "q_net.0_neuron_36",
    "q_net.0_neuron_5",
    "q_net.2_neuron_41",
    "q_net.0_neuron_13",
    "q_net.0_neuron_38",
    "q_net.0_neuron_1",
    "q_net.0_neuron_12",
    "q_net.0_neuron_61",
    "q_net.2_neuron_25",
    "q_net.0_neuron_45",
    "q_net.2_neuron_50",
    "q_net.0_neuron_60",
    "q_net.0_neuron_3"
  ],
  "patch_config": {
    "q_net.0": [
      4,
      14,
      20,
      33,
      29,
      24,
      47,
      36,
      5,
      13,
      38,
      1,
      12,
      61,
      45,
      60,
      3
    ],
    "q_net.2": [
      62,
      59,
      15,
      52,
      41,
      25,
      50
    ]
  },
  "noising": {
    "metrics": {
      "mean": 0.032994408894307894,
      "std": 0.04685314135023559,
      "count": 32,
      "values": [
        0.024548180412169884,
        0.009080490196880286,
        0.059780889810074234,
        0.13311712130429731,
        0.11171816188440442,
        0.008835172567565386,
        0.04746773871956522,
        0.13443410816018475,
        0.006042918505722361,
        0.006054279842961474,
        0.016117094987670555,
        0.1998690183494597,
        0.00311288751067329,
        0.006302195769194108,
        0.03213173662384983,
        0.0010177469423612306,
        0.029458079045316943,
        0.006376674981115937,
        0.00682657365219097,
        0.005625663314734908,
        0.00974022868093416,
        0.005116831705192504,
        0.00042286983675565715,
        0.02160618700726169,
        0.05899837544303932,
        0.010818486035283681,
        0.007149865528602972,
        0.0035167280960920477,
        0.04168165451870465,
        0.0008213332792765815,
        0.043098879446046956,
        0.004932912460269501
      ]
    },
    "num_results": 32
  },
  "denoising": {
    "metrics": {
      "mean": 0.022523358556247618,
      "std": 0.03022803551240037,
      "count": 32,
      "values": [
        0.016403827703772578,
        0.00726600654146381,
        0.044852767804427374,
        0.08119419307235742,
        0.06572763315555652,
        0.009099267840354197,
        0.039635643931779874,
        0.09214337082489288,
        0.0058124592425990995,
        0.00443001324207537,
        0.007905192310890041,
        0.13171709540132082,
        0.0027488673990898604,
        0.004668173567152434,
        0.027478172512778953,
        0.0010786911824395284,
        0.02430119797307284,
        0.005167992683311584,
        0.005432322021059921,
        0.006269669005978584,
        0.0061014883932851705,
        0.004830309712040792,
        0.0005065835364002069,
        0.014810963139965327,
        0.03151564224486003,
        0.008746500139331426,
        0.005532221346305155,
        0.00255261534730844,
        0.03017250095458901,
        0.0010338138452151702,
        0.028989578791918214,
        0.0026226989323311356
      ]
    },
    "num_results": 32
  },
  "target_metric_score": 0.032994408894307894,
  "timestamp": "2025-06-04T19:29:09.308937"
}