{
  "experiment_name": "candidate_q_net_0_neuron_44",
  "coalition_neurons": [
    "q_net.0_neuron_4",
    "q_net.2_neuron_62",
    "q_net.0_neuron_14",
    "q_net.2_neuron_59",
    "q_net.0_neuron_20",
    "q_net.2_neuron_15",
    "q_net.0_neuron_33",
    "q_net.0_neuron_29",
    "q_net.0_neuron_24",
    "q_net.2_neuron_52",
    "q_net.0_neuron_47",
    "q_net.0_neuron_36",
    "q_net.0_neuron_5",
    "q_net.2_neuron_41",
    "q_net.0_neuron_13",
    "q_net.0_neuron_38",
    "q_net.0_neuron_1",
    "q_net.0_neuron_12",
    "q_net.0_neuron_61",
    "q_net.2_neuron_25",
    "q_net.0_neuron_44"
  ],
  "patch_config": {
    "q_net.0": [
      4,
      14,
      20,
      33,
      29,
      24,
      47,
      36,
      5,
      13,
      38,
      1,
      12,
      61,
      44
    ],
    "q_net.2": [
      62,
      59,
      15,
      52,
      41,
      25
    ]
  },
  "noising": {
    "metrics": {
      "mean": 0.030295527786339045,
      "std": 0.04103117770540405,
      "count": 32,
      "values": [
        0.021923992940476977,
        0.009016620348403226,
        0.05336978130008396,
        0.12787498336425918,
        0.10723868019726512,
        0.006648725498811903,
        0.04643120722119143,
        0.11423358641848691,
        0.006020474550164856,
        0.0065870914056205265,
        0.01603143293374021,
        0.16685861087059406,
        0.00327496013446682,
        0.007549755031406757,
        0.03348206357080752,
        0.001052578028508555,
        0.031199209900551583,
        0.00467045540267208,
        0.007826576403523688,
        0.005117566350250624,
        0.009736167740617585,
        0.006027241286158835,
        0.001088179390852262,
        0.02210581072439899,
        0.05025872001987075,
        0.009792587943486586,
        0.006676160983319579,
        0.004653086591535072,
        0.040510181506632326,
        0.0013701100081554562,
        0.03615887901640946,
        0.004671412080126558
      ]
    },
    "num_results": 32
  },
  "denoising": {
    "metrics": {
      "mean": 0.021752453693058935,
      "std": 0.027867053668959318,
      "count": 32,
      "values": [
        0.014787852145020874,
        0.007489678991837501,
        0.04193328022562526,
        0.08429199527104858,
        0.06962291892858241,
        0.006858410180362706,
        0.04018841747771762,
        0.08105201487491276,
        0.005704385934930056,
        0.004882508447908163,
        0.008307547923796843,
        0.11475719988935773,
        0.002885113472940515,
        0.0056175063613164156,
        0.029882818677067324,
        0.0010759455931376172,
        0.027139954811126854,
        0.004342602812397178,
        0.006739407995105751,
        0.006686240548911426,
        0.006116533659543122,
        0.005510378832063179,
        0.0012083011628156726,
        0.01558413009515136,
        0.029136687999338995,
        0.007419260318818233,
        0.0056546715298363415,
        0.0036051276814738076,
        0.027340857488245773,
        0.0014778183550906432,
        0.026124502752693957,
        0.002654447739711241
      ]
    },
    "num_results": 32
  },
  "target_metric_score": 0.030295527786339045,
  "timestamp": "2025-06-04T19:29:03.885663"
}