{
  "experiment_name": "candidate_q_net_2_neuron_40",
  "coalition_neurons": [
    "q_net.0_neuron_4",
    "q_net.2_neuron_62",
    "q_net.0_neuron_14",
    "q_net.2_neuron_59",
    "q_net.0_neuron_20",
    "q_net.2_neuron_15",
    "q_net.0_neuron_33",
    "q_net.0_neuron_29",
    "q_net.0_neuron_24",
    "q_net.2_neuron_52",
    "q_net.0_neuron_47",
    "q_net.0_neuron_36",
    "q_net.0_neuron_5",
    "q_net.2_neuron_40"
  ],
  "patch_config": {
    "q_net.0": [
      4,
      14,
      20,
      33,
      29,
      24,
      47,
      36,
      5
    ],
    "q_net.2": [
      62,
      59,
      15,
      52,
      40
    ]
  },
  "noising": {
    "metrics": {
      "mean": 0.02382845766268517,
      "std": 0.03615250866688622,
      "count": 32,
      "values": [
        0.017379774590037256,
        0.004159731373811759,
        0.04298729825195946,
        0.09644874119531088,
        0.08563238053759281,
        0.004521799664353399,
        0.041464363095735535,
        0.10964621353293513,
        0.005024658304413787,
        0.0030132815196413087,
        0.004663988726825941,
        0.15323271239367453,
        0.002543421511858268,
        0.004626648001175515,
        0.031164808552113454,
        0.0007995767810109466,
        0.030091857657506993,
        0.003935122833838678,
        0.008363687424103095,
        0.0031069106268794,
        0.0061636643840868865,
        0.006366814384890063,
        0.00047172368521319896,
        0.00961061017191378,
        0.022379120649023476,
        0.009501163823853798,
        0.004587097458954359,
        0.002601827839112558,
        0.016640611212545675,
        0.000928477889991175,
        0.02865809203383496,
        0.0017944650977274046
      ]
    },
    "num_results": 32
  },
  "denoising": {
    "metrics": {
      "mean": 0.018054526984974114,
      "std": 0.02561017159922987,
      "count": 32,
      "values": [
        0.013681718621515904,
        0.003916962240856692,
        0.03291702236918281,
        0.06871158215242834,
        0.05230958555521037,
        0.0045072689180769565,
        0.0370211891422344,
        0.08231865349571321,
        0.0048931876471386415,
        0.0024572039040665627,
        0.004015135881542897,
        0.10835277795794851,
        0.002343184325262815,
        0.003593087563362962,
        0.02771789274459946,
        0.0007985261520753184,
        0.025839669910841967,
        0.003750530962947529,
        0.006827664701200886,
        0.003384272951663325,
        0.004183194452792471,
        0.005803121316070747,
        0.00047864077758608126,
        0.007765997622979248,
        0.0161867825183597,
        0.008454247668355563,
        0.0040047959866880145,
        0.002135081606490119,
        0.013879588184207647,
        0.0010592623493880238,
        0.023092740177280247,
        0.0013442936611042233
      ]
    },
    "num_results": 32
  },
  "target_metric_score": 0.02382845766268517,
  "timestamp": "2025-06-04T19:28:49.901371"
}