{
  "experiment_name": "candidate_q_net_2_neuron_40",
  "coalition_neurons": [
    "q_net.0_neuron_4",
    "q_net.2_neuron_62",
    "q_net.0_neuron_14",
    "q_net.2_neuron_59",
    "q_net.0_neuron_20",
    "q_net.2_neuron_40"
  ],
  "patch_config": {
    "q_net.0": [
      4,
      14,
      20
    ],
    "q_net.2": [
      62,
      59,
      40
    ]
  },
  "noising": {
    "metrics": {
      "mean": 0.013799575595800126,
      "std": 0.021879817771630616,
      "count": 32,
      "values": [
        0.0055422334212558155,
        9.40064798753415e-05,
        0.030711479179187817,
        0.0592589803668514,
        0.06130675566008714,
        0.00021964404768759493,
        0.03212837522622214,
        0.04385254545800654,
        0.0018161809196345358,
        0.0009611444093627908,
        0.00014576436532653947,
        0.0904327729918325,
        0.0017265936338539678,
        0.000963990599789244,
        0.020898005548714682,
        0.00021069564363274118,
        0.02165168439415721,
        0.0036530119766540192,
        0.005062465488477663,
        8.5459348900363e-05,
        0.0025930658415459495,
        0.002413400113250974,
        0.0005915139061570818,
        0.00023170534928029785,
        0.02835381541694304,
        0.0022945168735372112,
        0.0002034069185480325,
        0.0013213778668537124,
        0.012385857556664659,
        1.8613251642873863e-05,
        0.01026558251128229,
        0.00019177430038785914
      ]
    },
    "num_results": 32
  },
  "denoising": {
    "metrics": {
      "mean": 0.01187842991489282,
      "std": 0.01826756505916078,
      "count": 32,
      "values": [
        0.004722417558217451,
        9.93928018168111e-05,
        0.024254133602005012,
        0.047859361681383605,
        0.048694632908050095,
        0.00023603058773791208,
        0.03075535429420917,
        0.04205737961883926,
        0.0020140151938564665,
        0.0008009633428230911,
        0.0001325960304917606,
        0.07497407925546229,
        0.0016023422021766986,
        0.0006673264425237635,
        0.021567015841239545,
        0.00020832258728276098,
        0.02028536054507224,
        0.0038240472207744514,
        0.004332422943013614,
        5.921777447015497e-05,
        0.0017329726350486796,
        0.0023167306850793157,
        0.0006908713123652266,
        0.00021540701591493683,
        0.01922469220935019,
        0.0020480426233906446,
        0.0002338051960022458,
        0.001064740382509921,
        0.01424637864663969,
        2.1382762840693736e-05,
        0.008990684290918871,
        0.00017763708506368658
      ]
    },
    "num_results": 32
  },
  "target_metric_score": 0.013799575595800126,
  "timestamp": "2025-06-04T19:28:35.572853"
}