{
  "experiment_name": "candidate_q_net_0_neuron_52",
  "coalition_neurons": [
    "q_net.0_neuron_4",
    "q_net.2_neuron_62",
    "q_net.0_neuron_14",
    "q_net.2_neuron_59",
    "q_net.0_neuron_20",
    "q_net.2_neuron_15",
    "q_net.0_neuron_33",
    "q_net.0_neuron_29",
    "q_net.0_neuron_24",
    "q_net.2_neuron_52",
    "q_net.0_neuron_47",
    "q_net.0_neuron_36",
    "q_net.0_neuron_5",
    "q_net.2_neuron_41",
    "q_net.0_neuron_13",
    "q_net.0_neuron_38",
    "q_net.0_neuron_1",
    "q_net.0_neuron_12",
    "q_net.0_neuron_61",
    "q_net.2_neuron_25",
    "q_net.0_neuron_45",
    "q_net.2_neuron_50",
    "q_net.0_neuron_60",
    "q_net.0_neuron_51",
    "q_net.0_neuron_62",
    "q_net.0_neuron_18",
    "q_net.2_neuron_46",
    "q_net.0_neuron_40",
    "q_net.0_neuron_52"
  ],
  "patch_config": {
    "q_net.0": [
      4,
      14,
      20,
      33,
      29,
      24,
      47,
      36,
      5,
      13,
      38,
      1,
      12,
      61,
      45,
      60,
      51,
      62,
      18,
      40,
      52
    ],
    "q_net.2": [
      62,
      59,
      15,
      52,
      41,
      25,
      50,
      46
    ]
  },
  "noising": {
    "metrics": {
      "mean": 0.036901331048207975,
      "std": 0.052688079900812375,
      "count": 32,
      "values": [
        0.025286424233252447,
        0.009403296976957187,
        0.06904549468312282,
        0.1464928975574834,
        0.1319319259461179,
        0.008236614501939354,
        0.05620079361513297,
        0.15495367464872323,
        0.006740837713434478,
        0.005326495949235288,
        0.016340778659055144,
        0.21784832359117046,
        0.0031020873157583395,
        0.006017255821729295,
        0.03385152464559449,
        0.0031340259881903476,
        0.03278905199527715,
        0.007816882300372585,
        0.006260573558194649,
        0.006127039766128384,
        0.008271800713850475,
        0.004803469956227269,
        0.0008776629210005549,
        0.01996818407009804,
        0.07084312727932851,
        0.015003889439426432,
        0.006687895785234099,
        0.0025331997052486788,
        0.049780752423011276,
        0.0015979871238772647,
        0.04793473087407596,
        0.005633893784406818
      ]
    },
    "num_results": 32
  },
  "denoising": {
    "metrics": {
      "mean": 0.024278654946484072,
      "std": 0.03159712289491598,
      "count": 32,
      "values": [
        0.016813984217755706,
        0.007595367873737047,
        0.05451972778885672,
        0.0837656913776712,
        0.06921413792159858,
        0.008163419853391307,
        0.04614284877893471,
        0.09803127334178874,
        0.006597695752751931,
        0.004083297259105723,
        0.010112199062779936,
        0.1334912377011137,
        0.002817930119663581,
        0.004747300218414741,
        0.028235894400762684,
        0.0032320130264096303,
        0.025349185672691177,
        0.00609285637892909,
        0.004617748620389328,
        0.006327474827992452,
        0.0058311412831495435,
        0.004548233991410244,
        0.0009652874421619551,
        0.014205328546896157,
        0.03877176415543615,
        0.01187098312092738,
        0.005080505099944954,
        0.0018253779366179668,
        0.037742864559773937,
        0.0017187079375379222,
        0.030857081595662916,
        0.003548398423233179
      ]
    },
    "num_results": 32
  },
  "target_metric_score": 0.036901331048207975,
  "timestamp": "2025-06-04T19:29:19.095576"
}