{
  "MiniGrid-LavaCrossingS11N5-v0-81110-6,4,0-0763": {
    "baseline_output": [
      [
        0.032580696046352386,
        0.04577382281422615,
        0.006697610020637512,
        0.062073394656181335,
        -0.007888048887252808
      ]
    ],
    "baseline_action": 3,
    "patched_output": [
      [
        0.03248358517885208,
        0.044892434030771255,
        0.006422072649002075,
        0.06103837862610817,
        -0.0073379650712013245
      ]
    ],
    "patched_action": 3,
    "patched_layers": [
      "q_net.2"
    ],
    "action_changed": "False",
    "patch_configuration": "{'q_net.2': [10, 11]}"
  },
  "MiniGrid-LavaCrossingS11N5-v0-81105-3,8,0-0284": {
    "baseline_output": [
      [
        0.0021553486585617065,
        0.05407029762864113,
        -0.005762264132499695,
        0.07436119019985199,
        0.06295008212327957
      ]
    ],
    "baseline_action": 3,
    "patched_output": [
      [
        0.002187468111515045,
        0.05436185374855995,
        -0.0056711286306381226,
        0.07470356673002243,
        0.0627681165933609
      ]
    ],
    "patched_action": 3,
    "patched_layers": [
      "q_net.2"
    ],
    "action_changed": "False",
    "patch_configuration": "{'q_net.2': [10, 11]}"
  },
  "MiniGrid-LavaCrossingS11N5-v0-81109-6,6,0-0231": {
    "baseline_output": [
      [
        0.03662733733654022,
        0.05197650566697121,
        0.01825140416622162,
        0.06356707215309143,
        0.03479212149977684
      ]
    ],
    "baseline_action": 3,
    "patched_output": [
      [
        0.03666958212852478,
        0.052359942346811295,
        0.018371276557445526,
        0.06401734054088593,
        0.034552816301584244
      ]
    ],
    "patched_action": 3,
    "patched_layers": [
      "q_net.2"
    ],
    "action_changed": "False",
    "patch_configuration": "{'q_net.2': [10, 11]}"
  },
  "MiniGrid-LavaCrossingS11N5-v0-81111-1,4,0-0614": {
    "baseline_output": [
      [
        0.011728040874004364,
        0.014975655823946,
        -0.028930827975273132,
        0.03459692373871803,
        0.04273630678653717
      ]
    ],
    "baseline_action": 4,
    "patched_output": [
      [
        0.011715225875377655,
        0.014859292656183243,
        -0.028967201709747314,
        0.03446027263998985,
        0.042808931320905685
      ]
    ],
    "patched_action": 4,
    "patched_layers": [
      "q_net.2"
    ],
    "action_changed": "False",
    "patch_configuration": "{'q_net.2': [10, 11]}"
  },
  "MiniGrid-LavaCrossingS11N5-v0-81109-4,7,0-0213": {
    "baseline_output": [
      [
        -0.005374163389205933,
        0.04665980860590935,
        0.020253591239452362,
        0.08857458829879761,
        0.05802833288908005
      ]
    ],
    "baseline_action": 3,
    "patched_output": [
      [
        -0.005097292363643646,
        0.049172770231962204,
        0.02103918045759201,
        0.09152558445930481,
        0.05645997077226639
      ]
    ],
    "patched_action": 3,
    "patched_layers": [
      "q_net.2"
    ],
    "action_changed": "False",
    "patch_configuration": "{'q_net.2': [10, 11]}"
  }
}