{
  "experiment_name": "candidate_q_net_0_neuron_5",
  "coalition_neurons": [
    "q_net.0_neuron_7",
    "q_net.0_neuron_4",
    "q_net.0_neuron_52",
    "q_net.0_neuron_16",
    "q_net.0_neuron_57",
    "q_net.0_neuron_20",
    "q_net.2_neuron_59",
    "q_net.2_neuron_62",
    "q_net.0_neuron_14",
    "q_net.2_neuron_15",
    "q_net.0_neuron_5"
  ],
  "patch_config": {
    "q_net.0": [
      7,
      4,
      52,
      16,
      57,
      20,
      14,
      5
    ],
    "q_net.2": [
      59,
      62,
      15
    ]
  },
  "noising": {
    "metrics": {
      "mean": 3.226707665154171e-05,
      "std": 1.9372465038692955e-05,
      "count": 32,
      "values": [
        1.840102769998643e-05,
        5.2078494048869305e-05,
        5.1282116436841005e-05,
        3.643816499256038e-05,
        2.047603115627099e-05,
        2.8868480152856096e-06,
        3.4277163685972854e-05,
        4.1349153310958316e-05,
        4.199808662694261e-05,
        5.500421483619776e-05,
        4.881421034345912e-05,
        3.8600781649063146e-05,
        3.2533500646197495e-05,
        6.019062629760726e-05,
        2.723495287730842e-05,
        3.3570274729850704e-06,
        3.507741022717049e-05,
        3.787813909620274e-05,
        2.061351050776719e-05,
        5.336993603617874e-05,
        7.299695823120969e-05,
        3.16698845386073e-05,
        2.2370993873774097e-06,
        5.723955445621797e-05,
        1.3601565238090295e-05,
        6.462819036669968e-06,
        6.956942494417166e-06,
        5.576497129770755e-05,
        2.509820531459311e-05,
        1.8851343035614765e-06,
        1.2296929490205634e-05,
        3.447499309685231e-05
      ]
    },
    "num_results": 32
  },
  "denoising": {
    "metrics": {
      "mean": 3.1902863558830313e-05,
      "std": 1.9159561785145825e-05,
      "count": 32,
      "values": [
        1.84736064930232e-05,
        5.1805165016267614e-05,
        5.597077957520172e-05,
        3.513178392805841e-05,
        1.9429313080236818e-05,
        3.276099396005939e-06,
        3.4250171835678274e-05,
        4.097795240423706e-05,
        4.19131414175853e-05,
        5.502779869515225e-05,
        4.8808341481965545e-05,
        3.5425271482575306e-05,
        3.308355642148267e-05,
        6.024950146837251e-05,
        2.8810331528879535e-05,
        3.87154159126831e-06,
        3.392758269766161e-05,
        3.989979305372873e-05,
        2.1183549050233694e-05,
        4.159733162302731e-05,
        7.618477523014332e-05,
        3.171135927706667e-05,
        2.2235337010937447e-06,
        5.0986263927811615e-05,
        1.345609380051945e-05,
        7.118411361388497e-06,
        6.273123554208747e-06,
        5.5661613036023564e-05,
        2.538053571150183e-05,
        1.9668270809819504e-06,
        1.2396821115011184e-05,
        3.441966384617773e-05
      ]
    },
    "num_results": 32
  },
  "target_metric_score": 3.226707665154171e-05,
  "timestamp": "2025-06-04T19:22:25.544984"
}