{
  "experiment_name": "candidate_q_net_0_neuron_58",
  "coalition_neurons": [
    "q_net.0_neuron_7",
    "q_net.0_neuron_4",
    "q_net.0_neuron_52",
    "q_net.0_neuron_16",
    "q_net.0_neuron_57",
    "q_net.0_neuron_20",
    "q_net.2_neuron_59",
    "q_net.2_neuron_62",
    "q_net.0_neuron_14",
    "q_net.0_neuron_58"
  ],
  "patch_config": {
    "q_net.0": [
      7,
      4,
      52,
      16,
      57,
      20,
      14,
      58
    ],
    "q_net.2": [
      59,
      62
    ]
  },
  "noising": {
    "metrics": {
      "mean": 3.183010629465604e-05,
      "std": 2.0701016012560947e-05,
      "count": 32,
      "values": [
        1.6817579823401774e-05,
        5.412543581667618e-05,
        4.791299785908876e-05,
        3.125503276541516e-05,
        1.9892632305455694e-05,
        2.480158525899293e-06,
        3.173452274526814e-05,
        3.900254841491526e-05,
        3.713967605007383e-05,
        5.575142159431018e-05,
        4.7568292933511e-05,
        3.7159336732932704e-05,
        3.108618011014786e-05,
        6.2632602402358e-05,
        2.540597438403444e-05,
        4.419983619261778e-06,
        3.2197646353874804e-05,
        3.891619692778631e-05,
        2.0183373975541188e-05,
        6.826404828760586e-05,
        7.42905893708249e-05,
        2.6577322453853617e-05,
        2.2967600000855558e-06,
        6.055011889472331e-05,
        1.355517953462637e-05,
        5.1940263795994645e-06,
        4.592897134063204e-06,
        5.8630342268217836e-05,
        2.180863437361365e-05,
        1.6701452186819172e-06,
        9.737581174347368e-06,
        3.5714162998797786e-05
      ]
    },
    "num_results": 32
  },
  "denoising": {
    "metrics": {
      "mean": 3.1348591132277566e-05,
      "std": 2.0051179927623305e-05,
      "count": 32,
      "values": [
        1.665027512102069e-05,
        5.386966224088757e-05,
        5.1897997972638306e-05,
        3.10871763226769e-05,
        1.9242384175088487e-05,
        2.459587189487095e-06,
        3.168916548582459e-05,
        3.862813721519946e-05,
        3.6959122283097313e-05,
        5.578744665831056e-05,
        4.761156513678256e-05,
        3.404915336873977e-05,
        3.1697806969933494e-05,
        6.280721274708325e-05,
        2.581655460268551e-05,
        5.023445413943951e-06,
        3.16862333353382e-05,
        4.0776075102808484e-05,
        2.017269820104499e-05,
        5.452058213453932e-05,
        7.632137360856088e-05,
        2.659312740803247e-05,
        2.28942007465351e-06,
        5.41801821245609e-05,
        1.3505453510688449e-05,
        5.570775133817717e-06,
        4.439280239920858e-06,
        5.8528685821840256e-05,
        2.2835751457330735e-05,
        1.7337696999535318e-06,
        9.069504388937197e-06,
        3.565531108745516e-05
      ]
    },
    "num_results": 32
  },
  "target_metric_score": 3.183010629465604e-05,
  "timestamp": "2025-06-04T19:22:23.139948"
}