{
  "experiment_name": "candidate_q_net_2_neuron_16",
  "coalition_neurons": [
    "q_net.0_neuron_7",
    "q_net.0_neuron_4",
    "q_net.0_neuron_52",
    "q_net.0_neuron_16",
    "q_net.0_neuron_57",
    "q_net.0_neuron_20",
    "q_net.2_neuron_59",
    "q_net.2_neuron_62",
    "q_net.0_neuron_14",
    "q_net.2_neuron_15",
    "q_net.0_neuron_33",
    "q_net.0_neuron_29",
    "q_net.2_neuron_52",
    "q_net.2_neuron_41",
    "q_net.2_neuron_48",
    "q_net.0_neuron_59",
    "q_net.0_neuron_15",
    "q_net.0_neuron_58",
    "q_net.0_neuron_61",
    "q_net.2_neuron_55",
    "q_net.0_neuron_41",
    "q_net.0_neuron_55",
    "q_net.0_neuron_44",
    "q_net.2_neuron_16"
  ],
  "patch_config": {
    "q_net.0": [
      7,
      4,
      52,
      16,
      57,
      20,
      14,
      33,
      29,
      59,
      15,
      58,
      61,
      41,
      55,
      44
    ],
    "q_net.2": [
      59,
      62,
      15,
      52,
      41,
      48,
      55,
      16
    ]
  },
  "noising": {
    "metrics": {
      "mean": 3.993441262054673e-05,
      "std": 2.2958105354822098e-05,
      "count": 32,
      "values": [
        2.2162877962564245e-05,
        5.252973837424244e-05,
        5.750214894685774e-05,
        3.6425100614312974e-05,
        2.118626312603818e-05,
        1.4197342427053374e-05,
        3.608708886743302e-05,
        5.631202620165075e-05,
        6.231935554664055e-05,
        6.75189170651747e-05,
        6.664309095077536e-05,
        4.3245742554149594e-05,
        3.303366087252887e-05,
        8.620875721505688e-05,
        3.145871322901599e-05,
        1.4438478611992784e-05,
        3.6675019525667226e-05,
        4.531565205093905e-05,
        2.034056444867355e-05,
        7.637208696404995e-05,
        8.594959861375165e-05,
        3.097589096509132e-05,
        5.155731264054153e-07,
        5.5945739609087144e-05,
        1.2862573179107245e-05,
        3.5176259323621215e-05,
        2.11756815277134e-05,
        6.789599154172644e-05,
        3.5349004627779554e-05,
        1.424419132346538e-06,
        1.312401530919642e-05,
        3.7533831346851895e-05
      ]
    },
    "num_results": 32
  },
  "denoising": {
    "metrics": {
      "mean": 3.95514826770839e-05,
      "std": 2.248969159117307e-05,
      "count": 32,
      "values": [
        2.2096581270184532e-05,
        5.221634261003182e-05,
        6.360222851378413e-05,
        3.645214869796808e-05,
        2.101844286080904e-05,
        1.329552127756514e-05,
        3.6078141970323344e-05,
        5.648058605069585e-05,
        6.197422471720818e-05,
        6.74957017277756e-05,
        6.653325626489485e-05,
        4.064256843538483e-05,
        3.304769274019352e-05,
        8.613126469912005e-05,
        3.131185700459301e-05,
        1.4377726031570247e-05,
        3.6748598653399064e-05,
        4.742313989196303e-05,
        2.014580621354932e-05,
        6.22811686112865e-05,
        8.606314867241232e-05,
        3.1023798094100706e-05,
        4.75074039023879e-07,
        5.1713492373761986e-05,
        1.2786617564035591e-05,
        3.474319703761393e-05,
        2.2752765657474503e-05,
        6.781542339018005e-05,
        3.726992585103466e-05,
        1.4923746471157042e-06,
        1.2689866285080833e-05,
        3.7468763812550454e-05
      ]
    },
    "num_results": 32
  },
  "target_metric_score": 3.993441262054673e-05,
  "timestamp": "2025-06-04T19:22:48.467711"
}