{
  "experiment_name": "candidate_q_net_0_neuron_5",
  "coalition_neurons": [
    "q_net.0_neuron_7",
    "q_net.0_neuron_4",
    "q_net.0_neuron_52",
    "q_net.0_neuron_16",
    "q_net.0_neuron_57",
    "q_net.0_neuron_20",
    "q_net.2_neuron_59",
    "q_net.2_neuron_62",
    "q_net.0_neuron_14",
    "q_net.2_neuron_15",
    "q_net.0_neuron_33",
    "q_net.0_neuron_29",
    "q_net.2_neuron_52",
    "q_net.2_neuron_41",
    "q_net.2_neuron_48",
    "q_net.0_neuron_59",
    "q_net.0_neuron_15",
    "q_net.0_neuron_58",
    "q_net.0_neuron_61",
    "q_net.2_neuron_55",
    "q_net.0_neuron_41",
    "q_net.0_neuron_55",
    "q_net.0_neuron_44",
    "q_net.2_neuron_45",
    "q_net.0_neuron_36",
    "q_net.0_neuron_5"
  ],
  "patch_config": {
    "q_net.0": [
      7,
      4,
      52,
      16,
      57,
      20,
      14,
      33,
      29,
      59,
      15,
      58,
      61,
      41,
      55,
      44,
      36,
      5
    ],
    "q_net.2": [
      59,
      62,
      15,
      52,
      41,
      48,
      55,
      45
    ]
  },
  "noising": {
    "metrics": {
      "mean": 4.496847246584701e-05,
      "std": 2.526836241452199e-05,
      "count": 32,
      "values": [
        2.6597652553112298e-05,
        6.527579894334773e-05,
        6.058506480138533e-05,
        4.257947798122605e-05,
        2.9469742016993163e-05,
        1.496758448227319e-05,
        4.211075916388414e-05,
        6.405414198078024e-05,
        6.712537609500455e-05,
        7.241047805802694e-05,
        7.69082938292013e-05,
        4.871633021840565e-05,
        3.781406505955681e-05,
        8.978271141232586e-05,
        3.6845979118834056e-05,
        1.5603783840852786e-05,
        4.46809047202402e-05,
        4.896099000600254e-05,
        2.098048930236705e-05,
        9.08682382930484e-05,
        9.218066067537398e-05,
        3.932304688623726e-05,
        6.903907502241104e-07,
        6.76264596598384e-05,
        1.2961743456686107e-05,
        3.7554312127959736e-05,
        2.1593258792861362e-05,
        7.143223723240491e-05,
        3.977227783835875e-05,
        6.014904009465254e-07,
        1.5003898252844236e-05,
        4.391348095650056e-05
      ]
    },
    "num_results": 32
  },
  "denoising": {
    "metrics": {
      "mean": 4.4597658771364655e-05,
      "std": 2.465737974251204e-05,
      "count": 32,
      "values": [
        2.6911978094784e-05,
        6.483880669779039e-05,
        6.689180495149957e-05,
        4.249616115069006e-05,
        2.8121974989598047e-05,
        1.4481624454475974e-05,
        4.2118918649389474e-05,
        6.400661789877221e-05,
        6.682511919833942e-05,
        7.234829822706898e-05,
        7.668295116496538e-05,
        4.579254142668236e-05,
        3.7810617821794964e-05,
        8.963010799020847e-05,
        3.888582362103715e-05,
        1.5532039020758697e-05,
        4.478292752884967e-05,
        5.1364424623615706e-05,
        2.062503558117345e-05,
        7.988724992175544e-05,
        9.226823478848613e-05,
        3.941102949276646e-05,
        6.936184920243481e-07,
        6.040728253113082e-05,
        1.2784953224675359e-05,
        3.7892789465953855e-05,
        2.297535388963174e-05,
        7.132102051305594e-05,
        4.0076144683013075e-05,
        6.16324284753722e-07,
        1.4814000201949606e-05,
        4.382930610297847e-05
      ]
    },
    "num_results": 32
  },
  "target_metric_score": 4.496847246584701e-05,
  "timestamp": "2025-06-04T19:22:51.947305"
}