{
  "experiment_name": "candidate_q_net_0_neuron_2",
  "coalition_neurons": [
    "q_net.0_neuron_7",
    "q_net.0_neuron_4",
    "q_net.0_neuron_52",
    "q_net.0_neuron_16",
    "q_net.0_neuron_2"
  ],
  "patch_config": {
    "q_net.0": [
      7,
      4,
      52,
      16,
      2
    ]
  },
  "noising": {
    "metrics": {
      "mean": 1.864274702481813e-05,
      "std": 1.5277449168414437e-05,
      "count": 32,
      "values": [
        8.788474312644416e-06,
        3.1302678055084715e-05,
        2.8083395594491987e-05,
        1.6117108881901713e-05,
        1.231164582137889e-05,
        3.0111921429110404e-07,
        2.149285432238358e-05,
        1.1730697124465086e-05,
        1.7192217387455334e-05,
        4.9450192120502486e-05,
        2.9088293509375797e-05,
        1.0858612669434158e-05,
        2.382951220397428e-05,
        3.5618661229330035e-05,
        1.5901283376481157e-05,
        3.055542002743431e-06,
        1.4025117707599502e-05,
        1.170392295850504e-05,
        1.2063666477710785e-05,
        2.6549353122185307e-05,
        6.00824854444078e-05,
        7.74835175150132e-06,
        2.4928814737950407e-06,
        3.7630072870172004e-05,
        5.030932972079961e-06,
        4.2692279393418087e-08,
        1.001835688290662e-06,
        4.580769477387095e-05,
        1.5864523730213043e-05,
        1.2857478763250631e-06,
        4.709708488346426e-06,
        3.54066293538456e-05
      ]
    },
    "num_results": 32
  },
  "denoising": {
    "metrics": {
      "mean": 1.831726487136194e-05,
      "std": 1.534089233004787e-05,
      "count": 32,
      "values": [
        7.660400963392091e-06,
        3.122012849045394e-05,
        2.9518970602305204e-05,
        1.603216272616178e-05,
        1.1628987369533429e-05,
        3.67524826798345e-07,
        2.1436071177841293e-05,
        1.0825996672943726e-05,
        1.685553937854885e-05,
        4.952493891443655e-05,
        2.927978234814146e-05,
        9.55430685900733e-06,
        2.4066797576041557e-05,
        3.567421265968226e-05,
        1.5432918119154607e-05,
        2.9384178656467795e-06,
        1.3453031835637284e-05,
        1.1977527609449224e-05,
        1.1926976415431684e-05,
        2.1813636017009867e-05,
        6.041492204313082e-05,
        7.655094209001027e-06,
        2.4708986032987e-06,
        3.634342992179726e-05,
        5.275842477532621e-06,
        4.0282001703450374e-08,
        9.293032549247972e-07,
        4.5816700449982694e-05,
        1.5346517035972045e-05,
        1.260287708625612e-06,
        4.051126978730677e-06,
        3.5359742771265065e-05
      ]
    },
    "num_results": 32
  },
  "target_metric_score": 1.864274702481813e-05,
  "timestamp": "2025-06-04T19:22:16.054229"
}