{
  "experiment_name": "candidate_q_net_2_neuron_33",
  "coalition_neurons": [
    "q_net.0_neuron_7",
    "q_net.0_neuron_4",
    "q_net.0_neuron_52",
    "q_net.0_neuron_16",
    "q_net.0_neuron_57",
    "q_net.0_neuron_20",
    "q_net.2_neuron_59",
    "q_net.2_neuron_62",
    "q_net.0_neuron_14",
    "q_net.2_neuron_15",
    "q_net.0_neuron_33",
    "q_net.0_neuron_29",
    "q_net.2_neuron_52",
    "q_net.2_neuron_41",
    "q_net.2_neuron_48",
    "q_net.0_neuron_59",
    "q_net.0_neuron_15",
    "q_net.0_neuron_58",
    "q_net.0_neuron_61",
    "q_net.2_neuron_33"
  ],
  "patch_config": {
    "q_net.0": [
      7,
      4,
      52,
      16,
      57,
      20,
      14,
      33,
      29,
      59,
      15,
      58,
      61
    ],
    "q_net.2": [
      59,
      62,
      15,
      52,
      41,
      48,
      33
    ]
  },
  "noising": {
    "metrics": {
      "mean": 4.133095783964321e-05,
      "std": 2.349456638035961e-05,
      "count": 32,
      "values": [
        2.365391022731225e-05,
        6.234970890679889e-05,
        6.273889296042198e-05,
        4.3687292644033074e-05,
        2.6695772254304315e-05,
        9.838857215412012e-06,
        3.8682333316895955e-05,
        6.854199919715479e-05,
        6.161434139877631e-05,
        6.409059357135195e-05,
        6.978958798863392e-05,
        5.470585827534809e-05,
        3.286814775639422e-05,
        7.788735228957171e-05,
        3.7408144687417055e-05,
        1.064074544083576e-05,
        4.4012802303432415e-05,
        5.3179787407005904e-05,
        1.9193919334708543e-05,
        8.303893830569021e-05,
        7.936403568653376e-05,
        3.541997077784382e-05,
        5.876010676651562e-07,
        6.336922061898811e-05,
        1.3843678799221296e-05,
        3.021266039309996e-05,
        1.530750978806462e-05,
        5.299819754957149e-05,
        3.37347940464975e-05,
        1.2922965817929928e-06,
        1.2205048341708182e-05,
        3.9636651736096526e-05
      ]
    },
    "num_results": 32
  },
  "denoising": {
    "metrics": {
      "mean": 4.081067673263634e-05,
      "std": 2.283757443697333e-05,
      "count": 32,
      "values": [
        2.354949802868382e-05,
        6.198204101240357e-05,
        6.894688406900167e-05,
        4.3678801424743095e-05,
        2.601921117006739e-05,
        9.608590251346857e-06,
        3.867339668475723e-05,
        6.885271160574232e-05,
        6.138302584594412e-05,
        6.41060978164846e-05,
        6.960162041004937e-05,
        5.1954229706871686e-05,
        3.3238950752891505e-05,
        7.786308425965598e-05,
        3.6638261417805016e-05,
        1.1061922682124533e-05,
        4.404402452972702e-05,
        5.6032597210659745e-05,
        1.988370197396447e-05,
        6.675026463354126e-05,
        7.949945488335561e-05,
        3.5477264347839204e-05,
        5.79081806687803e-07,
        5.786546933986693e-05,
        1.3773409394364348e-05,
        2.879845413581198e-05,
        1.5151323680019342e-05,
        5.2949631636042566e-05,
        3.541766829289958e-05,
        1.2777949248629628e-06,
        1.1714190171261947e-05,
        3.9568997344885306e-05
      ]
    },
    "num_results": 32
  },
  "target_metric_score": 4.133095783964321e-05,
  "timestamp": "2025-06-04T19:22:41.845618"
}