{
  "experiment_name": "candidate_q_net_2_neuron_0",
  "coalition_neurons": [
    "q_net.0_neuron_7",
    "q_net.0_neuron_4",
    "q_net.0_neuron_52",
    "q_net.0_neuron_16",
    "q_net.0_neuron_57",
    "q_net.0_neuron_20",
    "q_net.2_neuron_59",
    "q_net.2_neuron_62",
    "q_net.0_neuron_14",
    "q_net.2_neuron_15",
    "q_net.0_neuron_33",
    "q_net.0_neuron_29",
    "q_net.2_neuron_52",
    "q_net.2_neuron_41",
    "q_net.2_neuron_48",
    "q_net.0_neuron_59",
    "q_net.0_neuron_15",
    "q_net.2_neuron_0"
  ],
  "patch_config": {
    "q_net.0": [
      7,
      4,
      52,
      16,
      57,
      20,
      14,
      33,
      29,
      59,
      15
    ],
    "q_net.2": [
      59,
      62,
      15,
      52,
      41,
      48,
      0
    ]
  },
  "noising": {
    "metrics": {
      "mean": 3.7326584597926736e-05,
      "std": 2.0642516639847284e-05,
      "count": 32,
      "values": [
        2.274795880364785e-05,
        4.512956041636439e-05,
        5.965422345748214e-05,
        4.260725080222367e-05,
        2.532611973139222e-05,
        7.951538572447238e-06,
        4.134126343295825e-05,
        6.535781595103378e-05,
        6.439010416963006e-05,
        5.625248465014913e-05,
        5.960631705878442e-05,
        5.124434387611854e-05,
        2.997574632922651e-05,
        6.987890743868458e-05,
        3.472943796086652e-05,
        5.924247930242234e-06,
        3.9442246876809786e-05,
        5.768677738719535e-05,
        2.5274166275295225e-05,
        5.517792668088302e-05,
        7.275369545375594e-05,
        3.672996551084488e-05,
        7.361981177886009e-07,
        4.992112719560897e-05,
        1.3137223920077772e-05,
        2.023964938530987e-05,
        1.2275000388192042e-05,
        4.929999347997552e-05,
        3.174048333724495e-05,
        1.847611738603266e-06,
        1.4162734607199579e-05,
        3.190858619761918e-05
      ]
    },
    "num_results": 32
  },
  "denoising": {
    "metrics": {
      "mean": 3.723651129943212e-05,
      "std": 2.0681495222671153e-05,
      "count": 32,
      "values": [
        2.2642110945857337e-05,
        4.4815197837607865e-05,
        6.621869417204704e-05,
        4.2434917730549805e-05,
        2.468468064098419e-05,
        7.99875824533257e-06,
        4.13352469271868e-05,
        6.55067147010851e-05,
        6.416732446203749e-05,
        5.6266612323737795e-05,
        5.9561499682352645e-05,
        4.8452139739104446e-05,
        3.0266416873137286e-05,
        6.988526830991633e-05,
        3.4780779969875405e-05,
        6.177681624998203e-06,
        3.94775322453177e-05,
        6.076853701904674e-05,
        2.6411035711986484e-05,
        4.8966925426734815e-05,
        7.287832333027416e-05,
        3.679456895863036e-05,
        6.630957927764112e-07,
        4.509068752531025e-05,
        1.3119081988636496e-05,
        2.0798688233027466e-05,
        1.2611855748968911e-05,
        4.9243868204890714e-05,
        3.153701344106379e-05,
        1.8657538719510673e-06,
        1.4299232620343676e-05,
        3.184811727705852e-05
      ]
    },
    "num_results": 32
  },
  "target_metric_score": 3.7326584597926736e-05,
  "timestamp": "2025-06-04T19:22:37.074882"
}