{
  "experiment_name": "candidate_q_net_0_neuron_1",
  "coalition_neurons": [
    "q_net.0_neuron_7",
    "q_net.0_neuron_4",
    "q_net.0_neuron_52",
    "q_net.0_neuron_16",
    "q_net.0_neuron_57",
    "q_net.0_neuron_20",
    "q_net.2_neuron_59",
    "q_net.2_neuron_62",
    "q_net.0_neuron_14",
    "q_net.2_neuron_15",
    "q_net.0_neuron_33",
    "q_net.0_neuron_29",
    "q_net.2_neuron_52",
    "q_net.2_neuron_41",
    "q_net.2_neuron_48",
    "q_net.0_neuron_59",
    "q_net.0_neuron_15",
    "q_net.0_neuron_58",
    "q_net.0_neuron_61",
    "q_net.2_neuron_55",
    "q_net.0_neuron_41",
    "q_net.0_neuron_55",
    "q_net.0_neuron_44",
    "q_net.2_neuron_45",
    "q_net.0_neuron_1"
  ],
  "patch_config": {
    "q_net.0": [
      7,
      4,
      52,
      16,
      57,
      20,
      14,
      33,
      29,
      59,
      15,
      58,
      61,
      41,
      55,
      44,
      1
    ],
    "q_net.2": [
      59,
      62,
      15,
      52,
      41,
      48,
      55,
      45
    ]
  },
  "noising": {
    "metrics": {
      "mean": 4.1620700123509214e-05,
      "std": 2.2668281862153186e-05,
      "count": 32,
      "values": [
        2.5324310484326688e-05,
        5.134881467227072e-05,
        6.419933860501363e-05,
        4.381168886950456e-05,
        2.4255450357523562e-05,
        1.5052359569981202e-05,
        4.164410833514096e-05,
        6.328124304129769e-05,
        7.044305269113054e-05,
        6.416126683548559e-05,
        5.814542822905335e-05,
        4.845646268448003e-05,
        3.3416623126782385e-05,
        9.138454959893135e-05,
        3.6619434734768146e-05,
        1.548612441963854e-05,
        4.023803367082649e-05,
        4.957458796336889e-05,
        2.27308176618319e-05,
        7.453333797448596e-05,
        8.171440441978161e-05,
        3.639629352563604e-05,
        4.973349032765982e-07,
        5.383709422306679e-05,
        1.3517097877618336e-05,
        3.667401684679869e-05,
        2.298115155987342e-05,
        6.423831113868154e-05,
        4.079006524739491e-05,
        7.583361722177844e-07,
        1.3771041380353992e-05,
        3.258022313175292e-05
      ]
    },
    "num_results": 32
  },
  "denoising": {
    "metrics": {
      "mean": 4.124606331304176e-05,
      "std": 2.232823299932902e-05,
      "count": 32,
      "values": [
        2.535498973155214e-05,
        5.1033790469079974e-05,
        6.992466512440365e-05,
        4.380035948847055e-05,
        2.3918957130688234e-05,
        1.4164019965976675e-05,
        4.165540935951832e-05,
        6.348826521371167e-05,
        7.009705813432838e-05,
        6.413776707559952e-05,
        5.805057420213812e-05,
        4.585277943057052e-05,
        3.341225368615959e-05,
        9.126712462740718e-05,
        3.627604964920859e-05,
        1.5451396723894606e-05,
        4.032984252802063e-05,
        5.106340961741622e-05,
        2.3371148978315907e-05,
        6.291754272426978e-05,
        8.182921989604902e-05,
        3.647219994404728e-05,
        4.977020373569236e-07,
        4.784582465359164e-05,
        1.351121013750409e-05,
        3.6022721512262617e-05,
        2.43244117355294e-05,
        6.391702794303258e-05,
        4.2914163899113265e-05,
        7.653441731085889e-07,
        1.3684895598112476e-05,
        3.252190062689802e-05
      ]
    },
    "num_results": 32
  },
  "target_metric_score": 4.1620700123509214e-05,
  "timestamp": "2025-06-04T19:22:49.582765"
}