{
  "experiment_name": "candidate_q_net_2_neuron_51",
  "coalition_neurons": [
    "q_net.0_neuron_7",
    "q_net.0_neuron_4",
    "q_net.0_neuron_52",
    "q_net.0_neuron_16",
    "q_net.0_neuron_57",
    "q_net.0_neuron_20",
    "q_net.2_neuron_59",
    "q_net.2_neuron_62",
    "q_net.0_neuron_14",
    "q_net.2_neuron_15",
    "q_net.0_neuron_33",
    "q_net.0_neuron_29",
    "q_net.2_neuron_52",
    "q_net.2_neuron_41",
    "q_net.2_neuron_48",
    "q_net.0_neuron_59",
    "q_net.0_neuron_15",
    "q_net.0_neuron_58",
    "q_net.0_neuron_61",
    "q_net.2_neuron_55",
    "q_net.0_neuron_41",
    "q_net.2_neuron_51"
  ],
  "patch_config": {
    "q_net.0": [
      7,
      4,
      52,
      16,
      57,
      20,
      14,
      33,
      29,
      59,
      15,
      58,
      61,
      41
    ],
    "q_net.2": [
      59,
      62,
      15,
      52,
      41,
      48,
      55,
      51
    ]
  },
  "noising": {
    "metrics": {
      "mean": 4.123148908924898e-05,
      "std": 2.4411512045147833e-05,
      "count": 32,
      "values": [
        2.013340654305484e-05,
        5.8476581211322574e-05,
        6.032946323867704e-05,
        4.253951224955806e-05,
        2.459111666825223e-05,
        1.2392071619366212e-05,
        3.6834753067704895e-05,
        6.621363592696546e-05,
        6.287844484189286e-05,
        6.708052755329344e-05,
        7.075341576786394e-05,
        5.2682622493237805e-05,
        3.605473224165771e-05,
        8.26643588735588e-05,
        3.56860535050661e-05,
        6.326983794670884e-06,
        4.1128913700880015e-05,
        5.4871365496595185e-05,
        1.6815038175800893e-05,
        7.966513303214121e-05,
        8.546298142911692e-05,
        3.7202373744348906e-05,
        7.903094684524891e-07,
        6.092100523723916e-05,
        9.481292194792003e-06,
        3.261869298193192e-05,
        1.9958756897661125e-05,
        6.431496531808891e-05,
        2.7624327409828055e-05,
        8.145167910855343e-07,
        1.0654772536534957e-05,
        4.144552684532711e-05
      ]
    },
    "num_results": 32
  },
  "denoising": {
    "metrics": {
      "mean": 4.07999626440478e-05,
      "std": 2.385758442145556e-05,
      "count": 32,
      "values": [
        2.0032800917500738e-05,
        5.816250943622395e-05,
        6.653273323493133e-05,
        4.253484239840992e-05,
        2.3980178741283978e-05,
        1.2104974721291722e-05,
        3.68272858236535e-05,
        6.628846719400512e-05,
        6.253225374721976e-05,
        6.707787811616954e-05,
        7.058449945286215e-05,
        5.25833641231994e-05,
        3.645042501831497e-05,
        8.257697865965922e-05,
        3.492983920112445e-05,
        6.667715239259958e-06,
        4.115774845193931e-05,
        5.772895298914436e-05,
        1.7310519976204382e-05,
        6.348762147570573e-05,
        8.559321749922839e-05,
        3.7281998440937306e-05,
        7.766312949037432e-07,
        5.521642348926023e-05,
        9.405407151621536e-06,
        3.148186580470081e-05,
        2.027399065578149e-05,
        6.425863608365123e-05,
        2.9331758326503108e-05,
        7.628482850032664e-07,
        1.0285681452978126e-05,
        4.1378757206856796e-05
      ]
    },
    "num_results": 32
  },
  "target_metric_score": 4.123148908924898e-05,
  "timestamp": "2025-06-04T19:22:44.913157"
}