{
  "experiment_name": "candidate_q_net_0_neuron_34",
  "coalition_neurons": [
    "q_net.0_neuron_7",
    "q_net.0_neuron_4",
    "q_net.0_neuron_52",
    "q_net.0_neuron_16",
    "q_net.0_neuron_57",
    "q_net.0_neuron_20",
    "q_net.2_neuron_59",
    "q_net.2_neuron_62",
    "q_net.0_neuron_14",
    "q_net.2_neuron_15",
    "q_net.0_neuron_33",
    "q_net.0_neuron_29",
    "q_net.2_neuron_52",
    "q_net.2_neuron_41",
    "q_net.2_neuron_48",
    "q_net.0_neuron_59",
    "q_net.0_neuron_15",
    "q_net.0_neuron_58",
    "q_net.0_neuron_61",
    "q_net.2_neuron_55",
    "q_net.0_neuron_41",
    "q_net.0_neuron_55",
    "q_net.0_neuron_44",
    "q_net.2_neuron_45",
    "q_net.0_neuron_36",
    "q_net.2_neuron_1",
    "q_net.0_neuron_12",
    "q_net.0_neuron_34"
  ],
  "patch_config": {
    "q_net.0": [
      7,
      4,
      52,
      16,
      57,
      20,
      14,
      33,
      29,
      59,
      15,
      58,
      61,
      41,
      55,
      44,
      36,
      12,
      34
    ],
    "q_net.2": [
      59,
      62,
      15,
      52,
      41,
      48,
      55,
      45,
      1
    ]
  },
  "noising": {
    "metrics": {
      "mean": 4.2722958770267004e-05,
      "std": 2.5582442899141424e-05,
      "count": 32,
      "values": [
        2.1139997752999133e-05,
        5.8154475380836406e-05,
        5.7172586336502436e-05,
        3.4292179195950074e-05,
        2.29934062087664e-05,
        2.0795960048508458e-05,
        3.4847639982141026e-05,
        4.3825796730498465e-05,
        6.380428238333627e-05,
        7.573427082373094e-05,
        7.754438741922694e-05,
        3.5850189282267625e-05,
        3.8909808457255625e-05,
        9.435040359219451e-05,
        3.451819749667828e-05,
        1.6706365147762842e-05,
        3.243702493811154e-05,
        3.743761374332632e-05,
        1.810867223811356e-05,
        9.288220541834918e-05,
        9.708444835536677e-05,
        3.156586614654674e-05,
        1.1614762689824885e-06,
        6.077077477451779e-05,
        1.861063623133548e-05,
        3.986864877160239e-05,
        2.8256758851217048e-05,
        7.503791157030602e-05,
        4.4420933366629304e-05,
        2.6552220279323427e-06,
        1.1663949000283738e-05,
        4.4532592707267936e-05
      ]
    },
    "num_results": 32
  },
  "denoising": {
    "metrics": {
      "mean": 4.222575144971777e-05,
      "std": 2.4873980909227623e-05,
      "count": 32,
      "values": [
        2.0677322399477915e-05,
        5.780651168273414e-05,
        6.122088476730398e-05,
        3.444416595798028e-05,
        2.1281660738021047e-05,
        2.028723861301424e-05,
        3.4811503512076694e-05,
        4.351370614571082e-05,
        6.33005729850816e-05,
        7.563848196070219e-05,
        7.731701723772333e-05,
        3.30841199370507e-05,
        3.8892974143876465e-05,
        9.411833023378663e-05,
        3.505763109277492e-05,
        1.663213878325576e-05,
        3.25885737180215e-05,
        3.950332329421234e-05,
        1.807702151274384e-05,
        8.105926291273851e-05,
        9.713908576937662e-05,
        3.1618724546456464e-05,
        1.1345767678238965e-06,
        5.430884279529263e-05,
        1.860489982718138e-05,
        3.8907916526192314e-05,
        3.217113641986336e-05,
        7.490449907480382e-05,
        4.4464135944188225e-05,
        2.61274284139672e-06,
        1.1615619285501708e-05,
        4.442942496460465e-05
      ]
    },
    "num_results": 32
  },
  "target_metric_score": 4.2722958770267004e-05,
  "timestamp": "2025-06-04T19:22:55.159381"
}