{
  "experiment_name": "candidate_q_net_2_neuron_55",
  "coalition_neurons": [
    "q_net.0_neuron_7",
    "q_net.0_neuron_4",
    "q_net.0_neuron_52",
    "q_net.0_neuron_16",
    "q_net.0_neuron_57",
    "q_net.0_neuron_20",
    "q_net.2_neuron_59",
    "q_net.2_neuron_55"
  ],
  "patch_config": {
    "q_net.0": [
      7,
      4,
      52,
      16,
      57,
      20
    ],
    "q_net.2": [
      59,
      55
    ]
  },
  "noising": {
    "metrics": {
      "mean": 2.633173767211871e-05,
      "std": 2.1250803266508883e-05,
      "count": 32,
      "values": [
        9.712804882607766e-06,
        5.2277385873926874e-05,
        3.58920121167497e-05,
        2.0464133582791732e-05,
        1.2785945406826142e-05,
        6.023778322592323e-07,
        2.3699741981047205e-05,
        2.3456076321253395e-05,
        2.8055935774909412e-05,
        5.828975661367503e-05,
        4.656797800112211e-05,
        2.2487132598057605e-05,
        3.343327736535576e-05,
        6.44991750909639e-05,
        1.771528891106604e-05,
        4.0704340492324896e-06,
        1.9363732767109683e-05,
        2.351357236723777e-05,
        1.1550325312869019e-05,
        4.821723553041573e-05,
        7.62597211821348e-05,
        1.496057826800212e-05,
        2.2481489286662975e-06,
        5.8723515479139734e-05,
        1.0726694145322783e-05,
        1.227894973912695e-06,
        6.957950542092284e-07,
        6.091372219877659e-05,
        1.8335427912911017e-05,
        1.1333436536208316e-06,
        4.756213896996218e-06,
        3.598022743462985e-05
      ]
    },
    "num_results": 32
  },
  "denoising": {
    "metrics": {
      "mean": 2.5890072450196292e-05,
      "std": 2.0964696408205132e-05,
      "count": 32,
      "values": [
        9.09695998033708e-06,
        5.205892988247702e-05,
        3.989324031014661e-05,
        2.050026190099667e-05,
        1.2510678263571908e-05,
        5.976166715079335e-07,
        2.364718030473047e-05,
        2.282962269427812e-05,
        2.7857521712953276e-05,
        5.831533447270775e-05,
        4.6585643485154296e-05,
        2.0151677362238935e-05,
        3.4024599154909536e-05,
        6.459671375605275e-05,
        1.706833398542663e-05,
        4.637602615483328e-06,
        1.883254222590923e-05,
        2.4090710569112063e-05,
        1.2101503694591825e-05,
        3.661727848729455e-05,
        7.826794973224351e-05,
        1.4952953636638558e-05,
        2.2455168095235513e-06,
        5.2868493199608726e-05,
        1.070717314630257e-05,
        1.1681648521389042e-06,
        4.1240249599305964e-07,
        6.0782473888573024e-05,
        1.9538163290321302e-05,
        1.1592911211910404e-06,
        4.44187791920548e-06,
        3.592390678466156e-05
      ]
    },
    "num_results": 32
  },
  "target_metric_score": 2.633173767211871e-05,
  "timestamp": "2025-06-04T19:22:20.572695"
}