{
  "experiment_name": "candidate_q_net_2_neuron_51",
  "coalition_neurons": [
    "q_net.0_neuron_7",
    "q_net.0_neuron_4",
    "q_net.0_neuron_52",
    "q_net.0_neuron_16",
    "q_net.0_neuron_57",
    "q_net.0_neuron_20",
    "q_net.2_neuron_59",
    "q_net.2_neuron_62",
    "q_net.0_neuron_14",
    "q_net.2_neuron_51"
  ],
  "patch_config": {
    "q_net.0": [
      7,
      4,
      52,
      16,
      57,
      20,
      14
    ],
    "q_net.2": [
      59,
      62,
      51
    ]
  },
  "noising": {
    "metrics": {
      "mean": 3.006658382018409e-05,
      "std": 2.1072931403192895e-05,
      "count": 32,
      "values": [
        1.0774650381722615e-05,
        5.412543581667618e-05,
        4.606787219909518e-05,
        2.8519524308082264e-05,
        2.1347775141107887e-05,
        1.1495220072442187e-06,
        2.8663569795825275e-05,
        4.270780694048113e-05,
        3.618470778921079e-05,
        5.575142159431018e-05,
        4.7568292933511e-05,
        3.9325122230936304e-05,
        3.120944507057449e-05,
        5.922356605450097e-05,
        2.0134704155052837e-05,
        4.655906088236669e-06,
        3.2726030361345014e-05,
        4.5381508899900455e-05,
        1.1365156925245744e-05,
        5.005141015298391e-05,
        7.42905893708249e-05,
        2.9523006024056195e-05,
        2.2661309365103507e-06,
        6.055011889472331e-05,
        9.284467414288618e-06,
        2.6648143278872266e-07,
        9.494811427160355e-07,
        5.8630342268217836e-05,
        1.5804713155686103e-05,
        1.6426707140987308e-06,
        6.275089047139159e-06,
        3.5714162998797786e-05
      ]
    },
    "num_results": 32
  },
  "denoising": {
    "metrics": {
      "mean": 2.975060521889725e-05,
      "std": 2.0794808697017972e-05,
      "count": 32,
      "values": [
        1.0504578230716936e-05,
        5.386966224088757e-05,
        5.09161448758648e-05,
        2.8192694631329254e-05,
        2.0690435896355977e-05,
        1.0715543540703015e-06,
        2.8610557158543354e-05,
        4.269121924480664e-05,
        3.60096309338433e-05,
        5.578744665831056e-05,
        4.753913544485724e-05,
        3.921723379335168e-05,
        3.1830251337734315e-05,
        5.9412313258970745e-05,
        2.0419951018833598e-05,
        5.24893562999808e-06,
        3.221158522235634e-05,
        4.74103196609042e-05,
        1.1981349258485732e-05,
        3.720709197185221e-05,
        7.632137360856088e-05,
        2.9548116542033628e-05,
        2.259982026740301e-06,
        5.3633733076314475e-05,
        9.242677315138672e-06,
        3.763585467298744e-07,
        1.066663906716908e-06,
        5.8528685821840256e-05,
        1.6699737552859292e-05,
        1.6957000958776902e-06,
        6.16893660237202e-06,
        3.565531108745516e-05
      ]
    },
    "num_results": 32
  },
  "target_metric_score": 3.006658382018409e-05,
  "timestamp": "2025-06-04T19:22:24.154893"
}