{
  "experiment_name": "candidate_q_net_2_neuron_3",
  "coalition_neurons": [
    "q_net.0_neuron_7",
    "q_net.0_neuron_4",
    "q_net.0_neuron_52",
    "q_net.0_neuron_16",
    "q_net.0_neuron_57",
    "q_net.0_neuron_20",
    "q_net.2_neuron_59",
    "q_net.2_neuron_62",
    "q_net.0_neuron_14",
    "q_net.2_neuron_15",
    "q_net.0_neuron_33",
    "q_net.0_neuron_29",
    "q_net.2_neuron_3"
  ],
  "patch_config": {
    "q_net.0": [
      7,
      4,
      52,
      16,
      57,
      20,
      14,
      33,
      29
    ],
    "q_net.2": [
      59,
      62,
      15,
      3
    ]
  },
  "noising": {
    "metrics": {
      "mean": 3.5295441423044676e-05,
      "std": 2.231254485927961e-05,
      "count": 32,
      "values": [
        1.737329253355727e-05,
        5.211883016291842e-05,
        5.6291929451404276e-05,
        3.822666262302127e-05,
        2.530721560228843e-05,
        1.435460389915687e-06,
        3.858961230296886e-05,
        6.303097810472628e-05,
        5.68682944450834e-05,
        5.7423987539848963e-05,
        5.3909225786940565e-05,
        5.344527385099901e-05,
        3.302983989248848e-05,
        6.213944766754508e-05,
        2.9274309150416128e-05,
        1.7705494054422137e-06,
        4.0735968643606374e-05,
        5.789848949887483e-05,
        1.7738817258569845e-05,
        5.46921840205596e-05,
        7.574510237402365e-05,
        3.273435826551304e-05,
        2.5262785265130335e-06,
        5.468334008517338e-05,
        1.1240966477592978e-05,
        4.025344094314514e-06,
        3.867234779717215e-06,
        5.939542469333395e-05,
        2.7104872696014212e-05,
        5.132825023965369e-07,
        1.0501444224359337e-05,
        3.581610848730284e-05
      ]
    },
    "num_results": 32
  },
  "denoising": {
    "metrics": {
      "mean": 3.51183626165349e-05,
      "std": 2.2261866159370877e-05,
      "count": 32,
      "values": [
        1.723166589379262e-05,
        5.1868973200120045e-05,
        6.29402526263294e-05,
        3.7881677004528635e-05,
        2.4590115394678086e-05,
        1.556506275990203e-06,
        3.8555609863364466e-05,
        6.31514817870881e-05,
        5.719763452821051e-05,
        5.7455706861974537e-05,
        5.380740176220999e-05,
        5.059725933149041e-05,
        3.376072316509191e-05,
        6.222742919722402e-05,
        3.0000517824610743e-05,
        2.0201885323048777e-06,
        4.077392720650886e-05,
        6.101828945057042e-05,
        1.875778392005311e-05,
        4.138404232175639e-05,
        7.775250750013322e-05,
        3.277094467780766e-05,
        2.527284499328499e-06,
        4.982364682334147e-05,
        1.1192174474930526e-05,
        4.406642020116742e-06,
        4.31838227132528e-06,
        5.929766871621395e-05,
        2.8018232294131076e-05,
        5.349432736953237e-07,
        1.0604866567417645e-05,
        3.5763124462778154e-05
      ]
    },
    "num_results": 32
  },
  "target_metric_score": 3.5295441423044676e-05,
  "timestamp": "2025-06-04T19:22:29.022003"
}