{
  "experiment_name": "candidate_q_net_0_neuron_5",
  "coalition_neurons": [
    "q_net.0_neuron_7",
    "q_net.0_neuron_4",
    "q_net.0_neuron_52",
    "q_net.0_neuron_16",
    "q_net.0_neuron_57",
    "q_net.0_neuron_20",
    "q_net.2_neuron_59",
    "q_net.2_neuron_62",
    "q_net.0_neuron_14",
    "q_net.2_neuron_15",
    "q_net.0_neuron_33",
    "q_net.0_neuron_29",
    "q_net.2_neuron_52",
    "q_net.2_neuron_41",
    "q_net.2_neuron_48",
    "q_net.0_neuron_59",
    "q_net.0_neuron_15",
    "q_net.0_neuron_5"
  ],
  "patch_config": {
    "q_net.0": [
      7,
      4,
      52,
      16,
      57,
      20,
      14,
      33,
      29,
      59,
      15,
      5
    ],
    "q_net.2": [
      59,
      62,
      15,
      52,
      41,
      48
    ]
  },
  "noising": {
    "metrics": {
      "mean": 4.066104317806529e-05,
      "std": 2.257890786522516e-05,
      "count": 32,
      "values": [
        2.4243771430047844e-05,
        5.805826884828266e-05,
        6.047381628625779e-05,
        4.36954186479123e-05,
        2.5884020841485653e-05,
        8.29736873211276e-06,
        4.356966387909192e-05,
        6.667566294946592e-05,
        6.551886909407978e-05,
        6.401567845970113e-05,
        7.095799332514975e-05,
        5.204249341271626e-05,
        3.376605945265965e-05,
        7.473915056382202e-05,
        3.976270513799399e-05,
        7.490542864726124e-06,
        4.096840389402603e-05,
        5.728111990460248e-05,
        2.6413847778399436e-05,
        6.701160708431084e-05,
        8.00561925889101e-05,
        3.984251663150982e-05,
        8.933978008018135e-07,
        5.9660105492069515e-05,
        1.3375769520289544e-05,
        2.3483663263132058e-05,
        1.5662812515975996e-05,
        5.3335247523679345e-05,
        2.6732006197271877e-05,
        1.4556877728840064e-06,
        1.529931038138279e-05,
        4.049020942333817e-05
      ]
    },
    "num_results": 32
  },
  "denoising": {
    "metrics": {
      "mean": 4.041581072601625e-05,
      "std": 2.2300508096675075e-05,
      "count": 32,
      "values": [
        2.4328942432023807e-05,
        5.7685605616787866e-05,
        6.719121607993213e-05,
        4.346351514429819e-05,
        2.5634479444705798e-05,
        8.513843174212015e-06,
        4.3568205423535076e-05,
        6.660446368238313e-05,
        6.529935351833689e-05,
        6.40214999226142e-05,
        7.07404092393771e-05,
        4.906726105524087e-05,
        3.400949426799511e-05,
        7.467091099739323e-05,
        4.042843351636632e-05,
        7.843158934104104e-06,
        4.08292097712681e-05,
        6.05948541932402e-05,
        2.7461919886350252e-05,
        5.4100074107556375e-05,
        8.105332300604204e-05,
        3.9920754342080266e-05,
        9.005978074723832e-07,
        5.403423175246163e-05,
        1.326182217058821e-05,
        2.3905208669702674e-05,
        1.509061873470512e-05,
        5.327029173865028e-05,
        2.8216747622691147e-05,
        1.5096670583076676e-06,
        1.566837049624527e-05,
        4.041745942585278e-05
      ]
    },
    "num_results": 32
  },
  "target_metric_score": 4.066104317806529e-05,
  "timestamp": "2025-06-04T19:22:37.232708"
}