{
  "experiment_name": "candidate_q_net_2_neuron_23",
  "coalition_neurons": [
    "q_net.0_neuron_7",
    "q_net.0_neuron_4",
    "q_net.0_neuron_52",
    "q_net.0_neuron_16",
    "q_net.0_neuron_57",
    "q_net.0_neuron_20",
    "q_net.2_neuron_59",
    "q_net.2_neuron_62",
    "q_net.0_neuron_14",
    "q_net.2_neuron_15",
    "q_net.0_neuron_33",
    "q_net.0_neuron_29",
    "q_net.2_neuron_52",
    "q_net.2_neuron_41",
    "q_net.2_neuron_48",
    "q_net.0_neuron_59",
    "q_net.0_neuron_15",
    "q_net.0_neuron_58",
    "q_net.0_neuron_61",
    "q_net.2_neuron_55",
    "q_net.0_neuron_41",
    "q_net.0_neuron_55",
    "q_net.0_neuron_44",
    "q_net.2_neuron_23"
  ],
  "patch_config": {
    "q_net.0": [
      7,
      4,
      52,
      16,
      57,
      20,
      14,
      33,
      29,
      59,
      15,
      58,
      61,
      41,
      55,
      44
    ],
    "q_net.2": [
      59,
      62,
      15,
      52,
      41,
      48,
      55,
      23
    ]
  },
  "noising": {
    "metrics": {
      "mean": 4.283646590971637e-05,
      "std": 2.4360363089400882e-05,
      "count": 32,
      "values": [
        2.418371244405882e-05,
        5.9985493783911575e-05,
        6.077612418243432e-05,
        4.222966030761443e-05,
        2.4288260885430035e-05,
        1.2151637146109269e-05,
        4.030745063376192e-05,
        6.24889885826106e-05,
        6.71435626694724e-05,
        6.924224349700583e-05,
        7.229632016744693e-05,
        4.782975827545793e-05,
        3.515571497928957e-05,
        8.66977007131293e-05,
        3.636638720656382e-05,
        1.7212090691706814e-05,
        3.9803376333900605e-05,
        4.889708146426654e-05,
        2.0462721804923728e-05,
        8.68169880685999e-05,
        8.700944215409641e-05,
        3.6985373969350074e-05,
        5.870103594936716e-07,
        6.224576034154715e-05,
        1.3003461956683556e-05,
        3.85145203688343e-05,
        1.9379676542384755e-05,
        6.8938410210816e-05,
        3.48481908080706e-05,
        5.499407683003089e-07,
        1.3493522995925919e-05,
        4.087632479772671e-05
      ]
    },
    "num_results": 32
  },
  "denoising": {
    "metrics": {
      "mean": 4.234790181242066e-05,
      "std": 2.366296015100471e-05,
      "count": 32,
      "values": [
        2.411825982857787e-05,
        5.964988477598311e-05,
        6.677120953577922e-05,
        4.2219658642218805e-05,
        2.4101366884477448e-05,
        1.1451711165243444e-05,
        4.03135395752425e-05,
        6.26738708118951e-05,
        6.682392881038085e-05,
        6.922151149107384e-05,
        7.208091002520469e-05,
        4.513216789045309e-05,
        3.5172451533027854e-05,
        8.660476453912117e-05,
        3.621627783958483e-05,
        1.714870506027181e-05,
        3.987148085649408e-05,
        5.106799612704057e-05,
        2.0269900327994238e-05,
        7.06255388905582e-05,
        8.712944261322149e-05,
        3.706003941145641e-05,
        5.690634708754204e-07,
        5.7639733996277774e-05,
        1.2923088826964526e-05,
        3.784493764631149e-05,
        2.045513661982955e-05,
        6.886072177442908e-05,
        3.6710352387293844e-05,
        5.84955724151437e-07,
        1.3011544200605506e-05,
        4.0808706715421894e-05
      ]
    },
    "num_results": 32
  },
  "target_metric_score": 4.283646590971637e-05,
  "timestamp": "2025-06-04T19:22:48.750392"
}