{
  "experiment_name": "candidate_q_net_2_neuron_3",
  "coalition_neurons": [
    "q_net.0_neuron_7",
    "q_net.0_neuron_4",
    "q_net.0_neuron_52",
    "q_net.0_neuron_16",
    "q_net.0_neuron_57",
    "q_net.0_neuron_20",
    "q_net.2_neuron_59",
    "q_net.2_neuron_62",
    "q_net.0_neuron_14",
    "q_net.2_neuron_15",
    "q_net.0_neuron_33",
    "q_net.0_neuron_29",
    "q_net.2_neuron_52",
    "q_net.2_neuron_41",
    "q_net.2_neuron_48",
    "q_net.0_neuron_59",
    "q_net.0_neuron_15",
    "q_net.0_neuron_58",
    "q_net.0_neuron_61",
    "q_net.2_neuron_55",
    "q_net.0_neuron_41",
    "q_net.0_neuron_55",
    "q_net.0_neuron_44",
    "q_net.2_neuron_45",
    "q_net.0_neuron_36",
    "q_net.2_neuron_1",
    "q_net.0_neuron_12",
    "q_net.0_neuron_18",
    "q_net.2_neuron_3"
  ],
  "patch_config": {
    "q_net.0": [
      7,
      4,
      52,
      16,
      57,
      20,
      14,
      33,
      29,
      59,
      15,
      58,
      61,
      41,
      55,
      44,
      36,
      12,
      18
    ],
    "q_net.2": [
      59,
      62,
      15,
      52,
      41,
      48,
      55,
      45,
      1,
      3
    ]
  },
  "noising": {
    "metrics": {
      "mean": 4.6136370376970494e-05,
      "std": 2.6341103252733763e-05,
      "count": 32,
      "values": [
        2.4760875125439427e-05,
        6.735855980488528e-05,
        6.297426182675053e-05,
        4.279710930684788e-05,
        2.7041886716166856e-05,
        1.9725223320179357e-05,
        3.985216793002671e-05,
        6.166755489786925e-05,
        6.629401431568324e-05,
        7.539585727299908e-05,
        8.077255890430121e-05,
        5.3032224453198815e-05,
        3.964498178863344e-05,
        9.405282016741363e-05,
        3.485193201180521e-05,
        1.469939054290386e-05,
        3.8763269260050056e-05,
        5.290258495092414e-05,
        1.726855704663828e-05,
        9.310126297436847e-05,
        9.812523492285354e-05,
        3.594447629465063e-05,
        4.917790471093266e-07,
        7.010481566392484e-05,
        2.25240785817365e-05,
        3.503076239002429e-05,
        2.6980499353011647e-05,
        7.636075676732755e-05,
        4.418945742743234e-05,
        1.0825804524175909e-06,
        1.3031415955858561e-05,
        4.55409025896243e-05
      ]
    },
    "num_results": 32
  },
  "denoising": {
    "metrics": {
      "mean": 4.556019346356194e-05,
      "std": 2.5698589732695786e-05,
      "count": 32,
      "values": [
        2.4575969716384327e-05,
        6.68668306164805e-05,
        6.945342422146332e-05,
        4.2808844289837994e-05,
        2.52696345058467e-05,
        1.938544193192727e-05,
        3.9855205296891456e-05,
        6.167273718008968e-05,
        6.593546716075586e-05,
        7.530423334206051e-05,
        8.045101576888386e-05,
        5.021895194407444e-05,
        3.962913899296233e-05,
        9.381642172955114e-05,
        3.570845275194717e-05,
        1.4517935351611184e-05,
        3.890156203239256e-05,
        5.490858342460051e-05,
        1.6878708295287558e-05,
        8.016231960451653e-05,
        9.818435640954919e-05,
        3.602077407787325e-05,
        4.862679463850589e-07,
        6.322113912627693e-05,
        2.252535816087229e-05,
        3.4318732385424855e-05,
        2.8914068376639747e-05,
        7.623021741982568e-05,
        4.264595494812579e-05,
        1.0753534891424837e-06,
        1.2537544300493747e-05,
        4.5445546035808226e-05
      ]
    },
    "num_results": 32
  },
  "target_metric_score": 4.6136370376970494e-05,
  "timestamp": "2025-06-04T19:22:57.696485"
}