{
  "experiment_name": "candidate_q_net_0_neuron_56",
  "coalition_neurons": [
    "q_net.0_neuron_7",
    "q_net.0_neuron_4",
    "q_net.0_neuron_52",
    "q_net.0_neuron_16",
    "q_net.0_neuron_57",
    "q_net.0_neuron_20",
    "q_net.2_neuron_59",
    "q_net.2_neuron_62",
    "q_net.0_neuron_14",
    "q_net.2_neuron_15",
    "q_net.0_neuron_33",
    "q_net.0_neuron_29",
    "q_net.2_neuron_52",
    "q_net.2_neuron_41",
    "q_net.2_neuron_48",
    "q_net.0_neuron_59",
    "q_net.0_neuron_15",
    "q_net.0_neuron_58",
    "q_net.0_neuron_61",
    "q_net.2_neuron_55",
    "q_net.0_neuron_41",
    "q_net.0_neuron_55",
    "q_net.0_neuron_44",
    "q_net.0_neuron_56"
  ],
  "patch_config": {
    "q_net.0": [
      7,
      4,
      52,
      16,
      57,
      20,
      14,
      33,
      29,
      59,
      15,
      58,
      61,
      41,
      55,
      44,
      56
    ],
    "q_net.2": [
      59,
      62,
      15,
      52,
      41,
      48,
      55
    ]
  },
  "noising": {
    "metrics": {
      "mean": 4.23677795579414e-05,
      "std": 2.4849872863252548e-05,
      "count": 32,
      "values": [
        2.031164813897572e-05,
        6.104943300604799e-05,
        5.9839245678227444e-05,
        4.007033550983065e-05,
        2.0794926954846083e-05,
        1.564297128312875e-05,
        3.9551300822004976e-05,
        5.516675990395372e-05,
        6.504409422701193e-05,
        7.256021483466671e-05,
        7.426550489322207e-05,
        4.265391143818613e-05,
        3.606927763138263e-05,
        9.079106221379162e-05,
        3.518903513310024e-05,
        1.63785917126492e-05,
        3.885591536080448e-05,
        4.61910297715419e-05,
        2.0213296053980638e-05,
        8.195746568616987e-05,
        9.201639019437756e-05,
        3.3050075485015445e-05,
        9.660276354948893e-07,
        6.376593456476859e-05,
        1.0134896494745594e-05,
        3.655988752931504e-05,
        2.3240052574261677e-05,
        7.104037131267535e-05,
        3.352436979016892e-05,
        8.110825603955618e-07,
        1.3573596204566145e-05,
        4.449024125481723e-05
      ]
    },
    "num_results": 32
  },
  "denoising": {
    "metrics": {
      "mean": 4.191342353908353e-05,
      "std": 2.4307503904243754e-05,
      "count": 32,
      "values": [
        2.0068677459389515e-05,
        6.073133905635142e-05,
        6.551434130404343e-05,
        4.0043122740540844e-05,
        2.0283503180738675e-05,
        1.4586459692068508e-05,
        3.955286640139311e-05,
        5.597999575957099e-05,
        6.469315721055198e-05,
        7.252504864389798e-05,
        7.40204132913464e-05,
        4.022780676259043e-05,
        3.6156252230120224e-05,
        9.067159531473605e-05,
        3.4552496387329546e-05,
        1.6250535108314743e-05,
        3.893137367984279e-05,
        4.797811389376091e-05,
        1.988942539977637e-05,
        6.750934393736643e-05,
        9.21146859982026e-05,
        3.311145349627282e-05,
        9.54676650888713e-07,
        5.886870198125666e-05,
        1.0121981661133492e-05,
        3.5989363031704033e-05,
        2.520861254682043e-05,
        7.095325992266771e-05,
        3.541207526735297e-05,
        7.8765826751903e-07,
        1.3139097639096851e-05,
        4.440211933402728e-05
      ]
    },
    "num_results": 32
  },
  "target_metric_score": 4.23677795579414e-05,
  "timestamp": "2025-06-04T19:22:48.937113"
}