{
  "experiment_name": "candidate_q_net_0_neuron_24",
  "coalition_neurons": [
    "q_net.0_neuron_7",
    "q_net.0_neuron_24"
  ],
  "patch_config": {
    "q_net.0": [
      7,
      24
    ]
  },
  "noising": {
    "metrics": {
      "mean": 7.335680191238458e-06,
      "std": 1.1097816402482558e-05,
      "count": 32,
      "values": [
        1.62631133590244e-06,
        1.7068020247010306e-05,
        1.8819387391269776e-07,
        3.7690405984761163e-07,
        1.920010941552306e-08,
        3.093543497863975e-07,
        5.50822314319163e-07,
        1.213558537673594e-07,
        3.6998857795870685e-08,
        3.495919446269962e-05,
        1.939058247628616e-05,
        3.220914203454434e-07,
        1.361680963491655e-05,
        1.8317445597397638e-05,
        2.3150301166233005e-07,
        1.348325697875355e-08,
        9.100871825170275e-07,
        1.4736832994985708e-08,
        2.287001228436637e-07,
        1.609740095492385e-05,
        3.20530192385619e-05,
        4.976958154211423e-07,
        2.549765902162078e-07,
        1.71702797297082e-05,
        3.6863932113720237e-07,
        5.3825286681049905e-09,
        2.5406840154045245e-06,
        3.472045864255711e-05,
        1.000048076161403e-07,
        5.086454943989014e-07,
        8.206086964093935e-07,
        2.1302175284208433e-05
      ]
    },
    "num_results": 32
  },
  "denoising": {
    "metrics": {
      "mean": 7.193883545450286e-06,
      "std": 1.1047701865927964e-05,
      "count": 32,
      "values": [
        1.5400374039026905e-06,
        1.7003855731952556e-05,
        1.4027215056505921e-07,
        4.2258095945234275e-07,
        1.9445286501994425e-08,
        3.4759723602144983e-07,
        5.527528006074589e-07,
        1.4569816409923907e-07,
        3.72342243852076e-08,
        3.502003894954907e-05,
        1.9508381935710167e-05,
        3.81966434903142e-07,
        1.3700176649130607e-05,
        1.822869299485119e-05,
        2.2930260302323315e-07,
        1.384842480829483e-08,
        9.120663018144016e-07,
        1.615614921466696e-08,
        2.3449929614918286e-07,
        1.1942290730340113e-05,
        3.2169402314440087e-05,
        4.993579572467395e-07,
        2.550825028172171e-07,
        1.7293059009320798e-05,
        3.763684683729578e-07,
        7.462927964132094e-09,
        1.8956048098142317e-06,
        3.47402627479045e-05,
        1.1831153147421627e-07,
        5.11319008111345e-07,
        6.491183145048134e-07,
        2.1292029435456038e-05
      ]
    },
    "num_results": 32
  },
  "target_metric_score": 7.335680191238458e-06,
  "timestamp": "2025-06-04T19:22:10.645125"
}