{
  "experiment_name": "candidate_q_net_2_neuron_10",
  "coalition_neurons": [
    "q_net.0_neuron_7",
    "q_net.0_neuron_4",
    "q_net.0_neuron_52",
    "q_net.0_neuron_16",
    "q_net.0_neuron_57",
    "q_net.2_neuron_10"
  ],
  "patch_config": {
    "q_net.0": [
      7,
      4,
      52,
      16,
      57
    ],
    "q_net.2": [
      10
    ]
  },
  "noising": {
    "metrics": {
      "mean": 2.0289809190413354e-05,
      "std": 1.8731769566376438e-05,
      "count": 32,
      "values": [
        7.577023092599812e-06,
        5.3773748926455264e-05,
        2.9039703502609484e-05,
        1.4768489738123391e-05,
        1.1280161392342863e-05,
        1.8107561212311494e-06,
        1.592610476449795e-05,
        9.844117443527298e-06,
        1.5065742136445158e-05,
        4.677966486009964e-05,
        4.231426716425383e-05,
        1.1259220532108425e-05,
        2.01440486727885e-05,
        4.178402392921132e-05,
        1.2052561072712189e-05,
        5.079691971243282e-06,
        1.4663356986266982e-05,
        1.3029204578914803e-05,
        6.792086083204406e-06,
        4.475527310391465e-05,
        6.169209089222259e-05,
        6.023376208817645e-06,
        2.043916184553266e-06,
        5.9167959157730614e-05,
        3.730506111885662e-06,
        1.394522730902489e-07,
        2.1780995308791763e-07,
        4.4522444953345075e-05,
        1.1351754208511122e-05,
        1.6349242031042698e-06,
        4.613727899688866e-06,
        3.6396685974639676e-05
      ]
    },
    "num_results": 32
  },
  "denoising": {
    "metrics": {
      "mean": 1.979452026899499e-05,
      "std": 1.812677750715533e-05,
      "count": 32,
      "values": [
        7.045434105003908e-06,
        5.352376515914425e-05,
        3.052834444523312e-05,
        1.481765122834911e-05,
        1.0968345048575738e-05,
        1.8554156928446636e-06,
        1.588179149521695e-05,
        9.40449353904044e-06,
        1.4605953135245209e-05,
        4.6841606847223996e-05,
        4.240466941525273e-05,
        9.795846055972077e-06,
        2.0368965823924193e-05,
        4.187820903083384e-05,
        1.1642291679528696e-05,
        5.455969011604431e-06,
        1.4211918992374038e-05,
        1.3327863852782428e-05,
        7.766258536547727e-06,
        3.4675716752862e-05,
        6.249430663714543e-05,
        5.884424150798739e-06,
        2.0267169522023834e-06,
        5.3037966255305505e-05,
        3.6268072801629267e-06,
        1.3641870496956744e-07,
        2.6474415732179223e-07,
        4.452245967973261e-05,
        1.2251164586595887e-05,
        1.6689670598325746e-06,
        4.15549065395978e-06,
        3.635467264225293e-05
      ]
    },
    "num_results": 32
  },
  "target_metric_score": 2.0289809190413354e-05,
  "timestamp": "2025-06-04T19:22:17.549686"
}