{
  "experiment_name": "candidate_q_net_2_neuron_33",
  "coalition_neurons": [
    "q_net.0_neuron_7",
    "q_net.0_neuron_4",
    "q_net.0_neuron_52",
    "q_net.0_neuron_16",
    "q_net.0_neuron_57",
    "q_net.0_neuron_20",
    "q_net.2_neuron_59",
    "q_net.2_neuron_62",
    "q_net.0_neuron_14",
    "q_net.2_neuron_15",
    "q_net.0_neuron_33",
    "q_net.0_neuron_29",
    "q_net.2_neuron_52",
    "q_net.2_neuron_41",
    "q_net.2_neuron_48",
    "q_net.0_neuron_59",
    "q_net.0_neuron_15",
    "q_net.0_neuron_58",
    "q_net.0_neuron_61",
    "q_net.2_neuron_55",
    "q_net.0_neuron_41",
    "q_net.0_neuron_55",
    "q_net.0_neuron_44",
    "q_net.2_neuron_45",
    "q_net.0_neuron_36",
    "q_net.2_neuron_1",
    "q_net.0_neuron_12",
    "q_net.0_neuron_18",
    "q_net.2_neuron_46",
    "q_net.2_neuron_33"
  ],
  "patch_config": {
    "q_net.0": [
      7,
      4,
      52,
      16,
      57,
      20,
      14,
      33,
      29,
      59,
      15,
      58,
      61,
      41,
      55,
      44,
      36,
      12,
      18
    ],
    "q_net.2": [
      59,
      62,
      15,
      52,
      41,
      48,
      55,
      45,
      1,
      46,
      33
    ]
  },
  "noising": {
    "metrics": {
      "mean": 4.5768405211818336e-05,
      "std": 2.5550772769628555e-05,
      "count": 32,
      "values": [
        2.5145896804428967e-05,
        7.11044165106375e-05,
        6.290482453316778e-05,
        4.322567026355769e-05,
        2.9650734924044787e-05,
        1.9046620067972872e-05,
        3.726325142207104e-05,
        6.294419724236578e-05,
        6.391175224038716e-05,
        7.263831298521774e-05,
        8.222165888980377e-05,
        4.9426682504099444e-05,
        3.8195418644946274e-05,
        9.061847882248317e-05,
        3.527755717408959e-05,
        1.7154930788676297e-05,
        3.9345732412010255e-05,
        5.1374826115094165e-05,
        1.8043563541368874e-05,
        9.234893786354899e-05,
        9.330326517095159e-05,
        3.739118761753518e-05,
        7.677535352764277e-07,
        7.392476017866552e-05,
        2.5306547168812326e-05,
        3.4084266946614534e-05,
        2.521910879750241e-05,
        6.981114590742408e-05,
        4.308836915360183e-05,
        1.6432855363987357e-06,
        1.2258288649349421e-05,
        4.594752436608252e-05
      ]
    },
    "num_results": 32
  },
  "denoising": {
    "metrics": {
      "mean": 4.520168445997778e-05,
      "std": 2.483405057957246e-05,
      "count": 32,
      "values": [
        2.4973612669165366e-05,
        7.057272133240578e-05,
        6.942634492583251e-05,
        4.3257448537867434e-05,
        2.7859492622465476e-05,
        1.8660033212445585e-05,
        3.725903936398949e-05,
        6.295373424672237e-05,
        6.355323978448268e-05,
        7.256468548589358e-05,
        8.188597435018264e-05,
        4.6714133796785066e-05,
        3.819395280157435e-05,
        9.0408470956605e-05,
        3.6134450331147376e-05,
        1.690522230256362e-05,
        3.9486804914636714e-05,
        5.335551274629805e-05,
        1.767492989028857e-05,
        7.940901207051436e-05,
        9.338281557934303e-05,
        3.7470574835758534e-05,
        7.611605852579292e-07,
        6.667363494238551e-05,
        2.5285689377813406e-05,
        3.355805231573697e-05,
        2.735839071743378e-05,
        6.970640206280612e-05,
        4.134633944937924e-05,
        1.632313466640666e-06,
        1.2180709967437916e-05,
        4.5849003077429846e-05
      ]
    },
    "num_results": 32
  },
  "target_metric_score": 4.5768405211818336e-05,
  "timestamp": "2025-06-04T19:23:00.232436"
}