{
  "experiment_name": "candidate_q_net_0_neuron_24",
  "coalition_neurons": [
    "q_net.0_neuron_7",
    "q_net.0_neuron_4",
    "q_net.0_neuron_52",
    "q_net.0_neuron_16",
    "q_net.0_neuron_57",
    "q_net.0_neuron_20",
    "q_net.2_neuron_59",
    "q_net.2_neuron_62",
    "q_net.0_neuron_14",
    "q_net.0_neuron_24"
  ],
  "patch_config": {
    "q_net.0": [
      7,
      4,
      52,
      16,
      57,
      20,
      14,
      24
    ],
    "q_net.2": [
      59,
      62
    ]
  },
  "noising": {
    "metrics": {
      "mean": 3.075480062221959e-05,
      "std": 1.944308534150563e-05,
      "count": 32,
      "values": [
        1.9270880559878103e-05,
        4.4453435158671104e-05,
        4.801927756642086e-05,
        3.143867708790696e-05,
        2.0199586203948705e-05,
        1.4270855222534755e-06,
        3.2020776055890566e-05,
        4.139258609810463e-05,
        3.719516969913827e-05,
        5.681033614539832e-05,
        4.2486687081215056e-05,
        4.098913410392714e-05,
        3.163112915636649e-05,
        5.904605088170932e-05,
        2.422655087989077e-05,
        4.624463011659126e-06,
        3.6371440514817e-05,
        3.9614658943469766e-05,
        1.6777944521895096e-05,
        4.442713548523424e-05,
        7.532143381719548e-05,
        2.8684080121284023e-05,
        2.2748699408387386e-06,
        5.168645000205044e-05,
        1.1825293224812516e-05,
        1.5207892996307466e-06,
        6.19590107819477e-06,
        6.477193937676976e-05,
        2.218361241039849e-05,
        2.3865071520282727e-06,
        1.2911155065095095e-05,
        3.1968583744933416e-05
      ]
    },
    "num_results": 32
  },
  "denoising": {
    "metrics": {
      "mean": 3.036311651639196e-05,
      "std": 1.9304064125461645e-05,
      "count": 32,
      "values": [
        1.9309872765668886e-05,
        4.420481090804037e-05,
        5.2386263041150896e-05,
        3.123485357521983e-05,
        1.9637162740661525e-05,
        1.6029872645011243e-06,
        3.198184907496002e-05,
        4.101747043201709e-05,
        3.703864723619528e-05,
        5.6845887309354384e-05,
        4.241815391363565e-05,
        3.769327958172159e-05,
        3.237269695797952e-05,
        5.923139126092392e-05,
        2.4597927069015205e-05,
        5.165632785207976e-06,
        3.6441151182512376e-05,
        4.1591495301984e-05,
        1.745905492307894e-05,
        3.3948530775139695e-05,
        7.716549236995451e-05,
        2.8719607855150187e-05,
        2.2569076758279048e-06,
        4.369543364643089e-05,
        1.1783400325418776e-05,
        1.759906312282731e-06,
        5.5681372098000115e-06,
        6.466083386305458e-05,
        2.3194173754202468e-05,
        2.5385037568870163e-06,
        1.218192655080434e-05,
        3.191628710576104e-05
      ]
    },
    "num_results": 32
  },
  "target_metric_score": 3.075480062221959e-05,
  "timestamp": "2025-06-04T19:22:23.532994"
}