{
  "experiment_name": "candidate_q_net_2_neuron_34",
  "coalition_neurons": [
    "q_net.0_neuron_7",
    "q_net.0_neuron_4",
    "q_net.0_neuron_52",
    "q_net.0_neuron_16",
    "q_net.0_neuron_57",
    "q_net.0_neuron_20",
    "q_net.2_neuron_59",
    "q_net.2_neuron_62",
    "q_net.0_neuron_14",
    "q_net.2_neuron_15",
    "q_net.2_neuron_34"
  ],
  "patch_config": {
    "q_net.0": [
      7,
      4,
      52,
      16,
      57,
      20,
      14
    ],
    "q_net.2": [
      59,
      62,
      15,
      34
    ]
  },
  "noising": {
    "metrics": {
      "mean": 3.197563556387636e-05,
      "std": 1.9389310301410455e-05,
      "count": 32,
      "values": [
        1.7437294051106953e-05,
        4.957497952725481e-05,
        5.076318764389966e-05,
        3.4576733964163456e-05,
        2.1980881519366403e-05,
        1.8993553279536145e-06,
        3.3067270542547255e-05,
        4.2404046806611114e-05,
        4.12848398728909e-05,
        5.680621836898171e-05,
        4.7325151342308015e-05,
        3.9253090937255066e-05,
        3.08998303705827e-05,
        6.030664251684164e-05,
        3.220386203309743e-05,
        3.854578780643523e-06,
        3.9561955112980265e-05,
        3.665660760944511e-05,
        2.1058368445046622e-05,
        5.06026618617005e-05,
        7.39502779894189e-05,
        2.9069814356309765e-05,
        2.2503842907440567e-06,
        5.45501068890137e-05,
        1.3767163215876177e-05,
        5.226264222053898e-06,
        4.636469746936581e-06,
        5.575304688198383e-05,
        2.6317508726504592e-05,
        1.7050492239677412e-06,
        1.1247409512120919e-05,
        3.322928635443665e-05
      ]
    },
    "num_results": 32
  },
  "denoising": {
    "metrics": {
      "mean": 3.15344152942946e-05,
      "std": 1.917492635282281e-05,
      "count": 32,
      "values": [
        1.7113064932571496e-05,
        4.93776049626225e-05,
        5.6009731647604574e-05,
        3.417201076738596e-05,
        2.1279493256154153e-05,
        2.072118732638728e-06,
        3.303302981557646e-05,
        4.202248838688482e-05,
        4.117301351405655e-05,
        5.684063688846531e-05,
        4.719288559416955e-05,
        3.605485614798973e-05,
        3.152021555834863e-05,
        6.040267044282998e-05,
        3.2596793032030206e-05,
        4.189431856820226e-06,
        3.899297147284342e-05,
        3.845334081674953e-05,
        2.0483449958015468e-05,
        3.676939835548811e-05,
        7.599074153871407e-05,
        2.9102078102798894e-05,
        2.2522117459552473e-06,
        4.828977640984546e-05,
        1.3714999939386241e-05,
        5.65469356130215e-06,
        5.033697385232669e-06,
        5.5675177493761914e-05,
        2.7541240559414036e-05,
        1.7579047226298585e-06,
        1.1149746887040778e-05,
        3.3189814932100626e-05
      ]
    },
    "num_results": 32
  },
  "target_metric_score": 3.197563556387636e-05,
  "timestamp": "2025-06-04T19:22:24.981209"
}