{
  "experiment_name": "candidate_q_net_2_neuron_30",
  "coalition_neurons": [
    "q_net.0_neuron_7",
    "q_net.0_neuron_4",
    "q_net.0_neuron_52",
    "q_net.0_neuron_16",
    "q_net.0_neuron_57",
    "q_net.0_neuron_20",
    "q_net.2_neuron_59",
    "q_net.2_neuron_62",
    "q_net.0_neuron_14",
    "q_net.2_neuron_30"
  ],
  "patch_config": {
    "q_net.0": [
      7,
      4,
      52,
      16,
      57,
      20,
      14
    ],
    "q_net.2": [
      59,
      62,
      30
    ]
  },
  "noising": {
    "metrics": {
      "mean": 2.8951046337285715e-05,
      "std": 1.9827621992374386e-05,
      "count": 32,
      "values": [
        1.1694224737288919e-05,
        4.945992602428521e-05,
        4.436134697827546e-05,
        2.611192856033875e-05,
        1.8079535088054107e-05,
        1.042307292042216e-06,
        2.8625565959141536e-05,
        3.717299567143292e-05,
        3.713967605007383e-05,
        5.632555359960743e-05,
        4.55539972420134e-05,
        3.524414865713394e-05,
        3.0199482275555415e-05,
        5.893093450005905e-05,
        2.0636935335108285e-05,
        4.223245682897275e-06,
        3.0163386509941175e-05,
        3.618298700828657e-05,
        1.3391508361756846e-05,
        4.48726757685358e-05,
        7.357655680414094e-05,
        2.6577322453853617e-05,
        1.3263516768737189e-06,
        5.645259799884729e-05,
        1.3112552880475688e-05,
        1.22984095970183e-06,
        2.0879217416424397e-06,
        5.735826303950855e-05,
        2.1668650483413305e-05,
        1.3524952761411017e-06,
        7.20435149376028e-06,
        3.507421668295604e-05
      ]
    },
    "num_results": 32
  },
  "denoising": {
    "metrics": {
      "mean": 2.8536946565471197e-05,
      "std": 1.9617143135797206e-05,
      "count": 32,
      "values": [
        1.1479824442046861e-05,
        4.9303974474005936e-05,
        4.880469763143824e-05,
        2.5780189019555854e-05,
        1.741358126188745e-05,
        1.0448153594416515e-06,
        2.857841892893757e-05,
        3.6809323955296677e-05,
        3.6959122283097313e-05,
        5.635740813715411e-05,
        4.554002494960873e-05,
        3.221446799187705e-05,
        3.0793359211690844e-05,
        5.912034744607372e-05,
        2.093052950721038e-05,
        4.783854601730309e-06,
        2.969285345407499e-05,
        3.7933912707212736e-05,
        1.394816485843632e-05,
        3.1271313880072574e-05,
        7.558907209076243e-05,
        2.659312740803247e-05,
        1.3467861036052216e-06,
        5.062351519902154e-05,
        1.306627965174474e-05,
        1.3431662747200165e-06,
        2.2845035326905534e-06,
        5.72699249406682e-05,
        2.2697826225490277e-05,
        1.4693802508726582e-06,
        7.1164056676227484e-06,
        3.5022118648998075e-05
      ]
    },
    "num_results": 32
  },
  "target_metric_score": 2.8951046337285715e-05,
  "timestamp": "2025-06-04T19:22:23.565565"
}