{
  "experiment_name": "candidate_q_net_0_neuron_9",
  "coalition_neurons": [
    "q_net.0_neuron_7",
    "q_net.0_neuron_4",
    "q_net.0_neuron_52",
    "q_net.0_neuron_16",
    "q_net.0_neuron_57",
    "q_net.0_neuron_20",
    "q_net.2_neuron_59",
    "q_net.2_neuron_62",
    "q_net.0_neuron_14",
    "q_net.2_neuron_15",
    "q_net.0_neuron_33",
    "q_net.0_neuron_29",
    "q_net.2_neuron_52",
    "q_net.0_neuron_9"
  ],
  "patch_config": {
    "q_net.0": [
      7,
      4,
      52,
      16,
      57,
      20,
      14,
      33,
      29,
      9
    ],
    "q_net.2": [
      59,
      62,
      15,
      52
    ]
  },
  "noising": {
    "metrics": {
      "mean": 3.460411070271748e-05,
      "std": 2.0020601928017458e-05,
      "count": 32,
      "values": [
        2.0491591068295007e-05,
        4.866614950155545e-05,
        4.958944169933114e-05,
        3.770610414378982e-05,
        2.5227737647202605e-05,
        7.571246048819176e-06,
        3.397624313447719e-05,
        5.8042071162549714e-05,
        5.549015591071636e-05,
        5.3020273937025574e-05,
        5.430129792185676e-05,
        4.5208427002735936e-05,
        3.2866912917706484e-05,
        6.10768154206789e-05,
        3.339692768183791e-05,
        4.072113088214558e-06,
        3.63093444669787e-05,
        5.1126678139189956e-05,
        2.1525559790267575e-05,
        5.4920264455237734e-05,
        7.415147080463497e-05,
        3.7709792570399584e-05,
        2.537070344415832e-06,
        5.49992749708689e-05,
        1.1587653028867875e-05,
        6.9256419911300354e-06,
        9.139529497318843e-06,
        5.4304104270623007e-05,
        2.495750616004458e-05,
        1.086994365764258e-06,
        1.2612143069598846e-05,
        3.27350062748263e-05
      ]
    },
    "num_results": 32
  },
  "denoising": {
    "metrics": {
      "mean": 3.4649787491738946e-05,
      "std": 1.9997833840164967e-05,
      "count": 32,
      "values": [
        2.048146454530116e-05,
        4.8380271890027956e-05,
        5.774146387530811e-05,
        3.713065677077754e-05,
        2.4157888565266633e-05,
        7.747352317999867e-06,
        3.393219845703604e-05,
        6.0515521735921745e-05,
        5.592185622019111e-05,
        5.302411294696363e-05,
        5.415042386294885e-05,
        4.429473863903574e-05,
        3.37315497903645e-05,
        6.112796122230394e-05,
        3.457880884899956e-05,
        4.393510408065744e-06,
        3.642039625449819e-05,
        5.260016217092814e-05,
        2.390768921651425e-05,
        4.1838432231626835e-05,
        7.68451113816721e-05,
        3.776354901460538e-05,
        2.51834260318499e-06,
        4.994403656187994e-05,
        1.1447524002589082e-05,
        7.540003013654212e-06,
        9.941707454431048e-06,
        5.418683688502264e-05,
        2.5517795606953115e-05,
        1.1432080863892102e-06,
        1.3201842524553689e-05,
        3.266678263063124e-05
      ]
    },
    "num_results": 32
  },
  "target_metric_score": 3.4649787491738946e-05,
  "timestamp": "2025-06-04T19:22:29.864630"
}