{
  "experiment_name": "candidate_q_net_0_neuron_38",
  "coalition_neurons": [
    "q_net.0_neuron_7",
    "q_net.0_neuron_4",
    "q_net.0_neuron_52",
    "q_net.0_neuron_16",
    "q_net.0_neuron_57",
    "q_net.0_neuron_20",
    "q_net.2_neuron_59",
    "q_net.2_neuron_62",
    "q_net.0_neuron_14",
    "q_net.2_neuron_15",
    "q_net.0_neuron_38"
  ],
  "patch_config": {
    "q_net.0": [
      7,
      4,
      52,
      16,
      57,
      20,
      14,
      38
    ],
    "q_net.2": [
      59,
      62,
      15
    ]
  },
  "noising": {
    "metrics": {
      "mean": 3.017537104633266e-05,
      "std": 1.7860195595931347e-05,
      "count": 32,
      "values": [
        1.6983507528944147e-05,
        4.403674583602912e-05,
        5.0750517680878864e-05,
        3.49109863802626e-05,
        1.9719655781421427e-05,
        2.7791817306609644e-06,
        3.3978405122282555e-05,
        4.049927466935957e-05,
        4.12848398728909e-05,
        5.0875111986342756e-05,
        4.104471856652937e-05,
        3.808862573990925e-05,
        2.892090943558531e-05,
        5.5485437822472045e-05,
        2.7549243380696e-05,
        3.3443330907797716e-06,
        3.283184321975995e-05,
        3.824214553123525e-05,
        1.9163775833696433e-05,
        4.6114076435475665e-05,
        6.862073361575246e-05,
        2.9069814356309765e-05,
        2.0992532237375258e-06,
        4.924219614388457e-05,
        1.3283354241996306e-05,
        6.244741550232166e-06,
        5.86944467308875e-06,
        5.509158126106473e-05,
        2.510411644721512e-05,
        1.8753181846591267e-06,
        1.1788830011839522e-05,
        3.071915412765315e-05
      ]
    },
    "num_results": 32
  },
  "denoising": {
    "metrics": {
      "mean": 2.9895372668527196e-05,
      "std": 1.7651165423166214e-05,
      "count": 32,
      "values": [
        1.6614047468655932e-05,
        4.378443425371182e-05,
        5.5996676472697734e-05,
        3.450387901689873e-05,
        1.906839809759039e-05,
        3.2252497581198225e-06,
        3.394509228095096e-05,
        4.012998808067378e-05,
        4.117301351405655e-05,
        5.090829560311513e-05,
        4.0979712869976064e-05,
        3.493381309562426e-05,
        2.7968993180744475e-05,
        5.553809765603592e-05,
        2.7906811885796507e-05,
        3.874269383873617e-06,
        3.236645519520188e-05,
        4.0091764466540546e-05,
        1.988869834543966e-05,
        3.737418951567739e-05,
        6.935564082711926e-05,
        2.9102078102798894e-05,
        2.0938020525814225e-06,
        4.350849517497019e-05,
        1.3232008453898346e-05,
        6.942640024204386e-06,
        6.53580822987344e-06,
        5.4997578507900644e-05,
        2.6336233174216548e-05,
        1.9512968025235937e-06,
        1.1654876185921662e-05,
        3.066958771548065e-05
      ]
    },
    "num_results": 32
  },
  "target_metric_score": 3.017537104633266e-05,
  "timestamp": "2025-06-04T19:22:25.609637"
}