{
  "experiment_name": "candidate_q_net_2_neuron_50",
  "coalition_neurons": [
    "q_net.0_neuron_7",
    "q_net.0_neuron_4",
    "q_net.0_neuron_52",
    "q_net.0_neuron_16",
    "q_net.0_neuron_57",
    "q_net.0_neuron_20",
    "q_net.2_neuron_59",
    "q_net.2_neuron_62",
    "q_net.0_neuron_14",
    "q_net.2_neuron_15",
    "q_net.0_neuron_33",
    "q_net.0_neuron_29",
    "q_net.2_neuron_52",
    "q_net.2_neuron_41",
    "q_net.2_neuron_48",
    "q_net.0_neuron_59",
    "q_net.2_neuron_50"
  ],
  "patch_config": {
    "q_net.0": [
      7,
      4,
      52,
      16,
      57,
      20,
      14,
      33,
      29,
      59
    ],
    "q_net.2": [
      59,
      62,
      15,
      52,
      41,
      48,
      50
    ]
  },
  "noising": {
    "metrics": {
      "mean": 3.7513059017964674e-05,
      "std": 2.1361788098067957e-05,
      "count": 32,
      "values": [
        2.436560424450842e-05,
        5.44546689311828e-05,
        5.761066013388531e-05,
        4.080811190008038e-05,
        2.5819807037935887e-05,
        5.860182889270028e-06,
        4.209034325190243e-05,
        6.413966463541675e-05,
        5.87964929546264e-05,
        5.641530913769622e-05,
        7.118622636920462e-05,
        5.073312794979493e-05,
        3.2395289634803016e-05,
        6.6518080402367e-05,
        3.611458913947046e-05,
        7.238584309182271e-06,
        3.9510669691309114e-05,
        5.758034744096532e-05,
        2.3390530366559133e-05,
        6.006642640717043e-05,
        7.303427821602355e-05,
        3.383706477004761e-05,
        5.168082108226416e-07,
        5.550327899011642e-05,
        1.300971824046615e-05,
        1.702689059221625e-05,
        8.512412139282353e-06,
        4.626237121580477e-05,
        2.7623147962150727e-05,
        5.536937517585072e-07,
        1.6261368508338562e-05,
        3.3182139150510974e-05
      ]
    },
    "num_results": 32
  },
  "denoising": {
    "metrics": {
      "mean": 3.742198122194833e-05,
      "std": 2.1332882570286722e-05,
      "count": 32,
      "values": [
        2.4264227391458822e-05,
        5.417452904575646e-05,
        6.411684454107652e-05,
        4.063596624590763e-05,
        2.517519012223133e-05,
        5.920672217836704e-06,
        4.2085986015809665e-05,
        6.427013662529827e-05,
        5.8612942675164694e-05,
        5.6440616972353464e-05,
        7.097316165032182e-05,
        4.7957785579097164e-05,
        3.3206533479261614e-05,
        6.661115609668728e-05,
        3.5366708525782966e-05,
        7.600639518345149e-06,
        3.954783646604857e-05,
        6.066214940828973e-05,
        2.4524114546049997e-05,
        4.6028564263334964e-05,
        7.508713318405617e-05,
        3.387125436388671e-05,
        5.282207084008478e-07,
        5.5423220000272314e-05,
        1.300129668112477e-05,
        1.6970196633710665e-05,
        8.887220397800879e-06,
        4.622372342400361e-05,
        2.9167939918223196e-05,
        6.077842698198389e-07,
        1.6424187672414844e-05,
        3.313546046251989e-05
      ]
    },
    "num_results": 32
  },
  "target_metric_score": 3.7513059017964674e-05,
  "timestamp": "2025-06-04T19:22:35.847878"
}