{
  "experiment_name": "candidate_q_net_2_neuron_35",
  "coalition_neurons": [
    "q_net.0_neuron_7",
    "q_net.0_neuron_4",
    "q_net.0_neuron_52",
    "q_net.0_neuron_16",
    "q_net.0_neuron_57",
    "q_net.0_neuron_20",
    "q_net.2_neuron_59",
    "q_net.2_neuron_62",
    "q_net.0_neuron_14",
    "q_net.2_neuron_15",
    "q_net.0_neuron_33",
    "q_net.0_neuron_29",
    "q_net.2_neuron_52",
    "q_net.2_neuron_35"
  ],
  "patch_config": {
    "q_net.0": [
      7,
      4,
      52,
      16,
      57,
      20,
      14,
      33,
      29
    ],
    "q_net.2": [
      59,
      62,
      15,
      52,
      35
    ]
  },
  "noising": {
    "metrics": {
      "mean": 3.561994072947999e-05,
      "std": 2.0854286699660483e-05,
      "count": 32,
      "values": [
        2.2385385241423163e-05,
        4.221537974552145e-05,
        5.5326195504050955e-05,
        4.121983442496283e-05,
        2.6315541434537024e-05,
        7.392780339868189e-06,
        4.197551302678759e-05,
        6.0094251702796746e-05,
        5.6995175240916077e-05,
        6.036317412414058e-05,
        4.755947596093643e-05,
        4.7350302280759274e-05,
        3.357547035217571e-05,
        6.525795038310334e-05,
        3.574367470500603e-05,
        4.097538943368257e-06,
        3.84364662198522e-05,
        5.2227535811312596e-05,
        2.3925374257591767e-05,
        5.017417258541064e-05,
        8.107937793391893e-05,
        3.454313795651204e-05,
        2.752634928509627e-06,
        4.383922974278648e-05,
        1.1574654145782878e-05,
        6.994019769602155e-06,
        8.269543650960389e-06,
        6.345428775262642e-05,
        2.6094862455944712e-05,
        1.086994365764258e-06,
        1.3826404977723271e-05,
        3.369176337870755e-05
      ]
    },
    "num_results": 32
  },
  "denoising": {
    "metrics": {
      "mean": 3.548845406305915e-05,
      "std": 2.1006876098704354e-05,
      "count": 32,
      "values": [
        2.2296246435676978e-05,
        4.205049541415335e-05,
        6.170469191576111e-05,
        4.081215259364875e-05,
        2.552910887575026e-05,
        7.438377329405479e-06,
        4.194515332883839e-05,
        6.022813189077939e-05,
        5.7623354804714716e-05,
        6.036938894847304e-05,
        4.737130097699706e-05,
        4.467108757486558e-05,
        3.426826918041402e-05,
        6.530023062558977e-05,
        3.6497941652351065e-05,
        4.433327416109446e-06,
        3.8481019129994395e-05,
        5.512715351707414e-05,
        2.511049171345387e-05,
        3.7358269893414126e-05,
        8.329637896201662e-05,
        3.458814886925926e-05,
        2.7323274452294972e-06,
        3.966411728849274e-05,
        1.1538923941807567e-05,
        7.353175404334377e-06,
        8.652141974580582e-06,
        6.330943458155477e-05,
        2.7151512089674265e-05,
        1.1432080863892102e-06,
        1.3946925758528896e-05,
        3.363804239856004e-05
      ]
    },
    "num_results": 32
  },
  "target_metric_score": 3.561994072947999e-05,
  "timestamp": "2025-06-04T19:22:31.032455"
}