{
  "experiment_name": "candidate_q_net_2_neuron_3",
  "coalition_neurons": [
    "q_net.0_neuron_7",
    "q_net.0_neuron_4",
    "q_net.0_neuron_52",
    "q_net.0_neuron_16",
    "q_net.2_neuron_3"
  ],
  "patch_config": {
    "q_net.0": [
      7,
      4,
      52,
      16
    ],
    "q_net.2": [
      3
    ]
  },
  "noising": {
    "metrics": {
      "mean": 1.891508160436672e-05,
      "std": 1.6057053119974113e-05,
      "count": 32,
      "values": [
        6.9411106292692005e-06,
        3.676307778661958e-05,
        2.7821681060899873e-05,
        1.4930489161028545e-05,
        1.1659152376465413e-05,
        1.3296188310261904e-08,
        1.976530991116849e-05,
        1.2699317547624502e-05,
        1.858845282166823e-05,
        5.132232633018631e-05,
        3.270652515891556e-05,
        1.3972310647360165e-05,
        2.2212815013668394e-05,
        3.7423038993624706e-05,
        1.4174101226749466e-05,
        2.8817604852486014e-06,
        1.5860743206698577e-05,
        1.370736432997142e-05,
        7.290606440782648e-06,
        3.4494527491055e-05,
        5.680980976367647e-05,
        8.032914633136529e-06,
        1.8769270606180716e-06,
        4.141445859746277e-05,
        2.38862919189225e-06,
        1.782201292971594e-07,
        1.7941388601953184e-07,
        4.71140644284616e-05,
        1.2793135907044934e-05,
        1.3840963989840362e-06,
        3.6818876240569997e-06,
        3.4201046911769804e-05
      ]
    },
    "num_results": 32
  },
  "denoising": {
    "metrics": {
      "mean": 1.865991937835586e-05,
      "std": 1.6005832230025545e-05,
      "count": 32,
      "values": [
        6.342338520997151e-06,
        3.6605735901296924e-05,
        2.9651475960828372e-05,
        1.4959664724908516e-05,
        1.1356180856317028e-05,
        2.2368343145373756e-08,
        1.9713146522727957e-05,
        1.2207789651932682e-05,
        1.8163358272661073e-05,
        5.139114461472083e-05,
        3.2907086531959754e-05,
        1.2238281865371349e-05,
        2.2570661760797713e-05,
        3.746194121016615e-05,
        1.3226069670694424e-05,
        2.6924670130925796e-06,
        1.5484441975464544e-05,
        1.4053989425107474e-05,
        8.178218376402534e-06,
        2.9436695359394774e-05,
        5.7763395684442415e-05,
        7.885302979699174e-06,
        1.8938812076903173e-06,
        3.9330853980526124e-05,
        2.416123838997798e-06,
        1.865368511448729e-07,
        1.0338558591276297e-07,
        4.711158150228758e-05,
        1.2880309101542808e-05,
        1.3047003709072788e-06,
        3.4157921729809602e-06,
        3.416250027326825e-05
      ]
    },
    "num_results": 32
  },
  "target_metric_score": 1.891508160436672e-05,
  "timestamp": "2025-06-04T19:22:16.024278"
}