{
  "experiment_name": "candidate_q_net_0_neuron_59",
  "coalition_neurons": [
    "q_net.0_neuron_7",
    "q_net.0_neuron_4",
    "q_net.0_neuron_52",
    "q_net.0_neuron_16",
    "q_net.0_neuron_57",
    "q_net.0_neuron_20",
    "q_net.2_neuron_59",
    "q_net.2_neuron_62",
    "q_net.0_neuron_14",
    "q_net.2_neuron_15",
    "q_net.0_neuron_33",
    "q_net.0_neuron_29",
    "q_net.2_neuron_52",
    "q_net.2_neuron_41",
    "q_net.0_neuron_59"
  ],
  "patch_config": {
    "q_net.0": [
      7,
      4,
      52,
      16,
      57,
      20,
      14,
      33,
      29,
      59
    ],
    "q_net.2": [
      59,
      62,
      15,
      52,
      41
    ]
  },
  "noising": {
    "metrics": {
      "mean": 3.8428342697506486e-05,
      "std": 2.1717797589911684e-05,
      "count": 32,
      "values": [
        2.2772045604274593e-05,
        5.2669351035988994e-05,
        6.0568644049835375e-05,
        4.257191281891045e-05,
        2.5713929071178514e-05,
        6.546649390404692e-06,
        4.252617104927498e-05,
        6.484168676034775e-05,
        6.477205892467378e-05,
        5.8412428694912776e-05,
        6.36742395265285e-05,
        5.0878382379261795e-05,
        3.316777732532091e-05,
        7.155405799512876e-05,
        3.899612161429721e-05,
        7.573873613875119e-06,
        3.946905779876023e-05,
        5.706344656690736e-05,
        2.5334394605552022e-05,
        6.012387711024005e-05,
        7.749414732855528e-05,
        3.667002964646718e-05,
        7.223890702435224e-07,
        5.481639347533539e-05,
        1.2975390776319754e-05,
        1.83369064531173e-05,
        1.0289294292011681e-05,
        4.9900980376826995e-05,
        2.8014198126835176e-05,
        1.1625231868959876e-06,
        1.4045878072311549e-05,
        3.604872957961407e-05
      ]
    },
    "num_results": 32
  },
  "denoising": {
    "metrics": {
      "mean": 3.820526237089272e-05,
      "std": 2.1654669689371933e-05,
      "count": 32,
      "values": [
        2.2665963972330074e-05,
        5.240194843970491e-05,
        6.703267279869367e-05,
        4.239850791122775e-05,
        2.5057036194499316e-05,
        6.658301444369347e-06,
        4.2523804602110455e-05,
        6.499716375091974e-05,
        6.520736056629325e-05,
        5.842931340757163e-05,
        6.349414718360719e-05,
        4.809785793133403e-05,
        3.388352392880872e-05,
        7.153828394548914e-05,
        3.824953812576364e-05,
        7.936598717632221e-06,
        3.951282737224993e-05,
        6.009944769271372e-05,
        2.64715539268996e-05,
        4.611813346530735e-05,
        7.965786633784859e-05,
        3.673972360298541e-05,
        7.130310953382368e-07,
        4.982133692730357e-05,
        1.2913882865778887e-05,
        1.835248293338655e-05,
        1.0747733309852047e-05,
        4.9840970041314524e-05,
        2.9601768649596205e-05,
        1.2412801501087832e-06,
        1.4181555020715522e-05,
        3.598277955681314e-05
      ]
    },
    "num_results": 32
  },
  "target_metric_score": 3.8428342697506486e-05,
  "timestamp": "2025-06-04T19:22:31.571333"
}