{
  "experiment_name": "candidate_q_net_0_neuron_31",
  "coalition_neurons": [
    "q_net.0_neuron_7",
    "q_net.0_neuron_4",
    "q_net.0_neuron_52",
    "q_net.0_neuron_16",
    "q_net.0_neuron_57",
    "q_net.0_neuron_20",
    "q_net.2_neuron_59",
    "q_net.2_neuron_62",
    "q_net.0_neuron_14",
    "q_net.2_neuron_15",
    "q_net.0_neuron_33",
    "q_net.0_neuron_29",
    "q_net.2_neuron_52",
    "q_net.2_neuron_41",
    "q_net.2_neuron_48",
    "q_net.0_neuron_59",
    "q_net.0_neuron_15",
    "q_net.0_neuron_58",
    "q_net.0_neuron_61",
    "q_net.2_neuron_55",
    "q_net.0_neuron_41",
    "q_net.0_neuron_55",
    "q_net.0_neuron_44",
    "q_net.0_neuron_31"
  ],
  "patch_config": {
    "q_net.0": [
      7,
      4,
      52,
      16,
      57,
      20,
      14,
      33,
      29,
      59,
      15,
      58,
      61,
      41,
      55,
      44,
      31
    ],
    "q_net.2": [
      59,
      62,
      15,
      52,
      41,
      48,
      55
    ]
  },
  "noising": {
    "metrics": {
      "mean": 4.3842525226470326e-05,
      "std": 2.495541878420743e-05,
      "count": 32,
      "values": [
        2.3305739619295545e-05,
        6.278903737850887e-05,
        6.062184810709092e-05,
        4.235207376348008e-05,
        2.3713698669786598e-05,
        1.450003216889751e-05,
        4.01329440086382e-05,
        6.252406310233087e-05,
        6.729708549895689e-05,
        7.259279065200525e-05,
        7.561531665751966e-05,
        4.777938374756949e-05,
        3.617881976759017e-05,
        9.164264811854112e-05,
        3.605276061490088e-05,
        1.669637433420986e-05,
        3.980691085888688e-05,
        4.9184268667524936e-05,
        2.007225192181245e-05,
        8.478776803723604e-05,
        9.085807267215863e-05,
        3.6398899180642365e-05,
        8.436348429999519e-07,
        6.43610770745133e-05,
        1.2736389716010502e-05,
        4.420330171558333e-05,
        2.4221656294707867e-05,
        6.878492254187244e-05,
        3.554998070660388e-05,
        7.870928534018111e-07,
        1.265065287955151e-05,
        4.391931107422249e-05
      ]
    },
    "num_results": 32
  },
  "denoising": {
    "metrics": {
      "mean": 4.3395584430373874e-05,
      "std": 2.428965549256804e-05,
      "count": 32,
      "values": [
        2.303896119853078e-05,
        6.242843440216724e-05,
        6.665073880396497e-05,
        4.233837751284645e-05,
        2.353393169593162e-05,
        1.356454471542921e-05,
        4.0138474189948484e-05,
        6.270890708777043e-05,
        6.697377714675234e-05,
        7.255736361305547e-05,
        7.539820140594527e-05,
        4.5084668695546124e-05,
        3.6180053108178034e-05,
        9.153090177033718e-05,
        3.5835778097440224e-05,
        1.663340017747639e-05,
        3.9875046141061004e-05,
        5.137246187146734e-05,
        2.071024453720934e-05,
        6.880103450133566e-05,
        9.09664038688077e-05,
        3.647439626569635e-05,
        8.282365655828776e-07,
        5.968309689614328e-05,
        1.265970029304354e-05,
        4.3213242484751524e-05,
        2.6350000790718257e-05,
        6.870921633161161e-05,
        3.7475125913945316e-05,
        7.686603780692348e-07,
        1.2336778421428388e-05,
        4.3838542889772236e-05
      ]
    },
    "num_results": 32
  },
  "target_metric_score": 4.3842525226470326e-05,
  "timestamp": "2025-06-04T19:22:49.190316"
}