{
  "experiment_name": "candidate_q_net_2_neuron_30",
  "coalition_neurons": [
    "q_net.0_neuron_7",
    "q_net.0_neuron_4",
    "q_net.0_neuron_52",
    "q_net.0_neuron_16",
    "q_net.0_neuron_57",
    "q_net.0_neuron_20",
    "q_net.2_neuron_59",
    "q_net.2_neuron_62",
    "q_net.0_neuron_14",
    "q_net.2_neuron_15",
    "q_net.0_neuron_33",
    "q_net.0_neuron_29",
    "q_net.2_neuron_52",
    "q_net.2_neuron_41",
    "q_net.2_neuron_30"
  ],
  "patch_config": {
    "q_net.0": [
      7,
      4,
      52,
      16,
      57,
      20,
      14,
      33,
      29
    ],
    "q_net.2": [
      59,
      62,
      15,
      52,
      41,
      30
    ]
  },
  "noising": {
    "metrics": {
      "mean": 3.60456984748834e-05,
      "std": 2.070442575582538e-05,
      "count": 32,
      "values": [
        2.0499638760117006e-05,
        4.8791928239377575e-05,
        5.538296783951131e-05,
        3.94128538003766e-05,
        2.417056413194711e-05,
        7.506866572585939e-06,
        4.024586444351173e-05,
        6.176435815261972e-05,
        6.12264882392285e-05,
        5.903859029835986e-05,
        5.435490370535876e-05,
        4.830062431739469e-05,
        3.221375883029134e-05,
        6.564808882893246e-05,
        3.4949974176254144e-05,
        5.1217295343370685e-06,
        3.7482767314882346e-05,
        5.2862485078901834e-05,
        2.3081809052907885e-05,
        4.955876415646196e-05,
        7.673284192493383e-05,
        3.627362740179856e-05,
        1.9123443602270653e-06,
        5.106101265580276e-05,
        1.2475347618066024e-05,
        9.567579688210016e-06,
        1.145815257960303e-05,
        5.625575202273137e-05,
        2.673858201272805e-05,
        1.0271677151497808e-06,
        1.2973516862251105e-05,
        3.53714008814092e-05
      ]
    },
    "num_results": 32
  },
  "denoising": {
    "metrics": {
      "mean": 3.5850529475120686e-05,
      "std": 2.0787554027774276e-05,
      "count": 32,
      "values": [
        2.042927918246575e-05,
        4.861576005753439e-05,
        6.156596298961315e-05,
        3.903459039622699e-05,
        2.3389340324853655e-05,
        7.5749452134355084e-06,
        4.02221064527621e-05,
        6.191586777211746e-05,
        6.167060653358356e-05,
        5.905055802744505e-05,
        5.413681099116353e-05,
        4.55906851314625e-05,
        3.291241338552095e-05,
        6.567084188000011e-05,
        3.5722711654178696e-05,
        5.511215562973269e-06,
        3.756478773905771e-05,
        5.573330948667509e-05,
        2.4119423643039232e-05,
        3.5638160557437517e-05,
        7.887923913001257e-05,
        3.63335017820798e-05,
        1.92546552207112e-06,
        4.644469980978009e-05,
        1.2417468902752374e-05,
        9.862523302674327e-06,
        1.1904949290243716e-05,
        5.616400980090503e-05,
        2.7641491578984457e-05,
        1.1615234578545881e-06,
        1.310011651887672e-05,
        3.531257712608099e-05
      ]
    },
    "num_results": 32
  },
  "target_metric_score": 3.60456984748834e-05,
  "timestamp": "2025-06-04T19:22:31.843013"
}