{
  "experiment_name": "candidate_q_net_2_neuron_33",
  "coalition_neurons": [
    "q_net.0_neuron_7",
    "q_net.0_neuron_4",
    "q_net.0_neuron_52",
    "q_net.0_neuron_16",
    "q_net.0_neuron_57",
    "q_net.0_neuron_20",
    "q_net.2_neuron_59",
    "q_net.2_neuron_62",
    "q_net.0_neuron_14",
    "q_net.2_neuron_15",
    "q_net.0_neuron_33",
    "q_net.0_neuron_29",
    "q_net.2_neuron_52",
    "q_net.2_neuron_41",
    "q_net.2_neuron_48",
    "q_net.0_neuron_59",
    "q_net.0_neuron_15",
    "q_net.0_neuron_58",
    "q_net.0_neuron_61",
    "q_net.2_neuron_55",
    "q_net.0_neuron_41",
    "q_net.0_neuron_55",
    "q_net.0_neuron_44",
    "q_net.2_neuron_45",
    "q_net.0_neuron_36",
    "q_net.2_neuron_1",
    "q_net.0_neuron_12",
    "q_net.2_neuron_33"
  ],
  "patch_config": {
    "q_net.0": [
      7,
      4,
      52,
      16,
      57,
      20,
      14,
      33,
      29,
      59,
      15,
      58,
      61,
      41,
      55,
      44,
      36,
      12
    ],
    "q_net.2": [
      59,
      62,
      15,
      52,
      41,
      48,
      55,
      45,
      1,
      33
    ]
  },
  "noising": {
    "metrics": {
      "mean": 4.509324874340968e-05,
      "std": 2.5465629760142317e-05,
      "count": 32,
      "values": [
        2.463823803738473e-05,
        6.879800234313557e-05,
        6.19630010273265e-05,
        4.259699926805968e-05,
        2.8876873088758896e-05,
        1.9333026948040438e-05,
        3.6846507952758623e-05,
        6.208882086778029e-05,
        6.473608324105681e-05,
        7.36403473283476e-05,
        7.566135765588546e-05,
        4.838192632563611e-05,
        3.749479773298262e-05,
        9.274048196094043e-05,
        3.527125123124389e-05,
        1.5931325692585593e-05,
        3.849732613564428e-05,
        4.898078332837537e-05,
        1.783925466384599e-05,
        9.283919010047751e-05,
        9.36400904605841e-05,
        3.640112196616859e-05,
        7.528717761503688e-07,
        7.012250426934312e-05,
        2.3695412000377726e-05,
        3.5422017145817874e-05,
        2.540270124734914e-05,
        7.166618757645845e-05,
        4.2046190883566776e-05,
        1.5252070823524016e-06,
        1.1699240321794499e-05,
        4.345482012888056e-05
      ]
    },
    "num_results": 32
  },
  "denoising": {
    "metrics": {
      "mean": 4.459067962602632e-05,
      "std": 2.4824255674036214e-05,
      "count": 32,
      "values": [
        2.4436327411147315e-05,
        6.828202601754339e-05,
        6.827740429040437e-05,
        4.260577553901726e-05,
        2.7087266902262844e-05,
        1.8711478004471973e-05,
        3.684036657823414e-05,
        6.212597763351137e-05,
        6.437563193622278e-05,
        7.356107126904127e-05,
        7.546810405419655e-05,
        4.574003436582145e-05,
        3.748085635925461e-05,
        9.252555913772886e-05,
        3.584133741144134e-05,
        1.5865001967609125e-05,
        3.8651507549964086e-05,
        5.114021517527265e-05,
        1.7555537965744804e-05,
        8.101912636817729e-05,
        9.371189871604479e-05,
        3.647637692308093e-05,
        7.327400595830928e-07,
        6.291541599321446e-05,
        2.3674250776955954e-05,
        3.4562012416841344e-05,
        2.749673094982227e-05,
        7.155384105801102e-05,
        4.209375357346642e-05,
        1.528130903767958e-06,
        1.1204864623854944e-05,
        4.3361126101131606e-05
      ]
    },
    "num_results": 32
  },
  "target_metric_score": 4.509324874340968e-05,
  "timestamp": "2025-06-04T19:22:56.517620"
}