{
  "experiment_name": "candidate_q_net_2_neuron_1",
  "coalition_neurons": [
    "q_net.0_neuron_7",
    "q_net.0_neuron_4",
    "q_net.0_neuron_52",
    "q_net.0_neuron_16",
    "q_net.2_neuron_1"
  ],
  "patch_config": {
    "q_net.0": [
      7,
      4,
      52,
      16
    ],
    "q_net.2": [
      1
    ]
  },
  "noising": {
    "metrics": {
      "mean": 1.8424335708667457e-05,
      "std": 1.608044574230783e-05,
      "count": 32,
      "values": [
        7.463092266618804e-06,
        3.750733853298137e-05,
        2.5940115732304937e-05,
        1.4000150633771639e-05,
        1.12299282306104e-05,
        4.3567131914476953e-07,
        1.8829392591325923e-05,
        1.0383230017561407e-05,
        1.5206340670416278e-05,
        5.11379621527477e-05,
        3.294040265922028e-05,
        1.039264248426828e-05,
        2.2758421696707774e-05,
        3.786921955074347e-05,
        1.370750035675208e-05,
        2.7907026275661743e-06,
        1.3785467388558077e-05,
        1.179073479189456e-05,
        8.759556460217425e-06,
        3.4312987878085534e-05,
        5.722115456012911e-05,
        7.154152480460651e-06,
        2.7351746200034274e-06,
        4.149469701772142e-05,
        2.5374812995289245e-06,
        1.138842469085628e-07,
        7.218204280697417e-07,
        4.593919939522835e-05,
        1.0751135388584816e-05,
        1.709208122033191e-06,
        4.219478944351052e-06,
        3.374049813284247e-05
      ]
    },
    "num_results": 32
  },
  "denoising": {
    "metrics": {
      "mean": 1.8178019593654408e-05,
      "std": 1.6026260600288828e-05,
      "count": 32,
      "values": [
        6.9093253053895435e-06,
        3.735657985936484e-05,
        2.7442447380490427e-05,
        1.4019947388901367e-05,
        1.0927165437399008e-05,
        4.051418153267145e-07,
        1.8777774477229947e-05,
        9.933484399570207e-06,
        1.488870770913279e-05,
        5.121058812046584e-05,
        3.313096625809874e-05,
        8.973312541223923e-06,
        2.286851497655673e-05,
        3.794322328759189e-05,
        1.2799931308741684e-05,
        2.6815998269214057e-06,
        1.3356645270225015e-05,
        1.205443702454248e-05,
        9.763206285201358e-06,
        2.9375300037642188e-05,
        5.829283677982755e-05,
        6.98889869577571e-06,
        2.724167005027764e-06,
        3.9333354604543657e-05,
        2.5780329350090373e-06,
        1.0943369894306892e-07,
        6.959095967172752e-07,
        4.594878599368298e-05,
        1.0845549170928346e-05,
        1.730672274207032e-06,
        3.936934878448484e-06,
        3.369375265381406e-05
      ]
    },
    "num_results": 32
  },
  "target_metric_score": 1.8424335708667457e-05,
  "timestamp": "2025-06-04T19:22:16.319845"
}