{
  "experiment_name": "candidate_q_net_2_neuron_39",
  "coalition_neurons": [
    "q_net.0_neuron_7",
    "q_net.2_neuron_39"
  ],
  "patch_config": {
    "q_net.0": [
      7
    ],
    "q_net.2": [
      39
    ]
  },
  "noising": {
    "metrics": {
      "mean": 7.730915039705046e-06,
      "std": 1.166793007679172e-05,
      "count": 32,
      "values": [
        6.064508345611714e-10,
        1.829499156242361e-05,
        2.4402157582869525e-07,
        5.583100823843744e-08,
        1.637637905706988e-07,
        1.003138322645266e-07,
        5.696611829951822e-08,
        4.603825276003538e-08,
        1.5406371808366465e-07,
        3.166124689696196e-05,
        2.0689069905777515e-05,
        5.69857040279295e-08,
        1.2076727317734438e-05,
        2.208704757517975e-05,
        1.5052943612602e-07,
        0.0,
        1.4226099487194086e-07,
        1.1963611975559482e-09,
        8.145365349752172e-07,
        2.3491783917390578e-05,
        3.617766734708805e-05,
        5.963000280970719e-07,
        2.2424425062963994e-07,
        2.105356457197049e-05,
        7.284712653345062e-07,
        1.9070167350076063e-06,
        1.0504492020920798e-07,
        3.242764371668046e-05,
        5.316930616516466e-07,
        1.1945936475722782e-07,
        6.801101540495648e-07,
        2.2550084901539337e-05
      ]
    },
    "num_results": 32
  },
  "denoising": {
    "metrics": {
      "mean": 7.561936969384709e-06,
      "std": 1.1489652551462149e-05,
      "count": 32,
      "values": [
        6.092640366038742e-10,
        1.8252749130517345e-05,
        2.4528550086647355e-07,
        5.6030066236400524e-08,
        1.6436069889159282e-07,
        8.927543245134062e-08,
        5.705891463523796e-08,
        4.607292520661019e-08,
        1.5464831673151597e-07,
        3.172203555351508e-05,
        2.0925729946702563e-05,
        5.705392447836354e-08,
        1.2125315843342457e-05,
        2.197839870656578e-05,
        1.5087204846322955e-07,
        0.0,
        1.4261421554666884e-07,
        1.1982090202235988e-09,
        8.156022363181993e-07,
        1.7352220955595393e-05,
        3.630413698818254e-05,
        5.957876972645555e-07,
        2.2326597688549616e-07,
        2.1455315704574222e-05,
        7.282616352884369e-07,
        1.9180289903182612e-06,
        9.419410345140014e-08,
        3.245247455145443e-05,
        5.328404329545675e-07,
        1.1916699327396907e-07,
        6.820480575789171e-07,
        2.2539329999962817e-05
      ]
    },
    "num_results": 32
  },
  "target_metric_score": 7.730915039705046e-06,
  "timestamp": "2025-06-04T19:22:10.797358"
}