{
  "experiment_name": "candidate_q_net_0_neuron_47",
  "coalition_neurons": [
    "q_net.0_neuron_7",
    "q_net.0_neuron_4",
    "q_net.0_neuron_52",
    "q_net.0_neuron_47"
  ],
  "patch_config": {
    "q_net.0": [
      7,
      4,
      52,
      47
    ]
  },
  "noising": {
    "metrics": {
      "mean": 1.2456454729962788e-05,
      "std": 8.899826711823541e-06,
      "count": 32,
      "values": [
        7.612359771072357e-06,
        1.2532963540432549e-05,
        2.419700059508507e-05,
        1.3940528071226333e-05,
        1.0485023248845088e-05,
        7.084113157958564e-07,
        1.876694124191853e-05,
        1.1141023002468739e-05,
        1.5266988574236305e-05,
        3.1016751363602876e-05,
        2.034929044535393e-05,
        1.128431083076214e-05,
        1.4161689907608583e-05,
        1.4565744621939378e-05,
        1.252498464742141e-05,
        9.939907585510151e-07,
        1.271705196134764e-05,
        1.1382894771327446e-05,
        8.20840805157441e-06,
        1.0596973251753689e-05,
        3.462798756669115e-05,
        1.0372189753189556e-05,
        8.038804426845915e-07,
        1.694532381829757e-05,
        2.6050387844629252e-06,
        3.7905253902283283e-07,
        1.2466088681902898e-06,
        2.8890403097856258e-05,
        1.0545497210932408e-05,
        1.7589563557045143e-06,
        4.068604030605944e-06,
        2.3909678918847808e-05
      ]
    },
    "num_results": 32
  },
  "denoising": {
    "metrics": {
      "mean": 1.2450343573812007e-05,
      "std": 9.051253185828773e-06,
      "count": 32,
      "values": [
        7.142344089629098e-06,
        1.2616205590319036e-05,
        2.6101850779695337e-05,
        1.3932799985315325e-05,
        1.0096239778183982e-05,
        8.143609927243971e-07,
        1.8715360135680486e-05,
        1.0944231027094518e-05,
        1.5253378784057462e-05,
        3.1097719581000475e-05,
        2.051130036554043e-05,
        9.654940125483971e-06,
        1.4217636097424208e-05,
        1.4616926838258496e-05,
        1.2694744306799405e-05,
        1.1155135569068447e-06,
        1.2381434356744585e-05,
        1.173641284441646e-05,
        9.376614389915204e-06,
        8.614774256720609e-06,
        3.5023936094182874e-05,
        1.0362518728608719e-05,
        8.046203481399099e-07,
        1.7495183301144575e-05,
        2.5785849692251737e-06,
        6.043327871368194e-07,
        9.86164657645124e-07,
        2.8927984123862794e-05,
        1.008449653355694e-05,
        1.948558933535186e-06,
        4.062798405302364e-06,
        2.389702759773339e-05
      ]
    },
    "num_results": 32
  },
  "target_metric_score": 1.2456454729962788e-05,
  "timestamp": "2025-06-04T19:22:13.236153"
}