{
  "experiment_name": "candidate_q_net_0_neuron_40",
  "coalition_neurons": [
    "q_net.0_neuron_7",
    "q_net.0_neuron_4",
    "q_net.0_neuron_52",
    "q_net.0_neuron_16",
    "q_net.0_neuron_57",
    "q_net.0_neuron_20",
    "q_net.2_neuron_59",
    "q_net.2_neuron_62",
    "q_net.0_neuron_14",
    "q_net.2_neuron_15",
    "q_net.0_neuron_33",
    "q_net.0_neuron_29",
    "q_net.2_neuron_52",
    "q_net.2_neuron_41",
    "q_net.2_neuron_48",
    "q_net.0_neuron_59",
    "q_net.0_neuron_15",
    "q_net.0_neuron_58",
    "q_net.0_neuron_61",
    "q_net.2_neuron_55",
    "q_net.0_neuron_41",
    "q_net.0_neuron_55",
    "q_net.0_neuron_44",
    "q_net.0_neuron_40"
  ],
  "patch_config": {
    "q_net.0": [
      7,
      4,
      52,
      16,
      57,
      20,
      14,
      33,
      29,
      59,
      15,
      58,
      61,
      41,
      55,
      44,
      40
    ],
    "q_net.2": [
      59,
      62,
      15,
      52,
      41,
      48,
      55
    ]
  },
  "noising": {
    "metrics": {
      "mean": 4.3063621613063124e-05,
      "std": 2.502560727929032e-05,
      "count": 32,
      "values": [
        2.4639375894351472e-05,
        5.9988372706486085e-05,
        6.118549202032894e-05,
        4.2043393329251836e-05,
        2.4515812011015195e-05,
        1.106089859372614e-05,
        4.1345635907899395e-05,
        6.382552450147978e-05,
        6.729708549895689e-05,
        7.310432684220429e-05,
        7.4724892460894e-05,
        4.777938374756949e-05,
        3.2731086305262886e-05,
        9.231539502311834e-05,
        3.6593178762917684e-05,
        1.558103787123585e-05,
        4.104370312232007e-05,
        4.9184268667524936e-05,
        2.000244936638902e-05,
        7.955778369519778e-05,
        9.142899352410289e-05,
        3.6398899180642365e-05,
        6.507889226424804e-07,
        6.102682367005864e-05,
        1.3558609330256602e-05,
        3.380290480761727e-05,
        1.9284684562290155e-05,
        7.086440331570843e-05,
        3.560446201509562e-05,
        4.301493440346104e-07,
        1.3719248447355986e-05,
        4.2746828170084784e-05
      ]
    },
    "num_results": 32
  },
  "denoising": {
    "metrics": {
      "mean": 4.2548150321786885e-05,
      "std": 2.461582728593735e-05,
      "count": 32,
      "values": [
        2.4660094095502682e-05,
        5.96652018423024e-05,
        6.64484036408461e-05,
        4.205132558990181e-05,
        2.3702168813897226e-05,
        1.041016118409426e-05,
        4.1353754168882125e-05,
        6.528703090628277e-05,
        6.697377714675234e-05,
        7.306563447437753e-05,
        7.449145439239859e-05,
        4.5084668695546124e-05,
        3.2833361082758436e-05,
        9.220474824197538e-05,
        3.575732650074753e-05,
        1.5348699228253954e-05,
        4.1123724926262796e-05,
        5.137246187146734e-05,
        1.9575792406788164e-05,
        6.400774228271922e-05,
        9.153457388189567e-05,
        3.647439626569635e-05,
        6.017661676292621e-07,
        5.728893212134925e-05,
        1.317714225310487e-05,
        3.200839776837394e-05,
        2.0445112649292467e-05,
        7.074684192196878e-05,
        3.7523895240630786e-05,
        4.3466402726598306e-07,
        1.3213333926372729e-05,
        4.2674222581843505e-05
      ]
    },
    "num_results": 32
  },
  "target_metric_score": 4.3063621613063124e-05,
  "timestamp": "2025-06-04T19:22:48.860480"
}