{
  "experiment_name": "candidate_q_net_2_neuron_34",
  "coalition_neurons": [
    "q_net.0_neuron_7",
    "q_net.0_neuron_4",
    "q_net.0_neuron_52",
    "q_net.0_neuron_16",
    "q_net.0_neuron_57",
    "q_net.0_neuron_20",
    "q_net.2_neuron_59",
    "q_net.2_neuron_62",
    "q_net.0_neuron_14",
    "q_net.2_neuron_15",
    "q_net.0_neuron_33",
    "q_net.0_neuron_29",
    "q_net.2_neuron_52",
    "q_net.2_neuron_41",
    "q_net.2_neuron_34"
  ],
  "patch_config": {
    "q_net.0": [
      7,
      4,
      52,
      16,
      57,
      20,
      14,
      33,
      29
    ],
    "q_net.2": [
      59,
      62,
      15,
      52,
      41,
      34
    ]
  },
  "noising": {
    "metrics": {
      "mean": 3.702717928978142e-05,
      "std": 2.0720091488285445e-05,
      "count": 32,
      "values": [
        2.2579236285428616e-05,
        4.95681146650182e-05,
        5.651779215460717e-05,
        4.119589854045596e-05,
        2.810266362527768e-05,
        6.968253061281232e-06,
        3.9715245274409136e-05,
        6.475686067369227e-05,
        6.12264882392285e-05,
        5.811448765735802e-05,
        5.509032799254831e-05,
        5.078661005115102e-05,
        3.2226837914538264e-05,
        6.403833496591079e-05,
        4.1312323191315236e-05,
        6.030786970462302e-06,
        4.5630472288304665e-05,
        5.300327441410779e-05,
        2.61173872725558e-05,
        5.183710608752776e-05,
        7.628228088939941e-05,
        3.627362740179856e-05,
        3.36999804954801e-06,
        5.018401456957991e-05,
        1.343498887041556e-05,
        7.664117527276647e-06,
        9.355899914427219e-06,
        5.564677017101075e-05,
        2.793237856744458e-05,
        1.2497029372777227e-06,
        1.4166178704347516e-05,
        3.449127834530079e-05
      ]
    },
    "num_results": 32
  },
  "denoising": {
    "metrics": {
      "mean": 3.6812918377204334e-05,
      "std": 2.0790846423378502e-05,
      "count": 32,
      "values": [
        2.2473180355937284e-05,
        4.936391375455311e-05,
        6.311924882561847e-05,
        4.080865408481629e-05,
        2.731123425061448e-05,
        7.105994037004057e-06,
        3.969132116666456e-05,
        6.491235473805087e-05,
        6.167060653358356e-05,
        5.813340658803042e-05,
        5.480838270274682e-05,
        4.800832509103156e-05,
        3.29862654851205e-05,
        6.405027189641327e-05,
        4.217003215472616e-05,
        6.470535173748725e-06,
        4.56781252713488e-05,
        5.587989287084692e-05,
        2.6452492884007856e-05,
        3.8150228499072235e-05,
        7.842724425898039e-05,
        3.63335017820798e-05,
        3.365402403206208e-06,
        4.49807808958647e-05,
        1.3373025379573452e-05,
        8.109751153002171e-06,
        9.745451477951184e-06,
        5.5562321719170396e-05,
        2.8814856554504244e-05,
        1.3097753548440606e-06,
        1.4301790891394677e-05,
        3.44450198360315e-05
      ]
    },
    "num_results": 32
  },
  "target_metric_score": 3.702717928978142e-05,
  "timestamp": "2025-06-04T19:22:31.637480"
}