{
  "experiment_name": "candidate_q_net_2_neuron_51",
  "coalition_neurons": [
    "q_net.0_neuron_7",
    "q_net.0_neuron_4",
    "q_net.0_neuron_52",
    "q_net.0_neuron_16",
    "q_net.0_neuron_57",
    "q_net.0_neuron_20",
    "q_net.2_neuron_59",
    "q_net.2_neuron_62",
    "q_net.0_neuron_14",
    "q_net.2_neuron_15",
    "q_net.0_neuron_33",
    "q_net.0_neuron_29",
    "q_net.2_neuron_52",
    "q_net.2_neuron_41",
    "q_net.2_neuron_48",
    "q_net.0_neuron_59",
    "q_net.0_neuron_15",
    "q_net.0_neuron_58",
    "q_net.0_neuron_61",
    "q_net.2_neuron_55",
    "q_net.0_neuron_41",
    "q_net.0_neuron_55",
    "q_net.0_neuron_44",
    "q_net.2_neuron_45",
    "q_net.0_neuron_36",
    "q_net.2_neuron_1",
    "q_net.0_neuron_12",
    "q_net.2_neuron_51"
  ],
  "patch_config": {
    "q_net.0": [
      7,
      4,
      52,
      16,
      57,
      20,
      14,
      33,
      29,
      59,
      15,
      58,
      61,
      41,
      55,
      44,
      36,
      12
    ],
    "q_net.2": [
      59,
      62,
      15,
      52,
      41,
      48,
      55,
      45,
      1,
      51
    ]
  },
  "noising": {
    "metrics": {
      "mean": 4.452222940999881e-05,
      "std": 2.63622246479569e-05,
      "count": 32,
      "values": [
        2.1403264481791636e-05,
        6.71054807777487e-05,
        5.8891549693278786e-05,
        4.108409920156801e-05,
        2.62679259659921e-05,
        1.9557953171610342e-05,
        3.575240368665182e-05,
        6.116369253814037e-05,
        6.328301902274754e-05,
        7.573427082373094e-05,
        7.754438741922694e-05,
        4.7308047537910486e-05,
        3.916571833919303e-05,
        9.435040359219451e-05,
        3.4158657682480966e-05,
        1.6230972514152107e-05,
        3.621672600544754e-05,
        5.160499533420873e-05,
        1.585731751224678e-05,
        9.288220541834918e-05,
        9.708444835536677e-05,
        3.7501303074334325e-05,
        9.264323284440923e-07,
        6.951575121761744e-05,
        1.7019465676309533e-05,
        3.582168057561486e-05,
        2.6140818505006195e-05,
        7.503791157030602e-05,
        3.300993291452273e-05,
        1.4584607478520606e-06,
        1.1099452728649474e-05,
        4.4532592707267936e-05
      ]
    },
    "num_results": 32
  },
  "denoising": {
    "metrics": {
      "mean": 4.407773392143326e-05,
      "std": 2.5703366204334243e-05,
      "count": 32,
      "values": [
        2.120169612364114e-05,
        6.660907479834322e-05,
        6.49830358745979e-05,
        4.108074051187229e-05,
        2.4514364973703497e-05,
        1.8917000117705347e-05,
        3.573721839970488e-05,
        6.123981400480945e-05,
        6.29059917220486e-05,
        7.563848196070219e-05,
        7.728217123777247e-05,
        4.7206178799235124e-05,
        3.9145440092521865e-05,
        9.411833023378663e-05,
        3.470025607167464e-05,
        1.6164382956419007e-05,
        3.6359807292504136e-05,
        5.382791087686482e-05,
        1.5566901239540712e-05,
        8.105926291273851e-05,
        9.713908576937662e-05,
        3.758367343470616e-05,
        9.01904207592898e-07,
        6.158989057615473e-05,
        1.7008351263582888e-05,
        3.487242598095041e-05,
        2.844799143377516e-05,
        7.490449907480382e-05,
        3.321743570106376e-05,
        1.4522225460180576e-06,
        1.0682520333048652e-05,
        4.442942496460465e-05
      ]
    },
    "num_results": 32
  },
  "target_metric_score": 4.452222940999881e-05,
  "timestamp": "2025-06-04T19:22:56.003222"
}