{
  "experiment_name": "candidate_q_net_0_neuron_31",
  "coalition_neurons": [
    "q_net.0_neuron_7",
    "q_net.0_neuron_4",
    "q_net.0_neuron_52",
    "q_net.0_neuron_16",
    "q_net.0_neuron_57",
    "q_net.0_neuron_20",
    "q_net.2_neuron_59",
    "q_net.2_neuron_62",
    "q_net.0_neuron_14",
    "q_net.2_neuron_15",
    "q_net.0_neuron_33",
    "q_net.0_neuron_29",
    "q_net.2_neuron_52",
    "q_net.2_neuron_41",
    "q_net.2_neuron_48",
    "q_net.0_neuron_59",
    "q_net.0_neuron_15",
    "q_net.0_neuron_58",
    "q_net.0_neuron_61",
    "q_net.2_neuron_55",
    "q_net.0_neuron_41",
    "q_net.0_neuron_31"
  ],
  "patch_config": {
    "q_net.0": [
      7,
      4,
      52,
      16,
      57,
      20,
      14,
      33,
      29,
      59,
      15,
      58,
      61,
      41,
      31
    ],
    "q_net.2": [
      59,
      62,
      15,
      52,
      41,
      48,
      55
    ]
  },
  "noising": {
    "metrics": {
      "mean": 4.261130358021003e-05,
      "std": 2.3688833324165505e-05,
      "count": 32,
      "values": [
        2.3755879633757847e-05,
        5.8476581211322574e-05,
        6.256550420221795e-05,
        4.369094962461677e-05,
        2.519591377373885e-05,
        1.2029245368284274e-05,
        4.0631232640378056e-05,
        6.621363592696546e-05,
        6.630542146494173e-05,
        6.708052755329344e-05,
        7.075341576786394e-05,
        5.2682622493237805e-05,
        3.635636911319734e-05,
        8.26643588735588e-05,
        3.816387111138812e-05,
        7.027362772896737e-06,
        4.264539984334941e-05,
        5.2183729630695406e-05,
        2.039156561746923e-05,
        7.966513303214121e-05,
        8.546298142911692e-05,
        3.733620721827494e-05,
        7.945232112951099e-07,
        6.092100523723916e-05,
        1.3900044037371364e-05,
        4.050834486015744e-05,
        2.2727430748190535e-05,
        6.192673208812202e-05,
        3.6213430842803925e-05,
        7.988887933076301e-07,
        1.3047879600199778e-05,
        4.144552684532711e-05
      ]
    },
    "num_results": 32
  },
  "denoising": {
    "metrics": {
      "mean": 4.213973983302547e-05,
      "std": 2.312821464790262e-05,
      "count": 32,
      "values": [
        2.3469105111940773e-05,
        5.816250943622395e-05,
        6.897406300489662e-05,
        4.369204238448515e-05,
        2.4582907950407014e-05,
        1.1795466672013524e-05,
        4.064012175093333e-05,
        6.655096531230716e-05,
        6.598197271253596e-05,
        6.707787811616954e-05,
        7.054321151067091e-05,
        4.99653175132207e-05,
        3.673705962725627e-05,
        8.257697865965922e-05,
        3.73305005860518e-05,
        7.413164127198599e-06,
        4.267806604321429e-05,
        5.496660404051383e-05,
        2.1675496832319235e-05,
        6.348762147570573e-05,
        8.559321749922839e-05,
        3.7416362970590456e-05,
        7.799704725951217e-07,
        5.5731213578799014e-05,
        1.3808096175126484e-05,
        3.909464587969927e-05,
        2.288440113598915e-05,
        6.187891109840182e-05,
        3.809717682479955e-05,
        7.668541229042657e-07,
        1.2741014824101072e-05,
        4.1378757206856796e-05
      ]
    },
    "num_results": 32
  },
  "target_metric_score": 4.261130358021003e-05,
  "timestamp": "2025-06-04T19:22:45.581761"
}