{
  "experiment_name": "candidate_q_net_2_neuron_40",
  "coalition_neurons": [
    "q_net.0_neuron_7",
    "q_net.0_neuron_4",
    "q_net.0_neuron_52",
    "q_net.0_neuron_16",
    "q_net.0_neuron_57",
    "q_net.0_neuron_20",
    "q_net.2_neuron_59",
    "q_net.2_neuron_62",
    "q_net.0_neuron_14",
    "q_net.2_neuron_15",
    "q_net.0_neuron_33",
    "q_net.2_neuron_40"
  ],
  "patch_config": {
    "q_net.0": [
      7,
      4,
      52,
      16,
      57,
      20,
      14,
      33
    ],
    "q_net.2": [
      59,
      62,
      15,
      40
    ]
  },
  "noising": {
    "metrics": {
      "mean": 3.226479762025528e-05,
      "std": 1.9782995564393326e-05,
      "count": 32,
      "values": [
        1.6840753134687706e-05,
        4.974301645949489e-05,
        4.9097873258501e-05,
        3.113792488059191e-05,
        2.1458848745038684e-05,
        1.7582180639029053e-06,
        3.624131826882493e-05,
        4.3052700978150654e-05,
        4.12848398728909e-05,
        5.7863257014029753e-05,
        4.902557676397172e-05,
        3.866301258017928e-05,
        3.245262149570216e-05,
        6.12648606347971e-05,
        2.8193047837493765e-05,
        2.990014779049092e-06,
        3.872100926926767e-05,
        4.037695804472207e-05,
        2.1356903044404706e-05,
        5.2724395832573945e-05,
        7.471407131822132e-05,
        3.068989606925534e-05,
        2.2409084718209697e-06,
        5.607338732280666e-05,
        1.629198530904278e-05,
        6.049114779592239e-06,
        4.3798631962140445e-06,
        5.6005297023895744e-05,
        2.8152911108454345e-05,
        9.097454534798971e-07,
        9.035930263298804e-06,
        3.368326257381204e-05
      ]
    },
    "num_results": 32
  },
  "denoising": {
    "metrics": {
      "mean": 3.198952659630117e-05,
      "std": 1.956723725432526e-05,
      "count": 32,
      "values": [
        1.671253847383789e-05,
        4.953557365294965e-05,
        5.527929186131776e-05,
        3.0783463542371743e-05,
        2.079856505652418e-05,
        1.9070939701939247e-06,
        3.620675024416215e-05,
        4.2672413217925806e-05,
        4.117301351405655e-05,
        5.78926494740424e-05,
        4.901214467731003e-05,
        3.547293348123582e-05,
        3.302041529338679e-05,
        6.136820491278163e-05,
        2.8895965866666947e-05,
        3.2023618787063162e-06,
        3.8729489102124186e-05,
        4.355426003320212e-05,
        2.240739502739459e-05,
        3.912313658677044e-05,
        7.676738677525206e-05,
        3.072102731991092e-05,
        2.248314169672912e-06,
        4.994011449899302e-05,
        1.6235381665500605e-05,
        6.353883711126694e-06,
        4.793093218757047e-06,
        5.592626955908586e-05,
        2.9124178839645947e-05,
        1.0152962433631902e-06,
        9.152028253344552e-06,
        3.364021696002377e-05
      ]
    },
    "num_results": 32
  },
  "target_metric_score": 3.226479762025528e-05,
  "timestamp": "2025-06-04T19:22:27.117058"
}