{
  "experiment_name": "candidate_q_net_2_neuron_23",
  "coalition_neurons": [
    "q_net.0_neuron_7",
    "q_net.0_neuron_4",
    "q_net.2_neuron_23"
  ],
  "patch_config": {
    "q_net.0": [
      7,
      4
    ],
    "q_net.2": [
      23
    ]
  },
  "noising": {
    "metrics": {
      "mean": 1.3273252565239857e-05,
      "std": 9.770263848142946e-06,
      "count": 32,
      "values": [
        7.691450736424521e-06,
        2.5532540021087186e-05,
        1.941161513591399e-05,
        1.559650751044696e-05,
        1.2828405223183235e-05,
        4.5339549088247886e-07,
        1.846717989597538e-05,
        9.903232944785982e-06,
        1.1051396386759773e-05,
        3.1830582026012725e-05,
        2.292612141994543e-05,
        1.0772430818179347e-05,
        1.3113376775398568e-05,
        1.9168905495299364e-05,
        1.556879857296978e-05,
        1.149027897151642e-06,
        1.3427441230970697e-05,
        1.0253647346213524e-05,
        8.558839998961646e-06,
        2.467568878472559e-05,
        3.2080515835760694e-05,
        7.0808561101272545e-06,
        4.654820083922821e-08,
        2.5417813881367917e-05,
        1.4005473667324858e-06,
        3.439578181161821e-07,
        4.403342469974327e-07,
        2.9737573390026598e-05,
        9.035248453163978e-06,
        2.6184023093593775e-08,
        3.936902380038542e-06,
        2.2817016670123678e-05
      ]
    },
    "num_results": 32
  },
  "denoising": {
    "metrics": {
      "mean": 1.305653385483022e-05,
      "std": 9.664160199304535e-06,
      "count": 32,
      "values": [
        7.1494132940489634e-06,
        2.5467315008234062e-05,
        2.0485360761547363e-05,
        1.5647321299076464e-05,
        1.2442411284044027e-05,
        4.183638871291912e-07,
        1.8415280555651118e-05,
        9.705381718800275e-06,
        1.0665071859955791e-05,
        3.189292466617734e-05,
        2.3179765356044508e-05,
        9.366916612854321e-06,
        1.3171244096351177e-05,
        1.907138558847148e-05,
        1.4368061557508936e-05,
        1.1494518225143376e-06,
        1.2946414654765935e-05,
        1.0492512491160262e-05,
        9.70275317567341e-06,
        1.8512494240377616e-05,
        3.219862463729414e-05,
        6.9844830737943175e-06,
        4.64135773660382e-08,
        2.5916690703361436e-05,
        1.4085463615483404e-06,
        3.469293454705743e-07,
        4.054385852548994e-07,
        2.976424374004664e-05,
        9.748480892696936e-06,
        2.6157842337605334e-08,
        3.9058977169042965e-06,
        2.2807332948105298e-05
      ]
    },
    "num_results": 32
  },
  "target_metric_score": 1.3273252565239857e-05,
  "timestamp": "2025-06-04T19:22:13.049651"
}