{
  "experiment_name": "candidate_q_net_0_neuron_29",
  "coalition_neurons": [
    "q_net.0_neuron_7",
    "q_net.0_neuron_4",
    "q_net.0_neuron_52",
    "q_net.0_neuron_16",
    "q_net.0_neuron_57",
    "q_net.0_neuron_20",
    "q_net.2_neuron_59",
    "q_net.2_neuron_62",
    "q_net.0_neuron_14",
    "q_net.0_neuron_29"
  ],
  "patch_config": {
    "q_net.0": [
      7,
      4,
      52,
      16,
      57,
      20,
      14,
      29
    ],
    "q_net.2": [
      59,
      62
    ]
  },
  "noising": {
    "metrics": {
      "mean": 3.185861942012462e-05,
      "std": 2.1019957125771227e-05,
      "count": 32,
      "values": [
        1.46368412142538e-05,
        5.412543581667618e-05,
        4.622960676977858e-05,
        2.9487049069899752e-05,
        1.9892632305455694e-05,
        8.463990846263331e-07,
        3.08066316332227e-05,
        5.336741268035746e-05,
        4.99668316361944e-05,
        5.575142159431018e-05,
        5.194762109863053e-05,
        4.3536116766321924e-05,
        3.108618011014786e-05,
        5.922356605450097e-05,
        2.2848074706387136e-05,
        4.419983619261778e-06,
        3.215605903664513e-05,
        4.716748486198832e-05,
        1.583015788242468e-05,
        5.005141015298391e-05,
        7.42905893708249e-05,
        2.985118394496864e-05,
        2.2967600000855558e-06,
        5.637220370053133e-05,
        1.355517953462637e-05,
        1.6147395793904276e-06,
        1.3994638800213276e-06,
        5.8630342268217836e-05,
        2.1532717531065268e-05,
        1.6701452186819172e-06,
        9.171417322709251e-06,
        3.5714162998797786e-05
      ]
    },
    "num_results": 32
  },
  "denoising": {
    "metrics": {
      "mean": 3.148375978282415e-05,
      "std": 2.0780749734348224e-05,
      "count": 32,
      "values": [
        1.4341717642805387e-05,
        5.386966224088757e-05,
        5.109303130543773e-05,
        2.914817144530229e-05,
        1.9242384175088487e-05,
        8.901378455835533e-07,
        3.075535645849785e-05,
        5.289842952780396e-05,
        5.01806784458346e-05,
        5.578744665831056e-05,
        5.187762844246612e-05,
        3.987607339723783e-05,
        3.1697806969933494e-05,
        5.9412313258970745e-05,
        2.315280144026921e-05,
        5.023445413943951e-06,
        3.164280396847612e-05,
        4.8624597017341746e-05,
        1.65910589822267e-05,
        3.720709197185221e-05,
        7.632137360856088e-05,
        2.9876930106367762e-05,
        2.28942007465351e-06,
        5.122971627869561e-05,
        1.3505453510688449e-05,
        1.9093814640163617e-06,
        1.6033122357314968e-06,
        5.8528685821840256e-05,
        2.2463323537368464e-05,
        1.7337696999535318e-06,
        9.050999016771248e-06,
        3.565531108745516e-05
      ]
    },
    "num_results": 32
  },
  "target_metric_score": 3.185861942012462e-05,
  "timestamp": "2025-06-04T19:22:24.608972"
}