{
  "experiment_name": "candidate_q_net_2_neuron_1",
  "coalition_neurons": [
    "q_net.0_neuron_7",
    "q_net.0_neuron_4",
    "q_net.0_neuron_52",
    "q_net.0_neuron_16",
    "q_net.0_neuron_57",
    "q_net.0_neuron_20",
    "q_net.2_neuron_59",
    "q_net.2_neuron_62",
    "q_net.0_neuron_14",
    "q_net.2_neuron_15",
    "q_net.0_neuron_33",
    "q_net.0_neuron_29",
    "q_net.2_neuron_52",
    "q_net.2_neuron_41",
    "q_net.2_neuron_48",
    "q_net.0_neuron_59",
    "q_net.0_neuron_15",
    "q_net.0_neuron_58",
    "q_net.2_neuron_1"
  ],
  "patch_config": {
    "q_net.0": [
      7,
      4,
      52,
      16,
      57,
      20,
      14,
      33,
      29,
      59,
      15,
      58
    ],
    "q_net.2": [
      59,
      62,
      15,
      52,
      41,
      48,
      1
    ]
  },
  "noising": {
    "metrics": {
      "mean": 4.111133775865395e-05,
      "std": 2.3644960622949675e-05,
      "count": 32,
      "values": [
        2.1085374061844764e-05,
        5.9594898010159234e-05,
        5.997372135668961e-05,
        4.109032670062199e-05,
        2.5307119105788078e-05,
        9.169977852961425e-06,
        4.09081711248004e-05,
        6.433160115421987e-05,
        6.470167430963115e-05,
        6.612103837246182e-05,
        7.148175042513845e-05,
        5.062459164879786e-05,
        3.35514880812293e-05,
        7.906533408174869e-05,
        3.802773139710959e-05,
        7.472222234208587e-06,
        3.930649746099234e-05,
        5.7634761646007315e-05,
        2.4763117613479197e-05,
        8.178550448196718e-05,
        8.293319569538919e-05,
        3.679242473617322e-05,
        1.2800125826115355e-06,
        6.125096846911924e-05,
        1.2718039331117786e-05,
        2.6061518634889233e-05,
        1.8179013809285858e-05,
        5.553459327641637e-05,
        2.717061591664665e-05,
        2.3561600962439494e-06,
        1.411754529486261e-05,
        4.117181931431388e-05
      ]
    },
    "num_results": 32
  },
  "denoising": {
    "metrics": {
      "mean": 4.064704612618769e-05,
      "std": 2.3048560056296014e-05,
      "count": 32,
      "values": [
        2.114515769137881e-05,
        5.923018806310498e-05,
        6.624227203663063e-05,
        4.108019904660058e-05,
        2.4666844895088148e-05,
        9.160946279300713e-06,
        4.091373790896338e-05,
        6.449481554363914e-05,
        6.444911705189872e-05,
        6.613282512286738e-05,
        7.126067721103819e-05,
        4.783773389747687e-05,
        3.382150639686311e-05,
        7.902065888382663e-05,
        3.725374838272992e-05,
        7.835926368634019e-06,
        3.9344486032933485e-05,
        6.0713628448780645e-05,
        2.5181391375019295e-05,
        6.676144221291809e-05,
        8.3049326709913e-05,
        3.686738442348133e-05,
        1.2476824645079308e-06,
        5.55750105344986e-05,
        1.2694902552349858e-05,
        2.5211591589237043e-05,
        1.8059934595883497e-05,
        5.547722061577365e-05,
        2.8793071882267764e-05,
        2.4743643083019267e-06,
        1.3620392911967171e-05,
        4.108729060013129e-05
      ]
    },
    "num_results": 32
  },
  "target_metric_score": 4.111133775865395e-05,
  "timestamp": "2025-06-04T19:22:39.643687"
}