{
  "experiment_name": "candidate_q_net_2_neuron_63",
  "coalition_neurons": [
    "q_net.0_neuron_7",
    "q_net.0_neuron_4",
    "q_net.0_neuron_52",
    "q_net.0_neuron_16",
    "q_net.0_neuron_57",
    "q_net.0_neuron_20",
    "q_net.2_neuron_59",
    "q_net.2_neuron_62",
    "q_net.0_neuron_14",
    "q_net.2_neuron_15",
    "q_net.0_neuron_33",
    "q_net.0_neuron_29",
    "q_net.2_neuron_52",
    "q_net.2_neuron_41",
    "q_net.2_neuron_48",
    "q_net.0_neuron_59",
    "q_net.0_neuron_15",
    "q_net.2_neuron_63"
  ],
  "patch_config": {
    "q_net.0": [
      7,
      4,
      52,
      16,
      57,
      20,
      14,
      33,
      29,
      59,
      15
    ],
    "q_net.2": [
      59,
      62,
      15,
      52,
      41,
      48,
      63
    ]
  },
  "noising": {
    "metrics": {
      "mean": 3.912714453777493e-05,
      "std": 2.2166118023394935e-05,
      "count": 32,
      "values": [
        2.3236335088842896e-05,
        5.5892761237943435e-05,
        5.9483218502966086e-05,
        4.232096754964055e-05,
        2.5401096715425798e-05,
        5.842699956713619e-06,
        4.265919223478106e-05,
        6.550595453213952e-05,
        6.428739892989227e-05,
        6.284422131453695e-05,
        6.447816425382774e-05,
        5.12249609298293e-05,
        3.3490652243734194e-05,
        6.970354696871794e-05,
        3.910996643346153e-05,
        7.827881787573641e-06,
        3.9393386270130445e-05,
        5.735561353561666e-05,
        2.528335259584084e-05,
        6.197712569413355e-05,
        8.057623497554993e-05,
        3.692247406308425e-05,
        5.046158923610578e-07,
        5.718246158248905e-05,
        1.3728340888657757e-05,
        2.0053819470614324e-05,
        1.081660375249426e-05,
        5.345396103737963e-05,
        2.6821114973199804e-05,
        9.253814028193567e-07,
        1.4310420275634244e-05,
        3.9454700118765986e-05
      ]
    },
    "num_results": 32
  },
  "denoising": {
    "metrics": {
      "mean": 3.8800354033486136e-05,
      "std": 2.19046458339156e-05,
      "count": 32,
      "values": [
        2.3158377506465335e-05,
        5.55694977861504e-05,
        6.606408938258197e-05,
        4.212774919598345e-05,
        2.4757351140666708e-05,
        6.089944569839367e-06,
        4.265187831549119e-05,
        6.565335203052055e-05,
        6.406690265261638e-05,
        6.28684991938193e-05,
        6.428528027564804e-05,
        4.8433232496208336e-05,
        3.3775334834839794e-05,
        6.970458832448445e-05,
        3.8373964408002534e-05,
        8.187460500517379e-06,
        3.9430760164177285e-05,
        6.040932561828774e-05,
        2.6438260823940076e-05,
        4.810121273512209e-05,
        8.070452920084538e-05,
        3.69815379739197e-05,
        4.837041912475926e-07,
        5.1846838531575804e-05,
        1.3711197856944497e-05,
        2.0015586370499862e-05,
        1.1259274634486819e-05,
        5.340350899640301e-05,
        2.8230709270730004e-05,
        9.935077526292168e-07,
        1.4443798358689105e-05,
        3.9390073978223e-05
      ]
    },
    "num_results": 32
  },
  "target_metric_score": 3.912714453777493e-05,
  "timestamp": "2025-06-04T19:22:38.179039"
}