{
  "experiment_name": "candidate_q_net_2_neuron_10",
  "coalition_neurons": [
    "q_net.0_neuron_7",
    "q_net.0_neuron_4",
    "q_net.0_neuron_52",
    "q_net.0_neuron_16",
    "q_net.0_neuron_57",
    "q_net.0_neuron_20",
    "q_net.2_neuron_59",
    "q_net.2_neuron_62",
    "q_net.0_neuron_14",
    "q_net.2_neuron_15",
    "q_net.0_neuron_33",
    "q_net.0_neuron_29",
    "q_net.2_neuron_52",
    "q_net.2_neuron_41",
    "q_net.2_neuron_48",
    "q_net.0_neuron_59",
    "q_net.0_neuron_15",
    "q_net.0_neuron_58",
    "q_net.0_neuron_61",
    "q_net.2_neuron_55",
    "q_net.0_neuron_41",
    "q_net.0_neuron_55",
    "q_net.0_neuron_44",
    "q_net.2_neuron_45",
    "q_net.0_neuron_36",
    "q_net.2_neuron_10"
  ],
  "patch_config": {
    "q_net.0": [
      7,
      4,
      52,
      16,
      57,
      20,
      14,
      33,
      29,
      59,
      15,
      58,
      61,
      41,
      55,
      44,
      36
    ],
    "q_net.2": [
      59,
      62,
      15,
      52,
      41,
      48,
      55,
      45,
      10
    ]
  },
  "noising": {
    "metrics": {
      "mean": 4.425531849311641e-05,
      "std": 2.5432820378794167e-05,
      "count": 32,
      "values": [
        2.4776415866479716e-05,
        6.707805222666129e-05,
        6.0115573995859e-05,
        4.2521843664722076e-05,
        2.8728733691434864e-05,
        1.7156511281945543e-05,
        3.944126199788983e-05,
        5.9559688009105894e-05,
        6.434053342454799e-05,
        7.393899554080101e-05,
        7.409441388553871e-05,
        4.718912293730378e-05,
        3.519598593225705e-05,
        9.082730566371621e-05,
        3.641238285704131e-05,
        1.5490221299696398e-05,
        4.350068603971237e-05,
        5.1081054171266344e-05,
        1.902903749641412e-05,
        8.836219922306196e-05,
        9.446825172178101e-05,
        3.2450205530513726e-05,
        7.28144962080558e-07,
        6.841787961042224e-05,
        1.2334834139811715e-05,
        3.6980965433826784e-05,
        2.160662773852324e-05,
        7.296061077211903e-05,
        3.6667517908149736e-05,
        6.513683956876036e-07,
        1.5082240395535376e-05,
        4.498152596581857e-05
      ]
    },
    "num_results": 32
  },
  "denoising": {
    "metrics": {
      "mean": 4.3796813386949536e-05,
      "std": 2.4864060940956946e-05,
      "count": 32,
      "values": [
        2.4711346792871398e-05,
        6.662672085261194e-05,
        6.618934501102954e-05,
        4.25077371284928e-05,
        2.6890193402976368e-05,
        1.6019130589832063e-05,
        3.9439538998599496e-05,
        5.972767356196519e-05,
        6.402076653495218e-05,
        7.386805839017783e-05,
        7.392333711716355e-05,
        4.450422582621982e-05,
        3.518549447791358e-05,
        9.071883945587636e-05,
        3.743523022639377e-05,
        1.542800120269154e-05,
        4.371924728653197e-05,
        5.331809618271425e-05,
        1.8838863458225518e-05,
        7.67281727171371e-05,
        9.454677251510293e-05,
        3.2508838324567366e-05,
        6.730659384899368e-07,
        6.094464205295643e-05,
        1.2261180626068312e-05,
        3.653708766186031e-05,
        2.294936148942452e-05,
        7.284013915152213e-05,
        3.821112393614218e-05,
        6.533660859122715e-07,
        1.4675863273329196e-05,
        4.4896568112633324e-05
      ]
    },
    "num_results": 32
  },
  "target_metric_score": 4.425531849311641e-05,
  "timestamp": "2025-06-04T19:22:52.061751"
}