{
  "experiment_name": "candidate_q_net_0_neuron_17",
  "coalition_neurons": [
    "q_net.0_neuron_7",
    "q_net.0_neuron_4",
    "q_net.0_neuron_52",
    "q_net.0_neuron_16",
    "q_net.0_neuron_57",
    "q_net.0_neuron_20",
    "q_net.2_neuron_59",
    "q_net.2_neuron_62",
    "q_net.0_neuron_14",
    "q_net.2_neuron_15",
    "q_net.0_neuron_33",
    "q_net.0_neuron_29",
    "q_net.2_neuron_52",
    "q_net.2_neuron_41",
    "q_net.2_neuron_48",
    "q_net.0_neuron_59",
    "q_net.0_neuron_15",
    "q_net.0_neuron_58",
    "q_net.0_neuron_61",
    "q_net.2_neuron_55",
    "q_net.0_neuron_41",
    "q_net.0_neuron_55",
    "q_net.0_neuron_44",
    "q_net.0_neuron_17"
  ],
  "patch_config": {
    "q_net.0": [
      7,
      4,
      52,
      16,
      57,
      20,
      14,
      33,
      29,
      59,
      15,
      58,
      61,
      41,
      55,
      44,
      17
    ],
    "q_net.2": [
      59,
      62,
      15,
      52,
      41,
      48,
      55
    ]
  },
  "noising": {
    "metrics": {
      "mean": 4.361298054016917e-05,
      "std": 2.508418317006551e-05,
      "count": 32,
      "values": [
        2.45609942837445e-05,
        6.278903737850887e-05,
        6.062184810709092e-05,
        4.235207376348008e-05,
        2.3713698669786598e-05,
        1.0754160403400386e-05,
        4.076994182996142e-05,
        6.021826778048389e-05,
        6.729708549895689e-05,
        7.259279065200525e-05,
        7.561531665751966e-05,
        4.685102762172033e-05,
        3.581888585684552e-05,
        9.164264811854112e-05,
        3.650386276263836e-05,
        1.669637433420986e-05,
        3.980691085888688e-05,
        4.573921379225098e-05,
        2.0669259243485038e-05,
        8.478776803723604e-05,
        9.085807267215863e-05,
        3.6398899180642365e-05,
        8.436348429999519e-07,
        6.43610770745133e-05,
        1.2736389716010502e-05,
        4.340235065252102e-05,
        2.2381162826337403e-05,
        7.130784087260099e-05,
        3.554998070660388e-05,
        7.870928534018111e-07,
        1.3268399162648473e-05,
        4.391931107422249e-05
      ]
    },
    "num_results": 32
  },
  "denoising": {
    "metrics": {
      "mean": 4.314282302647435e-05,
      "std": 2.4428795042907232e-05,
      "count": 32,
      "values": [
        2.449018534888593e-05,
        6.242843440216724e-05,
        6.665073880396497e-05,
        4.233837751284645e-05,
        2.353393169593162e-05,
        1.0160932426434943e-05,
        4.077791317771062e-05,
        5.990733530337024e-05,
        6.697377714675234e-05,
        7.255736361305547e-05,
        7.539820140594527e-05,
        4.397679912894535e-05,
        3.583434262461672e-05,
        9.153090177033718e-05,
        3.635273582594566e-05,
        1.663340017747639e-05,
        3.9875046141061004e-05,
        4.828731940468233e-05,
        2.0471123824744228e-05,
        6.880103450133566e-05,
        9.09664038688077e-05,
        3.647439626569635e-05,
        8.282365655828776e-07,
        5.968309689614328e-05,
        1.265970029304354e-05,
        4.317765468189456e-05,
        2.354330775563348e-05,
        7.12217907773273e-05,
        3.7475125913945316e-05,
        7.686603780692348e-07,
        1.2953526325053862e-05,
        4.3838542889772236e-05
      ]
    },
    "num_results": 32
  },
  "target_metric_score": 4.361298054016917e-05,
  "timestamp": "2025-06-04T19:22:49.154967"
}