{
  "exp_1_q_net.0": {
    "patch_configuration": {
      "q_net.0": [
        2,
        4
      ]
    },
    "results": {
      "baseline_output": [
        [
          0.0011234655976295471,
          0.04976921156048775,
          -0.005793318152427673,
          0.07200843840837479,
          0.06260934472084045
        ]
      ],
      "baseline_action": 3,
      "patched_output": [
        [
          0.0011168867349624634,
          0.047668833285570145,
          -0.007417112588882446,
          0.06965254247188568,
          0.06124994158744812
        ]
      ],
      "patched_action": 3,
      "patched_layers": [
        "q_net.0"
      ],
      "action_changed": "False",
      "patch_configuration": {
        "q_net.0": [
          2,
          4
        ]
      }
    },
    "patch_analysis": {
      "output_logit_delta": -0.0023558959364891052
    }
  },
  "exp_2_q_net.2": {
    "patch_configuration": {
      "q_net.2": [
        10,
        11
      ]
    },
    "results": {
      "baseline_output": [
        [
          0.0011234655976295471,
          0.04976921156048775,
          -0.005793318152427673,
          0.07200843840837479,
          0.06260934472084045
        ]
      ],
      "baseline_action": 3,
      "patched_output": [
        [
          0.0010913386940956116,
          0.04947767034173012,
          -0.005884453654289246,
          0.07166606187820435,
          0.06279130280017853
        ]
      ],
      "patched_action": 3,
      "patched_layers": [
        "q_net.2"
      ],
      "action_changed": "False",
      "patch_configuration": {
        "q_net.2": [
          10,
          11
        ]
      }
    },
    "patch_analysis": {
      "output_logit_delta": -0.0003423765301704407
    }
  },
  "exp_3_q_net.4": {
    "patch_configuration": {
      "q_net.4": [
        2
      ]
    },
    "results": {
      "baseline_output": [
        [
          0.0011234655976295471,
          0.04976921156048775,
          -0.005793318152427673,
          0.07200843840837479,
          0.06260934472084045
        ]
      ],
      "baseline_action": 3,
      "patched_output": [
        [
          0.0011234655976295471,
          0.04976921156048775,
          -0.005762264132499695,
          0.07200843840837479,
          0.06260934472084045
        ]
      ],
      "patched_action": 3,
      "patched_layers": [
        "q_net.4"
      ],
      "action_changed": "False",
      "patch_configuration": {
        "q_net.4": [
          2
        ]
      }
    },
    "patch_analysis": {
      "output_logit_delta": 0.0
    }
  },
  "exp_4_q_net.0-q_net.2": {
    "patch_configuration": {
      "q_net.0": [
        5,
        6,
        7
      ],
      "q_net.2": [
        8,
        9
      ]
    },
    "results": {
      "baseline_output": [
        [
          0.0011234655976295471,
          0.04976921156048775,
          -0.005793318152427673,
          0.07200843840837479,
          0.06260934472084045
        ]
      ],
      "baseline_action": 3,
      "patched_output": [
        [
          0.0011234655976295471,
          0.04976921156048775,
          -0.005793318152427673,
          0.07200843840837479,
          0.06260934472084045
        ]
      ],
      "patched_action": 3,
      "patched_layers": [
        "q_net.0",
        "q_net.2"
      ],
      "action_changed": "False",
      "patch_configuration": {
        "q_net.0": [
          5,
          6,
          7
        ],
        "q_net.2": [
          8,
          9
        ]
      }
    },
    "patch_analysis": {
      "output_logit_delta": 0.0
    }
  },
  "exp_5_q_net.2": {
    "patch_configuration": {
      "q_net.2": "all"
    },
    "results": {
      "baseline_output": [
        [
          0.0011234655976295471,
          0.04976921156048775,
          -0.005793318152427673,
          0.07200843840837479,
          0.06260934472084045
        ]
      ],
      "baseline_action": 3,
      "patched_output": [
        [
          0.0021553486585617065,
          0.05407029762864113,
          -0.005762264132499695,
          0.07436119019985199,
          0.06295008212327957
        ]
      ],
      "patched_action": 3,
      "patched_layers": [
        "q_net.2"
      ],
      "action_changed": "False",
      "patch_configuration": {
        "q_net.2": "all"
      }
    },
    "patch_analysis": {
      "output_logit_delta": 0.0023527517914772034
    }
  },
  "exp_6_features_extractor.mlp.0-q_net.0": {
    "patch_configuration": {
      "features_extractor.mlp.0": [
        3,
        4,
        5
      ],
      "q_net.0": [
        1,
        2
      ]
    },
    "results": {
      "baseline_output": [
        [
          0.0011234655976295471,
          0.04976921156048775,
          -0.005793318152427673,
          0.07200843840837479,
          0.06260934472084045
        ]
      ],
      "baseline_action": 3,
      "patched_output": [
        [
          0.0008661448955535889,
          0.05188954249024391,
          -0.002474650740623474,
          0.075107142329216,
          0.0630059763789177
        ]
      ],
      "patched_action": 3,
      "patched_layers": [
        "features_extractor.mlp.0",
        "q_net.0"
      ],
      "action_changed": "False",
      "patch_configuration": {
        "features_extractor.mlp.0": [
          3,
          4,
          5
        ],
        "q_net.0": [
          1,
          2
        ]
      }
    },
    "patch_analysis": {
      "output_logit_delta": 0.003098703920841217
    }
  }
}