{
  "model.buffer_size": 121729,
  "model.learning_starts": 84619,
  "model.batch_size": 58,
  "model.learning_rate": 0.00048123053212157426,
  "model.gamma": 0.631902971284613,
  "model.train_freq": 322,
  "model.target_update_interval": 19216,
  "model.exploration_fraction": 0.8086737802296717,
  "model.exploration_final_eps": 0.17454369338838205
}