{
  "model.buffer_size": 292784,
  "model.learning_starts": 19833,
  "model.batch_size": 80,
  "model.learning_rate": 0.0003738534956189123,
  "model.gamma": 0.864208454002707,
  "model.train_freq": 15,
  "model.target_update_interval": 1710,
  "model.exploration_fraction": 0.5218337922881616,
  "model.exploration_final_eps": 0.021572799961754156
}