{
  "experiment_name": "candidate_q_net_0_neuron_62",
  "coalition_neurons": [
    "q_net.0_neuron_14",
    "q_net.0_neuron_35",
    "q_net.0_neuron_3",
    "q_net.0_neuron_26",
    "q_net.0_neuron_54",
    "q_net.0_neuron_49",
    "q_net.0_neuron_61",
    "q_net.0_neuron_42",
    "q_net.0_neuron_62"
  ],
  "patch_config": {
    "q_net.0": [
      14,
      35,
      3,
      26,
      54,
      49,
      61,
      42,
      62
    ]
  },
  "noising": {
    "metrics": {
      "mean": 0.058282122015953064,
      "std": 0.030290824915947177,
      "count": 6,
      "values": [
        0.11787903308868408,
        0.04829910397529602,
        0.04205799102783203,
        0.026619553565979004,
        0.04029369354248047,
        0.07454335689544678
      ]
    },
    "num_results": 6
  },
  "denoising": {
    "metrics": {
      "mean": 0.06457361082235973,
      "std": 0.03049781820387783,
      "count": 6,
      "values": [
        0.122700035572052,
        0.05512189865112305,
        0.046664923429489136,
        0.03295105695724487,
        0.04510700702667236,
        0.0848967432975769
      ]
    },
    "num_results": 6
  },
  "target_metric_score": 0.06457361082235973,
  "timestamp": "2025-05-31T15:22:44.873402"
}