{
  "experiment_name": "candidate_q_net_2_neuron_41",
  "coalition_neurons": [
    "q_net.0_neuron_14",
    "q_net.0_neuron_35",
    "q_net.0_neuron_3",
    "q_net.0_neuron_26",
    "q_net.0_neuron_54",
    "q_net.2_neuron_41"
  ],
  "patch_config": {
    "q_net.0": [
      14,
      35,
      3,
      26,
      54
    ],
    "q_net.2": [
      41
    ]
  },
  "noising": {
    "metrics": {
      "mean": 0.040770346919695534,
      "std": 0.029257051175659427,
      "count": 6,
      "values": [
        0.1014934778213501,
        0.03373399376869202,
        0.03690093755722046,
        0.007546901702880859,
        0.024029672145843506,
        0.04091709852218628
      ]
    },
    "num_results": 6
  },
  "denoising": {
    "metrics": {
      "mean": 0.0425421396891276,
      "std": 0.0245833000968972,
      "count": 6,
      "values": [
        0.09151756763458252,
        0.03836029767990112,
        0.0394434928894043,
        0.011273503303527832,
        0.028156518936157227,
        0.04650145769119263
      ]
    },
    "num_results": 6
  },
  "target_metric_score": 0.0425421396891276,
  "timestamp": "2025-05-30T23:34:43.767382"
}