{
  "experiment_name": "candidate_q_net_0_neuron_20",
  "coalition_neurons": [
    "q_net.0_neuron_14",
    "q_net.0_neuron_35",
    "q_net.0_neuron_3",
    "q_net.0_neuron_26",
    "q_net.0_neuron_54",
    "q_net.0_neuron_49",
    "q_net.0_neuron_61",
    "q_net.0_neuron_42",
    "q_net.0_neuron_5",
    "q_net.2_neuron_5",
    "q_net.2_neuron_3",
    "q_net.2_neuron_61",
    "q_net.0_neuron_47",
    "q_net.2_neuron_52",
    "q_net.2_neuron_30",
    "q_net.0_neuron_20"
  ],
  "patch_config": {
    "q_net.0": [
      14,
      35,
      3,
      26,
      54,
      49,
      61,
      42,
      5,
      47,
      20
    ],
    "q_net.2": [
      5,
      3,
      61,
      52,
      30
    ]
  },
  "noising": {
    "metrics": {
      "mean": 0.07658592363198598,
      "std": 0.04229969017126562,
      "count": 6,
      "values": [
        0.16186034679412842,
        0.06656208634376526,
        0.05043351650238037,
        0.0342831015586853,
        0.05236983299255371,
        0.09400665760040283
      ]
    },
    "num_results": 6
  },
  "denoising": {
    "metrics": {
      "mean": 0.0812596728404363,
      "std": 0.042939047519796575,
      "count": 6,
      "values": [
        0.16564065217971802,
        0.073565274477005,
        0.05534940958023071,
        0.03830200433731079,
        0.05150514841079712,
        0.10319554805755615
      ]
    },
    "num_results": 6
  },
  "target_metric_score": 0.0812596728404363,
  "timestamp": "2025-05-31T15:22:47.110230"
}