{
  "experiment_name": "candidate_q_net_2_neuron_10",
  "coalition_neurons": [
    "q_net.0_neuron_14",
    "q_net.0_neuron_35",
    "q_net.0_neuron_3",
    "q_net.0_neuron_26",
    "q_net.0_neuron_54",
    "q_net.0_neuron_49",
    "q_net.0_neuron_61",
    "q_net.0_neuron_42",
    "q_net.0_neuron_5",
    "q_net.2_neuron_5",
    "q_net.2_neuron_3",
    "q_net.2_neuron_61",
    "q_net.0_neuron_47",
    "q_net.2_neuron_52",
    "q_net.2_neuron_30",
    "q_net.2_neuron_35",
    "q_net.0_neuron_6",
    "q_net.2_neuron_10"
  ],
  "patch_config": {
    "q_net.0": [
      14,
      35,
      3,
      26,
      54,
      49,
      61,
      42,
      5,
      47,
      6
    ],
    "q_net.2": [
      5,
      3,
      61,
      52,
      30,
      35,
      10
    ]
  },
  "noising": {
    "metrics": {
      "mean": 0.0664072185754776,
      "std": 0.0454782328946578,
      "count": 6,
      "values": [
        0.15746015310287476,
        0.05997905135154724,
        0.04237687587738037,
        0.015250146389007568,
        0.04121142625808716,
        0.0821656584739685
      ]
    },
    "num_results": 6
  },
  "denoising": {
    "metrics": {
      "mean": 0.07445813218752544,
      "std": 0.048764627135232934,
      "count": 6,
      "values": [
        0.17254668474197388,
        0.06825631856918335,
        0.04731598496437073,
        0.02474367618560791,
        0.04157644510269165,
        0.09230968356132507
      ]
    },
    "num_results": 6
  },
  "target_metric_score": 0.07445813218752544,
  "timestamp": "2025-05-30T23:34:47.832290"
}