{
  "experiment_name": "candidate_q_net_2_neuron_2",
  "coalition_neurons": [
    "q_net.0_neuron_14",
    "q_net.0_neuron_35",
    "q_net.0_neuron_3",
    "q_net.0_neuron_26",
    "q_net.0_neuron_54",
    "q_net.0_neuron_49",
    "q_net.0_neuron_61",
    "q_net.0_neuron_42",
    "q_net.0_neuron_5",
    "q_net.2_neuron_5",
    "q_net.2_neuron_3",
    "q_net.2_neuron_61",
    "q_net.2_neuron_2"
  ],
  "patch_config": {
    "q_net.0": [
      14,
      35,
      3,
      26,
      54,
      49,
      61,
      42,
      5
    ],
    "q_net.2": [
      5,
      3,
      61,
      2
    ]
  },
  "noising": {
    "metrics": {
      "mean": 0.0679435779651006,
      "std": 0.03529503125717571,
      "count": 6,
      "values": [
        0.13308483362197876,
        0.06546375155448914,
        0.04698532819747925,
        0.02693486213684082,
        0.04410487413406372,
        0.09108781814575195
      ]
    },
    "num_results": 6
  },
  "denoising": {
    "metrics": {
      "mean": 0.07423470417658488,
      "std": 0.03587274679141837,
      "count": 6,
      "values": [
        0.13921284675598145,
        0.07326552271842957,
        0.04990661144256592,
        0.03333157300949097,
        0.050022900104522705,
        0.09966877102851868
      ]
    },
    "num_results": 6
  },
  "target_metric_score": 0.07423470417658488,
  "timestamp": "2025-05-31T15:22:46.149943"
}