{
  "experiment_name": "candidate_q_net_0_neuron_29",
  "coalition_neurons": [
    "q_net.0_neuron_14",
    "q_net.0_neuron_35",
    "q_net.0_neuron_3",
    "q_net.0_neuron_26",
    "q_net.0_neuron_29"
  ],
  "patch_config": {
    "q_net.0": [
      14,
      35,
      3,
      26,
      29
    ]
  },
  "noising": {
    "metrics": {
      "mean": 0.0395676443974177,
      "std": 0.018272436419585446,
      "count": 6,
      "values": [
        0.07459580898284912,
        0.03681519627571106,
        0.0325697660446167,
        0.017218470573425293,
        0.027711033821105957,
        0.048495590686798096
      ]
    },
    "num_results": 6
  },
  "denoising": {
    "metrics": {
      "mean": 0.04152292013168335,
      "std": 0.014855756531461472,
      "count": 6,
      "values": [
        0.06780785322189331,
        0.03994095325469971,
        0.03600049018859863,
        0.02300781011581421,
        0.02984929084777832,
        0.05253112316131592
      ]
    },
    "num_results": 6
  },
  "target_metric_score": 0.04152292013168335,
  "timestamp": "2025-05-30T22:49:41.020458"
}