{
  "experiment_name": "candidate_q_net_2_neuron_38",
  "coalition_neurons": [
    "q_net.0_neuron_14",
    "q_net.0_neuron_35",
    "q_net.2_neuron_38"
  ],
  "patch_config": {
    "q_net.0": [
      14,
      35
    ],
    "q_net.2": [
      38
    ]
  },
  "noising": {
    "metrics": {
      "mean": 0.02487557629744212,
      "std": 0.012167743171637234,
      "count": 6,
      "values": [
        0.04582703113555908,
        0.013034313917160034,
        0.029364943504333496,
        0.00901174545288086,
        0.02183842658996582,
        0.030176997184753418
      ]
    },
    "num_results": 6
  },
  "denoising": {
    "metrics": {
      "mean": 0.023009508848190308,
      "std": 0.009148985595336034,
      "count": 6,
      "values": [
        0.034108519554138184,
        0.01461327075958252,
        0.02998143434524536,
        0.008154034614562988,
        0.022006452083587646,
        0.029193341732025146
      ]
    },
    "num_results": 6
  },
  "target_metric_score": 0.02487557629744212,
  "timestamp": "2025-05-31T15:22:42.915469"
}