{
  "experiment_name": "candidate_q_net_0_neuron_16",
  "coalition_neurons": [
    "q_net.0_neuron_14",
    "q_net.0_neuron_35",
    "q_net.0_neuron_3",
    "q_net.0_neuron_26",
    "q_net.0_neuron_54",
    "q_net.0_neuron_49",
    "q_net.0_neuron_61",
    "q_net.0_neuron_42",
    "q_net.0_neuron_5",
    "q_net.2_neuron_5",
    "q_net.2_neuron_3",
    "q_net.2_neuron_61",
    "q_net.0_neuron_47",
    "q_net.2_neuron_52",
    "q_net.2_neuron_30",
    "q_net.2_neuron_35",
    "q_net.0_neuron_6",
    "q_net.2_neuron_36",
    "q_net.0_neuron_8",
    "q_net.0_neuron_29",
    "q_net.0_neuron_52",
    "q_net.0_neuron_20",
    "q_net.0_neuron_18",
    "q_net.2_neuron_21",
    "q_net.2_neuron_22",
    "q_net.2_neuron_50",
    "q_net.0_neuron_62",
    "q_net.0_neuron_13",
    "q_net.0_neuron_16"
  ],
  "patch_config": {
    "q_net.0": [
      14,
      35,
      3,
      26,
      54,
      49,
      61,
      42,
      5,
      47,
      6,
      8,
      29,
      52,
      20,
      18,
      62,
      13,
      16
    ],
    "q_net.2": [
      5,
      3,
      61,
      52,
      30,
      35,
      36,
      21,
      22,
      50
    ]
  },
  "noising": {
    "metrics": {
      "mean": 0.07586558163166046,
      "std": 0.039744747995744734,
      "count": 6,
      "values": [
        0.15442019701004028,
        0.06655380129814148,
        0.05567049980163574,
        0.027973532676696777,
        0.05919152498245239,
        0.0913839340209961
      ]
    },
    "num_results": 6
  },
  "denoising": {
    "metrics": {
      "mean": 0.08137994011243184,
      "std": 0.04489469341778313,
      "count": 6,
      "values": [
        0.17100685834884644,
        0.0717799961566925,
        0.05743393301963806,
        0.030139923095703125,
        0.059499382972717285,
        0.09841954708099365
      ]
    },
    "num_results": 6
  },
  "target_metric_score": 0.08137994011243184,
  "timestamp": "2025-05-30T22:49:49.882623"
}