{
  "experiment_name": "candidate_q_net_2_neuron_27",
  "coalition_neurons": [
    "q_net.0_neuron_14",
    "q_net.0_neuron_35",
    "q_net.0_neuron_3",
    "q_net.0_neuron_26",
    "q_net.0_neuron_54",
    "q_net.0_neuron_49",
    "q_net.0_neuron_61",
    "q_net.0_neuron_42",
    "q_net.0_neuron_5",
    "q_net.2_neuron_5",
    "q_net.2_neuron_3",
    "q_net.2_neuron_61",
    "q_net.2_neuron_27"
  ],
  "patch_config": {
    "q_net.0": [
      14,
      35,
      3,
      26,
      54,
      49,
      61,
      42,
      5
    ],
    "q_net.2": [
      5,
      3,
      61,
      27
    ]
  },
  "noising": {
    "metrics": {
      "mean": 0.06768027444680531,
      "std": 0.036637102578044034,
      "count": 6,
      "values": [
        0.13563686609268188,
        0.0655650794506073,
        0.04685103893280029,
        0.024590015411376953,
        0.04285913705825806,
        0.09057950973510742
      ]
    },
    "num_results": 6
  },
  "denoising": {
    "metrics": {
      "mean": 0.07397141059239705,
      "std": 0.037190547809123994,
      "count": 6,
      "values": [
        0.1417648196220398,
        0.0733669102191925,
        0.04977235198020935,
        0.030986785888671875,
        0.04877716302871704,
        0.09916043281555176
      ]
    },
    "num_results": 6
  },
  "target_metric_score": 0.07397141059239705,
  "timestamp": "2025-05-30T23:34:46.216995"
}