{
  "experiment_name": "candidate_q_net_2_neuron_22",
  "coalition_neurons": [
    "q_net.0_neuron_14",
    "q_net.0_neuron_35",
    "q_net.0_neuron_3",
    "q_net.0_neuron_26",
    "q_net.0_neuron_54",
    "q_net.0_neuron_49",
    "q_net.0_neuron_61",
    "q_net.0_neuron_42",
    "q_net.0_neuron_5",
    "q_net.2_neuron_22"
  ],
  "patch_config": {
    "q_net.0": [
      14,
      35,
      3,
      26,
      54,
      49,
      61,
      42,
      5
    ],
    "q_net.2": [
      22
    ]
  },
  "noising": {
    "metrics": {
      "mean": 0.058936561147371926,
      "std": 0.03025768668136796,
      "count": 6,
      "values": [
        0.11236405372619629,
        0.05910339951515198,
        0.0368196964263916,
        0.028246164321899414,
        0.03397399187088013,
        0.08311206102371216
      ]
    },
    "num_results": 6
  },
  "denoising": {
    "metrics": {
      "mean": 0.0652277022600174,
      "std": 0.031003269605230668,
      "count": 6,
      "values": [
        0.11849206686019897,
        0.06690523028373718,
        0.039740920066833496,
        0.03464287519454956,
        0.03989213705062866,
        0.0916929841041565
      ]
    },
    "num_results": 6
  },
  "target_metric_score": 0.0652277022600174,
  "timestamp": "2025-05-30T23:34:45.194617"
}