{
  "experiment_name": "candidate_q_net_2_neuron_2",
  "coalition_neurons": [
    "q_net.0_neuron_14",
    "q_net.0_neuron_35",
    "q_net.0_neuron_3",
    "q_net.0_neuron_26",
    "q_net.0_neuron_54",
    "q_net.0_neuron_49",
    "q_net.0_neuron_61",
    "q_net.0_neuron_42",
    "q_net.0_neuron_5",
    "q_net.2_neuron_5",
    "q_net.2_neuron_3",
    "q_net.2_neuron_61",
    "q_net.0_neuron_47",
    "q_net.2_neuron_52",
    "q_net.2_neuron_30",
    "q_net.2_neuron_35",
    "q_net.0_neuron_6",
    "q_net.2_neuron_36",
    "q_net.0_neuron_8",
    "q_net.2_neuron_2"
  ],
  "patch_config": {
    "q_net.0": [
      14,
      35,
      3,
      26,
      54,
      49,
      61,
      42,
      5,
      47,
      6,
      8
    ],
    "q_net.2": [
      5,
      3,
      61,
      52,
      30,
      35,
      36,
      2
    ]
  },
  "noising": {
    "metrics": {
      "mean": 0.07628936072190602,
      "std": 0.03246378471035298,
      "count": 6,
      "values": [
        0.14136141538619995,
        0.06296786665916443,
        0.06413638591766357,
        0.04005640745162964,
        0.05968445539474487,
        0.08952963352203369
      ]
    },
    "num_results": 6
  },
  "denoising": {
    "metrics": {
      "mean": 0.08358856042226155,
      "std": 0.03611818757299742,
      "count": 6,
      "values": [
        0.15644794702529907,
        0.06982594728469849,
        0.06460478901863098,
        0.04965895414352417,
        0.06051534414291382,
        0.10047838091850281
      ]
    },
    "num_results": 6
  },
  "target_metric_score": 0.08358856042226155,
  "timestamp": "2025-05-30T23:34:49.115947"
}