{
  "experiment_name": "candidate_q_net_2_neuron_10",
  "coalition_neurons": [
    "q_net.0_neuron_14",
    "q_net.0_neuron_35",
    "q_net.0_neuron_3",
    "q_net.0_neuron_26",
    "q_net.0_neuron_54",
    "q_net.2_neuron_10"
  ],
  "patch_config": {
    "q_net.0": [
      14,
      35,
      3,
      26,
      54
    ],
    "q_net.2": [
      10
    ]
  },
  "noising": {
    "metrics": {
      "mean": 0.03784795105457306,
      "std": 0.03356805494503678,
      "count": 6,
      "values": [
        0.10795485973358154,
        0.02956131100654602,
        0.027116835117340088,
        0.000913083553314209,
        0.020827829837799072,
        0.04071378707885742
      ]
    },
    "num_results": 6
  },
  "denoising": {
    "metrics": {
      "mean": 0.03967509667078654,
      "std": 0.028831101738067258,
      "count": 6,
      "values": [
        0.09797900915145874,
        0.0341876745223999,
        0.029659390449523926,
        0.005155026912689209,
        0.02477133274078369,
        0.04629814624786377
      ]
    },
    "num_results": 6
  },
  "target_metric_score": 0.03967509667078654,
  "timestamp": "2025-05-31T15:22:43.788677"
}