{
  "experiment_name": "candidate_q_net_2_neuron_3",
  "coalition_neurons": [
    "q_net.0_neuron_14",
    "q_net.2_neuron_3"
  ],
  "patch_config": {
    "q_net.0": [
      14
    ],
    "q_net.2": [
      3
    ]
  },
  "noising": {
    "metrics": {
      "mean": 0.019620259602864582,
      "std": 0.014755408605133774,
      "count": 6,
      "values": [
        0.049146831035614014,
        0.002411782741546631,
        0.023414015769958496,
        0.010810613632202148,
        0.012829184532165527,
        0.019109129905700684
      ]
    },
    "num_results": 6
  },
  "denoising": {
    "metrics": {
      "mean": 0.015826284885406494,
      "std": 0.009085426610289115,
      "count": 6,
      "values": [
        0.032360970973968506,
        0.0024487972259521484,
        0.01861041784286499,
        0.009971439838409424,
        0.015118777751922607,
        0.01644730567932129
      ]
    },
    "num_results": 6
  },
  "target_metric_score": 0.019620259602864582,
  "timestamp": "2025-05-30T22:49:39.907261"
}