{
  "experiment_name": "candidate_q_net_2_neuron_0",
  "coalition_neurons": [
    "q_net.0_neuron_14",
    "q_net.0_neuron_35",
    "q_net.0_neuron_3",
    "q_net.0_neuron_26",
    "q_net.0_neuron_54",
    "q_net.2_neuron_0"
  ],
  "patch_config": {
    "q_net.0": [
      14,
      35,
      3,
      26,
      54
    ],
    "q_net.2": [
      0
    ]
  },
  "noising": {
    "metrics": {
      "mean": 0.040019924441973366,
      "std": 0.014165197197658188,
      "count": 6,
      "values": [
        0.06495153903961182,
        0.0359664261341095,
        0.037967562675476074,
        0.017779827117919922,
        0.036193668842315674,
        0.04726052284240723
      ]
    },
    "num_results": 6
  },
  "denoising": {
    "metrics": {
      "mean": 0.04367505510648092,
      "std": 0.012339204994611065,
      "count": 6,
      "values": [
        0.06390392780303955,
        0.040592730045318604,
        0.04051017761230469,
        0.023952841758728027,
        0.040245771408081055,
        0.052844882011413574
      ]
    },
    "num_results": 6
  },
  "target_metric_score": 0.04367505510648092,
  "timestamp": "2025-05-31T15:22:43.720905"
}