{
  "experiment_name": "candidate_q_net_0_neuron_17",
  "coalition_neurons": [
    "q_net.0_neuron_14",
    "q_net.0_neuron_35",
    "q_net.0_neuron_17"
  ],
  "patch_config": {
    "q_net.0": [
      14,
      35,
      17
    ]
  },
  "noising": {
    "metrics": {
      "mean": 0.022918408115704853,
      "std": 0.008226111790309151,
      "count": 6,
      "values": [
        0.035887837409973145,
        0.013401776552200317,
        0.02763456106185913,
        0.0124625563621521,
        0.021506547927856445,
        0.02661716938018799
      ]
    },
    "num_results": 6
  },
  "denoising": {
    "metrics": {
      "mean": 0.02153964837392171,
      "std": 0.004588770422888679,
      "count": 6,
      "values": [
        0.021370410919189453,
        0.014757931232452393,
        0.028400957584381104,
        0.017187118530273438,
        0.022272109985351562,
        0.025249361991882324
      ]
    },
    "num_results": 6
  },
  "target_metric_score": 0.022918408115704853,
  "timestamp": "2025-05-30T22:49:40.343679"
}