{
  "experiment_name": "candidate_q_net_2_neuron_10",
  "coalition_neurons": [
    "q_net.0_neuron_14",
    "q_net.0_neuron_35",
    "q_net.0_neuron_3",
    "q_net.0_neuron_26",
    "q_net.0_neuron_54",
    "q_net.0_neuron_49",
    "q_net.0_neuron_61",
    "q_net.2_neuron_10"
  ],
  "patch_config": {
    "q_net.0": [
      14,
      35,
      3,
      26,
      54,
      49,
      61
    ],
    "q_net.2": [
      10
    ]
  },
  "noising": {
    "metrics": {
      "mean": 0.0432375023762385,
      "std": 0.03181436316788478,
      "count": 6,
      "values": [
        0.10466516017913818,
        0.03995963931083679,
        0.0275113582611084,
        0.006490588188171387,
        0.022027134895324707,
        0.05877113342285156
      ]
    },
    "num_results": 6
  },
  "denoising": {
    "metrics": {
      "mean": 0.04931164781252543,
      "std": 0.03250161958643507,
      "count": 6,
      "values": [
        0.11147487163543701,
        0.047457218170166016,
        0.030267000198364258,
        0.013502359390258789,
        0.026452839374542236,
        0.06671559810638428
      ]
    },
    "num_results": 6
  },
  "target_metric_score": 0.04931164781252543,
  "timestamp": "2025-05-30T23:34:44.427061"
}