{
  "experiment_name": "candidate_q_net_0_neuron_24",
  "coalition_neurons": [
    "q_net.0_neuron_14",
    "q_net.0_neuron_35",
    "q_net.0_neuron_3",
    "q_net.0_neuron_26",
    "q_net.0_neuron_54",
    "q_net.0_neuron_49",
    "q_net.0_neuron_61",
    "q_net.0_neuron_42",
    "q_net.0_neuron_5",
    "q_net.2_neuron_5",
    "q_net.2_neuron_3",
    "q_net.2_neuron_61",
    "q_net.0_neuron_47",
    "q_net.2_neuron_52",
    "q_net.2_neuron_30",
    "q_net.2_neuron_35",
    "q_net.0_neuron_6",
    "q_net.2_neuron_36",
    "q_net.0_neuron_8",
    "q_net.0_neuron_29",
    "q_net.0_neuron_52",
    "q_net.0_neuron_20",
    "q_net.0_neuron_18",
    "q_net.2_neuron_21",
    "q_net.2_neuron_22",
    "q_net.2_neuron_50",
    "q_net.0_neuron_62",
    "q_net.0_neuron_13",
    "q_net.0_neuron_24"
  ],
  "patch_config": {
    "q_net.0": [
      14,
      35,
      3,
      26,
      54,
      49,
      61,
      42,
      5,
      47,
      6,
      8,
      29,
      52,
      20,
      18,
      62,
      13,
      24
    ],
    "q_net.2": [
      5,
      3,
      61,
      52,
      30,
      35,
      36,
      21,
      22,
      50
    ]
  },
  "noising": {
    "metrics": {
      "mean": 0.08072616159915924,
      "std": 0.03241026802171347,
      "count": 6,
      "values": [
        0.14171868562698364,
        0.07129690051078796,
        0.06279861927032471,
        0.04106402397155762,
        0.06669658422470093,
        0.10078215599060059
      ]
    },
    "num_results": 6
  },
  "denoising": {
    "metrics": {
      "mean": 0.08613206446170807,
      "std": 0.039969446354453646,
      "count": 6,
      "values": [
        0.16225916147232056,
        0.07800444960594177,
        0.06333187222480774,
        0.03898578882217407,
        0.0649760365486145,
        0.10923507809638977
      ]
    },
    "num_results": 6
  },
  "target_metric_score": 0.08613206446170807,
  "timestamp": "2025-05-30T23:34:52.281159"
}