{
  "experiment_name": "candidate_q_net_0_neuron_24",
  "coalition_neurons": [
    "q_net.0_neuron_14",
    "q_net.0_neuron_35",
    "q_net.0_neuron_3",
    "q_net.0_neuron_26",
    "q_net.0_neuron_54",
    "q_net.0_neuron_49",
    "q_net.0_neuron_61",
    "q_net.0_neuron_42",
    "q_net.0_neuron_5",
    "q_net.2_neuron_5",
    "q_net.2_neuron_3",
    "q_net.2_neuron_61",
    "q_net.0_neuron_47",
    "q_net.2_neuron_52",
    "q_net.2_neuron_30",
    "q_net.2_neuron_35",
    "q_net.0_neuron_6",
    "q_net.0_neuron_24"
  ],
  "patch_config": {
    "q_net.0": [
      14,
      35,
      3,
      26,
      54,
      49,
      61,
      42,
      5,
      47,
      6,
      24
    ],
    "q_net.2": [
      5,
      3,
      61,
      52,
      30,
      35
    ]
  },
  "noising": {
    "metrics": {
      "mean": 0.06935238341490428,
      "std": 0.03190650712988655,
      "count": 6,
      "values": [
        0.12667697668075562,
        0.06696340441703796,
        0.052974820137023926,
        0.028994321823120117,
        0.048831403255462646,
        0.09167337417602539
      ]
    },
    "num_results": 6
  },
  "denoising": {
    "metrics": {
      "mean": 0.07740427553653717,
      "std": 0.038741172296268944,
      "count": 6,
      "values": [
        0.1495976448059082,
        0.0749267041683197,
        0.05757620930671692,
        0.03396886587142944,
        0.04691416025161743,
        0.10144206881523132
      ]
    },
    "num_results": 6
  },
  "target_metric_score": 0.07740427553653717,
  "timestamp": "2025-05-31T15:22:47.657504"
}