{
  "experiment_name": "candidate_q_net_0_neuron_48",
  "coalition_neurons": [
    "q_net.0_neuron_14",
    "q_net.0_neuron_35",
    "q_net.0_neuron_3",
    "q_net.0_neuron_26",
    "q_net.0_neuron_54",
    "q_net.0_neuron_49",
    "q_net.0_neuron_61",
    "q_net.0_neuron_42",
    "q_net.0_neuron_48"
  ],
  "patch_config": {
    "q_net.0": [
      14,
      35,
      3,
      26,
      54,
      49,
      61,
      42,
      48
    ]
  },
  "noising": {
    "metrics": {
      "mean": 0.04819749295711517,
      "std": 0.034617368490035993,
      "count": 6,
      "values": [
        0.11044585704803467,
        0.05202379822731018,
        0.03219759464263916,
        0.0008830428123474121,
        0.026789724826812744,
        0.06684494018554688
      ]
    },
    "num_results": 6
  },
  "denoising": {
    "metrics": {
      "mean": 0.05282524228096008,
      "std": 0.03587046883023774,
      "count": 6,
      "values": [
        0.11231154203414917,
        0.061196982860565186,
        0.03491634130477905,
        0.0002764463424682617,
        0.03147608041763306,
        0.07677406072616577
      ]
    },
    "num_results": 6
  },
  "target_metric_score": 0.05282524228096008,
  "timestamp": "2025-05-30T22:49:42.038895"
}