{
  "experiment_name": "candidate_q_net_0_neuron_4",
  "coalition_neurons": [
    "q_net.0_neuron_14",
    "q_net.0_neuron_35",
    "q_net.0_neuron_3",
    "q_net.0_neuron_26",
    "q_net.0_neuron_54",
    "q_net.0_neuron_49",
    "q_net.0_neuron_61",
    "q_net.0_neuron_42",
    "q_net.0_neuron_5",
    "q_net.2_neuron_5",
    "q_net.2_neuron_3",
    "q_net.2_neuron_61",
    "q_net.0_neuron_47",
    "q_net.2_neuron_52",
    "q_net.2_neuron_30",
    "q_net.2_neuron_35",
    "q_net.0_neuron_6",
    "q_net.2_neuron_36",
    "q_net.0_neuron_8",
    "q_net.0_neuron_29",
    "q_net.0_neuron_52",
    "q_net.0_neuron_4"
  ],
  "patch_config": {
    "q_net.0": [
      14,
      35,
      3,
      26,
      54,
      49,
      61,
      42,
      5,
      47,
      6,
      8,
      29,
      52,
      4
    ],
    "q_net.2": [
      5,
      3,
      61,
      52,
      30,
      35,
      36
    ]
  },
  "noising": {
    "metrics": {
      "mean": 0.07150351504484813,
      "std": 0.039428200770874326,
      "count": 6,
      "values": [
        0.14930957555770874,
        0.0523965060710907,
        0.05570012331008911,
        0.026360392570495605,
        0.055042266845703125,
        0.09021222591400146
      ]
    },
    "num_results": 6
  },
  "denoising": {
    "metrics": {
      "mean": 0.07758542398611705,
      "std": 0.045159726488505234,
      "count": 6,
      "values": [
        0.16762703657150269,
        0.05626410245895386,
        0.05726975202560425,
        0.030515432357788086,
        0.054058611392974854,
        0.09977760910987854
      ]
    },
    "num_results": 6
  },
  "target_metric_score": 0.07758542398611705,
  "timestamp": "2025-05-31T15:22:49.030634"
}