{
  "experiment_name": "candidate_q_net_2_neuron_16",
  "coalition_neurons": [
    "q_net.0_neuron_14",
    "q_net.0_neuron_35",
    "q_net.0_neuron_3",
    "q_net.0_neuron_26",
    "q_net.0_neuron_54",
    "q_net.0_neuron_49",
    "q_net.0_neuron_61",
    "q_net.2_neuron_16"
  ],
  "patch_config": {
    "q_net.0": [
      14,
      35,
      3,
      26,
      54,
      49,
      61
    ],
    "q_net.2": [
      16
    ]
  },
  "noising": {
    "metrics": {
      "mean": 0.051590765515963234,
      "std": 0.02179982275567571,
      "count": 6,
      "values": [
        0.09065848588943481,
        0.04717472195625305,
        0.04259002208709717,
        0.025145649909973145,
        0.03578704595565796,
        0.06818866729736328
      ]
    },
    "num_results": 6
  },
  "denoising": {
    "metrics": {
      "mean": 0.057664876182874046,
      "std": 0.022514083522189202,
      "count": 6,
      "values": [
        0.09746813774108887,
        0.054672300815582275,
        0.045345693826675415,
        0.03215736150741577,
        0.04021269083023071,
        0.07613307237625122
      ]
    },
    "num_results": 6
  },
  "target_metric_score": 0.057664876182874046,
  "timestamp": "2025-05-30T22:49:41.902507"
}