{
  "experiment_name": "candidate_q_net_2_neuron_41",
  "coalition_neurons": [
    "q_net.0_neuron_14",
    "q_net.0_neuron_35",
    "q_net.0_neuron_3",
    "q_net.0_neuron_26",
    "q_net.0_neuron_54",
    "q_net.0_neuron_49",
    "q_net.0_neuron_61",
    "q_net.0_neuron_42",
    "q_net.0_neuron_5",
    "q_net.2_neuron_5",
    "q_net.2_neuron_3",
    "q_net.2_neuron_61",
    "q_net.0_neuron_47",
    "q_net.2_neuron_41"
  ],
  "patch_config": {
    "q_net.0": [
      14,
      35,
      3,
      26,
      54,
      49,
      61,
      42,
      5,
      47
    ],
    "q_net.2": [
      5,
      3,
      61,
      41
    ]
  },
  "noising": {
    "metrics": {
      "mean": 0.06474165618419647,
      "std": 0.03527106582448082,
      "count": 6,
      "values": [
        0.13072478771209717,
        0.06260833144187927,
        0.04917627573013306,
        0.020180463790893555,
        0.04201078414916992,
        0.08374929428100586
      ]
    },
    "num_results": 6
  },
  "denoising": {
    "metrics": {
      "mean": 0.07160450021425883,
      "std": 0.03958844860034605,
      "count": 6,
      "values": [
        0.14581137895584106,
        0.06959477066993713,
        0.05324313044548035,
        0.02461254596710205,
        0.04245352745056152,
        0.09391164779663086
      ]
    },
    "num_results": 6
  },
  "target_metric_score": 0.07160450021425883,
  "timestamp": "2025-05-30T23:34:46.416802"
}