{
  "experiment_name": "candidate_q_net_2_neuron_5",
  "coalition_neurons": [
    "q_net.0_neuron_14",
    "q_net.0_neuron_35",
    "q_net.0_neuron_3",
    "q_net.0_neuron_26",
    "q_net.0_neuron_54",
    "q_net.0_neuron_49",
    "q_net.0_neuron_61",
    "q_net.0_neuron_42",
    "q_net.0_neuron_5",
    "q_net.2_neuron_5"
  ],
  "patch_config": {
    "q_net.0": [
      14,
      35,
      3,
      26,
      54,
      49,
      61,
      42,
      5
    ],
    "q_net.2": [
      5
    ]
  },
  "noising": {
    "metrics": {
      "mean": 0.06363589068253835,
      "std": 0.03193363617562609,
      "count": 6,
      "values": [
        0.122672438621521,
        0.06138661503791809,
        0.04236745834350586,
        0.02926921844482422,
        0.04076528549194336,
        0.08535432815551758
      ]
    },
    "num_results": 6
  },
  "denoising": {
    "metrics": {
      "mean": 0.06992703676223755,
      "std": 0.032568258676488535,
      "count": 6,
      "values": [
        0.1288003921508789,
        0.06918847560882568,
        0.04528877139091492,
        0.035665929317474365,
        0.04668337106704712,
        0.0939352810382843
      ]
    },
    "num_results": 6
  },
  "target_metric_score": 0.06992703676223755,
  "timestamp": "2025-05-31T15:22:44.944407"
}