{
  "experiment_name": "candidate_q_net_2_neuron_5",
  "coalition_neurons": [
    "q_net.0_neuron_14",
    "q_net.0_neuron_35",
    "q_net.0_neuron_3",
    "q_net.0_neuron_26",
    "q_net.0_neuron_54",
    "q_net.0_neuron_49",
    "q_net.0_neuron_40",
    "q_net.0_neuron_42",
    "q_net.0_neuron_5",
    "q_net.0_neuron_61",
    "q_net.2_neuron_5"
  ],
  "patch_config": {
    "q_net.0": [
      14,
      35,
      3,
      26,
      54,
      49,
      40,
      42,
      5,
      61
    ],
    "q_net.2": [
      5
    ]
  },
  "noising": {
    "metrics": {
      "mean": 0.06801494459311168,
      "std": 0.03504651573824923,
      "count": 6,
      "values": [
        0.13685005903244019,
        0.06138661503791809,
        0.046894192695617676,
        0.030992746353149414,
        0.04645925760269165,
        0.08550679683685303
      ]
    },
    "num_results": 6
  },
  "denoising": {
    "metrics": {
      "mean": 0.07081277668476105,
      "std": 0.030551619782088587,
      "count": 6,
      "values": [
        0.12549841403961182,
        0.06918847560882568,
        0.04698538780212402,
        0.03659564256668091,
        0.05261284112930298,
        0.09399589896202087
      ]
    },
    "num_results": 6
  },
  "target_metric_score": 0.06941386063893637,
  "timestamp": "2025-05-30T23:16:59.365230"
}