{
  "experiment_name": "candidate_q_net_2_neuron_13",
  "coalition_neurons": [
    "q_net.0_neuron_14",
    "q_net.0_neuron_35",
    "q_net.0_neuron_3",
    "q_net.0_neuron_26",
    "q_net.0_neuron_54",
    "q_net.0_neuron_49",
    "q_net.0_neuron_61",
    "q_net.0_neuron_42",
    "q_net.0_neuron_5",
    "q_net.2_neuron_5",
    "q_net.2_neuron_3",
    "q_net.2_neuron_61",
    "q_net.0_neuron_47",
    "q_net.2_neuron_52",
    "q_net.2_neuron_30",
    "q_net.2_neuron_35",
    "q_net.0_neuron_6",
    "q_net.2_neuron_36",
    "q_net.0_neuron_8",
    "q_net.0_neuron_29",
    "q_net.0_neuron_52",
    "q_net.0_neuron_20",
    "q_net.0_neuron_18",
    "q_net.2_neuron_21",
    "q_net.2_neuron_22",
    "q_net.2_neuron_50",
    "q_net.0_neuron_62",
    "q_net.0_neuron_13",
    "q_net.2_neuron_38",
    "q_net.2_neuron_13"
  ],
  "patch_config": {
    "q_net.0": [
      14,
      35,
      3,
      26,
      54,
      49,
      61,
      42,
      5,
      47,
      6,
      8,
      29,
      52,
      20,
      18,
      62,
      13
    ],
    "q_net.2": [
      5,
      3,
      61,
      52,
      30,
      35,
      36,
      21,
      22,
      50,
      38,
      13
    ]
  },
  "noising": {
    "metrics": {
      "mean": 0.08624263107776642,
      "std": 0.04076596701032193,
      "count": 6,
      "values": [
        0.1685723066329956,
        0.07111600041389465,
        0.06425440311431885,
        0.041799187660217285,
        0.06996363401412964,
        0.10175025463104248
      ]
    },
    "num_results": 6
  },
  "denoising": {
    "metrics": {
      "mean": 0.0917029728492101,
      "std": 0.04575043265904524,
      "count": 6,
      "values": [
        0.18392997980117798,
        0.07765990495681763,
        0.0650084912776947,
        0.04361581802368164,
        0.06969386339187622,
        0.11030977964401245
      ]
    },
    "num_results": 6
  },
  "target_metric_score": 0.0917029728492101,
  "timestamp": "2025-05-31T15:22:52.543781"
}