{
  "experiment_name": "candidate_q_net_0_neuron_44",
  "coalition_neurons": [
    "q_net.0_neuron_14",
    "q_net.0_neuron_35",
    "q_net.0_neuron_3",
    "q_net.0_neuron_26",
    "q_net.0_neuron_54",
    "q_net.0_neuron_49",
    "q_net.0_neuron_61",
    "q_net.0_neuron_42",
    "q_net.0_neuron_5",
    "q_net.2_neuron_5",
    "q_net.2_neuron_3",
    "q_net.2_neuron_61",
    "q_net.0_neuron_47",
    "q_net.2_neuron_52",
    "q_net.2_neuron_30",
    "q_net.2_neuron_35",
    "q_net.0_neuron_6",
    "q_net.2_neuron_36",
    "q_net.0_neuron_8",
    "q_net.0_neuron_29",
    "q_net.0_neuron_52",
    "q_net.0_neuron_20",
    "q_net.0_neuron_18",
    "q_net.2_neuron_21",
    "q_net.2_neuron_22",
    "q_net.2_neuron_50",
    "q_net.0_neuron_62",
    "q_net.0_neuron_13",
    "q_net.0_neuron_44"
  ],
  "patch_config": {
    "q_net.0": [
      14,
      35,
      3,
      26,
      54,
      49,
      61,
      42,
      5,
      47,
      6,
      8,
      29,
      52,
      20,
      18,
      62,
      13,
      44
    ],
    "q_net.2": [
      5,
      3,
      61,
      52,
      30,
      35,
      36,
      21,
      22,
      50
    ]
  },
  "noising": {
    "metrics": {
      "mean": 0.08536960184574127,
      "std": 0.03903815949855978,
      "count": 6,
      "values": [
        0.16380643844604492,
        0.0728541910648346,
        0.06304877996444702,
        0.04209190607070923,
        0.06998211145401001,
        0.10043418407440186
      ]
    },
    "num_results": 6
  },
  "denoising": {
    "metrics": {
      "mean": 0.09054629007975261,
      "std": 0.04374796245562245,
      "count": 6,
      "values": [
        0.17815935611724854,
        0.07927122712135315,
        0.06380689144134521,
        0.044103264808654785,
        0.0689285397529602,
        0.10900846123695374
      ]
    },
    "num_results": 6
  },
  "target_metric_score": 0.09054629007975261,
  "timestamp": "2025-05-30T23:34:52.497166"
}