{
  "experiment_name": "candidate_q_net_2_neuron_23",
  "coalition_neurons": [
    "q_net.0_neuron_14",
    "q_net.0_neuron_35",
    "q_net.0_neuron_3",
    "q_net.0_neuron_26",
    "q_net.0_neuron_54",
    "q_net.0_neuron_49",
    "q_net.0_neuron_61",
    "q_net.0_neuron_42",
    "q_net.0_neuron_5",
    "q_net.2_neuron_5",
    "q_net.2_neuron_3",
    "q_net.2_neuron_61",
    "q_net.0_neuron_47",
    "q_net.2_neuron_52",
    "q_net.2_neuron_30",
    "q_net.2_neuron_35",
    "q_net.0_neuron_6",
    "q_net.2_neuron_36",
    "q_net.0_neuron_8",
    "q_net.0_neuron_29",
    "q_net.0_neuron_52",
    "q_net.0_neuron_20",
    "q_net.0_neuron_18",
    "q_net.2_neuron_21",
    "q_net.2_neuron_22",
    "q_net.2_neuron_50",
    "q_net.0_neuron_62",
    "q_net.0_neuron_13",
    "q_net.2_neuron_23"
  ],
  "patch_config": {
    "q_net.0": [
      14,
      35,
      3,
      26,
      54,
      49,
      61,
      42,
      5,
      47,
      6,
      8,
      29,
      52,
      20,
      18,
      62,
      13
    ],
    "q_net.2": [
      5,
      3,
      61,
      52,
      30,
      35,
      36,
      21,
      22,
      50,
      23
    ]
  },
  "noising": {
    "metrics": {
      "mean": 0.08307351171970367,
      "std": 0.040521700317381566,
      "count": 6,
      "values": [
        0.1624431610107422,
        0.07342633605003357,
        0.06112515926361084,
        0.03529500961303711,
        0.06443536281585693,
        0.1017160415649414
      ]
    },
    "num_results": 6
  },
  "denoising": {
    "metrics": {
      "mean": 0.088103120525678,
      "std": 0.0447333805791355,
      "count": 6,
      "values": [
        0.17521262168884277,
        0.07997027039527893,
        0.061883121728897095,
        0.037111639976501465,
        0.06416553258895874,
        0.11027553677558899
      ]
    },
    "num_results": 6
  },
  "target_metric_score": 0.088103120525678,
  "timestamp": "2025-05-30T22:49:49.953625"
}