{
  "experiment_name": "candidate_q_net_2_neuron_7",
  "coalition_neurons": [
    "q_net.0_neuron_14",
    "q_net.0_neuron_35",
    "q_net.0_neuron_3",
    "q_net.0_neuron_26",
    "q_net.0_neuron_54",
    "q_net.0_neuron_49",
    "q_net.0_neuron_61",
    "q_net.0_neuron_42",
    "q_net.0_neuron_5",
    "q_net.2_neuron_5",
    "q_net.2_neuron_3",
    "q_net.2_neuron_61",
    "q_net.0_neuron_47",
    "q_net.2_neuron_52",
    "q_net.2_neuron_30",
    "q_net.2_neuron_35",
    "q_net.0_neuron_6",
    "q_net.2_neuron_36",
    "q_net.0_neuron_8",
    "q_net.0_neuron_29",
    "q_net.0_neuron_52",
    "q_net.0_neuron_20",
    "q_net.0_neuron_18",
    "q_net.2_neuron_7"
  ],
  "patch_config": {
    "q_net.0": [
      14,
      35,
      3,
      26,
      54,
      49,
      61,
      42,
      5,
      47,
      6,
      8,
      29,
      52,
      20,
      18
    ],
    "q_net.2": [
      5,
      3,
      61,
      52,
      30,
      35,
      36,
      7
    ]
  },
  "noising": {
    "metrics": {
      "mean": 0.08020201822121938,
      "std": 0.038673347982572735,
      "count": 6,
      "values": [
        0.15781641006469727,
        0.06756088137626648,
        0.058476269245147705,
        0.0412711501121521,
        0.05813091993331909,
        0.09795647859573364
      ]
    },
    "num_results": 6
  },
  "denoising": {
    "metrics": {
      "mean": 0.08657345672448476,
      "std": 0.04226958185601665,
      "count": 6,
      "values": [
        0.17035239934921265,
        0.07581838965415955,
        0.0607130229473114,
        0.04706859588623047,
        0.056985676288604736,
        0.10850265622138977
      ]
    },
    "num_results": 6
  },
  "target_metric_score": 0.08657345672448476,
  "timestamp": "2025-05-30T22:49:47.424741"
}