{
  "experiment_name": "candidate_q_net_2_neuron_41",
  "coalition_neurons": [
    "q_net.0_neuron_14",
    "q_net.0_neuron_35",
    "q_net.0_neuron_3",
    "q_net.0_neuron_26",
    "q_net.2_neuron_41"
  ],
  "patch_config": {
    "q_net.0": [
      14,
      35,
      3,
      26
    ],
    "q_net.2": [
      41
    ]
  },
  "noising": {
    "metrics": {
      "mean": 0.033081586162249245,
      "std": 0.017106357889470878,
      "count": 6,
      "values": [
        0.06384193897247314,
        0.032167643308639526,
        0.033589959144592285,
        0.007342159748077393,
        0.0225488543510437,
        0.038998961448669434
      ]
    },
    "num_results": 6
  },
  "denoising": {
    "metrics": {
      "mean": 0.03522173563639323,
      "std": 0.015089772063038983,
      "count": 6,
      "values": [
        0.05950343608856201,
        0.0350421667098999,
        0.03644829988479614,
        0.010978341102600098,
        0.025016307830810547,
        0.044341862201690674
      ]
    },
    "num_results": 6
  },
  "target_metric_score": 0.03522173563639323,
  "timestamp": "2025-05-30T23:34:43.449585"
}