{
  "experiment_name": "candidate_q_net_2_neuron_1",
  "coalition_neurons": [
    "q_net.0_neuron_14",
    "q_net.0_neuron_35",
    "q_net.0_neuron_3",
    "q_net.0_neuron_26",
    "q_net.0_neuron_54",
    "q_net.0_neuron_49",
    "q_net.0_neuron_61",
    "q_net.0_neuron_42",
    "q_net.0_neuron_5",
    "q_net.2_neuron_5",
    "q_net.2_neuron_3",
    "q_net.2_neuron_61",
    "q_net.0_neuron_47",
    "q_net.2_neuron_52",
    "q_net.2_neuron_30",
    "q_net.2_neuron_35",
    "q_net.0_neuron_6",
    "q_net.2_neuron_36",
    "q_net.0_neuron_8",
    "q_net.0_neuron_29",
    "q_net.0_neuron_52",
    "q_net.0_neuron_20",
    "q_net.0_neuron_18",
    "q_net.2_neuron_21",
    "q_net.2_neuron_22",
    "q_net.2_neuron_50",
    "q_net.0_neuron_62",
    "q_net.0_neuron_13",
    "q_net.2_neuron_38",
    "q_net.2_neuron_1"
  ],
  "patch_config": {
    "q_net.0": [
      14,
      35,
      3,
      26,
      54,
      49,
      61,
      42,
      5,
      47,
      6,
      8,
      29,
      52,
      20,
      18,
      62,
      13
    ],
    "q_net.2": [
      5,
      3,
      61,
      52,
      30,
      35,
      36,
      21,
      22,
      50,
      38,
      1
    ]
  },
  "noising": {
    "metrics": {
      "mean": 0.08597528437773387,
      "std": 0.04129812878834497,
      "count": 6,
      "values": [
        0.1680411696434021,
        0.0736781656742096,
        0.06280797719955444,
        0.03838086128234863,
        0.06996816396713257,
        0.10297536849975586
      ]
    },
    "num_results": 6
  },
  "denoising": {
    "metrics": {
      "mean": 0.09082937240600586,
      "std": 0.045097764545386,
      "count": 6,
      "values": [
        0.17975753545761108,
        0.08022204041481018,
        0.0635659396648407,
        0.04019749164581299,
        0.06969839334487915,
        0.11153483390808105
      ]
    },
    "num_results": 6
  },
  "target_metric_score": 0.09082937240600586,
  "timestamp": "2025-05-30T23:34:52.841270"
}