{
  "experiment_name": "candidate_q_net_0_neuron_36",
  "coalition_neurons": [
    "q_net.0_neuron_14",
    "q_net.0_neuron_35",
    "q_net.0_neuron_36"
  ],
  "patch_config": {
    "q_net.0": [
      14,
      35,
      36
    ]
  },
  "noising": {
    "metrics": {
      "mean": 0.018351222078005474,
      "std": 0.008438279116135648,
      "count": 6,
      "values": [
        0.012590408325195312,
        0.013868004083633423,
        0.027491450309753418,
        0.005022764205932617,
        0.023493170738220215,
        0.02764153480529785
      ]
    },
    "num_results": 6
  },
  "denoising": {
    "metrics": {
      "mean": 0.01847990353902181,
      "std": 0.008194470780685211,
      "count": 6,
      "values": [
        0.013135075569152832,
        0.015446901321411133,
        0.028107941150665283,
        0.004790663719177246,
        0.02274101972579956,
        0.026657819747924805
      ]
    },
    "num_results": 6
  },
  "target_metric_score": 0.01847990353902181,
  "timestamp": "2025-05-30T22:49:40.276726"
}