{
  "experiment_name": "candidate_q_net_2_neuron_40",
  "coalition_neurons": [
    "q_net.0_neuron_14",
    "q_net.0_neuron_35",
    "q_net.0_neuron_3",
    "q_net.0_neuron_26",
    "q_net.0_neuron_54",
    "q_net.0_neuron_49",
    "q_net.0_neuron_61",
    "q_net.0_neuron_42",
    "q_net.2_neuron_40"
  ],
  "patch_config": {
    "q_net.0": [
      14,
      35,
      3,
      26,
      54,
      49,
      61,
      42
    ],
    "q_net.2": [
      40
    ]
  },
  "noising": {
    "metrics": {
      "mean": 0.05029625197251638,
      "std": 0.037946041055571665,
      "count": 6,
      "values": [
        0.12184929847717285,
        0.0489639937877655,
        0.028436481952667236,
        0.006893515586853027,
        0.023902058601379395,
        0.07173216342926025
      ]
    },
    "num_results": 6
  },
  "denoising": {
    "metrics": {
      "mean": 0.0566258579492569,
      "std": 0.038265451465144006,
      "count": 6,
      "values": [
        0.12678170204162598,
        0.056461602449417114,
        0.0312463641166687,
        0.013535022735595703,
        0.029774010181427002,
        0.08195644617080688
      ]
    },
    "num_results": 6
  },
  "target_metric_score": 0.0566258579492569,
  "timestamp": "2025-05-30T22:49:42.083041"
}