{
  "experiment_name": "candidate_q_net_0_neuron_17",
  "coalition_neurons": [
    "q_net.0_neuron_14",
    "q_net.0_neuron_35",
    "q_net.0_neuron_3",
    "q_net.0_neuron_26",
    "q_net.0_neuron_54",
    "q_net.0_neuron_49",
    "q_net.0_neuron_61",
    "q_net.0_neuron_42",
    "q_net.0_neuron_5",
    "q_net.2_neuron_5",
    "q_net.2_neuron_3",
    "q_net.2_neuron_61",
    "q_net.0_neuron_47",
    "q_net.2_neuron_52",
    "q_net.2_neuron_30",
    "q_net.2_neuron_35",
    "q_net.0_neuron_6",
    "q_net.2_neuron_36",
    "q_net.0_neuron_8",
    "q_net.0_neuron_29",
    "q_net.0_neuron_17"
  ],
  "patch_config": {
    "q_net.0": [
      14,
      35,
      3,
      26,
      54,
      49,
      61,
      42,
      5,
      47,
      6,
      8,
      29,
      17
    ],
    "q_net.2": [
      5,
      3,
      61,
      52,
      30,
      35,
      36
    ]
  },
  "noising": {
    "metrics": {
      "mean": 0.07711611688137054,
      "std": 0.0384436879884516,
      "count": 6,
      "values": [
        0.15413188934326172,
        0.06378814578056335,
        0.060608625411987305,
        0.03254270553588867,
        0.06006854772567749,
        0.09155678749084473
      ]
    },
    "num_results": 6
  },
  "denoising": {
    "metrics": {
      "mean": 0.08241268992424011,
      "std": 0.039933815143643865,
      "count": 6,
      "values": [
        0.16145062446594238,
        0.07177689671516418,
        0.06293392181396484,
        0.03728359937667847,
        0.060705363750457764,
        0.10032573342323303
      ]
    },
    "num_results": 6
  },
  "target_metric_score": 0.08241268992424011,
  "timestamp": "2025-05-30T23:34:49.404827"
}