{
  "experiment_name": "candidate_q_net_2_neuron_57",
  "coalition_neurons": [
    "q_net.0_neuron_14",
    "q_net.2_neuron_57"
  ],
  "patch_config": {
    "q_net.0": [
      14
    ],
    "q_net.2": [
      57
    ]
  },
  "noising": {
    "metrics": {
      "mean": 0.00943280259768168,
      "std": 0.0047608884105373615,
      "count": 6,
      "values": [
        0.012302398681640625,
        0.0021983981132507324,
        0.016922831535339355,
        0.0069283246994018555,
        0.006586730480194092,
        0.011658132076263428
      ]
    },
    "num_results": 6
  },
  "denoising": {
    "metrics": {
      "mean": 0.006693720817565918,
      "std": 0.0037998732760016543,
      "count": 6,
      "values": [
        0.0015823841094970703,
        0.00223541259765625,
        0.01211923360824585,
        0.006167173385620117,
        0.008955299854278564,
        0.009102821350097656
      ]
    },
    "num_results": 6
  },
  "target_metric_score": 0.00943280259768168,
  "timestamp": "2025-05-31T15:22:42.609460"
}