{
  "experiment_name": "candidate_q_net_0_neuron_19",
  "coalition_neurons": [
    "q_net.0_neuron_14",
    "q_net.0_neuron_35",
    "q_net.0_neuron_3",
    "q_net.0_neuron_26",
    "q_net.0_neuron_54",
    "q_net.0_neuron_49",
    "q_net.0_neuron_61",
    "q_net.0_neuron_42",
    "q_net.0_neuron_5",
    "q_net.2_neuron_5",
    "q_net.2_neuron_3",
    "q_net.2_neuron_61",
    "q_net.0_neuron_47",
    "q_net.2_neuron_52",
    "q_net.2_neuron_30",
    "q_net.2_neuron_35",
    "q_net.0_neuron_6",
    "q_net.0_neuron_19"
  ],
  "patch_config": {
    "q_net.0": [
      14,
      35,
      3,
      26,
      54,
      49,
      61,
      42,
      5,
      47,
      6,
      19
    ],
    "q_net.2": [
      5,
      3,
      61,
      52,
      30,
      35
    ]
  },
  "noising": {
    "metrics": {
      "mean": 0.07410931090513866,
      "std": 0.03991333219519894,
      "count": 6,
      "values": [
        0.1531856656074524,
        0.0677843987941742,
        0.05329239368438721,
        0.03224456310272217,
        0.04639548063278198,
        0.09175336360931396
      ]
    },
    "num_results": 6
  },
  "denoising": {
    "metrics": {
      "mean": 0.08168993890285492,
      "std": 0.04380782549326377,
      "count": 6,
      "values": [
        0.1682721972465515,
        0.0760616660118103,
        0.058231502771377563,
        0.04070913791656494,
        0.044967710971832275,
        0.10189741849899292
      ]
    },
    "num_results": 6
  },
  "target_metric_score": 0.08168993890285492,
  "timestamp": "2025-05-30T23:34:48.046497"
}