{
  "experiment_name": "candidate_q_net_2_neuron_57",
  "coalition_neurons": [
    "q_net.0_neuron_14",
    "q_net.0_neuron_35",
    "q_net.0_neuron_3",
    "q_net.0_neuron_26",
    "q_net.0_neuron_54",
    "q_net.0_neuron_49",
    "q_net.0_neuron_61",
    "q_net.0_neuron_42",
    "q_net.0_neuron_5",
    "q_net.2_neuron_5",
    "q_net.2_neuron_3",
    "q_net.2_neuron_61",
    "q_net.0_neuron_47",
    "q_net.2_neuron_52",
    "q_net.2_neuron_30",
    "q_net.2_neuron_35",
    "q_net.2_neuron_57"
  ],
  "patch_config": {
    "q_net.0": [
      14,
      35,
      3,
      26,
      54,
      49,
      61,
      42,
      5,
      47
    ],
    "q_net.2": [
      5,
      3,
      61,
      52,
      30,
      35,
      57
    ]
  },
  "noising": {
    "metrics": {
      "mean": 0.07058399418989818,
      "std": 0.03163487665113596,
      "count": 6,
      "values": [
        0.12861472368240356,
        0.06616577506065369,
        0.05313122272491455,
        0.031360626220703125,
        0.052497684955596924,
        0.09173393249511719
      ]
    },
    "num_results": 6
  },
  "denoising": {
    "metrics": {
      "mean": 0.07881723344326019,
      "std": 0.036666590309749135,
      "count": 6,
      "values": [
        0.1480652093887329,
        0.07316616177558899,
        0.05807033181190491,
        0.038657546043395996,
        0.053053200244903564,
        0.10189095139503479
      ]
    },
    "num_results": 6
  },
  "target_metric_score": 0.07881723344326019,
  "timestamp": "2025-05-30T22:49:44.937540"
}