{
  "experiment_name": "candidate_q_net_0_neuron_17",
  "coalition_neurons": [
    "q_net.0_neuron_14",
    "q_net.0_neuron_35",
    "q_net.0_neuron_3",
    "q_net.0_neuron_26",
    "q_net.0_neuron_54",
    "q_net.0_neuron_49",
    "q_net.0_neuron_61",
    "q_net.0_neuron_17"
  ],
  "patch_config": {
    "q_net.0": [
      14,
      35,
      3,
      26,
      54,
      49,
      61,
      17
    ]
  },
  "noising": {
    "metrics": {
      "mean": 0.050139998396237694,
      "std": 0.02575621413780878,
      "count": 6,
      "values": [
        0.0971454381942749,
        0.04704979062080383,
        0.038587331771850586,
        0.01747870445251465,
        0.033541738986968994,
        0.06703698635101318
      ]
    },
    "num_results": 6
  },
  "denoising": {
    "metrics": {
      "mean": 0.054843450586001076,
      "std": 0.02625486198263679,
      "count": 6,
      "values": [
        0.10054260492324829,
        0.05463489890098572,
        0.04149574041366577,
        0.019887566566467285,
        0.03831368684768677,
        0.07418620586395264
      ]
    },
    "num_results": 6
  },
  "target_metric_score": 0.054843450586001076,
  "timestamp": "2025-05-30T23:34:44.521273"
}