{
  "experiment_name": "candidate_q_net_2_neuron_40",
  "coalition_neurons": [
    "q_net.0_neuron_14",
    "q_net.0_neuron_35",
    "q_net.2_neuron_40"
  ],
  "patch_config": {
    "q_net.0": [
      14,
      35
    ],
    "q_net.2": [
      40
    ]
  },
  "noising": {
    "metrics": {
      "mean": 0.022540186842282612,
      "std": 0.010677062253393196,
      "count": 6,
      "values": [
        0.04315781593322754,
        0.01743641495704651,
        0.01651698350906372,
        0.02095496654510498,
        0.009564638137817383,
        0.027610301971435547
      ]
    },
    "num_results": 6
  },
  "denoising": {
    "metrics": {
      "mean": 0.020809511343638103,
      "std": 0.007126194640554497,
      "count": 6,
      "values": [
        0.03225165605545044,
        0.01901531219482422,
        0.017133474349975586,
        0.020097315311431885,
        0.009732723236083984,
        0.0266265869140625
      ]
    },
    "num_results": 6
  },
  "target_metric_score": 0.022540186842282612,
  "timestamp": "2025-05-31T15:22:42.743519"
}