{
  "experiment_name": "candidate_q_net_0_neuron_12",
  "coalition_neurons": [
    "q_net.0_neuron_14",
    "q_net.0_neuron_35",
    "q_net.0_neuron_3",
    "q_net.0_neuron_26",
    "q_net.0_neuron_54",
    "q_net.0_neuron_49",
    "q_net.0_neuron_61",
    "q_net.0_neuron_42",
    "q_net.0_neuron_5",
    "q_net.2_neuron_5",
    "q_net.2_neuron_3",
    "q_net.0_neuron_12"
  ],
  "patch_config": {
    "q_net.0": [
      14,
      35,
      3,
      26,
      54,
      49,
      61,
      42,
      5,
      12
    ],
    "q_net.2": [
      5,
      3
    ]
  },
  "noising": {
    "metrics": {
      "mean": 0.06857863565286,
      "std": 0.03604374533146271,
      "count": 6,
      "values": [
        0.13756614923477173,
        0.06352165341377258,
        0.04793184995651245,
        0.027277827262878418,
        0.04665815830230713,
        0.08851617574691772
      ]
    },
    "num_results": 6
  },
  "denoising": {
    "metrics": {
      "mean": 0.07431429624557495,
      "std": 0.036076385296026206,
      "count": 6,
      "values": [
        0.14072829484939575,
        0.07078629732131958,
        0.04989418387413025,
        0.03333640098571777,
        0.05204284191131592,
        0.09909775853157043
      ]
    },
    "num_results": 6
  },
  "target_metric_score": 0.07431429624557495,
  "timestamp": "2025-05-31T15:22:45.770185"
}