{
  "experiment_name": "candidate_q_net_2_neuron_63",
  "coalition_neurons": [
    "q_net.0_neuron_14",
    "q_net.0_neuron_35",
    "q_net.0_neuron_3",
    "q_net.0_neuron_26",
    "q_net.0_neuron_54",
    "q_net.0_neuron_49",
    "q_net.0_neuron_61",
    "q_net.0_neuron_42",
    "q_net.0_neuron_5",
    "q_net.2_neuron_5",
    "q_net.2_neuron_3",
    "q_net.2_neuron_61",
    "q_net.2_neuron_63"
  ],
  "patch_config": {
    "q_net.0": [
      14,
      35,
      3,
      26,
      54,
      49,
      61,
      42,
      5
    ],
    "q_net.2": [
      5,
      3,
      61,
      63
    ]
  },
  "noising": {
    "metrics": {
      "mean": 0.06895103553930919,
      "std": 0.038232509095445885,
      "count": 6,
      "values": [
        0.14009881019592285,
        0.06497183442115784,
        0.0496823787689209,
        0.022118330001831055,
        0.04467552900314331,
        0.09215933084487915
      ]
    },
    "num_results": 6
  },
  "denoising": {
    "metrics": {
      "mean": 0.07524216175079346,
      "std": 0.03872668679366756,
      "count": 6,
      "values": [
        0.14622676372528076,
        0.07277366518974304,
        0.05260363221168518,
        0.0285150408744812,
        0.05059361457824707,
        0.10074025392532349
      ]
    },
    "num_results": 6
  },
  "target_metric_score": 0.07524216175079346,
  "timestamp": "2025-05-31T15:22:45.959435"
}