{
  "experiment_name": "candidate_q_net_0_neuron_8",
  "coalition_neurons": [
    "q_net.0_neuron_14",
    "q_net.0_neuron_35",
    "q_net.0_neuron_3",
    "q_net.0_neuron_26",
    "q_net.0_neuron_54",
    "q_net.0_neuron_49",
    "q_net.0_neuron_61",
    "q_net.0_neuron_42",
    "q_net.0_neuron_5",
    "q_net.2_neuron_5",
    "q_net.2_neuron_3",
    "q_net.2_neuron_61",
    "q_net.0_neuron_47",
    "q_net.2_neuron_52",
    "q_net.2_neuron_30",
    "q_net.2_neuron_35",
    "q_net.0_neuron_6",
    "q_net.0_neuron_8"
  ],
  "patch_config": {
    "q_net.0": [
      14,
      35,
      3,
      26,
      54,
      49,
      61,
      42,
      5,
      47,
      6,
      8
    ],
    "q_net.2": [
      5,
      3,
      61,
      52,
      30,
      35
    ]
  },
  "noising": {
    "metrics": {
      "mean": 0.07660323878129323,
      "std": 0.03783849549871346,
      "count": 6,
      "values": [
        0.1531856656074524,
        0.062433451414108276,
        0.06318265199661255,
        0.033851027488708496,
        0.05771106481552124,
        0.08925557136535645
      ]
    },
    "num_results": 6
  },
  "denoising": {
    "metrics": {
      "mean": 0.08390243351459503,
      "std": 0.041406260195248554,
      "count": 6,
      "values": [
        0.1682721972465515,
        0.06929150223731995,
        0.06365105509757996,
        0.04345357418060303,
        0.058541953563690186,
        0.10020431876182556
      ]
    },
    "num_results": 6
  },
  "target_metric_score": 0.08390243351459503,
  "timestamp": "2025-05-30T22:49:45.248138"
}