{
  "experiment_name": "candidate_q_net_2_neuron_32",
  "coalition_neurons": [
    "q_net.0_neuron_14",
    "q_net.0_neuron_35",
    "q_net.0_neuron_3",
    "q_net.0_neuron_26",
    "q_net.0_neuron_54",
    "q_net.0_neuron_49",
    "q_net.0_neuron_61",
    "q_net.0_neuron_42",
    "q_net.0_neuron_5",
    "q_net.2_neuron_5",
    "q_net.2_neuron_3",
    "q_net.2_neuron_61",
    "q_net.0_neuron_47",
    "q_net.2_neuron_52",
    "q_net.2_neuron_30",
    "q_net.2_neuron_35",
    "q_net.2_neuron_32"
  ],
  "patch_config": {
    "q_net.0": [
      14,
      35,
      3,
      26,
      54,
      49,
      61,
      42,
      5,
      47
    ],
    "q_net.2": [
      5,
      3,
      61,
      52,
      30,
      35,
      32
    ]
  },
  "noising": {
    "metrics": {
      "mean": 0.06815739969412486,
      "std": 0.03351518308479137,
      "count": 6,
      "values": [
        0.13055109977722168,
        0.06616577506065369,
        0.04904484748840332,
        0.024411678314208984,
        0.05264228582382202,
        0.08612871170043945
      ]
    },
    "num_results": 6
  },
  "denoising": {
    "metrics": {
      "mean": 0.07222505907217662,
      "std": 0.035682112828143125,
      "count": 6,
      "values": [
        0.13670873641967773,
        0.07316616177558899,
        0.05107960104942322,
        0.0253903865814209,
        0.053053200244903564,
        0.09395226836204529
      ]
    },
    "num_results": 6
  },
  "target_metric_score": 0.07222505907217662,
  "timestamp": "2025-05-30T22:49:44.827398"
}