{
  "experiment_name": "candidate_q_net_2_neuron_10",
  "coalition_neurons": [
    "q_net.0_neuron_14",
    "q_net.0_neuron_35",
    "q_net.0_neuron_3",
    "q_net.0_neuron_26",
    "q_net.0_neuron_54",
    "q_net.0_neuron_49",
    "q_net.0_neuron_61",
    "q_net.0_neuron_42",
    "q_net.0_neuron_5",
    "q_net.2_neuron_5",
    "q_net.2_neuron_10"
  ],
  "patch_config": {
    "q_net.0": [
      14,
      35,
      3,
      26,
      54,
      49,
      61,
      42,
      5
    ],
    "q_net.2": [
      5,
      10
    ]
  },
  "noising": {
    "metrics": {
      "mean": 0.054862345258394875,
      "std": 0.038123591459295246,
      "count": 6,
      "values": [
        0.12703394889831543,
        0.05403253436088562,
        0.03121769428253174,
        0.011249423027038574,
        0.030000030994415283,
        0.07564043998718262
      ]
    },
    "num_results": 6
  },
  "denoising": {
    "metrics": {
      "mean": 0.06115346650282542,
      "std": 0.038680966531091744,
      "count": 6,
      "values": [
        0.13316190242767334,
        0.061834365129470825,
        0.03413891792297363,
        0.01764613389968872,
        0.03591811656951904,
        0.08422136306762695
      ]
    },
    "num_results": 6
  },
  "target_metric_score": 0.06115346650282542,
  "timestamp": "2025-05-30T23:34:45.409689"
}