{
  "experiment_name": "candidate_q_net_2_neuron_40",
  "coalition_neurons": [
    "q_net.0_neuron_14",
    "q_net.0_neuron_35",
    "q_net.0_neuron_3",
    "q_net.2_neuron_40"
  ],
  "patch_config": {
    "q_net.0": [
      14,
      35,
      3
    ],
    "q_net.2": [
      40
    ]
  },
  "noising": {
    "metrics": {
      "mean": 0.02484726409117381,
      "std": 0.01606947515962239,
      "count": 6,
      "values": [
        0.052700161933898926,
        0.028897136449813843,
        0.016997456550598145,
        0.0021134614944458008,
        0.014757215976715088,
        0.033618152141571045
      ]
    },
    "num_results": 6
  },
  "denoising": {
    "metrics": {
      "mean": 0.0259344478448232,
      "std": 0.01410190272097605,
      "count": 6,
      "values": [
        0.04700523614883423,
        0.030396759510040283,
        0.019234120845794678,
        0.004017829895019531,
        0.017493784427642822,
        0.037458956241607666
      ]
    },
    "num_results": 6
  },
  "target_metric_score": 0.0259344478448232,
  "timestamp": "2025-05-30T22:49:40.475869"
}