{
  "experiment_name": "candidate_q_net_2_neuron_63",
  "coalition_neurons": [
    "q_net.0_neuron_14",
    "q_net.0_neuron_35",
    "q_net.0_neuron_3",
    "q_net.0_neuron_26",
    "q_net.0_neuron_54",
    "q_net.0_neuron_49",
    "q_net.0_neuron_61",
    "q_net.2_neuron_63"
  ],
  "patch_config": {
    "q_net.0": [
      14,
      35,
      3,
      26,
      54,
      49,
      61
    ],
    "q_net.2": [
      63
    ]
  },
  "noising": {
    "metrics": {
      "mean": 0.052777166167895,
      "std": 0.027142926910722773,
      "count": 6,
      "values": [
        0.10366785526275635,
        0.0484449565410614,
        0.04103970527648926,
        0.02143692970275879,
        0.03251969814300537,
        0.06955385208129883
      ]
    },
    "num_results": 6
  },
  "denoising": {
    "metrics": {
      "mean": 0.058851306637128196,
      "std": 0.027845741207635513,
      "count": 6,
      "values": [
        0.11047756671905518,
        0.05594250559806824,
        0.04379534721374512,
        0.02844870090484619,
        0.0369454026222229,
        0.07749831676483154
      ]
    },
    "num_results": 6
  },
  "target_metric_score": 0.058851306637128196,
  "timestamp": "2025-05-30T23:34:44.388162"
}