{
  "experiment_name": "candidate_q_net_0_neuron_24",
  "coalition_neurons": [
    "q_net.0_neuron_14",
    "q_net.0_neuron_35",
    "q_net.0_neuron_3",
    "q_net.0_neuron_26",
    "q_net.0_neuron_54",
    "q_net.0_neuron_49",
    "q_net.0_neuron_61",
    "q_net.0_neuron_42",
    "q_net.0_neuron_5",
    "q_net.0_neuron_24"
  ],
  "patch_config": {
    "q_net.0": [
      14,
      35,
      3,
      26,
      54,
      49,
      61,
      42,
      5,
      24
    ]
  },
  "noising": {
    "metrics": {
      "mean": 0.05593579510847727,
      "std": 0.02398067507440886,
      "count": 6,
      "values": [
        0.09392434358596802,
        0.05507609248161316,
        0.03901970386505127,
        0.03073740005493164,
        0.03526586294174194,
        0.08159136772155762
      ]
    },
    "num_results": 6
  },
  "denoising": {
    "metrics": {
      "mean": 0.06249426305294037,
      "std": 0.028198352510108365,
      "count": 6,
      "values": [
        0.1089598536491394,
        0.0626731812953949,
        0.041448354721069336,
        0.03256940841674805,
        0.03951764106750488,
        0.08979713916778564
      ]
    },
    "num_results": 6
  },
  "target_metric_score": 0.06249426305294037,
  "timestamp": "2025-05-30T22:49:42.492754"
}