{
  "experiment_name": "candidate_q_net_2_neuron_61",
  "coalition_neurons": [
    "q_net.0_neuron_14",
    "q_net.0_neuron_35",
    "q_net.0_neuron_3",
    "q_net.0_neuron_26",
    "q_net.0_neuron_54",
    "q_net.0_neuron_49",
    "q_net.0_neuron_61",
    "q_net.2_neuron_61"
  ],
  "patch_config": {
    "q_net.0": [
      14,
      35,
      3,
      26,
      54,
      49,
      61
    ],
    "q_net.2": [
      61
    ]
  },
  "noising": {
    "metrics": {
      "mean": 0.053686246275901794,
      "std": 0.028170428633255196,
      "count": 6,
      "values": [
        0.108318030834198,
        0.04974278807640076,
        0.03904163837432861,
        0.024945497512817383,
        0.03140556812286377,
        0.06866395473480225
      ]
    },
    "num_results": 6
  },
  "denoising": {
    "metrics": {
      "mean": 0.05976038177808126,
      "std": 0.028936821482505024,
      "count": 6,
      "values": [
        0.11512774229049683,
        0.05724036693572998,
        0.04179728031158447,
        0.031957268714904785,
        0.0358312726020813,
        0.07660835981369019
      ]
    },
    "num_results": 6
  },
  "target_metric_score": 0.05976038177808126,
  "timestamp": "2025-05-30T23:34:44.439898"
}