{
  "experiment_name": "candidate_q_net_0_neuron_38",
  "coalition_neurons": [
    "q_net.0_neuron_14",
    "q_net.0_neuron_35",
    "q_net.0_neuron_3",
    "q_net.0_neuron_26",
    "q_net.0_neuron_54",
    "q_net.0_neuron_49",
    "q_net.0_neuron_61",
    "q_net.0_neuron_42",
    "q_net.0_neuron_5",
    "q_net.2_neuron_5",
    "q_net.2_neuron_3",
    "q_net.2_neuron_61",
    "q_net.0_neuron_47",
    "q_net.2_neuron_52",
    "q_net.2_neuron_30",
    "q_net.2_neuron_35",
    "q_net.0_neuron_6",
    "q_net.2_neuron_36",
    "q_net.0_neuron_38"
  ],
  "patch_config": {
    "q_net.0": [
      14,
      35,
      3,
      26,
      54,
      49,
      61,
      42,
      5,
      47,
      6,
      38
    ],
    "q_net.2": [
      5,
      3,
      61,
      52,
      30,
      35,
      36
    ]
  },
  "noising": {
    "metrics": {
      "mean": 0.07545715073744456,
      "std": 0.03545824741455351,
      "count": 6,
      "values": [
        0.14554160833358765,
        0.06821289658546448,
        0.054421305656433105,
        0.03728973865509033,
        0.05528736114501953,
        0.09198999404907227
      ]
    },
    "num_results": 6
  },
  "denoising": {
    "metrics": {
      "mean": 0.08280940353870392,
      "std": 0.04002992435290253,
      "count": 6,
      "values": [
        0.1617804765701294,
        0.07649016380310059,
        0.059360384941101074,
        0.04277080297470093,
        0.05432051420211792,
        0.10213407874107361
      ]
    },
    "num_results": 6
  },
  "target_metric_score": 0.08280940353870392,
  "timestamp": "2025-05-30T22:49:45.738499"
}