{
  "experiment_name": "candidate_q_net_2_neuron_7",
  "coalition_neurons": [
    "q_net.0_neuron_14",
    "q_net.0_neuron_35",
    "q_net.0_neuron_3",
    "q_net.0_neuron_26",
    "q_net.0_neuron_54",
    "q_net.2_neuron_7"
  ],
  "patch_config": {
    "q_net.0": [
      14,
      35,
      3,
      26,
      54
    ],
    "q_net.2": [
      7
    ]
  },
  "noising": {
    "metrics": {
      "mean": 0.045062984029452004,
      "std": 0.02845938394606503,
      "count": 6,
      "values": [
        0.10366612672805786,
        0.039042264223098755,
        0.036152005195617676,
        0.013343095779418945,
        0.028315365314483643,
        0.049859046936035156
      ]
    },
    "num_results": 6
  },
  "denoising": {
    "metrics": {
      "mean": 0.047194490830103554,
      "std": 0.023486020629428596,
      "count": 6,
      "values": [
        0.09369021654129028,
        0.04366856813430786,
        0.03869462013244629,
        0.019411206245422363,
        0.03225892782211304,
        0.055443406105041504
      ]
    },
    "num_results": 6
  },
  "target_metric_score": 0.047194490830103554,
  "timestamp": "2025-05-30T23:34:43.899895"
}