{
  "experiment_name": "candidate_q_net_0_neuron_28",
  "coalition_neurons": [
    "q_net.0_neuron_14",
    "q_net.0_neuron_35",
    "q_net.0_neuron_3",
    "q_net.0_neuron_26",
    "q_net.0_neuron_54",
    "q_net.0_neuron_49",
    "q_net.0_neuron_61",
    "q_net.0_neuron_42",
    "q_net.0_neuron_5",
    "q_net.2_neuron_5",
    "q_net.2_neuron_3",
    "q_net.2_neuron_61",
    "q_net.0_neuron_47",
    "q_net.2_neuron_52",
    "q_net.2_neuron_30",
    "q_net.2_neuron_35",
    "q_net.0_neuron_6",
    "q_net.2_neuron_36",
    "q_net.0_neuron_8",
    "q_net.0_neuron_29",
    "q_net.0_neuron_52",
    "q_net.0_neuron_20",
    "q_net.0_neuron_18",
    "q_net.2_neuron_21",
    "q_net.2_neuron_22",
    "q_net.2_neuron_50",
    "q_net.0_neuron_62",
    "q_net.0_neuron_28"
  ],
  "patch_config": {
    "q_net.0": [
      14,
      35,
      3,
      26,
      54,
      49,
      61,
      42,
      5,
      47,
      6,
      8,
      29,
      52,
      20,
      18,
      62,
      28
    ],
    "q_net.2": [
      5,
      3,
      61,
      52,
      30,
      35,
      36,
      21,
      22,
      50
    ]
  },
  "noising": {
    "metrics": {
      "mean": 0.08328847587108612,
      "std": 0.03891144974681371,
      "count": 6,
      "values": [
        0.15990155935287476,
        0.07143792510032654,
        0.0621570348739624,
        0.03838258981704712,
        0.06645137071609497,
        0.10140037536621094
      ]
    },
    "num_results": 6
  },
  "denoising": {
    "metrics": {
      "mean": 0.08860463400681813,
      "std": 0.04289423803215909,
      "count": 6,
      "values": [
        0.1714208722114563,
        0.07916390895843506,
        0.06486868858337402,
        0.03970998525619507,
        0.06438392400741577,
        0.11208042502403259
      ]
    },
    "num_results": 6
  },
  "target_metric_score": 0.08860463400681813,
  "timestamp": "2025-05-30T22:49:49.674607"
}