{
  "experiment_name": "candidate_q_net_2_neuron_59",
  "coalition_neurons": [
    "q_net.0_neuron_14",
    "q_net.0_neuron_35",
    "q_net.0_neuron_3",
    "q_net.0_neuron_26",
    "q_net.0_neuron_54",
    "q_net.0_neuron_49",
    "q_net.0_neuron_61",
    "q_net.0_neuron_42",
    "q_net.0_neuron_5",
    "q_net.2_neuron_5",
    "q_net.2_neuron_3",
    "q_net.2_neuron_61",
    "q_net.0_neuron_47",
    "q_net.2_neuron_52",
    "q_net.2_neuron_30",
    "q_net.2_neuron_35",
    "q_net.2_neuron_59"
  ],
  "patch_config": {
    "q_net.0": [
      14,
      35,
      3,
      26,
      54,
      49,
      61,
      42,
      5,
      47
    ],
    "q_net.2": [
      5,
      3,
      61,
      52,
      30,
      35,
      59
    ]
  },
  "noising": {
    "metrics": {
      "mean": 0.0725418080886205,
      "std": 0.041967714765457714,
      "count": 6,
      "values": [
        0.15379095077514648,
        0.06700006127357483,
        0.04932963848114014,
        0.021504998207092285,
        0.051925718784332275,
        0.09169948101043701
      ]
    },
    "num_results": 6
  },
  "denoising": {
    "metrics": {
      "mean": 0.08003789186477661,
      "std": 0.045553729152893185,
      "count": 6,
      "values": [
        0.1688774824142456,
        0.07400044798851013,
        0.05426874756813049,
        0.028900444507598877,
        0.052336692810058594,
        0.10184353590011597
      ]
    },
    "num_results": 6
  },
  "target_metric_score": 0.08003789186477661,
  "timestamp": "2025-05-30T22:49:44.924116"
}