{
  "experiment_name": "candidate_q_net_0_neuron_8",
  "coalition_neurons": [
    "q_net.0_neuron_14",
    "q_net.0_neuron_35",
    "q_net.0_neuron_3",
    "q_net.0_neuron_26",
    "q_net.0_neuron_54",
    "q_net.0_neuron_49",
    "q_net.0_neuron_61",
    "q_net.0_neuron_42",
    "q_net.0_neuron_5",
    "q_net.2_neuron_5",
    "q_net.2_neuron_3",
    "q_net.0_neuron_8"
  ],
  "patch_config": {
    "q_net.0": [
      14,
      35,
      3,
      26,
      54,
      49,
      61,
      42,
      5,
      8
    ],
    "q_net.2": [
      5,
      3
    ]
  },
  "noising": {
    "metrics": {
      "mean": 0.0679073582092921,
      "std": 0.032608231295103866,
      "count": 6,
      "values": [
        0.1292111873626709,
        0.057724207639694214,
        0.056732892990112305,
        0.02623283863067627,
        0.050677359104156494,
        0.08686566352844238
      ]
    },
    "num_results": 6
  },
  "denoising": {
    "metrics": {
      "mean": 0.0733967274427414,
      "std": 0.033444208136630973,
      "count": 6,
      "values": [
        0.1353391408920288,
        0.06411334872245789,
        0.05461427569389343,
        0.03271770477294922,
        0.0573384165763855,
        0.09625747799873352
      ]
    },
    "num_results": 6
  },
  "target_metric_score": 0.0733967274427414,
  "timestamp": "2025-05-30T22:49:43.173471"
}