{
  "experiment_name": "candidate_q_net_0_neuron_19",
  "coalition_neurons": [
    "q_net.0_neuron_14",
    "q_net.0_neuron_35",
    "q_net.0_neuron_3",
    "q_net.0_neuron_26",
    "q_net.0_neuron_54",
    "q_net.0_neuron_49",
    "q_net.0_neuron_61",
    "q_net.0_neuron_42",
    "q_net.0_neuron_5",
    "q_net.2_neuron_5",
    "q_net.2_neuron_3",
    "q_net.2_neuron_61",
    "q_net.0_neuron_47",
    "q_net.2_neuron_52",
    "q_net.2_neuron_30",
    "q_net.2_neuron_35",
    "q_net.0_neuron_6",
    "q_net.2_neuron_36",
    "q_net.0_neuron_8",
    "q_net.0_neuron_29",
    "q_net.0_neuron_19"
  ],
  "patch_config": {
    "q_net.0": [
      14,
      35,
      3,
      26,
      54,
      49,
      61,
      42,
      5,
      47,
      6,
      8,
      29,
      19
    ],
    "q_net.2": [
      5,
      3,
      61,
      52,
      30,
      35,
      36
    ]
  },
  "noising": {
    "metrics": {
      "mean": 0.07728992402553558,
      "std": 0.03795821912491527,
      "count": 6,
      "values": [
        0.15423089265823364,
        0.06453302502632141,
        0.06043744087219238,
        0.03868401050567627,
        0.05356454849243164,
        0.09228962659835815
      ]
    },
    "num_results": 6
  },
  "denoising": {
    "metrics": {
      "mean": 0.08380042016506195,
      "std": 0.04122591264926276,
      "count": 6,
      "values": [
        0.16712796688079834,
        0.07223924994468689,
        0.06264904141426086,
        0.047235846519470215,
        0.051902949810028076,
        0.10164746642112732
      ]
    },
    "num_results": 6
  },
  "target_metric_score": 0.08380042016506195,
  "timestamp": "2025-05-31T15:22:48.941732"
}