{
  "experiment_name": "candidate_q_net_0_neuron_23",
  "coalition_neurons": [
    "q_net.0_neuron_14",
    "q_net.0_neuron_35",
    "q_net.0_neuron_3",
    "q_net.0_neuron_26",
    "q_net.0_neuron_54",
    "q_net.0_neuron_49",
    "q_net.0_neuron_61",
    "q_net.0_neuron_42",
    "q_net.0_neuron_5",
    "q_net.2_neuron_5",
    "q_net.2_neuron_3",
    "q_net.0_neuron_23"
  ],
  "patch_config": {
    "q_net.0": [
      14,
      35,
      3,
      26,
      54,
      49,
      61,
      42,
      5,
      23
    ],
    "q_net.2": [
      5,
      3
    ]
  },
  "noising": {
    "metrics": {
      "mean": 0.06460100909074147,
      "std": 0.03638601927871727,
      "count": 6,
      "values": [
        0.1292111873626709,
        0.06280609965324402,
        0.04639101028442383,
        0.015361189842224121,
        0.04456818103790283,
        0.08926838636398315
      ]
    },
    "num_results": 6
  },
  "denoising": {
    "metrics": {
      "mean": 0.07064178089300792,
      "std": 0.03725127848900841,
      "count": 6,
      "values": [
        0.1353391408920288,
        0.07060793042182922,
        0.04931226372718811,
        0.020255744457244873,
        0.05048626661300659,
        0.09784933924674988
      ]
    },
    "num_results": 6
  },
  "target_metric_score": 0.07064178089300792,
  "timestamp": "2025-05-31T15:22:45.816953"
}