{
  "experiment_name": "candidate_q_net_2_neuron_36",
  "coalition_neurons": [
    "q_net.0_neuron_14",
    "q_net.0_neuron_35",
    "q_net.0_neuron_3",
    "q_net.0_neuron_26",
    "q_net.0_neuron_54",
    "q_net.0_neuron_49",
    "q_net.0_neuron_61",
    "q_net.0_neuron_42",
    "q_net.0_neuron_5",
    "q_net.2_neuron_36"
  ],
  "patch_config": {
    "q_net.0": [
      14,
      35,
      3,
      26,
      54,
      49,
      61,
      42,
      5
    ],
    "q_net.2": [
      36
    ]
  },
  "noising": {
    "metrics": {
      "mean": 0.06108657022317251,
      "std": 0.027224025391301573,
      "count": 6,
      "values": [
        0.1114618182182312,
        0.0559062659740448,
        0.04019880294799805,
        0.03919172286987305,
        0.03792828321456909,
        0.08183252811431885
      ]
    },
    "num_results": 6
  },
  "denoising": {
    "metrics": {
      "mean": 0.06737769643465678,
      "std": 0.027935312730434737,
      "count": 6,
      "values": [
        0.11758977174758911,
        0.06370809674263,
        0.04312002658843994,
        0.04558843374252319,
        0.04384642839431763,
        0.0904134213924408
      ]
    },
    "num_results": 6
  },
  "target_metric_score": 0.06737769643465678,
  "timestamp": "2025-05-31T15:22:45.205987"
}