{
  "experiment_name": "candidate_q_net_2_neuron_63",
  "coalition_neurons": [
    "q_net.0_neuron_14",
    "q_net.0_neuron_35",
    "q_net.0_neuron_3",
    "q_net.0_neuron_26",
    "q_net.0_neuron_54",
    "q_net.0_neuron_49",
    "q_net.2_neuron_63"
  ],
  "patch_config": {
    "q_net.0": [
      14,
      35,
      3,
      26,
      54,
      49
    ],
    "q_net.2": [
      63
    ]
  },
  "noising": {
    "metrics": {
      "mean": 0.051349833607673645,
      "std": 0.030088616905033092,
      "count": 6,
      "values": [
        0.10917472839355469,
        0.05218437314033508,
        0.040586113929748535,
        0.013188481330871582,
        0.031185448169708252,
        0.06177985668182373
      ]
    },
    "num_results": 6
  },
  "denoising": {
    "metrics": {
      "mean": 0.054109091560045876,
      "std": 0.025468141552818804,
      "count": 6,
      "values": [
        0.09858494997024536,
        0.06189587712287903,
        0.04312866926193237,
        0.019256591796875,
        0.035129010677337646,
        0.06665945053100586
      ]
    },
    "num_results": 6
  },
  "target_metric_score": 0.054109091560045876,
  "timestamp": "2025-05-30T22:49:41.475268"
}