{
  "experiment_name": "candidate_q_net_2_neuron_0",
  "coalition_neurons": [
    "q_net.0_neuron_14",
    "q_net.0_neuron_35",
    "q_net.0_neuron_3",
    "q_net.0_neuron_26",
    "q_net.0_neuron_54",
    "q_net.0_neuron_49",
    "q_net.2_neuron_0"
  ],
  "patch_config": {
    "q_net.0": [
      14,
      35,
      3,
      26,
      54,
      49
    ],
    "q_net.2": [
      0
    ]
  },
  "noising": {
    "metrics": {
      "mean": 0.04486296077569326,
      "std": 0.01615576313065579,
      "count": 6,
      "values": [
        0.06603199243545532,
        0.05166181921958923,
        0.037967562675476074,
        0.017779827117919922,
        0.036193668842315674,
        0.05954289436340332
      ]
    },
    "num_results": 6
  },
  "denoising": {
    "metrics": {
      "mean": 0.049145087599754333,
      "std": 0.015291671522534645,
      "count": 6,
      "values": [
        0.0643659234046936,
        0.06137332320213318,
        0.04051017761230469,
        0.023952841758728027,
        0.040245771408081055,
        0.06442248821258545
      ]
    },
    "num_results": 6
  },
  "target_metric_score": 0.049145087599754333,
  "timestamp": "2025-05-31T15:22:44.032597"
}