{
  "experiment_name": "candidate_q_net_2_neuron_15",
  "coalition_neurons": [
    "q_net.0_neuron_14",
    "q_net.0_neuron_35",
    "q_net.0_neuron_3",
    "q_net.0_neuron_26",
    "q_net.0_neuron_54",
    "q_net.0_neuron_49",
    "q_net.0_neuron_61",
    "q_net.2_neuron_15"
  ],
  "patch_config": {
    "q_net.0": [
      14,
      35,
      3,
      26,
      54,
      49,
      61
    ],
    "q_net.2": [
      15
    ]
  },
  "noising": {
    "metrics": {
      "mean": 0.05008247991402944,
      "std": 0.02622384997528082,
      "count": 6,
      "values": [
        0.10114938020706177,
        0.03941139578819275,
        0.04218655824661255,
        0.019066572189331055,
        0.03557443618774414,
        0.06310653686523438
      ]
    },
    "num_results": 6
  },
  "denoising": {
    "metrics": {
      "mean": 0.056156610449155174,
      "std": 0.02671563172193383,
      "count": 6,
      "values": [
        0.10795903205871582,
        0.04690897464752197,
        0.04494217038154602,
        0.026078343391418457,
        0.04000014066696167,
        0.07105100154876709
      ]
    },
    "num_results": 6
  },
  "target_metric_score": 0.056156610449155174,
  "timestamp": "2025-05-30T22:49:41.805792"
}