{
  "experiment_name": "candidate_q_net_2_neuron_61",
  "coalition_neurons": [
    "q_net.0_neuron_14",
    "q_net.0_neuron_35",
    "q_net.0_neuron_3",
    "q_net.0_neuron_26",
    "q_net.0_neuron_54",
    "q_net.0_neuron_49",
    "q_net.0_neuron_40",
    "q_net.0_neuron_42",
    "q_net.0_neuron_5",
    "q_net.0_neuron_61",
    "q_net.0_neuron_12",
    "q_net.2_neuron_35",
    "q_net.0_neuron_20",
    "q_net.2_neuron_3",
    "q_net.0_neuron_62",
    "q_net.2_neuron_50",
    "q_net.0_neuron_6",
    "q_net.2_neuron_52",
    "q_net.0_neuron_29",
    "q_net.2_neuron_30",
    "q_net.0_neuron_8",
    "q_net.0_neuron_52",
    "q_net.2_neuron_61"
  ],
  "patch_config": {
    "q_net.0": [
      14,
      35,
      3,
      26,
      54,
      49,
      40,
      42,
      5,
      61,
      12,
      20,
      62,
      6,
      29,
      8,
      52
    ],
    "q_net.2": [
      35,
      3,
      50,
      52,
      30,
      61
    ]
  },
  "noising": {
    "metrics": {
      "mean": 0.08399085700511932,
      "std": 0.04423111204710059,
      "count": 6,
      "values": [
        0.17784929275512695,
        0.06066450476646423,
        0.06501764059066772,
        0.04539090394973755,
        0.0624961256980896,
        0.09252667427062988
      ]
    },
    "num_results": 6
  },
  "denoising": {
    "metrics": {
      "mean": 0.0858348657687505,
      "std": 0.0400669866462715,
      "count": 6,
      "values": [
        0.16747719049453735,
        0.0681203305721283,
        0.06275409460067749,
        0.049283504486083984,
        0.06400257349014282,
        0.1033715009689331
      ]
    },
    "num_results": 6
  },
  "target_metric_score": 0.0849128613869349,
  "timestamp": "2025-05-30T23:17:03.690027"
}