{
  "experiment_name": "candidate_q_net_0_neuron_36",
  "coalition_neurons": [
    "q_net.0_neuron_14",
    "q_net.0_neuron_35",
    "q_net.0_neuron_3",
    "q_net.0_neuron_26",
    "q_net.0_neuron_54",
    "q_net.0_neuron_49",
    "q_net.0_neuron_61",
    "q_net.0_neuron_42",
    "q_net.0_neuron_5",
    "q_net.0_neuron_36"
  ],
  "patch_config": {
    "q_net.0": [
      14,
      35,
      3,
      26,
      54,
      49,
      61,
      42,
      5,
      36
    ]
  },
  "noising": {
    "metrics": {
      "mean": 0.05625962714354197,
      "std": 0.021767825782436096,
      "count": 6,
      "values": [
        0.08925902843475342,
        0.05531701445579529,
        0.03892087936401367,
        0.03346884250640869,
        0.039076387882232666,
        0.0815156102180481
      ]
    },
    "num_results": 6
  },
  "denoising": {
    "metrics": {
      "mean": 0.06481081744035085,
      "std": 0.02639368649837714,
      "count": 6,
      "values": [
        0.10925722122192383,
        0.0631188452243805,
        0.041842103004455566,
        0.03921175003051758,
        0.045338451862335205,
        0.09009653329849243
      ]
    },
    "num_results": 6
  },
  "target_metric_score": 0.06481081744035085,
  "timestamp": "2025-05-30T22:49:42.518026"
}