{
  "experiment_name": "candidate_q_net_0_neuron_8",
  "coalition_neurons": [
    "q_net.0_neuron_14",
    "q_net.0_neuron_35",
    "q_net.0_neuron_3",
    "q_net.0_neuron_26",
    "q_net.0_neuron_54",
    "q_net.0_neuron_49",
    "q_net.0_neuron_61",
    "q_net.0_neuron_42",
    "q_net.0_neuron_5",
    "q_net.2_neuron_5",
    "q_net.2_neuron_3",
    "q_net.2_neuron_61",
    "q_net.0_neuron_8"
  ],
  "patch_config": {
    "q_net.0": [
      14,
      35,
      3,
      26,
      54,
      49,
      61,
      42,
      5,
      8
    ],
    "q_net.2": [
      5,
      3,
      61
    ]
  },
  "noising": {
    "metrics": {
      "mean": 0.07027668257554372,
      "std": 0.0352368199329983,
      "count": 6,
      "values": [
        0.13785403966903687,
        0.060022205114364624,
        0.057921767234802246,
        0.026592612266540527,
        0.05071145296096802,
        0.08855801820755005
      ]
    },
    "num_results": 6
  },
  "denoising": {
    "metrics": {
      "mean": 0.07576605180899303,
      "std": 0.03603747915882682,
      "count": 6,
      "values": [
        0.14398199319839478,
        0.0664113461971283,
        0.055803149938583374,
        0.03307747840881348,
        0.05737251043319702,
        0.09794983267784119
      ]
    },
    "num_results": 6
  },
  "target_metric_score": 0.07576605180899303,
  "timestamp": "2025-05-30T22:49:43.515205"
}