{
  "experiment_name": "candidate_q_net_0_neuron_7",
  "coalition_neurons": [
    "q_net.2_neuron_40",
    "q_net.0_neuron_56",
    "q_net.2_neuron_34",
    "q_net.2_neuron_38",
    "q_net.0_neuron_14",
    "q_net.2_neuron_33",
    "q_net.2_neuron_30",
    "q_net.2_neuron_63",
    "q_net.2_neuron_21",
    "q_net.0_neuron_49",
    "q_net.0_neuron_20",
    "q_net.0_neuron_29",
    "q_net.0_neuron_23",
    "q_net.0_neuron_7"
  ],
  "patch_config": {
    "q_net.2": [
      40,
      34,
      38,
      33,
      30,
      63,
      21
    ],
    "q_net.0": [
      56,
      14,
      49,
      20,
      29,
      23,
      7
    ]
  },
  "noising": {
    "metrics": {
      "mean": 0.015847458802458334,
      "std": 0.013509916542027607,
      "count": 6,
      "values": [
        0.04471433432545516,
        0.007392896740924304,
        0.010166371242726652,
        0.016383019280328842,
        0.0036735819569335137,
        0.012754549268381543
      ]
    },
    "num_results": 6
  },
  "denoising": {
    "metrics": {
      "mean": 0.010664353175809424,
      "std": 0.004769375360633236,
      "count": 6,
      "values": [
        0.01600489825892301,
        0.006953380592891245,
        0.010511027641846,
        0.015697039835306265,
        0.0025285772924374394,
        0.012291195433452584
      ]
    },
    "num_results": 6
  },
  "target_metric_score": 0.015847458802458334,
  "timestamp": "2025-05-30T23:33:37.667883"
}