{
  "experiment_name": "candidate_q_net_0_neuron_49",
  "coalition_neurons": [
    "q_net.2_neuron_40",
    "q_net.0_neuron_56",
    "q_net.2_neuron_34",
    "q_net.2_neuron_38",
    "q_net.0_neuron_14",
    "q_net.0_neuron_49"
  ],
  "patch_config": {
    "q_net.2": [
      40,
      34,
      38
    ],
    "q_net.0": [
      56,
      14,
      49
    ]
  },
  "noising": {
    "metrics": {
      "mean": 0.010286394082109926,
      "std": 0.008183173537819301,
      "count": 6,
      "values": [
        0.027750749750996256,
        0.0031474785873220334,
        0.006340062621693343,
        0.01138957433084778,
        0.0058257779843443325,
        0.007264721217455805
      ]
    },
    "num_results": 6
  },
  "denoising": {
    "metrics": {
      "mean": 0.008441780428914391,
      "std": 0.004101091463508509,
      "count": 6,
      "values": [
        0.013673712913837427,
        0.0029787998925711046,
        0.0069635433702732175,
        0.014167432547132652,
        0.0058580301030798365,
        0.007009163746592106
      ]
    },
    "num_results": 6
  },
  "target_metric_score": 0.010286394082109926,
  "timestamp": "2025-05-30T23:33:34.694356"
}