{
  "experiment_name": "candidate_q_net_2_neuron_61",
  "coalition_neurons": [
    "q_net.2_neuron_40",
    "q_net.0_neuron_56",
    "q_net.2_neuron_34",
    "q_net.2_neuron_38",
    "q_net.0_neuron_14",
    "q_net.2_neuron_33",
    "q_net.2_neuron_30",
    "q_net.2_neuron_63",
    "q_net.2_neuron_21",
    "q_net.0_neuron_49",
    "q_net.0_neuron_20",
    "q_net.0_neuron_29",
    "q_net.0_neuron_23",
    "q_net.2_neuron_10",
    "q_net.2_neuron_5",
    "q_net.2_neuron_23",
    "q_net.0_neuron_4",
    "q_net.0_neuron_26",
    "q_net.0_neuron_54",
    "q_net.0_neuron_42",
    "q_net.0_neuron_33",
    "q_net.0_neuron_52",
    "q_net.0_neuron_32",
    "q_net.0_neuron_28",
    "q_net.2_neuron_41",
    "q_net.2_neuron_62",
    "q_net.2_neuron_20",
    "q_net.2_neuron_61"
  ],
  "patch_config": {
    "q_net.2": [
      40,
      34,
      38,
      33,
      30,
      63,
      21,
      10,
      5,
      23,
      41,
      62,
      20,
      61
    ],
    "q_net.0": [
      56,
      14,
      49,
      20,
      29,
      23,
      4,
      26,
      54,
      42,
      33,
      52,
      32,
      28
    ]
  },
  "noising": {
    "metrics": {
      "mean": 0.019209392025892072,
      "std": 0.015107707520103594,
      "count": 6,
      "values": [
        0.050563269658074006,
        0.005490587302859534,
        0.015350553989307958,
        0.02304941213509354,
        0.007814460691222047,
        0.012988068378795348
      ]
    },
    "num_results": 6
  },
  "denoising": {
    "metrics": {
      "mean": 0.013075857145550535,
      "std": 0.006137804245606096,
      "count": 6,
      "values": [
        0.01600827265572652,
        0.004218998994757056,
        0.015701346958239798,
        0.02278280699838725,
        0.00692706971204915,
        0.01281664755414344
      ]
    },
    "num_results": 6
  },
  "target_metric_score": 0.019209392025892072,
  "timestamp": "2025-05-31T15:21:45.257034"
}