{
  "experiment_name": "candidate_q_net_0_neuron_23",
  "coalition_neurons": [
    "q_net.2_neuron_40",
    "q_net.0_neuron_56",
    "q_net.2_neuron_34",
    "q_net.2_neuron_38",
    "q_net.0_neuron_14",
    "q_net.2_neuron_33",
    "q_net.2_neuron_30",
    "q_net.2_neuron_63",
    "q_net.2_neuron_21",
    "q_net.0_neuron_23"
  ],
  "patch_config": {
    "q_net.2": [
      40,
      34,
      38,
      33,
      30,
      63,
      21
    ],
    "q_net.0": [
      56,
      14,
      23
    ]
  },
  "noising": {
    "metrics": {
      "mean": 0.013941416425029699,
      "std": 0.011912316295725709,
      "count": 6,
      "values": [
        0.03945390643087851,
        0.004351865620633055,
        0.008598847023641804,
        0.015259107405588668,
        0.006054376263169098,
        0.009930395806267062
      ]
    },
    "num_results": 6
  },
  "denoising": {
    "metrics": {
      "mean": 0.010281476348857413,
      "std": 0.004542027854414558,
      "count": 6,
      "values": [
        0.014943927298118498,
        0.004395668705134803,
        0.009161821072632581,
        0.017211375726810918,
        0.006038414690484273,
        0.009937650599963405
      ]
    },
    "num_results": 6
  },
  "target_metric_score": 0.013941416425029699,
  "timestamp": "2025-05-31T15:21:38.898351"
}