{
  "experiment_name": "candidate_q_net_4_neuron_0",
  "coalition_neurons": [
    "q_net.4_neuron_3",
    "q_net.4_neuron_4",
    "q_net.0_neuron_38",
    "q_net.0_neuron_13",
    "q_net.2_neuron_38",
    "q_net.0_neuron_24",
    "q_net.2_neuron_21",
    "q_net.0_neuron_4",
    "q_net.0_neuron_40",
    "q_net.2_neuron_0",
    "q_net.2_neuron_3",
    "q_net.0_neuron_27",
    "q_net.0_neuron_56",
    "q_net.4_neuron_0"
  ],
  "patch_config": {
    "q_net.4": [
      3,
      4,
      0
    ],
    "q_net.0": [
      38,
      13,
      24,
      4,
      40,
      27,
      56
    ],
    "q_net.2": [
      38,
      21,
      0,
      3
    ]
  },
  "noising": {
    "metrics": {
      "mean": 0.016047439228447438,
      "std": 0.01346909768895212,
      "count": 6,
      "values": [
        0.04339288521383555,
        0.014179388158394396,
        0.008417158189929635,
        0.00989167292892551,
        0.0009071951743316597,
        0.019496335705267875
      ]
    },
    "num_results": 6
  },
  "denoising": {
    "metrics": {
      "mean": 0.012938548455900348,
      "std": 0.010991579628720799,
      "count": 6,
      "values": [
        0.0023464928653872674,
        0.014781191701653318,
        0.008421848833110146,
        0.03245220872079399,
        0.00010389076443503842,
        0.019525657850022332
      ]
    },
    "num_results": 6
  },
  "target_metric_score": 0.016047439228447438,
  "timestamp": "2025-05-30T17:14:25.645139"
}