{
  "experiment_name": "candidate_q_net_2_neuron_13",
  "coalition_neurons": [
    "q_net.2_neuron_40",
    "q_net.2_neuron_34",
    "q_net.0_neuron_56",
    "q_net.0_neuron_14",
    "q_net.2_neuron_38",
    "q_net.2_neuron_33",
    "q_net.2_neuron_30",
    "q_net.2_neuron_63",
    "q_net.0_neuron_49",
    "q_net.0_neuron_29",
    "q_net.2_neuron_21",
    "q_net.2_neuron_3",
    "q_net.0_neuron_20",
    "q_net.0_neuron_23",
    "q_net.0_neuron_4",
    "q_net.2_neuron_23",
    "q_net.0_neuron_32",
    "q_net.0_neuron_45",
    "q_net.0_neuron_13",
    "q_net.0_neuron_54",
    "q_net.2_neuron_50",
    "q_net.2_neuron_10",
    "q_net.0_neuron_38",
    "q_net.2_neuron_44",
    "q_net.2_neuron_59",
    "q_net.0_neuron_28",
    "q_net.2_neuron_20",
    "q_net.2_neuron_5",
    "q_net.0_neuron_62",
    "q_net.2_neuron_13"
  ],
  "patch_config": {
    "q_net.2": [
      40,
      34,
      38,
      33,
      30,
      63,
      21,
      3,
      23,
      50,
      10,
      44,
      59,
      20,
      5,
      13
    ],
    "q_net.0": [
      56,
      14,
      49,
      29,
      20,
      23,
      4,
      32,
      45,
      13,
      54,
      38,
      28,
      62
    ]
  },
  "noising": {
    "metrics": {
      "mean": 0.018545544055932353,
      "std": 0.014384195268833997,
      "count": 6,
      "values": [
        0.04872195180040684,
        0.007779932387744548,
        0.014929575814432827,
        0.019912649937559146,
        0.004831046590907467,
        0.015098107804543293
      ]
    },
    "num_results": 6
  },
  "denoising": {
    "metrics": {
      "mean": 0.014880032544253746,
      "std": 0.0077559991999774985,
      "count": 6,
      "values": [
        0.021670357703418103,
        0.007310486079747658,
        0.014830630326272243,
        0.02662237966310188,
        0.0039419868280120285,
        0.01490435466497056
      ]
    },
    "num_results": 6
  },
  "target_metric_score": 0.01671278830009305,
  "timestamp": "2025-05-30T23:16:01.312458"
}