{
  "experiment_name": "candidate_q_net_2_neuron_55",
  "coalition_neurons": [
    "q_net.2_neuron_40",
    "q_net.0_neuron_56",
    "q_net.2_neuron_34",
    "q_net.2_neuron_38",
    "q_net.0_neuron_14",
    "q_net.2_neuron_33",
    "q_net.2_neuron_30",
    "q_net.2_neuron_63",
    "q_net.2_neuron_21",
    "q_net.0_neuron_49",
    "q_net.0_neuron_20",
    "q_net.0_neuron_29",
    "q_net.0_neuron_23",
    "q_net.2_neuron_10",
    "q_net.2_neuron_5",
    "q_net.2_neuron_23",
    "q_net.0_neuron_4",
    "q_net.0_neuron_26",
    "q_net.0_neuron_54",
    "q_net.0_neuron_42",
    "q_net.0_neuron_33",
    "q_net.0_neuron_52",
    "q_net.0_neuron_32",
    "q_net.0_neuron_28",
    "q_net.2_neuron_55"
  ],
  "patch_config": {
    "q_net.2": [
      40,
      34,
      38,
      33,
      30,
      63,
      21,
      10,
      5,
      23,
      55
    ],
    "q_net.0": [
      56,
      14,
      49,
      20,
      29,
      23,
      4,
      26,
      54,
      42,
      33,
      52,
      32,
      28
    ]
  },
  "noising": {
    "metrics": {
      "mean": 0.01869167624214731,
      "std": 0.015034891076246745,
      "count": 6,
      "values": [
        0.05018982731852631,
        0.004854623036996603,
        0.014918077328904683,
        0.02135546273175315,
        0.007734447867006694,
        0.013097619169696428
      ]
    },
    "num_results": 6
  },
  "denoising": {
    "metrics": {
      "mean": 0.012900097789949003,
      "std": 0.00617452989928873,
      "count": 6,
      "values": [
        0.016985757509837635,
        0.003562448269884305,
        0.01522604655439977,
        0.021952590996702437,
        0.006775807841832321,
        0.012897935567037555
      ]
    },
    "num_results": 6
  },
  "target_metric_score": 0.01869167624214731,
  "timestamp": "2025-05-30T22:48:41.567762"
}