{
  "experiment_name": "candidate_q_net_0_neuron_27",
  "coalition_neurons": [
    "q_net.2_neuron_40",
    "q_net.0_neuron_56",
    "q_net.2_neuron_34",
    "q_net.2_neuron_38",
    "q_net.0_neuron_14",
    "q_net.2_neuron_33",
    "q_net.2_neuron_30",
    "q_net.2_neuron_63",
    "q_net.2_neuron_21",
    "q_net.0_neuron_49",
    "q_net.0_neuron_20",
    "q_net.0_neuron_29",
    "q_net.0_neuron_27"
  ],
  "patch_config": {
    "q_net.2": [
      40,
      34,
      38,
      33,
      30,
      63,
      21
    ],
    "q_net.0": [
      56,
      14,
      49,
      20,
      29,
      27
    ]
  },
  "noising": {
    "metrics": {
      "mean": 0.01454025795896649,
      "std": 0.013206033989709228,
      "count": 6,
      "values": [
        0.0433797134080382,
        0.008146335984091313,
        0.008463325713045006,
        0.010166823643971507,
        0.0037572003494065753,
        0.013328148655246341
      ]
    },
    "num_results": 6
  },
  "denoising": {
    "metrics": {
      "mean": 0.00991857916758849,
      "std": 0.003608398048054347,
      "count": 6,
      "values": [
        0.012495557872284707,
        0.007875113000859801,
        0.008634788174215424,
        0.013934342045933412,
        0.003584747691267348,
        0.012986926220970252
      ]
    },
    "num_results": 6
  },
  "target_metric_score": 0.01454025795896649,
  "timestamp": "2025-05-30T22:48:36.578071"
}