{
  "experiment_name": "candidate_q_net_2_neuron_36",
  "coalition_neurons": [
    "q_net.2_neuron_40",
    "q_net.0_neuron_56",
    "q_net.2_neuron_34",
    "q_net.2_neuron_36"
  ],
  "patch_config": {
    "q_net.2": [
      40,
      34,
      36
    ],
    "q_net.0": [
      56
    ]
  },
  "noising": {
    "metrics": {
      "mean": 0.005217394222534338,
      "std": 0.004167208936469787,
      "count": 6,
      "values": [
        0.012264169480353804,
        0.00029890653587946736,
        0.006215794837803129,
        0.005526311453009469,
        0.006916556053621764,
        8.262697453839674e-05
      ]
    },
    "num_results": 6
  },
  "denoising": {
    "metrics": {
      "mean": 0.005005554158369928,
      "std": 0.0035706329853497547,
      "count": 6,
      "values": [
        0.006412727615640407,
        0.0003408667080398997,
        0.006403774341567442,
        0.00957600303539971,
        0.007271983653419134,
        2.7969596152976894e-05
      ]
    },
    "num_results": 6
  },
  "target_metric_score": 0.005217394222534338,
  "timestamp": "2025-05-31T15:21:36.737068"
}