{
  "experiment_name": "candidate_q_net_2_neuron_27",
  "coalition_neurons": [
    "q_net.2_neuron_40",
    "q_net.0_neuron_56",
    "q_net.2_neuron_34",
    "q_net.2_neuron_38",
    "q_net.0_neuron_14",
    "q_net.2_neuron_33",
    "q_net.2_neuron_30",
    "q_net.2_neuron_63",
    "q_net.2_neuron_21",
    "q_net.0_neuron_49",
    "q_net.0_neuron_20",
    "q_net.0_neuron_29",
    "q_net.0_neuron_23",
    "q_net.2_neuron_10",
    "q_net.2_neuron_5",
    "q_net.2_neuron_23",
    "q_net.0_neuron_4",
    "q_net.0_neuron_26",
    "q_net.0_neuron_54",
    "q_net.0_neuron_42",
    "q_net.0_neuron_33",
    "q_net.0_neuron_52",
    "q_net.0_neuron_32",
    "q_net.0_neuron_28",
    "q_net.2_neuron_27"
  ],
  "patch_config": {
    "q_net.2": [
      40,
      34,
      38,
      33,
      30,
      63,
      21,
      10,
      5,
      23,
      27
    ],
    "q_net.0": [
      56,
      14,
      49,
      20,
      29,
      23,
      4,
      26,
      54,
      42,
      33,
      52,
      32,
      28
    ]
  },
  "noising": {
    "metrics": {
      "mean": 0.018374333314489857,
      "std": 0.014848331384904986,
      "count": 6,
      "values": [
        0.049922772525953674,
        0.005688856001109549,
        0.014379028559678791,
        0.019375010887096505,
        0.006994409208585378,
        0.013885922704515247
      ]
    },
    "num_results": 6
  },
  "denoising": {
    "metrics": {
      "mean": 0.012774652063711145,
      "std": 0.005817572801380777,
      "count": 6,
      "values": [
        0.016745308129857417,
        0.004432663507041107,
        0.014717967645917124,
        0.02099719122735061,
        0.006034529548515244,
        0.013720252323585369
      ]
    },
    "num_results": 6
  },
  "target_metric_score": 0.018374333314489857,
  "timestamp": "2025-05-30T22:48:41.608148"
}