{
  "experiment_name": "candidate_q_net_0_neuron_24",
  "coalition_neurons": [
    "q_net.2_neuron_40",
    "q_net.0_neuron_56",
    "q_net.2_neuron_34",
    "q_net.0_neuron_24"
  ],
  "patch_config": {
    "q_net.2": [
      40,
      34
    ],
    "q_net.0": [
      56,
      24
    ]
  },
  "noising": {
    "metrics": {
      "mean": 0.005623211144744354,
      "std": 0.004043643481108731,
      "count": 6,
      "values": [
        0.006454161409281428,
        0.0006013418461279785,
        0.006362846845282877,
        0.01076238863254056,
        0.009459753703370127,
        9.877443186315227e-05
      ]
    },
    "num_results": 6
  },
  "denoising": {
    "metrics": {
      "mean": 0.005432757049151864,
      "std": 0.005545466467454361,
      "count": 6,
      "values": [
        0.0006305291039512551,
        0.0006229378928532814,
        0.006598557413625222,
        0.01506683950075094,
        0.009499167746783804,
        0.00017851063694668268
      ]
    },
    "num_results": 6
  },
  "target_metric_score": 0.005623211144744354,
  "timestamp": "2025-05-30T22:48:33.498797"
}