{
  "experiment_name": "candidate_q_net_0_neuron_24",
  "coalition_neurons": [
    "q_net.2_neuron_40",
    "q_net.0_neuron_56",
    "q_net.2_neuron_34",
    "q_net.2_neuron_38",
    "q_net.0_neuron_24"
  ],
  "patch_config": {
    "q_net.2": [
      40,
      34,
      38
    ],
    "q_net.0": [
      56,
      24
    ]
  },
  "noising": {
    "metrics": {
      "mean": 0.007013733182861938,
      "std": 0.004381725577511469,
      "count": 6,
      "values": [
        0.013309255308167733,
        0.0004161031339311172,
        0.006205573629170458,
        0.010942606356250079,
        0.008051199410074539,
        0.0031576612595776987
      ]
    },
    "num_results": 6
  },
  "denoising": {
    "metrics": {
      "mean": 0.005956659873932092,
      "std": 0.005413075578698901,
      "count": 6,
      "values": [
        0.00127560568134244,
        0.00043713309601603467,
        0.006423420040173322,
        0.01647689558116988,
        0.008036146351109608,
        0.003090758493781265
      ]
    },
    "num_results": 6
  },
  "target_metric_score": 0.007013733182861938,
  "timestamp": "2025-05-30T22:48:33.817232"
}