{
  "experiment_name": "candidate_q_net_2_neuron_34",
  "coalition_neurons": [
    "q_net.2_neuron_40",
    "q_net.2_neuron_34"
  ],
  "patch_config": {
    "q_net.2": [
      40,
      34
    ]
  },
  "noising": {
    "metrics": {
      "mean": 0.004506260443746292,
      "std": 0.003412712212353057,
      "count": 6,
      "values": [
        0.00888556075771571,
        0.00014950536999822073,
        0.0042279183821425925,
        0.007276841152966229,
        0.006474111210281769,
        2.3625789373232786e-05
      ]
    },
    "num_results": 6
  },
  "denoising": {
    "metrics": {
      "mean": 0.004257236459949053,
      "std": 0.0034173178799998412,
      "count": 6,
      "values": [
        0.004752432149301933,
        0.0001565417527280566,
        0.004340648388512308,
        0.009719767404661156,
        0.006548807754957281,
        2.5221309533585146e-05
      ]
    },
    "num_results": 6
  },
  "target_metric_score": 0.004506260443746292,
  "timestamp": "2025-05-31T15:21:35.621958"
}