{
  "experiment_name": "candidate_q_net_2_neuron_0",
  "coalition_neurons": [
    "q_net.2_neuron_40",
    "q_net.0_neuron_56",
    "q_net.2_neuron_34",
    "q_net.2_neuron_38",
    "q_net.0_neuron_14",
    "q_net.2_neuron_33",
    "q_net.2_neuron_30",
    "q_net.2_neuron_63",
    "q_net.2_neuron_21",
    "q_net.0_neuron_49",
    "q_net.0_neuron_20",
    "q_net.0_neuron_29",
    "q_net.0_neuron_23",
    "q_net.2_neuron_10",
    "q_net.2_neuron_5",
    "q_net.2_neuron_23",
    "q_net.0_neuron_4",
    "q_net.0_neuron_26",
    "q_net.0_neuron_54",
    "q_net.0_neuron_42",
    "q_net.0_neuron_33",
    "q_net.0_neuron_52",
    "q_net.0_neuron_32",
    "q_net.0_neuron_28",
    "q_net.2_neuron_0"
  ],
  "patch_config": {
    "q_net.2": [
      40,
      34,
      38,
      33,
      30,
      63,
      21,
      10,
      5,
      23,
      0
    ],
    "q_net.0": [
      56,
      14,
      49,
      20,
      29,
      23,
      4,
      26,
      54,
      42,
      33,
      52,
      32,
      28
    ]
  },
  "noising": {
    "metrics": {
      "mean": 0.0173651103869239,
      "std": 0.01313743248511723,
      "count": 6,
      "values": [
        0.044409619147343926,
        0.0057477239221720156,
        0.014797854122342385,
        0.019960239417805642,
        0.005369724862765962,
        0.013905500849113461
      ]
    },
    "num_results": 6
  },
  "denoising": {
    "metrics": {
      "mean": 0.011947414812113269,
      "std": 0.00603512172416265,
      "count": 6,
      "values": [
        0.012244464466669935,
        0.004468157406191303,
        0.015133108046118393,
        0.021619036418715293,
        0.004488372903783622,
        0.013731349631201067
      ]
    },
    "num_results": 6
  },
  "target_metric_score": 0.0173651103869239,
  "timestamp": "2025-05-30T23:33:42.573461"
}