{
  "experiment_name": "candidate_q_net_2_neuron_41",
  "coalition_neurons": [
    "q_net.2_neuron_40",
    "q_net.0_neuron_56",
    "q_net.2_neuron_34",
    "q_net.2_neuron_38",
    "q_net.0_neuron_14",
    "q_net.2_neuron_33",
    "q_net.2_neuron_30",
    "q_net.2_neuron_63",
    "q_net.2_neuron_21",
    "q_net.0_neuron_49",
    "q_net.0_neuron_20",
    "q_net.0_neuron_29",
    "q_net.0_neuron_23",
    "q_net.2_neuron_10",
    "q_net.2_neuron_41"
  ],
  "patch_config": {
    "q_net.2": [
      40,
      34,
      38,
      33,
      30,
      63,
      21,
      10,
      41
    ],
    "q_net.0": [
      56,
      14,
      49,
      20,
      29,
      23
    ]
  },
  "noising": {
    "metrics": {
      "mean": 0.016498989100747406,
      "std": 0.0127459328380125,
      "count": 6,
      "values": [
        0.04364881618976227,
        0.0070537357036843384,
        0.011489480912639627,
        0.018431349616957665,
        0.006673611768880289,
        0.011696940412560253
      ]
    },
    "num_results": 6
  },
  "denoising": {
    "metrics": {
      "mean": 0.011582768339106339,
      "std": 0.00403898537413291,
      "count": 6,
      "values": [
        0.015026559361445146,
        0.006617713494075389,
        0.011827025538035801,
        0.017866831829981056,
        0.0069246487467419515,
        0.011233831064358685
      ]
    },
    "num_results": 6
  },
  "target_metric_score": 0.016498989100747406,
  "timestamp": "2025-05-30T22:48:37.465943"
}