{
  "experiment_name": "candidate_q_net_0_neuron_4",
  "coalition_neurons": [
    "q_net.2_neuron_40",
    "q_net.0_neuron_56",
    "q_net.2_neuron_34",
    "q_net.2_neuron_38",
    "q_net.0_neuron_14",
    "q_net.2_neuron_33",
    "q_net.2_neuron_30",
    "q_net.2_neuron_63",
    "q_net.2_neuron_21",
    "q_net.0_neuron_49",
    "q_net.0_neuron_20",
    "q_net.0_neuron_29",
    "q_net.0_neuron_23",
    "q_net.2_neuron_10",
    "q_net.2_neuron_5",
    "q_net.0_neuron_4"
  ],
  "patch_config": {
    "q_net.2": [
      40,
      34,
      38,
      33,
      30,
      63,
      21,
      10,
      5
    ],
    "q_net.0": [
      56,
      14,
      49,
      20,
      29,
      23,
      4
    ]
  },
  "noising": {
    "metrics": {
      "mean": 0.01699358475954171,
      "std": 0.012838347258064684,
      "count": 6,
      "values": [
        0.04426703137975882,
        0.007342210403609467,
        0.011141062546517921,
        0.019011411949813456,
        0.007051985708344505,
        0.013147806569206083
      ]
    },
    "num_results": 6
  },
  "denoising": {
    "metrics": {
      "mean": 0.01191347391783632,
      "std": 0.0044134886409901,
      "count": 6,
      "values": [
        0.01287788862667777,
        0.006914296271147119,
        0.011512655533354205,
        0.02015591157575594,
        0.007216579486672148,
        0.012803512013410734
      ]
    },
    "num_results": 6
  },
  "target_metric_score": 0.01699358475954171,
  "timestamp": "2025-05-30T23:33:39.232031"
}