{
  "experiment_name": "candidate_q_net_0_neuron_3",
  "coalition_neurons": [
    "q_net.2_neuron_40",
    "q_net.0_neuron_56",
    "q_net.2_neuron_34",
    "q_net.2_neuron_38",
    "q_net.0_neuron_14",
    "q_net.2_neuron_33",
    "q_net.2_neuron_30",
    "q_net.2_neuron_63",
    "q_net.2_neuron_21",
    "q_net.0_neuron_49",
    "q_net.0_neuron_20",
    "q_net.0_neuron_29",
    "q_net.0_neuron_23",
    "q_net.2_neuron_10",
    "q_net.2_neuron_5",
    "q_net.2_neuron_23",
    "q_net.0_neuron_4",
    "q_net.0_neuron_26",
    "q_net.0_neuron_54",
    "q_net.0_neuron_42",
    "q_net.0_neuron_33",
    "q_net.0_neuron_52",
    "q_net.0_neuron_32",
    "q_net.0_neuron_28",
    "q_net.2_neuron_41",
    "q_net.0_neuron_3"
  ],
  "patch_config": {
    "q_net.2": [
      40,
      34,
      38,
      33,
      30,
      63,
      21,
      10,
      5,
      23,
      41
    ],
    "q_net.0": [
      56,
      14,
      49,
      20,
      29,
      23,
      4,
      26,
      54,
      42,
      33,
      52,
      32,
      28,
      3
    ]
  },
  "noising": {
    "metrics": {
      "mean": 0.01779354989910545,
      "std": 0.01368150175146518,
      "count": 6,
      "values": [
        0.04463214249359143,
        0.002714578916788557,
        0.015506099490154857,
        0.024169264926887923,
        0.00846326361256855,
        0.011275949954641373
      ]
    },
    "num_results": 6
  },
  "denoising": {
    "metrics": {
      "mean": 0.013278966991760746,
      "std": 0.007230253494839686,
      "count": 6,
      "values": [
        0.018307786185406932,
        0.002510209501125016,
        0.015645256752689823,
        0.024487487759374565,
        0.0070722780775528404,
        0.0116507836744153
      ]
    },
    "num_results": 6
  },
  "target_metric_score": 0.01779354989910545,
  "timestamp": "2025-05-31T15:21:44.333121"
}