{
  "experiment_name": "candidate_q_net_0_neuron_2",
  "coalition_neurons": [
    "q_net.4_neuron_3",
    "q_net.4_neuron_4",
    "q_net.0_neuron_38",
    "q_net.0_neuron_13",
    "q_net.2_neuron_38",
    "q_net.0_neuron_24",
    "q_net.2_neuron_21",
    "q_net.0_neuron_4",
    "q_net.0_neuron_40",
    "q_net.2_neuron_0",
    "q_net.2_neuron_3",
    "q_net.0_neuron_27",
    "q_net.0_neuron_56",
    "q_net.0_neuron_7",
    "q_net.0_neuron_16",
    "q_net.0_neuron_9",
    "q_net.2_neuron_30",
    "q_net.2_neuron_16",
    "q_net.2_neuron_63",
    "q_net.0_neuron_2"
  ],
  "patch_config": {
    "q_net.4": [
      3,
      4
    ],
    "q_net.0": [
      38,
      13,
      24,
      4,
      40,
      27,
      56,
      7,
      16,
      9,
      2
    ],
    "q_net.2": [
      38,
      21,
      0,
      3,
      30,
      16,
      63
    ]
  },
  "noising": {
    "metrics": {
      "mean": 0.016804396379007033,
      "std": 0.013877893759364938,
      "count": 6,
      "values": [
        0.046772552132548356,
        0.01226177461597866,
        0.008365862241230732,
        0.009903603063725647,
        0.005966715839497705,
        0.0175558703810611
      ]
    },
    "num_results": 6
  },
  "denoising": {
    "metrics": {
      "mean": 0.01415195222462697,
      "std": 0.006469848562176731,
      "count": 6,
      "values": [
        0.014580718478422933,
        0.012184089939851345,
        0.008306313666415543,
        0.026240404718115257,
        0.006521236145666215,
        0.017078950399290527
      ]
    },
    "num_results": 6
  },
  "target_metric_score": 0.016804396379007033,
  "timestamp": "2025-05-30T17:14:26.504004"
}