{
  "experiment_name": "candidate_q_net_0_neuron_20",
  "coalition_neurons": [
    "q_net.2_neuron_40",
    "q_net.0_neuron_56",
    "q_net.2_neuron_34",
    "q_net.2_neuron_38",
    "q_net.0_neuron_14",
    "q_net.0_neuron_20"
  ],
  "patch_config": {
    "q_net.2": [
      40,
      34,
      38
    ],
    "q_net.0": [
      56,
      14,
      20
    ]
  },
  "noising": {
    "metrics": {
      "mean": 0.009811889453427527,
      "std": 0.009575107115202847,
      "count": 6,
      "values": [
        0.030008937743005948,
        8.39034903431235e-05,
        0.006336059728948601,
        0.011054602016901616,
        0.0056786865939391085,
        0.005709147147426763
      ]
    },
    "num_results": 6
  },
  "denoising": {
    "metrics": {
      "mean": 0.00731235205989043,
      "std": 0.004411028210594316,
      "count": 6,
      "values": [
        0.011431032509968991,
        0.000145872257200641,
        0.006958728117300972,
        0.013888823224596475,
        0.005777603478881288,
        0.005672052771394209
      ]
    },
    "num_results": 6
  },
  "target_metric_score": 0.009811889453427527,
  "timestamp": "2025-05-30T22:48:34.420854"
}