{
  "experiment_name": "candidate_q_net_0_neuron_13",
  "coalition_neurons": [
    "q_net.2_neuron_40",
    "q_net.0_neuron_56",
    "q_net.2_neuron_34",
    "q_net.2_neuron_38",
    "q_net.0_neuron_14",
    "q_net.2_neuron_33",
    "q_net.2_neuron_30",
    "q_net.2_neuron_63",
    "q_net.2_neuron_21",
    "q_net.0_neuron_49",
    "q_net.0_neuron_20",
    "q_net.0_neuron_29",
    "q_net.0_neuron_23",
    "q_net.2_neuron_10",
    "q_net.2_neuron_5",
    "q_net.2_neuron_23",
    "q_net.0_neuron_4",
    "q_net.0_neuron_26",
    "q_net.0_neuron_54",
    "q_net.0_neuron_42",
    "q_net.0_neuron_33",
    "q_net.0_neuron_13"
  ],
  "patch_config": {
    "q_net.2": [
      40,
      34,
      38,
      33,
      30,
      63,
      21,
      10,
      5,
      23
    ],
    "q_net.0": [
      56,
      14,
      49,
      20,
      29,
      23,
      4,
      26,
      54,
      42,
      33,
      13
    ]
  },
  "noising": {
    "metrics": {
      "mean": 0.018180581862405024,
      "std": 0.01586913780627608,
      "count": 6,
      "values": [
        0.05242485729712337,
        0.00586525096743537,
        0.01328259792531472,
        0.018195356200462254,
        0.006710645643068863,
        0.01260478314102556
      ]
    },
    "num_results": 6
  },
  "denoising": {
    "metrics": {
      "mean": 0.011774742434922289,
      "std": 0.005535244249511486,
      "count": 6,
      "values": [
        0.016118691950783554,
        0.0046776592176868415,
        0.01285687418411302,
        0.019720299099110272,
        0.004725484277689929,
        0.012549445880150112
      ]
    },
    "num_results": 6
  },
  "target_metric_score": 0.018180581862405024,
  "timestamp": "2025-05-30T23:33:41.425613"
}