{
  "experiment_name": "candidate_q_net_0_neuron_5",
  "coalition_neurons": [
    "q_net.2_neuron_40",
    "q_net.0_neuron_5"
  ],
  "patch_config": {
    "q_net.2": [
      40
    ],
    "q_net.0": [
      5
    ]
  },
  "noising": {
    "metrics": {
      "mean": 0.0027378873596075695,
      "std": 0.0007094977411671837,
      "count": 6,
      "values": [
        0.003692530140815886,
        0.002465095440381898,
        0.0029253416779839447,
        0.0018543895483356942,
        0.003525610275313368,
        0.0019643570748146266
      ]
    },
    "num_results": 6
  },
  "denoising": {
    "metrics": {
      "mean": 0.003352743297142404,
      "std": 0.0009311165050566925,
      "count": 6,
      "values": [
        0.003155305349431786,
        0.002745270611020284,
        0.003025126433449127,
        0.005253719837378545,
        0.0035920415447492637,
        0.002344996006825417
      ]
    },
    "num_results": 6
  },
  "target_metric_score": 0.003352743297142404,
  "timestamp": "2025-05-31T15:21:35.726452"
}