{
  "experiment_name": "candidate_q_net_0_neuron_16",
  "coalition_neurons": [
    "q_net.4_neuron_3",
    "q_net.4_neuron_4",
    "q_net.0_neuron_38",
    "q_net.0_neuron_13",
    "q_net.2_neuron_38",
    "q_net.0_neuron_24",
    "q_net.2_neuron_21",
    "q_net.0_neuron_16"
  ],
  "patch_config": {
    "q_net.4": [
      3,
      4
    ],
    "q_net.0": [
      38,
      13,
      24,
      16
    ],
    "q_net.2": [
      38,
      21
    ]
  },
  "noising": {
    "metrics": {
      "mean": 0.012512892120894186,
      "std": 0.0074760178627192725,
      "count": 6,
      "values": [
        0.025077158897785806,
        0.012086064649603795,
        0.008438440839513506,
        0.010123099853430684,
        0.0013427103256819506,
        0.018009878159349374
      ]
    },
    "num_results": 6
  },
  "denoising": {
    "metrics": {
      "mean": 0.014559711825795815,
      "std": 0.009800793836949165,
      "count": 6,
      "values": [
        0.01571388284019995,
        0.01195742148336304,
        0.008440467506181548,
        0.03288582293761888,
        0.0009019774400359226,
        0.017458698747375545
      ]
    },
    "num_results": 6
  },
  "target_metric_score": 0.014559711825795815,
  "timestamp": "2025-05-30T17:14:24.720066"
}