{
  "experiment_name": "candidate_q_net_0_neuron_45",
  "coalition_neurons": [
    "q_net.2_neuron_40",
    "q_net.0_neuron_56",
    "q_net.2_neuron_34",
    "q_net.2_neuron_38",
    "q_net.0_neuron_14",
    "q_net.2_neuron_33",
    "q_net.2_neuron_30",
    "q_net.2_neuron_63",
    "q_net.2_neuron_21",
    "q_net.0_neuron_49",
    "q_net.0_neuron_20",
    "q_net.0_neuron_29",
    "q_net.0_neuron_23",
    "q_net.2_neuron_10",
    "q_net.2_neuron_5",
    "q_net.2_neuron_23",
    "q_net.0_neuron_4",
    "q_net.0_neuron_45"
  ],
  "patch_config": {
    "q_net.2": [
      40,
      34,
      38,
      33,
      30,
      63,
      21,
      10,
      5,
      23
    ],
    "q_net.0": [
      56,
      14,
      49,
      20,
      29,
      23,
      4,
      45
    ]
  },
  "noising": {
    "metrics": {
      "mean": 0.01740822594899671,
      "std": 0.012537784825652508,
      "count": 6,
      "values": [
        0.044144625680633626,
        0.009070148646995235,
        0.011038611453681568,
        0.018900751319210457,
        0.007140032464736823,
        0.014155186128722547
      ]
    },
    "num_results": 6
  },
  "denoising": {
    "metrics": {
      "mean": 0.012512896548261954,
      "std": 0.0043799122713885,
      "count": 6,
      "values": [
        0.013125774296527143,
        0.008562569787251978,
        0.011460537117359837,
        0.020815783890836798,
        0.00728377428492058,
        0.013828939912675392
      ]
    },
    "num_results": 6
  },
  "target_metric_score": 0.01740822594899671,
  "timestamp": "2025-05-30T23:33:40.237593"
}