{
  "experiment_name": "candidate_q_net_0_neuron_3",
  "coalition_neurons": [
    "q_net.2_neuron_40",
    "q_net.0_neuron_56",
    "q_net.2_neuron_34",
    "q_net.0_neuron_3"
  ],
  "patch_config": {
    "q_net.2": [
      40,
      34
    ],
    "q_net.0": [
      56,
      3
    ]
  },
  "noising": {
    "metrics": {
      "mean": 0.0062285879212318485,
      "std": 0.003918118506360056,
      "count": 6,
      "values": [
        0.008433362743065442,
        0.0016277914257998016,
        0.0064996854914417534,
        0.012101197754267795,
        0.007854597986473227,
        0.0008548921263430709
      ]
    },
    "num_results": 6
  },
  "denoising": {
    "metrics": {
      "mean": 0.005881343132042198,
      "std": 0.00410758178065676,
      "count": 6,
      "values": [
        0.005590681698608796,
        0.0014940162634685117,
        0.006631691296609676,
        0.013039241839501253,
        0.007793565962940396,
        0.0007388617311245571
      ]
    },
    "num_results": 6
  },
  "target_metric_score": 0.0062285879212318485,
  "timestamp": "2025-05-30T22:48:33.587108"
}