{
  "experiment_name": "candidate_q_net_0_neuron_16",
  "coalition_neurons": [
    "q_net.2_neuron_40",
    "q_net.0_neuron_56",
    "q_net.2_neuron_34",
    "q_net.2_neuron_38",
    "q_net.0_neuron_14",
    "q_net.2_neuron_33",
    "q_net.2_neuron_30",
    "q_net.2_neuron_63",
    "q_net.2_neuron_21",
    "q_net.0_neuron_49",
    "q_net.0_neuron_20",
    "q_net.0_neuron_29",
    "q_net.0_neuron_23",
    "q_net.2_neuron_10",
    "q_net.2_neuron_5",
    "q_net.2_neuron_23",
    "q_net.0_neuron_4",
    "q_net.0_neuron_26",
    "q_net.0_neuron_54",
    "q_net.0_neuron_42",
    "q_net.0_neuron_16"
  ],
  "patch_config": {
    "q_net.2": [
      40,
      34,
      38,
      33,
      30,
      63,
      21,
      10,
      5,
      23
    ],
    "q_net.0": [
      56,
      14,
      49,
      20,
      29,
      23,
      4,
      26,
      54,
      42,
      16
    ]
  },
  "noising": {
    "metrics": {
      "mean": 0.017417526894528298,
      "std": 0.014149265112423879,
      "count": 6,
      "values": [
        0.047253894452905704,
        0.0060918555017299425,
        0.012585604543718043,
        0.020239411589978662,
        0.006402764127867416,
        0.011931631150970012
      ]
    },
    "num_results": 6
  },
  "denoising": {
    "metrics": {
      "mean": 0.012082578124635326,
      "std": 0.0051537964090509645,
      "count": 6,
      "values": [
        0.018385365707196066,
        0.005533946744210733,
        0.013230431393250364,
        0.018054360360568705,
        0.005803522540120842,
        0.011487842002465248
      ]
    },
    "num_results": 6
  },
  "target_metric_score": 0.017417526894528298,
  "timestamp": "2025-05-30T23:33:41.094872"
}