{
  "experiment_name": "candidate_q_net_0_neuron_35",
  "coalition_neurons": [
    "q_net.2_neuron_40",
    "q_net.0_neuron_56",
    "q_net.2_neuron_34",
    "q_net.2_neuron_38",
    "q_net.0_neuron_14",
    "q_net.2_neuron_33",
    "q_net.2_neuron_30",
    "q_net.2_neuron_63",
    "q_net.2_neuron_21",
    "q_net.0_neuron_49",
    "q_net.0_neuron_20",
    "q_net.0_neuron_35"
  ],
  "patch_config": {
    "q_net.2": [
      40,
      34,
      38,
      33,
      30,
      63,
      21
    ],
    "q_net.0": [
      56,
      14,
      49,
      20,
      35
    ]
  },
  "noising": {
    "metrics": {
      "mean": 0.014411589045533676,
      "std": 0.012778307133100953,
      "count": 6,
      "values": [
        0.042321727628507555,
        0.00745338098807613,
        0.006975046416311026,
        0.012167399275222646,
        0.005003736250588059,
        0.012548243714496643
      ]
    },
    "num_results": 6
  },
  "denoising": {
    "metrics": {
      "mean": 0.010651725013943125,
      "std": 0.004207670208435632,
      "count": 6,
      "values": [
        0.014656645122260198,
        0.007343509545769816,
        0.007409607393963347,
        0.016522506186181563,
        0.005198472240203977,
        0.01277960959527985
      ]
    },
    "num_results": 6
  },
  "target_metric_score": 0.014411589045533676,
  "timestamp": "2025-05-30T23:33:36.728912"
}