{
  "experiment_name": "candidate_q_net_0_neuron_52",
  "coalition_neurons": [
    "q_net.2_neuron_40",
    "q_net.0_neuron_56",
    "q_net.2_neuron_34",
    "q_net.2_neuron_38",
    "q_net.0_neuron_14",
    "q_net.2_neuron_33",
    "q_net.2_neuron_30",
    "q_net.0_neuron_52"
  ],
  "patch_config": {
    "q_net.2": [
      40,
      34,
      38,
      33,
      30
    ],
    "q_net.0": [
      56,
      14,
      52
    ]
  },
  "noising": {
    "metrics": {
      "mean": 0.011862346255793466,
      "std": 0.009740882607806155,
      "count": 6,
      "values": [
        0.03265768020051202,
        0.0026677371642412906,
        0.008269504551569024,
        0.012286806364298214,
        0.006289500503613155,
        0.009002848750527093
      ]
    },
    "num_results": 6
  },
  "denoising": {
    "metrics": {
      "mean": 0.009234579767939422,
      "std": 0.00428692812979869,
      "count": 6,
      "values": [
        0.012162207395758268,
        0.002680373075736875,
        0.008890923157041458,
        0.016327844086063525,
        0.00636372680734168,
        0.008982404085694728
      ]
    },
    "num_results": 6
  },
  "target_metric_score": 0.011862346255793466,
  "timestamp": "2025-05-30T23:33:35.581844"
}