{
  "experiment_name": "candidate_q_net_0_neuron_54",
  "coalition_neurons": [
    "q_net.2_neuron_40",
    "q_net.0_neuron_56",
    "q_net.2_neuron_34",
    "q_net.2_neuron_38",
    "q_net.0_neuron_14",
    "q_net.2_neuron_33",
    "q_net.2_neuron_30",
    "q_net.2_neuron_63",
    "q_net.2_neuron_21",
    "q_net.0_neuron_49",
    "q_net.0_neuron_20",
    "q_net.0_neuron_29",
    "q_net.0_neuron_23",
    "q_net.2_neuron_10",
    "q_net.2_neuron_5",
    "q_net.2_neuron_23",
    "q_net.0_neuron_54"
  ],
  "patch_config": {
    "q_net.2": [
      40,
      34,
      38,
      33,
      30,
      63,
      21,
      10,
      5,
      23
    ],
    "q_net.0": [
      56,
      14,
      49,
      20,
      29,
      23,
      54
    ]
  },
  "noising": {
    "metrics": {
      "mean": 0.017071520562721057,
      "std": 0.012918481731632138,
      "count": 6,
      "values": [
        0.04490303367524978,
        0.007793677575246766,
        0.011801886268975187,
        0.017765119553951658,
        0.00737029959524832,
        0.01279510670765463
      ]
    },
    "num_results": 6
  },
  "denoising": {
    "metrics": {
      "mean": 0.012104582360790211,
      "std": 0.003904367513729738,
      "count": 6,
      "values": [
        0.015380321394869334,
        0.007330216736214756,
        0.012356579987079314,
        0.017956757674983254,
        0.007250094717596384,
        0.012353523653998222
      ]
    },
    "num_results": 6
  },
  "target_metric_score": 0.017071520562721057,
  "timestamp": "2025-05-31T15:21:41.182074"
}