{
  "experiment_name": "candidate_q_net_2_neuron_5",
  "coalition_neurons": [
    "q_net.2_neuron_40",
    "q_net.0_neuron_56",
    "q_net.2_neuron_34",
    "q_net.2_neuron_38",
    "q_net.0_neuron_14",
    "q_net.2_neuron_33",
    "q_net.2_neuron_5"
  ],
  "patch_config": {
    "q_net.2": [
      40,
      34,
      38,
      33,
      5
    ],
    "q_net.0": [
      56,
      14
    ]
  },
  "noising": {
    "metrics": {
      "mean": 0.01096059781978701,
      "std": 0.008730909319244307,
      "count": 6,
      "values": [
        0.029441417121211122,
        0.003570787715949375,
        0.005773617083189714,
        0.0125910975075198,
        0.005913717745006014,
        0.008472949745846031
      ]
    },
    "num_results": 6
  },
  "denoising": {
    "metrics": {
      "mean": 0.00834446964754918,
      "std": 0.004022365561217038,
      "count": 6,
      "values": [
        0.009301943931597195,
        0.003639073960591932,
        0.0063938286286613355,
        0.016368392848304908,
        0.005931379848998858,
        0.008432198667140844
      ]
    },
    "num_results": 6
  },
  "target_metric_score": 0.01096059781978701,
  "timestamp": "2025-05-30T22:48:34.606166"
}