{
  "experiment_name": "candidate_q_net_0_neuron_9",
  "coalition_neurons": [
    "q_net.4_neuron_3",
    "q_net.4_neuron_4",
    "q_net.0_neuron_38",
    "q_net.0_neuron_13",
    "q_net.2_neuron_38",
    "q_net.0_neuron_24",
    "q_net.2_neuron_21",
    "q_net.0_neuron_4",
    "q_net.0_neuron_40",
    "q_net.2_neuron_0",
    "q_net.0_neuron_9"
  ],
  "patch_config": {
    "q_net.4": [
      3,
      4
    ],
    "q_net.0": [
      38,
      13,
      24,
      4,
      40,
      9
    ],
    "q_net.2": [
      38,
      21,
      0
    ]
  },
  "noising": {
    "metrics": {
      "mean": 0.01454704066067459,
      "std": 0.009808466590246603,
      "count": 6,
      "values": [
        0.03352013153904704,
        0.013334543748008493,
        0.008457962591603363,
        0.010192404788926718,
        0.002734470317115212,
        0.019042730979346723
      ]
    },
    "num_results": 6
  },
  "denoising": {
    "metrics": {
      "mean": 0.015292987398819444,
      "std": 0.010482196677718141,
      "count": 6,
      "values": [
        0.013458421218671746,
        0.01341993052910842,
        0.008474327491036104,
        0.035738145724067,
        0.002006063843693312,
        0.01866103558634008
      ]
    },
    "num_results": 6
  },
  "target_metric_score": 0.015292987398819444,
  "timestamp": "2025-05-30T17:14:25.170706"
}