{
  "experiment_name": "candidate_q_net_0_neuron_46",
  "coalition_neurons": [
    "q_net.2_neuron_40",
    "q_net.0_neuron_56",
    "q_net.2_neuron_34",
    "q_net.2_neuron_38",
    "q_net.0_neuron_14",
    "q_net.2_neuron_33",
    "q_net.2_neuron_30",
    "q_net.2_neuron_63",
    "q_net.2_neuron_21",
    "q_net.0_neuron_49",
    "q_net.0_neuron_20",
    "q_net.0_neuron_29",
    "q_net.0_neuron_23",
    "q_net.2_neuron_10",
    "q_net.2_neuron_5",
    "q_net.0_neuron_46"
  ],
  "patch_config": {
    "q_net.2": [
      40,
      34,
      38,
      33,
      30,
      63,
      21,
      10,
      5
    ],
    "q_net.0": [
      56,
      14,
      49,
      20,
      29,
      23,
      46
    ]
  },
  "noising": {
    "metrics": {
      "mean": 0.01671316437751331,
      "std": 0.012758638551906388,
      "count": 6,
      "values": [
        0.044105992504936964,
        0.008647617184391804,
        0.010480736236388732,
        0.01716275445256532,
        0.0060354465747614605,
        0.01384643931203558
      ]
    },
    "num_results": 6
  },
  "denoising": {
    "metrics": {
      "mean": 0.011660554423598812,
      "std": 0.0038588062613013835,
      "count": 6,
      "values": [
        0.013168038235375878,
        0.008396563355625303,
        0.010817029335903144,
        0.017976346021429224,
        0.006000571566734364,
        0.01360477802652496
      ]
    },
    "num_results": 6
  },
  "target_metric_score": 0.01671316437751331,
  "timestamp": "2025-05-30T22:48:38.336777"
}