{
  "experiment_name": "candidate_q_net_0_neuron_8",
  "coalition_neurons": [
    "q_net.4_neuron_3",
    "q_net.4_neuron_4",
    "q_net.0_neuron_38",
    "q_net.0_neuron_13",
    "q_net.2_neuron_38",
    "q_net.0_neuron_24",
    "q_net.2_neuron_21",
    "q_net.0_neuron_4",
    "q_net.0_neuron_40",
    "q_net.2_neuron_0",
    "q_net.2_neuron_3",
    "q_net.0_neuron_27",
    "q_net.0_neuron_56",
    "q_net.0_neuron_8"
  ],
  "patch_config": {
    "q_net.4": [
      3,
      4
    ],
    "q_net.0": [
      38,
      13,
      24,
      4,
      40,
      27,
      56,
      8
    ],
    "q_net.2": [
      38,
      21,
      0,
      3
    ]
  },
  "noising": {
    "metrics": {
      "mean": 0.01632242282813061,
      "std": 0.013674781748099506,
      "count": 6,
      "values": [
        0.044378730660375704,
        0.013842123921402355,
        0.008368027702750053,
        0.010044124182608749,
        0.001660080953645976,
        0.019641449548000817
      ]
    },
    "num_results": 6
  },
  "denoising": {
    "metrics": {
      "mean": 0.01558341962583723,
      "std": 0.009887021925850227,
      "count": 6,
      "values": [
        0.017996111357888117,
        0.014165501131161468,
        0.00832577005904786,
        0.03282410477599787,
        0.0009152778781823523,
        0.019273752552745715
      ]
    },
    "num_results": 6
  },
  "target_metric_score": 0.01632242282813061,
  "timestamp": "2025-05-30T17:14:25.652463"
}