{
  "experiment_name": "candidate_q_net_0_neuron_14",
  "coalition_neurons": [
    "q_net.4_neuron_3",
    "q_net.4_neuron_4",
    "q_net.0_neuron_38",
    "q_net.0_neuron_13",
    "q_net.2_neuron_38",
    "q_net.0_neuron_24",
    "q_net.2_neuron_21",
    "q_net.0_neuron_4",
    "q_net.0_neuron_40",
    "q_net.2_neuron_0",
    "q_net.2_neuron_3",
    "q_net.0_neuron_27",
    "q_net.0_neuron_56",
    "q_net.0_neuron_7",
    "q_net.0_neuron_14"
  ],
  "patch_config": {
    "q_net.4": [
      3,
      4
    ],
    "q_net.0": [
      38,
      13,
      24,
      4,
      40,
      27,
      56,
      7,
      14
    ],
    "q_net.2": [
      38,
      21,
      0,
      3
    ]
  },
  "noising": {
    "metrics": {
      "mean": 0.016573980491910986,
      "std": 0.013317042496962531,
      "count": 6,
      "values": [
        0.044140431528260915,
        0.014378362623895025,
        0.008401983285920095,
        0.010001076090069838,
        0.003109574861581199,
        0.019412454561738846
      ]
    },
    "num_results": 6
  },
  "denoising": {
    "metrics": {
      "mean": 0.015558552332557393,
      "std": 0.008474458498586218,
      "count": 6,
      "values": [
        0.01626547971240358,
        0.014507951421971782,
        0.008403016192939178,
        0.030694571478508736,
        0.0039995413537541324,
        0.019480753835766945
      ]
    },
    "num_results": 6
  },
  "target_metric_score": 0.016573980491910986,
  "timestamp": "2025-05-30T17:14:25.690165"
}