{
  "experiment_name": "candidate_q_net_2_neuron_40",
  "coalition_neurons": [
    "q_net.4_neuron_3",
    "q_net.4_neuron_4",
    "q_net.0_neuron_38",
    "q_net.0_neuron_13",
    "q_net.2_neuron_38",
    "q_net.0_neuron_24",
    "q_net.2_neuron_21",
    "q_net.0_neuron_4",
    "q_net.0_neuron_40",
    "q_net.2_neuron_0",
    "q_net.2_neuron_3",
    "q_net.0_neuron_27",
    "q_net.2_neuron_40"
  ],
  "patch_config": {
    "q_net.4": [
      3,
      4
    ],
    "q_net.0": [
      38,
      13,
      24,
      4,
      40,
      27
    ],
    "q_net.2": [
      38,
      21,
      0,
      3,
      40
    ]
  },
  "noising": {
    "metrics": {
      "mean": 0.015572034965256975,
      "std": 0.012411975608092093,
      "count": 6,
      "values": [
        0.040855069956205275,
        0.012845199488233011,
        0.008385598306178937,
        0.010110313194120785,
        0.002041435114479323,
        0.019194593732324516
      ]
    },
    "num_results": 6
  },
  "denoising": {
    "metrics": {
      "mean": 0.015569519014331762,
      "std": 0.010414830429245419,
      "count": 6,
      "values": [
        0.017758937361511462,
        0.012907070909708523,
        0.008345519282492664,
        0.034627822490801596,
        0.0009730085980712289,
        0.018804755443405097
      ]
    },
    "num_results": 6
  },
  "target_metric_score": 0.015572034965256975,
  "timestamp": "2025-05-30T17:14:25.370513"
}