{
  "experiment_name": "candidate_q_net_2_neuron_15",
  "coalition_neurons": [
    "q_net.4_neuron_3",
    "q_net.2_neuron_15"
  ],
  "patch_config": {
    "q_net.4": [
      3
    ],
    "q_net.2": [
      15
    ]
  },
  "noising": {
    "metrics": {
      "mean": 0.008420941242647357,
      "std": 0.009094835773509778,
      "count": 6,
      "values": [
        0.0019218031827887005,
        0.0085698031566743,
        0.0002575712710311817,
        0.02645235981677671,
        0.0013669986182569538,
        0.011957111410356297
      ]
    },
    "num_results": 6
  },
  "denoising": {
    "metrics": {
      "mean": 0.00875089539013929,
      "std": 0.009947767664484559,
      "count": 6,
      "values": [
        0.0019159840922387261,
        0.00824349682047229,
        0.00023394117774272472,
        0.029039659895987252,
        0.001398426226172006,
        0.011673864128222744
      ]
    },
    "num_results": 6
  },
  "target_metric_score": 0.00875089539013929,
  "timestamp": "2025-05-30T17:14:23.835228"
}