{
  "experiment_name": "candidate_q_net_2_neuron_16",
  "coalition_neurons": [
    "q_net.4_neuron_3",
    "q_net.4_neuron_4",
    "q_net.0_neuron_38",
    "q_net.0_neuron_13",
    "q_net.2_neuron_38",
    "q_net.0_neuron_24",
    "q_net.2_neuron_21",
    "q_net.0_neuron_4",
    "q_net.0_neuron_40",
    "q_net.2_neuron_0",
    "q_net.2_neuron_3",
    "q_net.2_neuron_16"
  ],
  "patch_config": {
    "q_net.4": [
      3,
      4
    ],
    "q_net.0": [
      38,
      13,
      24,
      4,
      40
    ],
    "q_net.2": [
      38,
      21,
      0,
      3,
      16
    ]
  },
  "noising": {
    "metrics": {
      "mean": 0.014429391632499783,
      "std": 0.009556917256966387,
      "count": 6,
      "values": [
        0.03269994875323848,
        0.013475862839398445,
        0.008448335357430059,
        0.010185526916485776,
        0.002687207323866375,
        0.01907946860457957
      ]
    },
    "num_results": 6
  },
  "denoising": {
    "metrics": {
      "mean": 0.015772546697148056,
      "std": 0.010562942300817503,
      "count": 6,
      "values": [
        0.01601728750238013,
        0.013577381039991732,
        0.008456062326072405,
        0.035997684314783895,
        0.0018688455663570525,
        0.018718019433303118
      ]
    },
    "num_results": 6
  },
  "target_metric_score": 0.015772546697148056,
  "timestamp": "2025-05-30T17:14:25.349434"
}