{
  "experiment_name": "candidate_q_net_2_neuron_6",
  "coalition_neurons": [
    "q_net.2_neuron_40",
    "q_net.0_neuron_56",
    "q_net.2_neuron_34",
    "q_net.2_neuron_38",
    "q_net.0_neuron_14",
    "q_net.2_neuron_33",
    "q_net.2_neuron_30",
    "q_net.2_neuron_63",
    "q_net.2_neuron_21",
    "q_net.0_neuron_49",
    "q_net.0_neuron_20",
    "q_net.0_neuron_29",
    "q_net.0_neuron_23",
    "q_net.2_neuron_10",
    "q_net.2_neuron_5",
    "q_net.2_neuron_23",
    "q_net.0_neuron_4",
    "q_net.0_neuron_26",
    "q_net.0_neuron_54",
    "q_net.0_neuron_42",
    "q_net.0_neuron_33",
    "q_net.0_neuron_52",
    "q_net.0_neuron_32",
    "q_net.0_neuron_28",
    "q_net.2_neuron_41",
    "q_net.2_neuron_62",
    "q_net.2_neuron_6"
  ],
  "patch_config": {
    "q_net.2": [
      40,
      34,
      38,
      33,
      30,
      63,
      21,
      10,
      5,
      23,
      41,
      62,
      6
    ],
    "q_net.0": [
      56,
      14,
      49,
      20,
      29,
      23,
      4,
      26,
      54,
      42,
      33,
      52,
      32,
      28
    ]
  },
  "noising": {
    "metrics": {
      "mean": 0.018509888275914096,
      "std": 0.015259736968853549,
      "count": 6,
      "values": [
        0.050515258361059995,
        0.0050941265157206095,
        0.015177958700273025,
        0.02089537168793626,
        0.00649470539426053,
        0.012881908996234148
      ]
    },
    "num_results": 6
  },
  "denoising": {
    "metrics": {
      "mean": 0.012430028848178376,
      "std": 0.0059226099539534845,
      "count": 6,
      "values": [
        0.016622810128427395,
        0.0038362679481911133,
        0.015515710011592965,
        0.020324055258421375,
        0.00556611603422183,
        0.012715213708215573
      ]
    },
    "num_results": 6
  },
  "target_metric_score": 0.018509888275914096,
  "timestamp": "2025-05-30T23:33:43.506859"
}