{
  "experiment_name": "candidate_q_net_0_neuron_2",
  "coalition_neurons": [
    "q_net.4_neuron_3",
    "q_net.4_neuron_4",
    "q_net.0_neuron_38",
    "q_net.0_neuron_2"
  ],
  "patch_config": {
    "q_net.4": [
      3,
      4
    ],
    "q_net.0": [
      38,
      2
    ]
  },
  "noising": {
    "metrics": {
      "mean": 0.007754851466021599,
      "std": 0.0026696644518104397,
      "count": 6,
      "values": [
        0.007242813355812172,
        0.008150158797369716,
        0.008518423617804916,
        0.010040951161574135,
        0.002273792976932615,
        0.010302968886636038
      ]
    },
    "num_results": 6
  },
  "denoising": {
    "metrics": {
      "mean": 0.011569684107937425,
      "std": 0.00959307231778365,
      "count": 6,
      "values": [
        0.007990651091647927,
        0.00790605498285779,
        0.008621554246387664,
        0.0323669298470228,
        0.0024938432371795494,
        0.010039071242528813
      ]
    },
    "num_results": 6
  },
  "target_metric_score": 0.011569684107937425,
  "timestamp": "2025-05-30T17:14:24.154278"
}