{
  "experiment_name": "candidate_q_net_0_neuron_62",
  "coalition_neurons": [
    "q_net.2_neuron_40",
    "q_net.0_neuron_56",
    "q_net.2_neuron_34",
    "q_net.2_neuron_38",
    "q_net.0_neuron_14",
    "q_net.2_neuron_33",
    "q_net.2_neuron_30",
    "q_net.2_neuron_63",
    "q_net.2_neuron_21",
    "q_net.0_neuron_49",
    "q_net.0_neuron_20",
    "q_net.0_neuron_29",
    "q_net.0_neuron_23",
    "q_net.2_neuron_10",
    "q_net.2_neuron_5",
    "q_net.2_neuron_23",
    "q_net.0_neuron_4",
    "q_net.0_neuron_26",
    "q_net.0_neuron_54",
    "q_net.0_neuron_62"
  ],
  "patch_config": {
    "q_net.2": [
      40,
      34,
      38,
      33,
      30,
      63,
      21,
      10,
      5,
      23
    ],
    "q_net.0": [
      56,
      14,
      49,
      20,
      29,
      23,
      4,
      26,
      54,
      62
    ]
  },
  "noising": {
    "metrics": {
      "mean": 0.01787467271882782,
      "std": 0.013741341389475583,
      "count": 6,
      "values": [
        0.04719748188343251,
        0.006841583401637874,
        0.013186010930928,
        0.01954248726830854,
        0.007997894803409317,
        0.012482578025250685
      ]
    },
    "num_results": 6
  },
  "denoising": {
    "metrics": {
      "mean": 0.012360230539298134,
      "std": 0.004453095452339767,
      "count": 6,
      "values": [
        0.014190991826340427,
        0.006519844278135234,
        0.01319994269877564,
        0.020138805184906766,
        0.007855066359798935,
        0.0122567328878318
      ]
    },
    "num_results": 6
  },
  "target_metric_score": 0.01787467271882782,
  "timestamp": "2025-05-30T23:33:40.980388"
}