{
  "experiment_name": "candidate_q_net_0_neuron_9",
  "coalition_neurons": [
    "q_net.4_neuron_3",
    "q_net.4_neuron_4",
    "q_net.0_neuron_38",
    "q_net.0_neuron_13",
    "q_net.2_neuron_38",
    "q_net.0_neuron_24",
    "q_net.2_neuron_21",
    "q_net.0_neuron_4",
    "q_net.0_neuron_9"
  ],
  "patch_config": {
    "q_net.4": [
      3,
      4
    ],
    "q_net.0": [
      38,
      13,
      24,
      4,
      9
    ],
    "q_net.2": [
      38,
      21
    ]
  },
  "noising": {
    "metrics": {
      "mean": 0.013089927104209384,
      "std": 0.007180783336809876,
      "count": 6,
      "values": [
        0.024838245562856714,
        0.013334543748008493,
        0.008458103929284921,
        0.010190810745418888,
        0.002750732594931332,
        0.01896712604475595
      ]
    },
    "num_results": 6
  },
  "denoising": {
    "metrics": {
      "mean": 0.014976805342778418,
      "std": 0.010509615055816922,
      "count": 6,
      "values": [
        0.011377855465018322,
        0.01341993052910842,
        0.008472236507037295,
        0.035730979479514896,
        0.0022769349203846656,
        0.018582895155606904
      ]
    },
    "num_results": 6
  },
  "target_metric_score": 0.014976805342778418,
  "timestamp": "2025-05-30T17:14:24.890970"
}