{
  "experiment_name": "candidate_q_net_4_neuron_0",
  "coalition_neurons": [
    "q_net.4_neuron_3",
    "q_net.4_neuron_4",
    "q_net.0_neuron_38",
    "q_net.0_neuron_13",
    "q_net.2_neuron_38",
    "q_net.0_neuron_24",
    "q_net.2_neuron_21",
    "q_net.0_neuron_4",
    "q_net.0_neuron_40",
    "q_net.2_neuron_0",
    "q_net.2_neuron_3",
    "q_net.0_neuron_27",
    "q_net.0_neuron_56",
    "q_net.0_neuron_7",
    "q_net.0_neuron_16",
    "q_net.0_neuron_9",
    "q_net.2_neuron_30",
    "q_net.2_neuron_16",
    "q_net.2_neuron_63",
    "q_net.0_neuron_48",
    "q_net.2_neuron_33",
    "q_net.0_neuron_14",
    "q_net.4_neuron_0"
  ],
  "patch_config": {
    "q_net.4": [
      3,
      4,
      0
    ],
    "q_net.0": [
      38,
      13,
      24,
      4,
      40,
      27,
      56,
      7,
      16,
      9,
      48,
      14
    ],
    "q_net.2": [
      38,
      21,
      0,
      3,
      30,
      16,
      63,
      33
    ]
  },
  "noising": {
    "metrics": {
      "mean": 0.018122030808017272,
      "std": 0.014454080846488658,
      "count": 6,
      "values": [
        0.04850530671497952,
        0.014759599147198349,
        0.008401285671768455,
        0.009741453430554492,
        0.006093669673670421,
        0.02123087020993239
      ]
    },
    "num_results": 6
  },
  "denoising": {
    "metrics": {
      "mean": 0.01293564032914967,
      "std": 0.007832631316249377,
      "count": 6,
      "values": [
        0.0022889876167070944,
        0.015363542630981664,
        0.008406637699462871,
        0.02387016520385929,
        0.006523266804167899,
        0.021161242019719195
      ]
    },
    "num_results": 6
  },
  "target_metric_score": 0.018122030808017272,
  "timestamp": "2025-05-30T17:14:27.018792"
}