{
  "experiment_name": "candidate_q_net_2_neuron_61",
  "coalition_neurons": [
    "q_net.2_neuron_40",
    "q_net.0_neuron_56",
    "q_net.2_neuron_34",
    "q_net.2_neuron_38",
    "q_net.0_neuron_14",
    "q_net.2_neuron_33",
    "q_net.2_neuron_30",
    "q_net.2_neuron_63",
    "q_net.2_neuron_21",
    "q_net.0_neuron_49",
    "q_net.0_neuron_20",
    "q_net.0_neuron_29",
    "q_net.0_neuron_23",
    "q_net.2_neuron_10",
    "q_net.2_neuron_5",
    "q_net.2_neuron_23",
    "q_net.0_neuron_4",
    "q_net.0_neuron_26",
    "q_net.0_neuron_54",
    "q_net.0_neuron_42",
    "q_net.0_neuron_33",
    "q_net.0_neuron_52",
    "q_net.0_neuron_32",
    "q_net.2_neuron_61"
  ],
  "patch_config": {
    "q_net.2": [
      40,
      34,
      38,
      33,
      30,
      63,
      21,
      10,
      5,
      23,
      61
    ],
    "q_net.0": [
      56,
      14,
      49,
      20,
      29,
      23,
      4,
      26,
      54,
      42,
      33,
      52,
      32
    ]
  },
  "noising": {
    "metrics": {
      "mean": 0.018556664566383847,
      "std": 0.014652822276725198,
      "count": 6,
      "values": [
        0.049639493545466346,
        0.005486848834281827,
        0.014765851772222588,
        0.01974178334144014,
        0.007954612951734857,
        0.01375139695315733
      ]
    },
    "num_results": 6
  },
  "denoising": {
    "metrics": {
      "mean": 0.012832736965642827,
      "std": 0.005665085284407413,
      "count": 6,
      "values": [
        0.016111950853536727,
        0.004215283925521729,
        0.015010326165624449,
        0.021085508574024053,
        0.006990434214415753,
        0.01358291806073425
      ]
    },
    "num_results": 6
  },
  "target_metric_score": 0.018556664566383847,
  "timestamp": "2025-05-30T23:33:42.441533"
}