{
  "experiment_name": "candidate_q_net_2_neuron_34",
  "coalition_neurons": [
    "q_net.4_neuron_3",
    "q_net.4_neuron_4",
    "q_net.0_neuron_38",
    "q_net.2_neuron_34"
  ],
  "patch_config": {
    "q_net.4": [
      3,
      4
    ],
    "q_net.0": [
      38
    ],
    "q_net.2": [
      34
    ]
  },
  "noising": {
    "metrics": {
      "mean": 0.009802664800989827,
      "std": 0.0032010240449200805,
      "count": 6,
      "values": [
        0.01181456404941228,
        0.011578397014937375,
        0.008513306179170316,
        0.01002491865961,
        0.003499432154428078,
        0.01338537074838092
      ]
    },
    "num_results": 6
  },
  "denoising": {
    "metrics": {
      "mean": 0.013561242249982161,
      "std": 0.009681695505834129,
      "count": 6,
      "values": [
        0.010433115072402604,
        0.011444856123213054,
        0.008608944493649268,
        0.0341193828843257,
        0.003517136158190659,
        0.013244018768111682
      ]
    },
    "num_results": 6
  },
  "target_metric_score": 0.013561242249982161,
  "timestamp": "2025-05-30T17:14:24.106381"
}