{
  "experiment_name": "candidate_q_net_2_neuron_43",
  "coalition_neurons": [
    "q_net.2_neuron_40",
    "q_net.0_neuron_56",
    "q_net.2_neuron_34",
    "q_net.2_neuron_38",
    "q_net.0_neuron_14",
    "q_net.2_neuron_33",
    "q_net.2_neuron_30",
    "q_net.2_neuron_63",
    "q_net.2_neuron_21",
    "q_net.0_neuron_49",
    "q_net.0_neuron_20",
    "q_net.0_neuron_29",
    "q_net.0_neuron_23",
    "q_net.2_neuron_10",
    "q_net.2_neuron_5",
    "q_net.2_neuron_23",
    "q_net.0_neuron_4",
    "q_net.0_neuron_26",
    "q_net.0_neuron_54",
    "q_net.0_neuron_42",
    "q_net.0_neuron_33",
    "q_net.0_neuron_52",
    "q_net.0_neuron_32",
    "q_net.0_neuron_28",
    "q_net.2_neuron_41",
    "q_net.2_neuron_62",
    "q_net.2_neuron_20",
    "q_net.2_neuron_43"
  ],
  "patch_config": {
    "q_net.2": [
      40,
      34,
      38,
      33,
      30,
      63,
      21,
      10,
      5,
      23,
      41,
      62,
      20,
      43
    ],
    "q_net.0": [
      56,
      14,
      49,
      20,
      29,
      23,
      4,
      26,
      54,
      42,
      33,
      52,
      32,
      28
    ]
  },
  "noising": {
    "metrics": {
      "mean": 0.01913541284907926,
      "std": 0.014924136928746046,
      "count": 6,
      "values": [
        0.0500289682637253,
        0.005813323117228875,
        0.015266504393114583,
        0.023110691826269236,
        0.0073414063041225,
        0.01325158319001507
      ]
    },
    "num_results": 6
  },
  "denoising": {
    "metrics": {
      "mean": 0.013184028474043217,
      "std": 0.006186650898206887,
      "count": 6,
      "values": [
        0.016828571492835565,
        0.004511693918702098,
        0.015612103713162268,
        0.022666121652147153,
        0.006451440681361803,
        0.013034239386050417
      ]
    },
    "num_results": 6
  },
  "target_metric_score": 0.01913541284907926,
  "timestamp": "2025-05-31T15:21:45.319717"
}