{
  "experiment_name": "candidate_q_net_2_neuron_15",
  "coalition_neurons": [
    "q_net.4_neuron_3",
    "q_net.4_neuron_4",
    "q_net.0_neuron_38",
    "q_net.0_neuron_13",
    "q_net.2_neuron_38",
    "q_net.0_neuron_24",
    "q_net.2_neuron_21",
    "q_net.0_neuron_4",
    "q_net.0_neuron_40",
    "q_net.2_neuron_0",
    "q_net.2_neuron_3",
    "q_net.2_neuron_15"
  ],
  "patch_config": {
    "q_net.4": [
      3,
      4
    ],
    "q_net.0": [
      38,
      13,
      24,
      4,
      40
    ],
    "q_net.2": [
      38,
      21,
      0,
      3,
      15
    ]
  },
  "noising": {
    "metrics": {
      "mean": 0.013162636569296055,
      "std": 0.008808009528024336,
      "count": 6,
      "values": [
        0.03036344522791684,
        0.01066048014080967,
        0.008429165551784162,
        0.010256661098878794,
        0.002298493780522326,
        0.01696757361586454
      ]
    },
    "num_results": 6
  },
  "denoising": {
    "metrics": {
      "mean": 0.01480530769075306,
      "std": 0.011070598641869529,
      "count": 6,
      "values": [
        0.014488708306458042,
        0.010750852374286718,
        0.008418382715715211,
        0.03710264316226752,
        0.001476934905656313,
        0.016594324680134553
      ]
    },
    "num_results": 6
  },
  "target_metric_score": 0.01480530769075306,
  "timestamp": "2025-05-30T17:14:25.236608"
}