{
  "experiment_name": "candidate_q_net_0_neuron_7",
  "coalition_neurons": [
    "q_net.2_neuron_40",
    "q_net.0_neuron_56",
    "q_net.2_neuron_34",
    "q_net.2_neuron_38",
    "q_net.0_neuron_14",
    "q_net.2_neuron_33",
    "q_net.2_neuron_30",
    "q_net.2_neuron_63",
    "q_net.2_neuron_21",
    "q_net.0_neuron_49",
    "q_net.0_neuron_7"
  ],
  "patch_config": {
    "q_net.2": [
      40,
      34,
      38,
      33,
      30,
      63,
      21
    ],
    "q_net.0": [
      56,
      14,
      49,
      7
    ]
  },
  "noising": {
    "metrics": {
      "mean": 0.013910008559353084,
      "std": 0.01219393900232967,
      "count": 6,
      "values": [
        0.040032064213018276,
        0.006618516988818879,
        0.008598847023641804,
        0.013963542540954055,
        0.0028631621600494206,
        0.01138391842963607
      ]
    },
    "num_results": 6
  },
  "denoising": {
    "metrics": {
      "mean": 0.009922336029802825,
      "std": 0.004741478233473878,
      "count": 6,
      "values": [
        0.015751727120128678,
        0.006360440087263636,
        0.009161821072632581,
        0.014943456398908928,
        0.002123822682414428,
        0.011192748817468706
      ]
    },
    "num_results": 6
  },
  "target_metric_score": 0.013910008559353084,
  "timestamp": "2025-05-30T22:48:35.884770"
}