{
  "experiment_name": "candidate_q_net_0_neuron_2",
  "coalition_neurons": [
    "q_net.2_neuron_40",
    "q_net.0_neuron_56",
    "q_net.2_neuron_34",
    "q_net.2_neuron_38",
    "q_net.0_neuron_14",
    "q_net.2_neuron_33",
    "q_net.2_neuron_30",
    "q_net.2_neuron_63",
    "q_net.2_neuron_21",
    "q_net.0_neuron_49",
    "q_net.0_neuron_20",
    "q_net.0_neuron_29",
    "q_net.0_neuron_23",
    "q_net.2_neuron_10",
    "q_net.2_neuron_5",
    "q_net.2_neuron_23",
    "q_net.0_neuron_2"
  ],
  "patch_config": {
    "q_net.2": [
      40,
      34,
      38,
      33,
      30,
      63,
      21,
      10,
      5,
      23
    ],
    "q_net.0": [
      56,
      14,
      49,
      20,
      29,
      23,
      2
    ]
  },
  "noising": {
    "metrics": {
      "mean": 0.015522515892369798,
      "std": 0.013041726963081519,
      "count": 6,
      "values": [
        0.043456418214073145,
        0.006001377458636825,
        0.009918807452179268,
        0.017102754251715008,
        0.005864102827445594,
        0.010791635150168954
      ]
    },
    "num_results": 6
  },
  "denoising": {
    "metrics": {
      "mean": 0.010355275136127301,
      "std": 0.004092761389539106,
      "count": 6,
      "values": [
        0.013523451216263277,
        0.005271898500294359,
        0.010194546627820433,
        0.017129230772371162,
        0.006046914815684978,
        0.009965608884329596
      ]
    },
    "num_results": 6
  },
  "target_metric_score": 0.015522515892369798,
  "timestamp": "2025-05-30T22:48:38.527803"
}