{
  "experiment_name": "candidate_q_net_0_neuron_60",
  "coalition_neurons": [
    "q_net.2_neuron_40",
    "q_net.0_neuron_56",
    "q_net.2_neuron_34",
    "q_net.2_neuron_38",
    "q_net.0_neuron_14",
    "q_net.2_neuron_33",
    "q_net.2_neuron_30",
    "q_net.2_neuron_63",
    "q_net.2_neuron_21",
    "q_net.0_neuron_49",
    "q_net.0_neuron_20",
    "q_net.0_neuron_29",
    "q_net.0_neuron_23",
    "q_net.2_neuron_10",
    "q_net.2_neuron_5",
    "q_net.2_neuron_23",
    "q_net.0_neuron_4",
    "q_net.0_neuron_60"
  ],
  "patch_config": {
    "q_net.2": [
      40,
      34,
      38,
      33,
      30,
      63,
      21,
      10,
      5,
      23
    ],
    "q_net.0": [
      56,
      14,
      49,
      20,
      29,
      23,
      4,
      60
    ]
  },
  "noising": {
    "metrics": {
      "mean": 0.017084247484660853,
      "std": 0.012804118534352206,
      "count": 6,
      "values": [
        0.044586976238614684,
        0.008513473288527362,
        0.011079364110338302,
        0.017753769754072862,
        0.006759345574358838,
        0.013812555942053079
      ]
    },
    "num_results": 6
  },
  "denoising": {
    "metrics": {
      "mean": 0.012169192105858595,
      "std": 0.0042595135886042135,
      "count": 6,
      "values": [
        0.013239408378471346,
        0.007953441530724414,
        0.01145434857080449,
        0.019918109911003345,
        0.0069214602775141965,
        0.013528383966633778
      ]
    },
    "num_results": 6
  },
  "target_metric_score": 0.017084247484660853,
  "timestamp": "2025-05-30T23:33:40.290347"
}