{
  "experiment_name": "candidate_q_net_0_neuron_60",
  "coalition_neurons": [
    "q_net.2_neuron_40",
    "q_net.0_neuron_56",
    "q_net.2_neuron_34",
    "q_net.2_neuron_38",
    "q_net.0_neuron_14",
    "q_net.2_neuron_33",
    "q_net.2_neuron_30",
    "q_net.2_neuron_63",
    "q_net.2_neuron_21",
    "q_net.0_neuron_49",
    "q_net.0_neuron_20",
    "q_net.0_neuron_29",
    "q_net.0_neuron_23",
    "q_net.2_neuron_10",
    "q_net.2_neuron_5",
    "q_net.2_neuron_23",
    "q_net.0_neuron_4",
    "q_net.0_neuron_26",
    "q_net.0_neuron_60"
  ],
  "patch_config": {
    "q_net.2": [
      40,
      34,
      38,
      33,
      30,
      63,
      21,
      10,
      5,
      23
    ],
    "q_net.0": [
      56,
      14,
      49,
      20,
      29,
      23,
      4,
      26,
      60
    ]
  },
  "noising": {
    "metrics": {
      "mean": 0.017337259719364066,
      "std": 0.013169482647418563,
      "count": 6,
      "values": [
        0.04568746903080831,
        0.008667301408864153,
        0.011088759020895178,
        0.01773860849728434,
        0.006758269927700067,
        0.014083150430632352
      ]
    },
    "num_results": 6
  },
  "denoising": {
    "metrics": {
      "mean": 0.012292966822882325,
      "std": 0.004237071616821991,
      "count": 6,
      "values": [
        0.013404903364941045,
        0.008226909459741971,
        0.011483908016067412,
        0.01989981372017266,
        0.006904012981735069,
        0.013838253394635791
      ]
    },
    "num_results": 6
  },
  "target_metric_score": 0.017337259719364066,
  "timestamp": "2025-05-30T22:48:39.564873"
}