{
  "experiment_name": "candidate_q_net_0_neuron_36",
  "coalition_neurons": [
    "q_net.2_neuron_40",
    "q_net.0_neuron_56",
    "q_net.2_neuron_34",
    "q_net.2_neuron_38",
    "q_net.0_neuron_14",
    "q_net.2_neuron_33",
    "q_net.2_neuron_30",
    "q_net.2_neuron_63",
    "q_net.2_neuron_21",
    "q_net.0_neuron_49",
    "q_net.0_neuron_20",
    "q_net.0_neuron_29",
    "q_net.0_neuron_23",
    "q_net.2_neuron_10",
    "q_net.2_neuron_5",
    "q_net.2_neuron_23",
    "q_net.0_neuron_36"
  ],
  "patch_config": {
    "q_net.2": [
      40,
      34,
      38,
      33,
      30,
      63,
      21,
      10,
      5,
      23
    ],
    "q_net.0": [
      56,
      14,
      49,
      20,
      29,
      23,
      36
    ]
  },
  "noising": {
    "metrics": {
      "mean": 0.01609242074163857,
      "std": 0.011253398864703706,
      "count": 6,
      "values": [
        0.04003811324270293,
        0.009514844402678385,
        0.010313654127248661,
        0.016546099841555417,
        0.005766491336468255,
        0.014375321499177779
      ]
    },
    "num_results": 6
  },
  "denoising": {
    "metrics": {
      "mean": 0.011476950437657904,
      "std": 0.003759148977950756,
      "count": 6,
      "values": [
        0.011456293462897116,
        0.009129811353841555,
        0.010656939155855139,
        0.01782517309096257,
        0.005815612067294917,
        0.013977873495096133
      ]
    },
    "num_results": 6
  },
  "target_metric_score": 0.01609242074163857,
  "timestamp": "2025-05-31T15:21:41.291358"
}