{
  "experiment_name": "initial_neuron",
  "coalition_neurons": [
    "q_net.2_neuron_40"
  ],
  "patch_config": {
    "q_net.2": [
      40
    ]
  },
  "noising": {
    "metrics": {
      "mean": 0.002718611472426168,
      "std": 0.002085545327402364,
      "count": 6,
      "values": [
        0.005924526924587392,
        0.00015255307419712039,
        0.002812129720960871,
        0.0039056020336444564,
        0.0034865563578958814,
        3.0300723271287078e-05
      ]
    },
    "num_results": 6
  },
  "denoising": {
    "metrics": {
      "mean": 0.0023969325901301436,
      "std": 0.0017430285989949441,
      "count": 6,
      "values": [
        0.0029730261723860396,
        0.00016038593193726247,
        0.002888387261859915,
        0.0047911910046761486,
        0.0035407528853163284,
        2.7852284605167643e-05
      ]
    },
    "num_results": 6
  },
  "target_metric_score": 0.002718611472426168,
  "timestamp": "2025-05-30T23:33:33.237186"
}