{
  "experiment_name": "candidate_q_net_0_neuron_16",
  "coalition_neurons": [
    "q_net.2_neuron_40",
    "q_net.0_neuron_56",
    "q_net.2_neuron_34",
    "q_net.2_neuron_38",
    "q_net.0_neuron_14",
    "q_net.2_neuron_33",
    "q_net.2_neuron_30",
    "q_net.2_neuron_63",
    "q_net.2_neuron_21",
    "q_net.0_neuron_49",
    "q_net.0_neuron_20",
    "q_net.0_neuron_29",
    "q_net.0_neuron_16"
  ],
  "patch_config": {
    "q_net.2": [
      40,
      34,
      38,
      33,
      30,
      63,
      21
    ],
    "q_net.0": [
      56,
      14,
      49,
      20,
      29,
      16
    ]
  },
  "noising": {
    "metrics": {
      "mean": 0.015290180272212156,
      "std": 0.012945540339021391,
      "count": 6,
      "values": [
        0.0434159914418934,
        0.006388853766104596,
        0.01071391757786419,
        0.014704327682372259,
        0.005514300635113045,
        0.011003690529925447
      ]
    },
    "num_results": 6
  },
  "denoising": {
    "metrics": {
      "mean": 0.011034951866315765,
      "std": 0.004849748189377132,
      "count": 6,
      "values": [
        0.019338591963369955,
        0.005771607283503261,
        0.011049454443705031,
        0.01434905065520578,
        0.005281240389818559,
        0.010419766462292007
      ]
    },
    "num_results": 6
  },
  "target_metric_score": 0.015290180272212156,
  "timestamp": "2025-05-30T22:48:36.517940"
}