{
  "experiment_name": "candidate_q_net_2_neuron_40",
  "coalition_neurons": [
    "q_net.4_neuron_3",
    "q_net.4_neuron_4",
    "q_net.0_neuron_38",
    "q_net.0_neuron_13",
    "q_net.2_neuron_38",
    "q_net.0_neuron_24",
    "q_net.2_neuron_21",
    "q_net.0_neuron_4",
    "q_net.0_neuron_40",
    "q_net.2_neuron_0",
    "q_net.2_neuron_3",
    "q_net.0_neuron_27",
    "q_net.0_neuron_56",
    "q_net.2_neuron_40"
  ],
  "patch_config": {
    "q_net.4": [
      3,
      4
    ],
    "q_net.0": [
      38,
      13,
      24,
      4,
      40,
      27,
      56
    ],
    "q_net.2": [
      38,
      21,
      0,
      3,
      40
    ]
  },
  "noising": {
    "metrics": {
      "mean": 0.01587163424804458,
      "std": 0.013635618434753822,
      "count": 6,
      "values": [
        0.0437135172983831,
        0.013017674563485793,
        0.008366681128822856,
        0.010047553892501837,
        0.0007133117477495787,
        0.019371066857324315
      ]
    },
    "num_results": 6
  },
  "denoising": {
    "metrics": {
      "mean": 0.015166599047873097,
      "std": 0.010080467239534797,
      "count": 6,
      "values": [
        0.01774313609732775,
        0.013093281481059926,
        0.008314517437623598,
        0.0327672841117527,
        8.7623714039059e-05,
        0.018993751445435553
      ]
    },
    "num_results": 6
  },
  "target_metric_score": 0.01587163424804458,
  "timestamp": "2025-05-30T17:14:25.523434"
}