{
  "experiment_name": "candidate_q_net_2_neuron_10",
  "coalition_neurons": [
    "q_net.2_neuron_40",
    "q_net.2_neuron_34",
    "q_net.0_neuron_56",
    "q_net.0_neuron_14",
    "q_net.2_neuron_38",
    "q_net.2_neuron_33",
    "q_net.2_neuron_30",
    "q_net.2_neuron_63",
    "q_net.0_neuron_49",
    "q_net.0_neuron_29",
    "q_net.2_neuron_21",
    "q_net.2_neuron_3",
    "q_net.0_neuron_20",
    "q_net.0_neuron_23",
    "q_net.0_neuron_4",
    "q_net.2_neuron_23",
    "q_net.0_neuron_32",
    "q_net.0_neuron_45",
    "q_net.0_neuron_13",
    "q_net.0_neuron_54",
    "q_net.2_neuron_50",
    "q_net.2_neuron_10"
  ],
  "patch_config": {
    "q_net.2": [
      40,
      34,
      38,
      33,
      30,
      63,
      21,
      3,
      23,
      50,
      10
    ],
    "q_net.0": [
      56,
      14,
      49,
      29,
      20,
      23,
      4,
      32,
      45,
      13,
      54
    ]
  },
  "noising": {
    "metrics": {
      "mean": 0.017869565264597306,
      "std": 0.01477564677401025,
      "count": 6,
      "values": [
        0.04898484250193358,
        0.0064292152752020715,
        0.014241475371371048,
        0.019337278179998918,
        0.0045199384962154865,
        0.013704641762862735
      ]
    },
    "num_results": 6
  },
  "denoising": {
    "metrics": {
      "mean": 0.013931761070804904,
      "std": 0.007825979364489479,
      "count": 6,
      "values": [
        0.024953393991635486,
        0.00591571932530538,
        0.014156611009060266,
        0.02195224783775107,
        0.003106684355850542,
        0.013505909905226682
      ]
    },
    "num_results": 6
  },
  "target_metric_score": 0.015900663167701105,
  "timestamp": "2025-05-30T23:15:58.154481"
}