{
  "experiment_name": "candidate_q_net_2_neuron_5",
  "coalition_neurons": [
    "q_net.2_neuron_40",
    "q_net.0_neuron_56",
    "q_net.2_neuron_34",
    "q_net.2_neuron_38",
    "q_net.0_neuron_14",
    "q_net.2_neuron_5"
  ],
  "patch_config": {
    "q_net.2": [
      40,
      34,
      38,
      5
    ],
    "q_net.0": [
      56,
      14
    ]
  },
  "noising": {
    "metrics": {
      "mean": 0.009791932334887524,
      "std": 0.008763923421279279,
      "count": 6,
      "values": [
        0.028299287090855746,
        0.0014365921168050522,
        0.005692814017631498,
        0.011329612452034982,
        0.005482554441450266,
        0.006510733890547599
      ]
    },
    "num_results": 6
  },
  "denoising": {
    "metrics": {
      "mean": 0.007335825842413902,
      "std": 0.00394058389538868,
      "count": 6,
      "values": [
        0.010104082410782922,
        0.0015080527612514882,
        0.006311814217642819,
        0.01414192544525572,
        0.0054922353293203885,
        0.0064568448902300735
      ]
    },
    "num_results": 6
  },
  "target_metric_score": 0.009791932334887524,
  "timestamp": "2025-05-31T15:21:37.339019"
}