{
  "experiment_name": "candidate_q_net_0_neuron_5",
  "coalition_neurons": [
    "q_net.2_neuron_40",
    "q_net.0_neuron_56",
    "q_net.2_neuron_34",
    "q_net.2_neuron_38",
    "q_net.0_neuron_14",
    "q_net.2_neuron_33",
    "q_net.2_neuron_30",
    "q_net.2_neuron_63",
    "q_net.2_neuron_21",
    "q_net.0_neuron_49",
    "q_net.0_neuron_20",
    "q_net.0_neuron_29",
    "q_net.0_neuron_23",
    "q_net.2_neuron_10",
    "q_net.0_neuron_5"
  ],
  "patch_config": {
    "q_net.2": [
      40,
      34,
      38,
      33,
      30,
      63,
      21,
      10
    ],
    "q_net.0": [
      56,
      14,
      49,
      20,
      29,
      23,
      5
    ]
  },
  "noising": {
    "metrics": {
      "mean": 0.015490979560164366,
      "std": 0.012289685006988741,
      "count": 6,
      "values": [
        0.041907335460191014,
        0.005770893418928114,
        0.011082130640250154,
        0.016129152888640308,
        0.006733241789809552,
        0.011323123163167054
      ]
    },
    "num_results": 6
  },
  "denoising": {
    "metrics": {
      "mean": 0.01145310135457799,
      "std": 0.004583696507314853,
      "count": 6,
      "values": [
        0.016025022704171415,
        0.0053307180509003516,
        0.011427540404926828,
        0.018281465128068553,
        0.006922350599565835,
        0.010731511239834957
      ]
    },
    "num_results": 6
  },
  "target_metric_score": 0.015490979560164366,
  "timestamp": "2025-05-30T23:33:38.189329"
}