{
  "experiment_name": "candidate_q_net_0_neuron_54",
  "coalition_neurons": [
    "q_net.4_neuron_3",
    "q_net.4_neuron_4",
    "q_net.0_neuron_38",
    "q_net.0_neuron_13",
    "q_net.2_neuron_38",
    "q_net.0_neuron_24",
    "q_net.2_neuron_21",
    "q_net.0_neuron_4",
    "q_net.0_neuron_40",
    "q_net.2_neuron_0",
    "q_net.2_neuron_3",
    "q_net.0_neuron_27",
    "q_net.0_neuron_56",
    "q_net.0_neuron_7",
    "q_net.0_neuron_16",
    "q_net.0_neuron_9",
    "q_net.2_neuron_30",
    "q_net.2_neuron_16",
    "q_net.2_neuron_63",
    "q_net.0_neuron_48",
    "q_net.2_neuron_33",
    "q_net.0_neuron_14",
    "q_net.0_neuron_29",
    "q_net.2_neuron_36",
    "q_net.0_neuron_8",
    "q_net.4_neuron_0",
    "q_net.4_neuron_1",
    "q_net.2_neuron_52",
    "q_net.0_neuron_54"
  ],
  "patch_config": {
    "q_net.4": [
      3,
      4,
      0,
      1
    ],
    "q_net.0": [
      38,
      13,
      24,
      4,
      40,
      27,
      56,
      7,
      16,
      9,
      48,
      14,
      29,
      8,
      54
    ],
    "q_net.2": [
      38,
      21,
      0,
      3,
      30,
      16,
      63,
      33,
      36,
      52
    ]
  },
  "noising": {
    "metrics": {
      "mean": 0.016798994171547173,
      "std": 0.01322180773169529,
      "count": 6,
      "values": [
        0.04455448436542703,
        0.012808587159710005,
        0.008445991544739517,
        0.009638218542009552,
        0.0053413829952178304,
        0.0200053004221791
      ]
    },
    "num_results": 6
  },
  "denoising": {
    "metrics": {
      "mean": 0.01145033370954413,
      "std": 0.006531915031410193,
      "count": 6,
      "values": [
        0.002555375305059754,
        0.013526269019499132,
        0.008485453967853551,
        0.018732834533769643,
        0.0053657823243004055,
        0.02003628710678229
      ]
    },
    "num_results": 6
  },
  "target_metric_score": 0.016798994171547173,
  "timestamp": "2025-05-30T17:14:27.986512"
}