{
  "experiment_name": "candidate_q_net_0_neuron_4",
  "coalition_neurons": [
    "q_net.2_neuron_40",
    "q_net.0_neuron_56",
    "q_net.2_neuron_34",
    "q_net.2_neuron_38",
    "q_net.0_neuron_14",
    "q_net.2_neuron_33",
    "q_net.2_neuron_30",
    "q_net.0_neuron_4"
  ],
  "patch_config": {
    "q_net.2": [
      40,
      34,
      38,
      33,
      30
    ],
    "q_net.0": [
      56,
      14,
      4
    ]
  },
  "noising": {
    "metrics": {
      "mean": 0.012010209267384381,
      "std": 0.009926317014652256,
      "count": 6,
      "values": [
        0.032409077645001255,
        0.0015063507111317265,
        0.009256472283969253,
        0.014796456200473151,
        0.0072931044517513255,
        0.006799794311979579
      ]
    },
    "num_results": 6
  },
  "denoising": {
    "metrics": {
      "mean": 0.009438835279646784,
      "std": 0.005314279685993477,
      "count": 6,
      "values": [
        0.012485241494470195,
        0.0014705110647270092,
        0.009895867044207418,
        0.018658179366798533,
        0.007350580144581231,
        0.00677263256309632
      ]
    },
    "num_results": 6
  },
  "target_metric_score": 0.012010209267384381,
  "timestamp": "2025-05-30T22:48:34.831470"
}