{
  "experiment_name": "candidate_q_net_0_neuron_32",
  "coalition_neurons": [
    "q_net.2_neuron_40",
    "q_net.0_neuron_56",
    "q_net.2_neuron_34",
    "q_net.2_neuron_38",
    "q_net.0_neuron_14",
    "q_net.2_neuron_33",
    "q_net.2_neuron_30",
    "q_net.2_neuron_63",
    "q_net.2_neuron_21",
    "q_net.0_neuron_49",
    "q_net.0_neuron_20",
    "q_net.0_neuron_29",
    "q_net.0_neuron_23",
    "q_net.2_neuron_10",
    "q_net.2_neuron_5",
    "q_net.2_neuron_23",
    "q_net.0_neuron_4",
    "q_net.0_neuron_26",
    "q_net.0_neuron_54",
    "q_net.0_neuron_42",
    "q_net.0_neuron_33",
    "q_net.0_neuron_52",
    "q_net.0_neuron_32"
  ],
  "patch_config": {
    "q_net.2": [
      40,
      34,
      38,
      33,
      30,
      63,
      21,
      10,
      5,
      23
    ],
    "q_net.0": [
      56,
      14,
      49,
      20,
      29,
      23,
      4,
      26,
      54,
      42,
      33,
      52,
      32
    ]
  },
  "noising": {
    "metrics": {
      "mean": 0.018661788553104602,
      "std": 0.014621801926958538,
      "count": 6,
      "values": [
        0.049680431842835826,
        0.0057477239221720156,
        0.014701481143270773,
        0.019946083646262824,
        0.007989509914972714,
        0.013905500849113461
      ]
    },
    "num_results": 6
  },
  "denoising": {
    "metrics": {
      "mean": 0.013003463173255944,
      "std": 0.005676624402941939,
      "count": 6,
      "values": [
        0.016639866647815832,
        0.004468157406191303,
        0.014941985194063145,
        0.021208074216882672,
        0.007031345943381645,
        0.013731349631201067
      ]
    },
    "num_results": 6
  },
  "target_metric_score": 0.018661788553104602,
  "timestamp": "2025-05-30T22:48:40.820101"
}