{
  "experiment_name": "candidate_q_net_0_neuron_35",
  "coalition_neurons": [
    "q_net.2_neuron_40",
    "q_net.0_neuron_56",
    "q_net.2_neuron_34",
    "q_net.2_neuron_38",
    "q_net.0_neuron_14",
    "q_net.2_neuron_33",
    "q_net.0_neuron_35"
  ],
  "patch_config": {
    "q_net.2": [
      40,
      34,
      38,
      33
    ],
    "q_net.0": [
      56,
      14,
      35
    ]
  },
  "noising": {
    "metrics": {
      "mean": 0.010658667585405734,
      "std": 0.00838597493955983,
      "count": 6,
      "values": [
        0.028257109178590284,
        0.003803779341216118,
        0.005282480060635586,
        0.012502479750520962,
        0.0051890459765087105,
        0.008917111204962747
      ]
    },
    "num_results": 6
  },
  "denoising": {
    "metrics": {
      "mean": 0.008720797894493168,
      "std": 0.004199517950692771,
      "count": 6,
      "values": [
        0.011541448417797612,
        0.00410802722504941,
        0.005754359274845994,
        0.016316836262318696,
        0.005561830914332794,
        0.009042285272614498
      ]
    },
    "num_results": 6
  },
  "target_metric_score": 0.010658667585405734,
  "timestamp": "2025-05-30T22:48:34.474263"
}