{
  "experiment_name": "candidate_q_net_0_neuron_35",
  "coalition_neurons": [
    "q_net.2_neuron_40",
    "q_net.0_neuron_56",
    "q_net.2_neuron_34",
    "q_net.2_neuron_38",
    "q_net.0_neuron_14",
    "q_net.2_neuron_33",
    "q_net.2_neuron_30",
    "q_net.0_neuron_35"
  ],
  "patch_config": {
    "q_net.2": [
      40,
      34,
      38,
      33,
      30
    ],
    "q_net.0": [
      56,
      14,
      35
    ]
  },
  "noising": {
    "metrics": {
      "mean": 0.011376278459872302,
      "std": 0.009321275187178053,
      "count": 6,
      "values": [
        0.031409522253826705,
        0.003991217874122516,
        0.006632693365516723,
        0.012102001555734127,
        0.005452150130550698,
        0.008670085579483039
      ]
    },
    "num_results": 6
  },
  "denoising": {
    "metrics": {
      "mean": 0.009050585739323588,
      "std": 0.0040352114288928955,
      "count": 6,
      "values": [
        0.011910024460442231,
        0.004181442138204122,
        0.007102813043988854,
        0.016243981631735377,
        0.005845444828118385,
        0.009019808333452561
      ]
    },
    "num_results": 6
  },
  "target_metric_score": 0.011376278459872302,
  "timestamp": "2025-05-30T23:33:35.280161"
}