{
  "experiment_name": "candidate_q_net_0_neuron_33",
  "coalition_neurons": [
    "q_net.2_neuron_40",
    "q_net.2_neuron_34",
    "q_net.0_neuron_56",
    "q_net.0_neuron_14",
    "q_net.2_neuron_38",
    "q_net.2_neuron_33",
    "q_net.2_neuron_30",
    "q_net.2_neuron_63",
    "q_net.0_neuron_49",
    "q_net.0_neuron_29",
    "q_net.2_neuron_21",
    "q_net.2_neuron_3",
    "q_net.0_neuron_20",
    "q_net.0_neuron_23",
    "q_net.0_neuron_4",
    "q_net.2_neuron_23",
    "q_net.0_neuron_32",
    "q_net.0_neuron_45",
    "q_net.0_neuron_13",
    "q_net.0_neuron_54",
    "q_net.2_neuron_50",
    "q_net.2_neuron_10",
    "q_net.0_neuron_38",
    "q_net.2_neuron_44",
    "q_net.2_neuron_59",
    "q_net.0_neuron_28",
    "q_net.2_neuron_20",
    "q_net.0_neuron_33"
  ],
  "patch_config": {
    "q_net.2": [
      40,
      34,
      38,
      33,
      30,
      63,
      21,
      3,
      23,
      50,
      10,
      44,
      59,
      20
    ],
    "q_net.0": [
      56,
      14,
      49,
      29,
      20,
      23,
      4,
      32,
      45,
      13,
      54,
      38,
      28,
      33
    ]
  },
  "noising": {
    "metrics": {
      "mean": 0.017317440495893652,
      "std": 0.01485572749555432,
      "count": 6,
      "values": [
        0.04874133552259438,
        0.0037569245681945973,
        0.0143416272658555,
        0.018000882155990022,
        0.006196043219822922,
        0.012867830242904499
      ]
    },
    "num_results": 6
  },
  "denoising": {
    "metrics": {
      "mean": 0.014324079329215747,
      "std": 0.00917201968291633,
      "count": 6,
      "values": [
        0.023748803120164697,
        0.002799718196093537,
        0.014334268533821748,
        0.027967228484604312,
        0.004658802016322683,
        0.0124356556242875
      ]
    },
    "num_results": 6
  },
  "target_metric_score": 0.0158207599125547,
  "timestamp": "2025-05-30T23:16:00.401755"
}