{
  "experiment_name": "candidate_q_net_0_neuron_12",
  "coalition_neurons": [
    "q_net.2_neuron_40",
    "q_net.0_neuron_56",
    "q_net.2_neuron_34",
    "q_net.0_neuron_12"
  ],
  "patch_config": {
    "q_net.2": [
      40,
      34
    ],
    "q_net.0": [
      56,
      12
    ]
  },
  "noising": {
    "metrics": {
      "mean": 0.007097719851262771,
      "std": 0.005363017014690049,
      "count": 6,
      "values": [
        0.014249135307409816,
        0.00015480862793382233,
        0.008379153476357037,
        0.012198543856870497,
        0.007255265292534896,
        0.00034941254647055664
      ]
    },
    "num_results": 6
  },
  "denoising": {
    "metrics": {
      "mean": 0.0057363496347963465,
      "std": 0.00412712433511691,
      "count": 6,
      "values": [
        0.0062962089873129234,
        7.661344957415883e-05,
        0.008617909735776613,
        0.011550758872807182,
        0.007199912756231053,
        0.0006766940070761507
      ]
    },
    "num_results": 6
  },
  "target_metric_score": 0.007097719851262771,
  "timestamp": "2025-05-30T22:48:33.711364"
}