{
  "experiment_name": "candidate_q_net_2_neuron_45",
  "coalition_neurons": [
    "q_net.2_neuron_40",
    "q_net.0_neuron_56",
    "q_net.2_neuron_34",
    "q_net.2_neuron_38",
    "q_net.0_neuron_14",
    "q_net.2_neuron_33",
    "q_net.2_neuron_30",
    "q_net.2_neuron_63",
    "q_net.2_neuron_21",
    "q_net.0_neuron_49",
    "q_net.0_neuron_20",
    "q_net.0_neuron_29",
    "q_net.0_neuron_23",
    "q_net.2_neuron_10",
    "q_net.2_neuron_5",
    "q_net.2_neuron_23",
    "q_net.0_neuron_4",
    "q_net.0_neuron_26",
    "q_net.0_neuron_54",
    "q_net.0_neuron_42",
    "q_net.0_neuron_33",
    "q_net.0_neuron_52",
    "q_net.0_neuron_32",
    "q_net.0_neuron_28",
    "q_net.2_neuron_45"
  ],
  "patch_config": {
    "q_net.2": [
      40,
      34,
      38,
      33,
      30,
      63,
      21,
      10,
      5,
      23,
      45
    ],
    "q_net.0": [
      56,
      14,
      49,
      20,
      29,
      23,
      4,
      26,
      54,
      42,
      33,
      52,
      32,
      28
    ]
  },
  "noising": {
    "metrics": {
      "mean": 0.018781003510812497,
      "std": 0.014722455088777286,
      "count": 6,
      "values": [
        0.049591535493115846,
        0.005219529670138445,
        0.014789098391317923,
        0.021522192599318257,
        0.007964142795857526,
        0.013599522115126994
      ]
    },
    "num_results": 6
  },
  "denoising": {
    "metrics": {
      "mean": 0.013190232964592777,
      "std": 0.006169561423694857,
      "count": 6,
      "values": [
        0.017274779914535632,
        0.003928135586194675,
        0.0151245436717109,
        0.022367775807288326,
        0.007034497860866629,
        0.0134116649469605
      ]
    },
    "num_results": 6
  },
  "target_metric_score": 0.018781003510812497,
  "timestamp": "2025-05-30T22:48:41.731472"
}