{
  "experiment_name": "candidate_q_net_0_neuron_14",
  "coalition_neurons": [
    "q_net.4_neuron_3",
    "q_net.4_neuron_4",
    "q_net.0_neuron_38",
    "q_net.0_neuron_13",
    "q_net.0_neuron_14"
  ],
  "patch_config": {
    "q_net.4": [
      3,
      4
    ],
    "q_net.0": [
      38,
      13,
      14
    ]
  },
  "noising": {
    "metrics": {
      "mean": 0.010360535694627493,
      "std": 0.003607988844728063,
      "count": 6,
      "values": [
        0.013739693601596076,
        0.011659963623561032,
        0.008548697109013126,
        0.010044546737649485,
        0.003683189873571774,
        0.014487123222373471
      ]
    },
    "num_results": 6
  },
  "denoising": {
    "metrics": {
      "mean": 0.013749089370802062,
      "std": 0.008982435235051484,
      "count": 6,
      "values": [
        0.012119536622431315,
        0.011534394552591393,
        0.008650824750583153,
        0.03221245411286733,
        0.003317107539885622,
        0.01466021864645356
      ]
    },
    "num_results": 6
  },
  "target_metric_score": 0.013749089370802062,
  "timestamp": "2025-05-30T17:14:24.267296"
}