{
  "experiment_name": "candidate_q_net_2_neuron_2",
  "coalition_neurons": [
    "q_net.2_neuron_40",
    "q_net.2_neuron_2"
  ],
  "patch_config": {
    "q_net.2": [
      40,
      2
    ]
  },
  "noising": {
    "metrics": {
      "mean": 0.0033252251466012414,
      "std": 0.0031747290221672574,
      "count": 6,
      "values": [
        0.009564208969637833,
        0.00015255307419712039,
        0.002812129720960871,
        0.0039056020336444564,
        0.0034865563578958814,
        3.0300723271287078e-05
      ]
    },
    "num_results": 6
  },
  "denoising": {
    "metrics": {
      "mean": 0.0029722322824223594,
      "std": 0.0023142710078723587,
      "count": 6,
      "values": [
        0.006424824326139333,
        0.00016038593193726247,
        0.002888387261859915,
        0.0047911910046761486,
        0.0035407528853163284,
        2.7852284605167643e-05
      ]
    },
    "num_results": 6
  },
  "target_metric_score": 0.0033252251466012414,
  "timestamp": "2025-05-30T23:33:33.519680"
}