{
  "experiment_name": "candidate_q_net_0_neuron_5",
  "coalition_neurons": [
    "q_net.4_neuron_3",
    "q_net.4_neuron_4",
    "q_net.0_neuron_38",
    "q_net.0_neuron_13",
    "q_net.2_neuron_38",
    "q_net.0_neuron_5"
  ],
  "patch_config": {
    "q_net.4": [
      3,
      4
    ],
    "q_net.0": [
      38,
      13,
      5
    ],
    "q_net.2": [
      38
    ]
  },
  "noising": {
    "metrics": {
      "mean": 0.010429337647772327,
      "std": 0.0051748447158893075,
      "count": 6,
      "values": [
        0.018635377118587426,
        0.008281647436274353,
        0.008485942624840676,
        0.010183919194579005,
        0.002273686300458738,
        0.01471545321189377
      ]
    },
    "num_results": 6
  },
  "denoising": {
    "metrics": {
      "mean": 0.01357021547908135,
      "std": 0.010736545469863894,
      "count": 6,
      "values": [
        0.013126674101655689,
        0.007781796358377863,
        0.008537357182161254,
        0.03582132748756786,
        0.0018663137108941852,
        0.014287824033831248
      ]
    },
    "num_results": 6
  },
  "target_metric_score": 0.01357021547908135,
  "timestamp": "2025-05-30T17:14:24.477494"
}