{
  "experiment_name": "candidate_q_net_2_neuron_40",
  "coalition_neurons": [
    "q_net.4_neuron_3",
    "q_net.4_neuron_4",
    "q_net.0_neuron_38",
    "q_net.2_neuron_40"
  ],
  "patch_config": {
    "q_net.4": [
      3,
      4
    ],
    "q_net.0": [
      38
    ],
    "q_net.2": [
      40
    ]
  },
  "noising": {
    "metrics": {
      "mean": 0.010040696769007137,
      "std": 0.003382511685983719,
      "count": 6,
      "values": [
        0.013408415382340083,
        0.010769116765261572,
        0.008506644002037794,
        0.01004827716332124,
        0.0037001134665165802,
        0.013811613834565556
      ]
    },
    "num_results": 6
  },
  "denoising": {
    "metrics": {
      "mean": 0.013542280575809742,
      "std": 0.009733373416162013,
      "count": 6,
      "values": [
        0.010314292857236562,
        0.010614569021171028,
        0.008597068157316923,
        0.034271476611481,
        0.003781759686075886,
        0.013674517121577051
      ]
    },
    "num_results": 6
  },
  "target_metric_score": 0.013542280575809742,
  "timestamp": "2025-05-30T17:14:24.092247"
}