{
  "experiment_name": "candidate_q_net_2_neuron_5",
  "coalition_neurons": [
    "q_net.2_neuron_40",
    "q_net.0_neuron_56",
    "q_net.2_neuron_34",
    "q_net.2_neuron_38",
    "q_net.0_neuron_14",
    "q_net.2_neuron_33",
    "q_net.2_neuron_30",
    "q_net.2_neuron_63",
    "q_net.2_neuron_21",
    "q_net.0_neuron_49",
    "q_net.0_neuron_20",
    "q_net.0_neuron_29",
    "q_net.2_neuron_5"
  ],
  "patch_config": {
    "q_net.2": [
      40,
      34,
      38,
      33,
      30,
      63,
      21,
      5
    ],
    "q_net.0": [
      56,
      14,
      49,
      20,
      29
    ]
  },
  "noising": {
    "metrics": {
      "mean": 0.015904564989541375,
      "std": 0.013429388880298062,
      "count": 6,
      "values": [
        0.04545158106448283,
        0.008575936866637213,
        0.00954232762793375,
        0.0117955578623761,
        0.006223351500654395,
        0.01383863501516397
      ]
    },
    "num_results": 6
  },
  "denoising": {
    "metrics": {
      "mean": 0.011301043292628201,
      "std": 0.0034590662828568814,
      "count": 6,
      "values": [
        0.013550000275050766,
        0.008157993634912375,
        0.009892069255624525,
        0.016419209172680332,
        0.006378451236695615,
        0.013408536180805591
      ]
    },
    "num_results": 6
  },
  "target_metric_score": 0.015904564989541375,
  "timestamp": "2025-05-30T23:33:37.335290"
}