{
  "experiment_name": "candidate_q_net_2_neuron_36",
  "coalition_neurons": [
    "q_net.2_neuron_40",
    "q_net.0_neuron_56",
    "q_net.2_neuron_34",
    "q_net.2_neuron_38",
    "q_net.0_neuron_14",
    "q_net.2_neuron_33",
    "q_net.2_neuron_30",
    "q_net.2_neuron_63",
    "q_net.2_neuron_36"
  ],
  "patch_config": {
    "q_net.2": [
      40,
      34,
      38,
      33,
      30,
      63,
      36
    ],
    "q_net.0": [
      56,
      14
    ]
  },
  "noising": {
    "metrics": {
      "mean": 0.01140652810521732,
      "std": 0.010452836789187799,
      "count": 6,
      "values": [
        0.03454722244835698,
        0.0045725319332834136,
        0.007128514043615586,
        0.006666477037780227,
        0.006023825976320285,
        0.00950059719194743
      ]
    },
    "num_results": 6
  },
  "denoising": {
    "metrics": {
      "mean": 0.008890817856583452,
      "std": 0.0032206798544676036,
      "count": 6,
      "values": [
        0.011295749158809903,
        0.00459858160437393,
        0.007738529873131478,
        0.014197435758008276,
        0.006029297345211987,
        0.00948531339996514
      ]
    },
    "num_results": 6
  },
  "target_metric_score": 0.01140652810521732,
  "timestamp": "2025-05-30T22:48:35.300232"
}