{
  "experiment_name": "candidate_q_net_2_neuron_0",
  "coalition_neurons": [
    "q_net.2_neuron_40",
    "q_net.0_neuron_56",
    "q_net.2_neuron_34",
    "q_net.2_neuron_38",
    "q_net.0_neuron_14",
    "q_net.2_neuron_33",
    "q_net.2_neuron_30",
    "q_net.2_neuron_63",
    "q_net.2_neuron_21",
    "q_net.2_neuron_0"
  ],
  "patch_config": {
    "q_net.2": [
      40,
      34,
      38,
      33,
      30,
      63,
      21,
      0
    ],
    "q_net.0": [
      56,
      14
    ]
  },
  "noising": {
    "metrics": {
      "mean": 0.012386858268687198,
      "std": 0.010852522060365535,
      "count": 6,
      "values": [
        0.03578494183052519,
        0.004351865620633055,
        0.008598847023641804,
        0.011869465195554263,
        0.003785634135501814,
        0.009930395806267062
      ]
    },
    "num_results": 6
  },
  "denoising": {
    "metrics": {
      "mean": 0.008904670426676175,
      "std": 0.004100557050944989,
      "count": 6,
      "values": [
        0.010473322442816235,
        0.004395668705134803,
        0.009161821072632581,
        0.015877985193932492,
        0.0035815745455775316,
        0.009937650599963405
      ]
    },
    "num_results": 6
  },
  "target_metric_score": 0.012386858268687198,
  "timestamp": "2025-05-30T22:48:35.511431"
}