{
  "experiment_name": "candidate_q_net_2_neuron_2",
  "coalition_neurons": [
    "q_net.2_neuron_40",
    "q_net.0_neuron_56",
    "q_net.2_neuron_34",
    "q_net.2_neuron_38",
    "q_net.0_neuron_14",
    "q_net.2_neuron_33",
    "q_net.2_neuron_30",
    "q_net.2_neuron_63",
    "q_net.2_neuron_21",
    "q_net.0_neuron_49",
    "q_net.0_neuron_20",
    "q_net.0_neuron_29",
    "q_net.0_neuron_23",
    "q_net.2_neuron_10",
    "q_net.2_neuron_5",
    "q_net.2_neuron_23",
    "q_net.0_neuron_4",
    "q_net.0_neuron_26",
    "q_net.0_neuron_54",
    "q_net.2_neuron_2"
  ],
  "patch_config": {
    "q_net.2": [
      40,
      34,
      38,
      33,
      30,
      63,
      21,
      10,
      5,
      23,
      2
    ],
    "q_net.0": [
      56,
      14,
      49,
      20,
      29,
      23,
      4,
      26,
      54
    ]
  },
  "noising": {
    "metrics": {
      "mean": 0.017446789516445668,
      "std": 0.013020778233408527,
      "count": 6,
      "values": [
        0.04508473342567232,
        0.006829116873395408,
        0.012655701569487171,
        0.01958572872037595,
        0.008037641528090417,
        0.012487814981652745
      ]
    },
    "num_results": 6
  },
  "denoising": {
    "metrics": {
      "mean": 0.012231485354209487,
      "std": 0.004463575517849585,
      "count": 6,
      "values": [
        0.01344218559928187,
        0.0064665512745617215,
        0.013209445346338305,
        0.020241725228689195,
        0.007790721501908293,
        0.012238283174477532
      ]
    },
    "num_results": 6
  },
  "target_metric_score": 0.017446789516445668,
  "timestamp": "2025-05-30T22:48:39.784588"
}