{
  "experiment_name": "candidate_q_net_2_neuron_5",
  "coalition_neurons": [
    "q_net.4_neuron_3",
    "q_net.4_neuron_4",
    "q_net.0_neuron_38",
    "q_net.0_neuron_13",
    "q_net.2_neuron_38",
    "q_net.0_neuron_24",
    "q_net.2_neuron_21",
    "q_net.0_neuron_4",
    "q_net.0_neuron_40",
    "q_net.2_neuron_0",
    "q_net.2_neuron_3",
    "q_net.0_neuron_27",
    "q_net.0_neuron_56",
    "q_net.0_neuron_7",
    "q_net.0_neuron_16",
    "q_net.0_neuron_9",
    "q_net.2_neuron_30",
    "q_net.2_neuron_16",
    "q_net.2_neuron_63",
    "q_net.0_neuron_48",
    "q_net.2_neuron_33",
    "q_net.2_neuron_5"
  ],
  "patch_config": {
    "q_net.4": [
      3,
      4
    ],
    "q_net.0": [
      38,
      13,
      24,
      4,
      40,
      27,
      56,
      7,
      16,
      9,
      48
    ],
    "q_net.2": [
      38,
      21,
      0,
      3,
      30,
      16,
      63,
      33,
      5
    ]
  },
  "noising": {
    "metrics": {
      "mean": 0.01809349931078168,
      "std": 0.014469761650641337,
      "count": 6,
      "values": [
        0.048525904302899936,
        0.014613938610259058,
        0.0083788535943157,
        0.009774353488155335,
        0.006062707602045692,
        0.02120523826701437
      ]
    },
    "num_results": 6
  },
  "denoising": {
    "metrics": {
      "mean": 0.01441268670158069,
      "std": 0.006146948507928696,
      "count": 6,
      "values": [
        0.01280667199427335,
        0.014886906601274091,
        0.008338746187995655,
        0.023289510267930885,
        0.006268973517975257,
        0.020885311640034904
      ]
    },
    "num_results": 6
  },
  "target_metric_score": 0.01809349931078168,
  "timestamp": "2025-05-30T17:14:26.886331"
}