{
  "experiment_name": "candidate_q_net_0_neuron_60",
  "coalition_neurons": [
    "q_net.0_neuron_14",
    "q_net.0_neuron_35",
    "q_net.0_neuron_3",
    "q_net.0_neuron_26",
    "q_net.0_neuron_54",
    "q_net.0_neuron_49",
    "q_net.0_neuron_61",
    "q_net.0_neuron_42",
    "q_net.0_neuron_5",
    "q_net.2_neuron_5",
    "q_net.2_neuron_3",
    "q_net.2_neuron_61",
    "q_net.0_neuron_47",
    "q_net.2_neuron_52",
    "q_net.2_neuron_30",
    "q_net.2_neuron_35",
    "q_net.0_neuron_6",
    "q_net.2_neuron_36",
    "q_net.0_neuron_8",
    "q_net.0_neuron_29",
    "q_net.0_neuron_52",
    "q_net.0_neuron_20",
    "q_net.0_neuron_18",
    "q_net.2_neuron_21",
    "q_net.0_neuron_60"
  ],
  "patch_config": {
    "q_net.0": [
      14,
      35,
      3,
      26,
      54,
      49,
      61,
      42,
      5,
      47,
      6,
      8,
      29,
      52,
      20,
      18,
      60
    ],
    "q_net.2": [
      5,
      3,
      61,
      52,
      30,
      35,
      36,
      21
    ]
  },
  "noising": {
    "metrics": {
      "mean": 0.08321203291416168,
      "std": 0.04026119236513315,
      "count": 6,
      "values": [
        0.16528284549713135,
        0.06770643591880798,
        0.06084859371185303,
        0.04402792453765869,
        0.06197309494018555,
        0.0994333028793335
      ]
    },
    "num_results": 6
  },
  "denoising": {
    "metrics": {
      "mean": 0.08876002828280131,
      "std": 0.042551148614713895,
      "count": 6,
      "values": [
        0.17418348789215088,
        0.07586759328842163,
        0.06306770443916321,
        0.04918187856674194,
        0.061178386211395264,
        0.10908111929893494
      ]
    },
    "num_results": 6
  },
  "target_metric_score": 0.08876002828280131,
  "timestamp": "2025-05-31T15:22:50.512880"
}