{
  "experiment_name": "candidate_q_net_0_neuron_48",
  "coalition_neurons": [
    "q_net.0_neuron_14",
    "q_net.0_neuron_35",
    "q_net.0_neuron_3",
    "q_net.0_neuron_26",
    "q_net.0_neuron_54",
    "q_net.0_neuron_49",
    "q_net.0_neuron_61",
    "q_net.0_neuron_48"
  ],
  "patch_config": {
    "q_net.0": [
      14,
      35,
      3,
      26,
      54,
      49,
      61,
      48
    ]
  },
  "noising": {
    "metrics": {
      "mean": 0.043481106559435524,
      "std": 0.02984605775637225,
      "count": 6,
      "values": [
        0.09410649538040161,
        0.05202379822731018,
        0.03118842840194702,
        0.0001405477523803711,
        0.023369014263153076,
        0.0600583553314209
      ]
    },
    "num_results": 6
  },
  "denoising": {
    "metrics": {
      "mean": 0.04806504646937052,
      "std": 0.03159410361845853,
      "count": 6,
      "values": [
        0.09841567277908325,
        0.061196982860565186,
        0.03385281562805176,
        0.0008468031883239746,
        0.026449739933013916,
        0.06762826442718506
      ]
    },
    "num_results": 6
  },
  "target_metric_score": 0.04806504646937052,
  "timestamp": "2025-05-31T15:22:44.285274"
}