{
  "experiment_name": "candidate_q_net_0_neuron_6",
  "coalition_neurons": [
    "q_net.0_neuron_14",
    "q_net.0_neuron_35",
    "q_net.0_neuron_3",
    "q_net.0_neuron_26",
    "q_net.0_neuron_54",
    "q_net.0_neuron_49",
    "q_net.0_neuron_61",
    "q_net.0_neuron_42",
    "q_net.0_neuron_5",
    "q_net.2_neuron_5",
    "q_net.2_neuron_3",
    "q_net.2_neuron_61",
    "q_net.0_neuron_6"
  ],
  "patch_config": {
    "q_net.0": [
      14,
      35,
      3,
      26,
      54,
      49,
      61,
      42,
      5,
      6
    ],
    "q_net.2": [
      5,
      3,
      61
    ]
  },
  "noising": {
    "metrics": {
      "mean": 0.0692375252644221,
      "std": 0.036397273208335267,
      "count": 6,
      "values": [
        0.13785403966903687,
        0.06702205538749695,
        0.04698532819747925,
        0.029722750186920166,
        0.04275315999984741,
        0.09108781814575195
      ]
    },
    "num_results": 6
  },
  "denoising": {
    "metrics": {
      "mean": 0.07600170373916626,
      "std": 0.0366168824889466,
      "count": 6,
      "values": [
        0.14398199319839478,
        0.07567819952964783,
        0.04990661144256592,
        0.038149356842041016,
        0.048625290393829346,
        0.09966877102851868
      ]
    },
    "num_results": 6
  },
  "target_metric_score": 0.07600170373916626,
  "timestamp": "2025-05-31T15:22:46.156372"
}