{
  "experiment_name": "candidate_q_net_2_neuron_19",
  "coalition_neurons": [
    "q_net.0_neuron_14",
    "q_net.0_neuron_35",
    "q_net.0_neuron_3",
    "q_net.0_neuron_26",
    "q_net.0_neuron_54",
    "q_net.2_neuron_19"
  ],
  "patch_config": {
    "q_net.0": [
      14,
      35,
      3,
      26,
      54
    ],
    "q_net.2": [
      19
    ]
  },
  "noising": {
    "metrics": {
      "mean": 0.042554174860318504,
      "std": 0.024971544416834718,
      "count": 6,
      "values": [
        0.0923510193824768,
        0.03786894679069519,
        0.036656200885772705,
        0.011704564094543457,
        0.027924001216888428,
        0.048820316791534424
      ]
    },
    "num_results": 6
  },
  "denoising": {
    "metrics": {
      "mean": 0.04468567172686259,
      "std": 0.02015968028967068,
      "count": 6,
      "values": [
        0.082375168800354,
        0.0424952507019043,
        0.03919875621795654,
        0.017772674560546875,
        0.03186750411987305,
        0.05440467596054077
      ]
    },
    "num_results": 6
  },
  "target_metric_score": 0.04468567172686259,
  "timestamp": "2025-05-31T15:22:43.836625"
}