{
  "experiment_name": "candidate_q_net_0_neuron_60",
  "coalition_neurons": [
    "q_net.0_neuron_2",
    "q_net.0_neuron_59",
    "q_net.2_neuron_35",
    "q_net.0_neuron_58",
    "q_net.0_neuron_46",
    "q_net.0_neuron_52",
    "q_net.2_neuron_30",
    "q_net.2_neuron_55",
    "q_net.0_neuron_13",
    "q_net.2_neuron_57",
    "q_net.0_neuron_27",
    "q_net.0_neuron_54",
    "q_net.0_neuron_18",
    "q_net.0_neuron_42",
    "q_net.2_neuron_7",
    "q_net.2_neuron_38",
    "q_net.2_neuron_39",
    "q_net.0_neuron_60"
  ],
  "patch_config": {
    "q_net.0": [
      2,
      59,
      58,
      46,
      52,
      13,
      27,
      54,
      18,
      42,
      60
    ],
    "q_net.2": [
      35,
      30,
      55,
      57,
      7,
      38,
      39
    ]
  },
  "noising": {
    "metrics": {
      "mean": 0.5098132614170168,
      "std": 0.23369537192574524,
      "count": 32,
      "values": [
        0.7207789498702278,
        0.6685784680539573,
        0.7616960314737123,
        0.65556526687559,
        0.6774016616634968,
        0.6176183245877299,
        0.6120673444775809,
        0.26462663684774407,
        0.7280505618451142,
        0.8532494869051586,
        0.32749962446951336,
        0.507555255438667,
        0.6136125927619996,
        0.7685469603780584,
        0.6069044083123795,
        0.4900928872697034,
        0.214278202164465,
        0.05303803648087963,
        0.7232319057415638,
        0.20162301231009763,
        0.8003734235740292,
        0.37340925085450055,
        0.6398396599156866,
        0.6033763208374798,
        0.11235902227849263,
        0.2031786776016502,
        0.605075751240533,
        0.5967890564450443,
        0.19981014098348085,
        0.48324888261403515,
        0.6237062468266934,
        0.006842314245272871
      ]
    },
    "num_results": 32
  },
  "denoising": {
    "metrics": {
      "mean": 0.5959345371183153,
      "std": 0.18328852392131276,
      "count": 32,
      "values": [
        0.7202594824362014,
        0.6685784680539573,
        0.7403638157986483,
        0.6590530784933223,
        0.6864832519578193,
        0.6125471795452776,
        0.6120662656807213,
        0.5527541960945271,
        0.7277404135961998,
        0.8532490151568783,
        0.6717796251448946,
        0.4535904137335071,
        0.6136215966807411,
        0.7685484285457551,
        0.6001589704767021,
        0.4996503250600338,
        0.22261057232036446,
        0.6980500822473721,
        0.7198957991995254,
        0.016391929137466264,
        0.8003734235740292,
        0.3727228785919468,
        0.6398405353874703,
        0.5941814070569693,
        0.7390631689900734,
        0.7506449640914051,
        0.6101563840894066,
        0.5967890564450443,
        0.604436337000209,
        0.5235589476592164,
        0.6189513263950067,
        0.12179384914539827
      ]
    },
    "num_results": 32
  },
  "target_metric_score": 0.5959345371183153,
  "timestamp": "2025-06-04T19:24:56.511979"
}