{
  "experiment_name": "candidate_q_net_0_neuron_60",
  "coalition_neurons": [
    "q_net.0_neuron_2",
    "q_net.0_neuron_59",
    "q_net.2_neuron_35",
    "q_net.0_neuron_58",
    "q_net.0_neuron_46",
    "q_net.0_neuron_52",
    "q_net.2_neuron_30",
    "q_net.2_neuron_55",
    "q_net.0_neuron_13",
    "q_net.2_neuron_57",
    "q_net.0_neuron_27",
    "q_net.0_neuron_54",
    "q_net.0_neuron_18",
    "q_net.0_neuron_42",
    "q_net.2_neuron_7",
    "q_net.2_neuron_38",
    "q_net.2_neuron_39",
    "q_net.2_neuron_15",
    "q_net.2_neuron_63",
    "q_net.0_neuron_35",
    "q_net.0_neuron_5",
    "q_net.0_neuron_31",
    "q_net.0_neuron_60"
  ],
  "patch_config": {
    "q_net.0": [
      2,
      59,
      58,
      46,
      52,
      13,
      27,
      54,
      18,
      42,
      35,
      5,
      31,
      60
    ],
    "q_net.2": [
      35,
      30,
      55,
      57,
      7,
      38,
      39,
      15,
      63
    ]
  },
  "noising": {
    "metrics": {
      "mean": 0.5600146567038427,
      "std": 0.22689568786954076,
      "count": 32,
      "values": [
        0.7022906380264502,
        0.5549030377948392,
        0.8029344813609153,
        0.6483304743199931,
        0.7128034122598925,
        0.6020705917220001,
        0.5949642480056917,
        0.22941443059376268,
        0.7494152511858653,
        0.8523577526305293,
        0.1262924814801602,
        0.6636466501098988,
        0.6904566441638688,
        0.847302697215487,
        0.5822999391046629,
        0.6138321059591991,
        0.4767491599363674,
        0.1906667902579142,
        0.7243603715855543,
        0.718456521868592,
        0.8724068494167185,
        0.4756170784768614,
        0.7306141251132773,
        0.4954957123878209,
        0.13808066016884812,
        0.21084782259592835,
        0.5931472678035012,
        0.8793183522588012,
        0.21452424465830097,
        0.32175180474899445,
        0.6340823070630498,
        0.2710351102492194
      ]
    },
    "num_results": 32
  },
  "denoising": {
    "metrics": {
      "mean": 0.6632065029635501,
      "std": 0.12044139190393607,
      "count": 32,
      "values": [
        0.7018484594192764,
        0.5549041575915865,
        0.7852461660142761,
        0.6551301394495639,
        0.7242911267346344,
        0.5952177309177207,
        0.5949642480056917,
        0.6074537598831674,
        0.752977818457345,
        0.8523535191005785,
        0.6846451256417692,
        0.6408852349757351,
        0.6904581518405128,
        0.8472991852932852,
        0.5837969718882431,
        0.599497577917382,
        0.4822224192425967,
        0.6700199659223194,
        0.7156220366056678,
        0.6966525516817962,
        0.872409302406969,
        0.4705811364533352,
        0.7306147944415103,
        0.5072706382874035,
        0.7236468885721293,
        0.7597270687810476,
        0.5958840882959089,
        0.8793187474400864,
        0.6190988698993093,
        0.3239936880244299,
        0.6187365890027766,
        0.6858399366455497
      ]
    },
    "num_results": 32
  },
  "target_metric_score": 0.6632065029635501,
  "timestamp": "2025-06-04T19:25:05.112591"
}