{
  "experiment_name": "candidate_q_net_0_neuron_26",
  "coalition_neurons": [
    "q_net.0_neuron_2",
    "q_net.0_neuron_59",
    "q_net.2_neuron_35",
    "q_net.0_neuron_58",
    "q_net.0_neuron_46",
    "q_net.0_neuron_52",
    "q_net.2_neuron_30",
    "q_net.2_neuron_55",
    "q_net.0_neuron_13",
    "q_net.2_neuron_57",
    "q_net.0_neuron_27",
    "q_net.0_neuron_54",
    "q_net.0_neuron_18",
    "q_net.0_neuron_42",
    "q_net.2_neuron_7",
    "q_net.2_neuron_38",
    "q_net.2_neuron_39",
    "q_net.2_neuron_15",
    "q_net.2_neuron_63",
    "q_net.0_neuron_35",
    "q_net.0_neuron_5",
    "q_net.0_neuron_31",
    "q_net.2_neuron_23",
    "q_net.0_neuron_40",
    "q_net.2_neuron_48",
    "q_net.0_neuron_56",
    "q_net.0_neuron_26"
  ],
  "patch_config": {
    "q_net.0": [
      2,
      59,
      58,
      46,
      52,
      13,
      27,
      54,
      18,
      42,
      35,
      5,
      31,
      40,
      56,
      26
    ],
    "q_net.2": [
      35,
      30,
      55,
      57,
      7,
      38,
      39,
      15,
      63,
      23,
      48
    ]
  },
  "noising": {
    "metrics": {
      "mean": 0.5505770133701919,
      "std": 0.2287706831305631,
      "count": 32,
      "values": [
        0.6949230197717572,
        0.5141141493435423,
        0.8723215855296619,
        0.6762554904577882,
        0.6511715792699145,
        0.5696484914834058,
        0.6119172423300039,
        0.016918556357908635,
        0.7932200428158325,
        0.8302454250357714,
        0.18685697840943938,
        0.5972906909292632,
        0.7620226063401292,
        0.8591183561107429,
        0.6097345766204387,
        0.4451601939142512,
        0.3706561182066652,
        0.3695065438655908,
        0.7239212969929044,
        0.5641758659828255,
        0.9068085526153447,
        0.3435466169510394,
        0.7828377504064356,
        0.4039239291467453,
        0.19992171335944256,
        0.19829281228199586,
        0.5604574041171643,
        0.8159073498328168,
        0.22360476367111637,
        0.4291209413765052,
        0.6317241964980814,
        0.4031395878216188
      ]
    },
    "num_results": 32
  },
  "denoising": {
    "metrics": {
      "mean": 0.6392173306644272,
      "std": 0.14960541721357087,
      "count": 32,
      "values": [
        0.6920576807575237,
        0.5141141964798728,
        0.8296748306068119,
        0.681040129132781,
        0.634569618302581,
        0.5579936389317636,
        0.6119167192714704,
        0.6222592080238268,
        0.7932179358693819,
        0.830241270853049,
        0.7004205463150643,
        0.5853806964520699,
        0.7620262977289614,
        0.8591185899861654,
        0.6138047417091672,
        0.4535778231969048,
        0.3778134161534219,
        0.40124569317216896,
        0.7174088054662953,
        0.571803098300273,
        0.906809665661271,
        0.3435466169510394,
        0.791017009049268,
        0.40533617157533885,
        0.757047974423783,
        0.771010648117378,
        0.5671461489372894,
        0.815906253201187,
        0.6480606190283151,
        0.4292166565031291,
        0.6133167579278007,
        0.5968551231763178
      ]
    },
    "num_results": 32
  },
  "target_metric_score": 0.6392173306644272,
  "timestamp": "2025-06-04T19:25:12.868707"
}