{
  "experiment_name": "candidate_q_net_0_neuron_45",
  "coalition_neurons": [
    "q_net.0_neuron_2",
    "q_net.0_neuron_59",
    "q_net.2_neuron_35",
    "q_net.0_neuron_58",
    "q_net.0_neuron_46",
    "q_net.0_neuron_52",
    "q_net.2_neuron_30",
    "q_net.2_neuron_55",
    "q_net.0_neuron_13",
    "q_net.2_neuron_57",
    "q_net.0_neuron_27",
    "q_net.0_neuron_54",
    "q_net.0_neuron_18",
    "q_net.0_neuron_42",
    "q_net.2_neuron_7",
    "q_net.2_neuron_38",
    "q_net.2_neuron_39",
    "q_net.2_neuron_15",
    "q_net.2_neuron_63",
    "q_net.0_neuron_35",
    "q_net.0_neuron_5",
    "q_net.0_neuron_31",
    "q_net.2_neuron_23",
    "q_net.0_neuron_45"
  ],
  "patch_config": {
    "q_net.0": [
      2,
      59,
      58,
      46,
      52,
      13,
      27,
      54,
      18,
      42,
      35,
      5,
      31,
      45
    ],
    "q_net.2": [
      35,
      30,
      55,
      57,
      7,
      38,
      39,
      15,
      63,
      23
    ]
  },
  "noising": {
    "metrics": {
      "mean": 0.5651093336991238,
      "std": 0.25080131331513184,
      "count": 32,
      "values": [
        0.7108246395566377,
        0.5325951887800794,
        0.7957946194008909,
        0.715502138327679,
        0.702754698016127,
        0.5633067754019688,
        0.6209122607688333,
        0.5779303557338568,
        0.7383085871106619,
        0.8389051254806337,
        0.003456107843694132,
        0.2225227734054035,
        0.7712556510643324,
        0.844346782892431,
        0.6417352556930783,
        0.7387806638129585,
        0.04527266757997515,
        0.5130022657563627,
        0.8426422786925234,
        0.7299301385071327,
        0.9229093281291461,
        0.4672098583755014,
        0.8168615064607204,
        0.4827274684737766,
        0.1285136717124158,
        0.193325177472096,
        0.5824815319310647,
        0.7978764282102238,
        0.1780569191918166,
        0.34131898045254633,
        0.6213930828060997,
        0.40104575133129233
      ]
    },
    "num_results": 32
  },
  "denoising": {
    "metrics": {
      "mean": 0.6154980510275412,
      "std": 0.2267019155797451,
      "count": 32,
      "values": [
        0.710582360838955,
        0.5325960200417731,
        0.7216210045794957,
        0.7328662204075489,
        0.6899304083722182,
        0.541984375365642,
        0.6209116478799052,
        0.06415853776816781,
        0.7697900533438826,
        0.8389044363946176,
        0.6992936925692443,
        0.2243846271639282,
        0.7712568670037486,
        0.8443511461388863,
        0.6436256549596638,
        0.7651768128301859,
        0.03989824888004918,
        0.15090012161653427,
        0.8372721823977578,
        0.7473648995210743,
        0.9229107976358198,
        0.4672117119776563,
        0.8144235964229206,
        0.47177133609021327,
        0.7499779839661262,
        0.7673346162902631,
        0.5867407061476395,
        0.7978770361719688,
        0.6550022879239676,
        0.3200455020419882,
        0.5968263807254968,
        0.5989463594139763
      ]
    },
    "num_results": 32
  },
  "target_metric_score": 0.6154980510275412,
  "timestamp": "2025-06-04T19:25:06.935623"
}