{
  "experiment_name": "candidate_q_net_2_neuron_34",
  "coalition_neurons": [
    "q_net.0_neuron_2",
    "q_net.2_neuron_34"
  ],
  "patch_config": {
    "q_net.0": [
      2
    ],
    "q_net.2": [
      34
    ]
  },
  "noising": {
    "metrics": {
      "mean": 0.4119888446319307,
      "std": 0.18194335008637516,
      "count": 32,
      "values": [
        0.31242226321687383,
        0.6255800946747502,
        0.3138394177873919,
        0.08173663909806637,
        0.31138854221532825,
        0.5305002292613793,
        0.17591114501476368,
        0.561876474993014,
        0.6030606413662326,
        0.6641379020673341,
        0.11343565906669208,
        0.35748860507623526,
        0.45687104770279596,
        0.6684180613378865,
        0.33256187861393977,
        0.5015101678031785,
        0.45076741277632304,
        0.5699951059263835,
        0.5018791075646409,
        0.651025581501853,
        0.5357295083482112,
        0.5599212930206692,
        0.3074110957214167,
        0.5597366774917389,
        0.06451498457983472,
        0.10151567757889578,
        0.4520556609835234,
        0.5210665536214921,
        0.18741764329202898,
        0.39577956302316936,
        0.5293903397514854,
        0.18469805374425358
      ]
    },
    "num_results": 32
  },
  "denoising": {
    "metrics": {
      "mean": 0.46384573235773496,
      "std": 0.15539803391048201,
      "count": 32,
      "values": [
        0.31018012819184926,
        0.6255817536467412,
        0.32147002249118517,
        0.01168426782775266,
        0.345038154748138,
        0.5458695885092724,
        0.17590300156752897,
        0.2596997476328602,
        0.5900336517532907,
        0.6641317227584701,
        0.6131045217551554,
        0.35683783096698307,
        0.4569150132927435,
        0.6669957336143818,
        0.29643722222960783,
        0.5014981083742966,
        0.45122680286632183,
        0.381482555259253,
        0.5191856189466268,
        0.6510774813203465,
        0.5357046929946371,
        0.5599397071248612,
        0.3074156231235744,
        0.5660287623233782,
        0.6444467425507031,
        0.6619837418770769,
        0.5034849306778134,
        0.521073197907501,
        0.49487565081807305,
        0.39596777853221,
        0.5417659837674789,
        0.36602369599740775
      ]
    },
    "num_results": 32
  },
  "target_metric_score": 0.46384573235773496,
  "timestamp": "2025-06-04T19:24:23.757058"
}