{
  "experiment_name": "candidate_q_net_2_neuron_0",
  "coalition_neurons": [
    "q_net.0_neuron_2",
    "q_net.0_neuron_59",
    "q_net.2_neuron_35",
    "q_net.0_neuron_58",
    "q_net.0_neuron_46",
    "q_net.0_neuron_52",
    "q_net.2_neuron_30",
    "q_net.2_neuron_55",
    "q_net.0_neuron_13",
    "q_net.2_neuron_57",
    "q_net.0_neuron_27",
    "q_net.0_neuron_54",
    "q_net.0_neuron_18",
    "q_net.0_neuron_42",
    "q_net.2_neuron_7",
    "q_net.2_neuron_38",
    "q_net.2_neuron_0"
  ],
  "patch_config": {
    "q_net.0": [
      2,
      59,
      58,
      46,
      52,
      13,
      27,
      54,
      18,
      42
    ],
    "q_net.2": [
      35,
      30,
      55,
      57,
      7,
      38,
      0
    ]
  },
  "noising": {
    "metrics": {
      "mean": 0.5723901731292942,
      "std": 0.24385790462749524,
      "count": 32,
      "values": [
        0.7877228957861623,
        0.6501657639164067,
        0.8011773570458357,
        0.7275974872903298,
        0.7090919095862267,
        0.6558664377997888,
        0.6948451856420413,
        0.027888200667145528,
        0.7371143127191783,
        0.6205896322588103,
        0.357522348526659,
        0.8938687745039132,
        0.6487012805403297,
        0.79616112243249,
        0.6901062435694278,
        0.5375285465615565,
        0.4321501089672386,
        0.07226624881178365,
        0.749198375981976,
        0.5666502786819309,
        0.7663863690426616,
        0.7687917067282454,
        0.8870034420890113,
        0.6339018659933852,
        0.07211390359891563,
        0.20282155709578095,
        0.685249898078737,
        0.3740930568589709,
        0.12915042401628882,
        0.48309804407499685,
        0.7570372551991998,
        0.4006255060719878
      ]
    },
    "num_results": 32
  },
  "denoising": {
    "metrics": {
      "mean": 0.6738600581793529,
      "std": 0.13115091842700513,
      "count": 32,
      "values": [
        0.7877543053078693,
        0.650165356247867,
        0.7821393868017241,
        0.7331915923991413,
        0.7155577284084242,
        0.648510700324423,
        0.694845313601748,
        0.8654918389644055,
        0.7371486229216192,
        0.6205858108705489,
        0.5376804195806417,
        0.8552965373494522,
        0.6487064209622845,
        0.7961508132928238,
        0.6901058100570042,
        0.5644290561839026,
        0.44310074817071016,
        0.6849913232209904,
        0.7468110643386293,
        0.5145809903027758,
        0.7663849943758421,
        0.7687979662783616,
        0.8870012135603504,
        0.6329039352131158,
        0.7788678507443332,
        0.744776270208553,
        0.6921889219989708,
        0.3740930568589709,
        0.6236135171413318,
        0.48329333652722417,
        0.734296511585413,
        0.36006044793983893
      ]
    },
    "num_results": 32
  },
  "target_metric_score": 0.6738600581793529,
  "timestamp": "2025-06-04T19:24:55.697838"
}