{
  "experiment_name": "candidate_q_net_0_neuron_35",
  "coalition_neurons": [
    "q_net.0_neuron_2",
    "q_net.0_neuron_59",
    "q_net.2_neuron_35",
    "q_net.0_neuron_58",
    "q_net.0_neuron_46",
    "q_net.0_neuron_52",
    "q_net.2_neuron_30",
    "q_net.2_neuron_55",
    "q_net.0_neuron_13",
    "q_net.2_neuron_57",
    "q_net.0_neuron_27",
    "q_net.0_neuron_54",
    "q_net.0_neuron_35"
  ],
  "patch_config": {
    "q_net.0": [
      2,
      59,
      58,
      46,
      52,
      13,
      27,
      54,
      35
    ],
    "q_net.2": [
      35,
      30,
      55,
      57
    ]
  },
  "noising": {
    "metrics": {
      "mean": 0.5505538420761322,
      "std": 0.23260724096912308,
      "count": 32,
      "values": [
        0.7838854190284814,
        0.6715143714852669,
        0.8037939637301329,
        0.6987475446531447,
        0.6840144430151824,
        0.6679915903507087,
        0.6720594811235949,
        0.2818481382258261,
        0.7113385693796641,
        0.6340218569412116,
        0.10614119508736831,
        0.6169158745425112,
        0.634596831840045,
        0.7392515262305339,
        0.6211308799790451,
        0.4635249062028689,
        0.40126340574159947,
        0.12670666256007665,
        0.7072789555638574,
        0.6904627075777725,
        0.8408071809107674,
        0.43931291258678934,
        0.8330442675094002,
        0.6402169585134588,
        0.10102296803481836,
        0.21251574718006377,
        0.6857121399925122,
        0.11742467510170598,
        0.15004603456364088,
        0.6379716799194934,
        0.7572664733092184,
        0.4858935855554705
      ]
    },
    "num_results": 32
  },
  "denoising": {
    "metrics": {
      "mean": 0.6508678205383536,
      "std": 0.14874587278759543,
      "count": 32,
      "values": [
        0.7838886245962383,
        0.6715143714852669,
        0.7862133117123338,
        0.7069777253661355,
        0.6964712271271701,
        0.653998618699961,
        0.6720565629321875,
        0.6983241195331904,
        0.7120848839163775,
        0.6340205749934497,
        0.39848642922272437,
        0.6524643551878103,
        0.6346011279209451,
        0.7363729391046752,
        0.6247130711526621,
        0.4566417191863962,
        0.4134674293188481,
        0.8190757364158577,
        0.7038116625105847,
        0.6589230437309411,
        0.8408060278242592,
        0.43931291258678934,
        0.8330479813504915,
        0.6383757020982891,
        0.8021087776821808,
        0.7510637947044285,
        0.6950892922936424,
        0.11741790719760503,
        0.7065445695012891,
        0.6418593759592114,
        0.7339273895192161,
        0.5141089923961556
      ]
    },
    "num_results": 32
  },
  "target_metric_score": 0.6508678205383536,
  "timestamp": "2025-06-04T19:24:46.909844"
}