{
  "experiment_name": "candidate_q_net_2_neuron_1",
  "coalition_neurons": [
    "q_net.0_neuron_2",
    "q_net.0_neuron_59",
    "q_net.2_neuron_35",
    "q_net.0_neuron_58",
    "q_net.0_neuron_46",
    "q_net.2_neuron_1"
  ],
  "patch_config": {
    "q_net.0": [
      2,
      59,
      58,
      46
    ],
    "q_net.2": [
      35,
      1
    ]
  },
  "noising": {
    "metrics": {
      "mean": 0.5518857139855338,
      "std": 0.2741492779677046,
      "count": 32,
      "values": [
        0.6961407946553508,
        0.7998800991757772,
        0.7303999933755109,
        0.716295775678899,
        0.7430799397159797,
        0.7132911147562174,
        0.7281511102753369,
        0.1413154544755029,
        0.7677229273567368,
        0.6250725004040304,
        0.027302792536146064,
        0.8851284886781072,
        0.4329741656686059,
        0.7392855066024462,
        0.701958025222355,
        0.6211290936201868,
        0.8763441185594246,
        0.06592349657157916,
        0.6993910048329239,
        0.6947672258867843,
        0.7138309613116205,
        0.6323715472302184,
        0.7008169636868071,
        0.83271187920614,
        0.089103568433678,
        0.17743466666891555,
        0.7252541252613387,
        0.15749166822810629,
        0.13633408423735385,
        0.21714060645752997,
        0.6790255422145499,
        0.19327360655292253
      ]
    },
    "num_results": 32
  },
  "denoising": {
    "metrics": {
      "mean": 0.6784327945374387,
      "std": 0.16692595984519842,
      "count": 32,
      "values": [
        0.6959441351119936,
        0.7998706979465773,
        0.7520384554293,
        0.7210524290742091,
        0.7618864846292274,
        0.6818731679557293,
        0.7281511102753369,
        0.799118613635698,
        0.7660980086767718,
        0.6250577278335747,
        0.4432824810799846,
        0.8690817669800692,
        0.43298807547280704,
        0.7418726568574676,
        0.703276872797543,
        0.6390077155135545,
        0.8756342074168022,
        0.8755439341239415,
        0.7058760873604404,
        0.662702490167482,
        0.7138253451963619,
        0.6323742980351303,
        0.7008169636868071,
        0.67345323525512,
        0.8482744576604552,
        0.7352875962284338,
        0.7325536628200686,
        0.15748977484433765,
        0.7969080332656739,
        0.1694881424196257,
        0.7079576322929405,
        0.5610631651545753
      ]
    },
    "num_results": 32
  },
  "target_metric_score": 0.6784327945374387,
  "timestamp": "2025-06-04T19:24:31.577012"
}