{
  "experiment_name": "candidate_q_net_0_neuron_14",
  "coalition_neurons": [
    "q_net.0_neuron_2",
    "q_net.0_neuron_59",
    "q_net.2_neuron_35",
    "q_net.0_neuron_58",
    "q_net.0_neuron_46",
    "q_net.0_neuron_14"
  ],
  "patch_config": {
    "q_net.0": [
      2,
      59,
      58,
      46,
      14
    ],
    "q_net.2": [
      35
    ]
  },
  "noising": {
    "metrics": {
      "mean": 0.5347295019263256,
      "std": 0.2571985591128576,
      "count": 32,
      "values": [
        0.6798408466291201,
        0.8513780717424148,
        0.6982956485319761,
        0.6951679528409808,
        0.6982368609598153,
        0.714762092376289,
        0.7285468558910565,
        0.5941353114098707,
        0.6659448263554938,
        0.6781716515951469,
        0.5172740102008624,
        0.06806981218761732,
        0.1940437847661216,
        0.8109767445499038,
        0.6809882137695249,
        0.6013373258177762,
        0.09941968682015515,
        0.6104439134641758,
        0.6938444783241724,
        0.6812176857630007,
        0.6546499610712893,
        0.1752839271878018,
        0.7024550303047251,
        0.8633177319045867,
        0.030285982152911662,
        0.15575166596540674,
        0.7738476625492069,
        0.1840870056217911,
        0.041185355694171755,
        0.5594868205594465,
        0.6111360797043431,
        0.39776106493126334
      ]
    },
    "num_results": 32
  },
  "denoising": {
    "metrics": {
      "mean": 0.5837065376219488,
      "std": 0.24426006253258994,
      "count": 32,
      "values": [
        0.6785618158725372,
        0.8513728378393758,
        0.7548468111060563,
        0.6972778568334895,
        0.6636010801683861,
        0.6916911000568324,
        0.7285462472599123,
        0.24785234434197728,
        0.7324760765407817,
        0.6781970812821909,
        0.33097858985936673,
        0.11958190767422676,
        0.1940804710580373,
        0.8068656115283144,
        0.6809373039953871,
        0.6274641085868541,
        0.10298838164492931,
        0.09378721085633805,
        0.691038526008362,
        0.6854166422330834,
        0.6546453224494957,
        0.1752839271878018,
        0.7024567973142315,
        0.8964407660779945,
        0.8410952960372325,
        0.7155781896562146,
        0.747851285875352,
        0.18406936322733336,
        0.8229411398355835,
        0.6235892792797315,
        0.6548569716751769,
        0.6022388605397742
      ]
    },
    "num_results": 32
  },
  "target_metric_score": 0.5837065376219488,
  "timestamp": "2025-06-04T19:24:32.615419"
}