{
  "experiment_name": "candidate_q_net_2_neuron_16",
  "coalition_neurons": [
    "q_net.0_neuron_2",
    "q_net.0_neuron_59",
    "q_net.2_neuron_35",
    "q_net.0_neuron_58",
    "q_net.0_neuron_46",
    "q_net.0_neuron_52",
    "q_net.2_neuron_30",
    "q_net.2_neuron_55",
    "q_net.0_neuron_13",
    "q_net.2_neuron_57",
    "q_net.0_neuron_27",
    "q_net.0_neuron_54",
    "q_net.0_neuron_18",
    "q_net.0_neuron_42",
    "q_net.2_neuron_7",
    "q_net.2_neuron_38",
    "q_net.2_neuron_39",
    "q_net.2_neuron_16"
  ],
  "patch_config": {
    "q_net.0": [
      2,
      59,
      58,
      46,
      52,
      13,
      27,
      54,
      18,
      42
    ],
    "q_net.2": [
      35,
      30,
      55,
      57,
      7,
      38,
      39,
      16
    ]
  },
  "noising": {
    "metrics": {
      "mean": 0.513219155957728,
      "std": 0.25835329134916274,
      "count": 32,
      "values": [
        0.7416251909444133,
        0.652256878046821,
        0.7966117268378377,
        0.6921744174382791,
        0.6800771389715393,
        0.5798263714836538,
        0.6531479131608912,
        0.21362137236660703,
        0.7358963215316945,
        0.8005847889932975,
        0.2548987381259617,
        0.5802134722761985,
        0.6467803210022255,
        0.8099628441697085,
        0.6591087574907025,
        0.5869788603861559,
        0.2081762095362027,
        0.06193591694164193,
        0.7486234048542478,
        0.1799111815243075,
        0.7729700657335783,
        0.1216415308326647,
        0.8172400395560966,
        0.590712955847496,
        0.004704486320408745,
        0.18429377080918147,
        0.6292333409172615,
        0.5711382877457626,
        0.13719302207781228,
        0.5416405360604291,
        0.6430402851142775,
        0.12679284354994114
      ]
    },
    "num_results": 32
  },
  "denoising": {
    "metrics": {
      "mean": 0.6077515691843889,
      "std": 0.20083875349781036,
      "count": 32,
      "values": [
        0.7413153892080202,
        0.652256878046821,
        0.7771441727684607,
        0.6980979814883365,
        0.6753334035944826,
        0.573405926128255,
        0.6531473346749277,
        0.73325772315977,
        0.7359737170114053,
        0.8005841884897773,
        0.6417281293422177,
        0.5242131015938384,
        0.6467891208702048,
        0.8099622655273222,
        0.6584035823951956,
        0.6075618390833605,
        0.21973012011111545,
        0.6475953131975399,
        0.746249444340671,
        0.04528821968478608,
        0.7729687311400303,
        0.12164030311007248,
        0.8172404704382523,
        0.5714739841185767,
        0.7357576020506176,
        0.7270631560397788,
        0.6376194810255053,
        0.5711344064382537,
        0.6385970652581278,
        0.5413295783976151,
        0.6354183191650535,
        0.08976926600205282
      ]
    },
    "num_results": 32
  },
  "target_metric_score": 0.6077515691843889,
  "timestamp": "2025-06-04T19:24:56.783792"
}