{
  "experiment_name": "candidate_q_net_2_neuron_6",
  "coalition_neurons": [
    "q_net.0_neuron_2",
    "q_net.0_neuron_59",
    "q_net.2_neuron_35",
    "q_net.0_neuron_58",
    "q_net.0_neuron_46",
    "q_net.0_neuron_52",
    "q_net.2_neuron_30",
    "q_net.2_neuron_55",
    "q_net.0_neuron_13",
    "q_net.2_neuron_57",
    "q_net.0_neuron_27",
    "q_net.0_neuron_54",
    "q_net.0_neuron_18",
    "q_net.0_neuron_42",
    "q_net.2_neuron_7",
    "q_net.2_neuron_38",
    "q_net.2_neuron_39",
    "q_net.2_neuron_15",
    "q_net.2_neuron_63",
    "q_net.0_neuron_35",
    "q_net.0_neuron_5",
    "q_net.0_neuron_31",
    "q_net.2_neuron_23",
    "q_net.0_neuron_40",
    "q_net.2_neuron_6"
  ],
  "patch_config": {
    "q_net.0": [
      2,
      59,
      58,
      46,
      52,
      13,
      27,
      54,
      18,
      42,
      35,
      5,
      31,
      40
    ],
    "q_net.2": [
      35,
      30,
      55,
      57,
      7,
      38,
      39,
      15,
      63,
      23,
      6
    ]
  },
  "noising": {
    "metrics": {
      "mean": 0.5711809934840384,
      "std": 0.24330086240768062,
      "count": 32,
      "values": [
        0.7056794100489479,
        0.5547526369326613,
        0.8426266374033654,
        0.6822429880552442,
        0.6964302655955088,
        0.5740671768723454,
        0.6139663641432326,
        0.11238754819924235,
        0.7638821014472693,
        0.8445999012021409,
        0.03852566812216727,
        0.775725524137994,
        0.8454297268648097,
        0.9609188330135017,
        0.6229750961713386,
        0.5803487038693124,
        0.4463526777978169,
        0.32789798692046845,
        0.7359705943415276,
        0.43357431605777613,
        0.934834737936867,
        0.4463319140055827,
        0.8129661053005798,
        0.5027877397099846,
        0.108470272753313,
        0.19301966277608099,
        0.5676147357687626,
        0.7182796134023892,
        0.16412502875289492,
        0.571441047743512,
        0.6428729675912346,
        0.45669380855135555
      ]
    },
    "num_results": 32
  },
  "denoising": {
    "metrics": {
      "mean": 0.6712885145511742,
      "std": 0.1335258728401272,
      "count": 32,
      "values": [
        0.7052778719484504,
        0.5547520064269638,
        0.8271023674186374,
        0.6876640334237482,
        0.6885352844195657,
        0.5522627102694575,
        0.613965268398428,
        0.7858125562776117,
        0.7632853106263017,
        0.844599561784267,
        0.6664652497599248,
        0.6980452772456964,
        0.8454308622713408,
        0.9609189211560382,
        0.6267464861571692,
        0.6040979981764119,
        0.4535239941464393,
        0.5549773416567861,
        0.7302662863235834,
        0.43713870106607644,
        0.9348346226864055,
        0.4463302491098469,
        0.8204763168231921,
        0.515104708088974,
        0.712555128055837,
        0.7791199910565292,
        0.5749318347240308,
        0.7182753884767594,
        0.6384844397077454,
        0.5703396136406742,
        0.6266199532969327,
        0.5432921310177494
      ]
    },
    "num_results": 32
  },
  "target_metric_score": 0.6712885145511742,
  "timestamp": "2025-06-04T19:25:09.107982"
}