{
  "experiment_name": "candidate_q_net_2_neuron_61",
  "coalition_neurons": [
    "q_net.0_neuron_2",
    "q_net.0_neuron_59",
    "q_net.2_neuron_35",
    "q_net.0_neuron_58",
    "q_net.0_neuron_46",
    "q_net.0_neuron_52",
    "q_net.2_neuron_30",
    "q_net.2_neuron_55",
    "q_net.0_neuron_13",
    "q_net.2_neuron_57",
    "q_net.0_neuron_27",
    "q_net.0_neuron_54",
    "q_net.0_neuron_18",
    "q_net.0_neuron_42",
    "q_net.2_neuron_7",
    "q_net.2_neuron_38",
    "q_net.2_neuron_61"
  ],
  "patch_config": {
    "q_net.0": [
      2,
      59,
      58,
      46,
      52,
      13,
      27,
      54,
      18,
      42
    ],
    "q_net.2": [
      35,
      30,
      55,
      57,
      7,
      38,
      61
    ]
  },
  "noising": {
    "metrics": {
      "mean": 0.534673481289295,
      "std": 0.258294259668054,
      "count": 32,
      "values": [
        0.8126658043254965,
        0.6664076285480297,
        0.8283270385110408,
        0.7455104316636579,
        0.7439168099295613,
        0.6688936900816024,
        0.6959278151474536,
        0.0666716697336533,
        0.8043614193428527,
        0.6388208017652193,
        0.1544629821031562,
        0.5291441529858045,
        0.6538477612047582,
        0.6722062731097347,
        0.7115839481702751,
        0.5384894526521298,
        0.11925009867019412,
        0.23171352450412655,
        0.7764425491117377,
        0.5515102529190778,
        0.6848539637914935,
        0.7430737421374516,
        0.7627367381260863,
        0.6437130201799329,
        0.06921639391213909,
        0.19144956680474406,
        0.70128494410423,
        0.09249142270052717,
        0.1653997766057666,
        0.30144982546328286,
        0.8019965638162846,
        0.3417313391359381
      ]
    },
    "num_results": 32
  },
  "denoising": {
    "metrics": {
      "mean": 0.6281592968900516,
      "std": 0.18701806086950964,
      "count": 32,
      "values": [
        0.8128941320336492,
        0.6664084428091985,
        0.808601469730341,
        0.7516342266299588,
        0.7566601257314102,
        0.6621114817498849,
        0.6959299538184254,
        0.8123294760703726,
        0.8016155839302453,
        0.638816689652637,
        0.48053949400663937,
        0.503016090196218,
        0.6538500491856997,
        0.6721943127556381,
        0.7111388432707745,
        0.5574875342549482,
        0.12777807969356433,
        0.5034834549339003,
        0.7747324710703407,
        0.4933928116966857,
        0.6848541148098937,
        0.7430737421374516,
        0.7627392560156707,
        0.6319393299262052,
        0.7804455360728119,
        0.7696247991739414,
        0.7076537973432385,
        0.09249739408610265,
        0.6446986001297162,
        0.3029101005524216,
        0.773901419154584,
        0.3221446878590832
      ]
    },
    "num_results": 32
  },
  "target_metric_score": 0.6281592968900516,
  "timestamp": "2025-06-04T19:24:54.660486"
}