{
  "experiment_name": "candidate_q_net_0_neuron_44",
  "coalition_neurons": [
    "q_net.0_neuron_2",
    "q_net.0_neuron_59",
    "q_net.2_neuron_35",
    "q_net.0_neuron_58",
    "q_net.0_neuron_46",
    "q_net.0_neuron_52",
    "q_net.0_neuron_44"
  ],
  "patch_config": {
    "q_net.0": [
      2,
      59,
      58,
      46,
      52,
      44
    ],
    "q_net.2": [
      35
    ]
  },
  "noising": {
    "metrics": {
      "mean": 0.5388342011887185,
      "std": 0.26635532660014055,
      "count": 32,
      "values": [
        0.7282595421890361,
        0.6930738463581957,
        0.9039369182183349,
        0.7548151734297869,
        0.8018638681295865,
        0.7592751787351718,
        0.7544510242763518,
        0.2602512685504186,
        0.8609810911905625,
        0.29235927589920646,
        0.2251462669055825,
        0.43390955768852507,
        0.3334933268254081,
        0.4659178823961385,
        0.7488760547977045,
        0.7245550280193115,
        0.5934545317655273,
        0.22133464086802282,
        0.7276161322083698,
        0.738210857600088,
        0.5151400603617512,
        0.824657322224708,
        0.6635684894539252,
        0.5237115543871581,
        0.09009847658717697,
        0.06306129799625491,
        0.7843949964369662,
        0.12230028869834011,
        0.003997537833793243,
        0.7028106795288807,
        0.7142935564947317,
        0.2128787119839754
      ]
    },
    "num_results": 32
  },
  "denoising": {
    "metrics": {
      "mean": 0.6501603414550721,
      "std": 0.18635228003402826,
      "count": 32,
      "values": [
        0.7277569330905519,
        0.6930752679227281,
        0.8373304232958015,
        0.7556839022238175,
        0.8496163472282776,
        0.7593679657759328,
        0.7544520664421086,
        0.6555723425880682,
        0.8525328049553415,
        0.29235484871759204,
        0.3717650954846565,
        0.4062086904739001,
        0.33351078172579673,
        0.49292473036396045,
        0.7545605582218801,
        0.7221967548929895,
        0.5724953595414913,
        0.6593045635960313,
        0.7399132817432033,
        0.7957811581772147,
        0.5151401565022414,
        0.8246631186898745,
        0.663570527876802,
        0.5484380869313304,
        0.8796956105746441,
        0.8030303850824104,
        0.7965204898009951,
        0.12229363507292809,
        0.8089893098388423,
        0.6086272272320159,
        0.7548894741101774,
        0.4528690283886997
      ]
    },
    "num_results": 32
  },
  "target_metric_score": 0.6501603414550721,
  "timestamp": "2025-06-04T19:24:35.423436"
}