{
  "experiment_name": "candidate_q_net_0_neuron_56",
  "coalition_neurons": [
    "q_net.0_neuron_2",
    "q_net.0_neuron_59",
    "q_net.2_neuron_35",
    "q_net.0_neuron_58",
    "q_net.0_neuron_46",
    "q_net.0_neuron_52",
    "q_net.2_neuron_30",
    "q_net.2_neuron_55",
    "q_net.0_neuron_13",
    "q_net.2_neuron_57",
    "q_net.0_neuron_56"
  ],
  "patch_config": {
    "q_net.0": [
      2,
      59,
      58,
      46,
      52,
      13,
      56
    ],
    "q_net.2": [
      35,
      30,
      55,
      57
    ]
  },
  "noising": {
    "metrics": {
      "mean": 0.542018167827984,
      "std": 0.26424591226037264,
      "count": 32,
      "values": [
        0.7625554219669544,
        0.7118048359627985,
        0.8322595863515304,
        0.7397006081601861,
        0.6987208700760632,
        0.7482518104630658,
        0.7572709028405723,
        0.1527798176360757,
        0.7998106874660412,
        0.7696277051341717,
        0.17031978034017745,
        0.5856363468327498,
        0.7212129404145519,
        0.6079766416503826,
        0.7255736789920577,
        0.5397013501033732,
        0.2581962407439627,
        0.06852370417105029,
        0.793427039431079,
        0.36547287181749416,
        0.734016665996887,
        0.7071685167058457,
        0.7922263429490447,
        0.644988451762494,
        0.053058965812615926,
        0.173114753533223,
        0.6987611505607245,
        0.290599099330239,
        0.10480704928680795,
        0.4930549908982807,
        0.7524675228232925,
        0.0914950202816954
      ]
    },
    "num_results": 32
  },
  "denoising": {
    "metrics": {
      "mean": 0.6714036855227784,
      "std": 0.15321202781253745,
      "count": 32,
      "values": [
        0.761928939622209,
        0.7118048359627985,
        0.8193547117455203,
        0.7497388159270689,
        0.7209879741111429,
        0.7177030190196532,
        0.7572730980690665,
        0.7921541889222875,
        0.7948306216354523,
        0.7696237110933342,
        0.4320803178802299,
        0.5849677373245872,
        0.7212122821387006,
        0.6468874884592195,
        0.7248652527823481,
        0.5394718491518108,
        0.2558994879990902,
        0.6036522927298069,
        0.7984352690675635,
        0.3365499887148676,
        0.7340151142774543,
        0.7071666761159712,
        0.7922242600145283,
        0.6452538363706488,
        0.8668591536960534,
        0.7577895903436217,
        0.7293842316281539,
        0.290599099330239,
        0.77252922098234,
        0.551303439408987,
        0.816594973297291,
        0.5817764589068642
      ]
    },
    "num_results": 32
  },
  "target_metric_score": 0.6714036855227784,
  "timestamp": "2025-06-04T19:24:41.689586"
}