{
  "experiment_name": "candidate_q_net_2_neuron_43",
  "coalition_neurons": [
    "q_net.0_neuron_2",
    "q_net.0_neuron_59",
    "q_net.2_neuron_35",
    "q_net.0_neuron_58",
    "q_net.0_neuron_46",
    "q_net.0_neuron_52",
    "q_net.2_neuron_30",
    "q_net.2_neuron_55",
    "q_net.0_neuron_13",
    "q_net.2_neuron_57",
    "q_net.0_neuron_27",
    "q_net.0_neuron_54",
    "q_net.0_neuron_18",
    "q_net.0_neuron_42",
    "q_net.2_neuron_7",
    "q_net.2_neuron_38",
    "q_net.2_neuron_39",
    "q_net.2_neuron_15",
    "q_net.2_neuron_63",
    "q_net.0_neuron_35",
    "q_net.2_neuron_43"
  ],
  "patch_config": {
    "q_net.0": [
      2,
      59,
      58,
      46,
      52,
      13,
      27,
      54,
      18,
      42,
      35
    ],
    "q_net.2": [
      35,
      30,
      55,
      57,
      7,
      38,
      39,
      15,
      63,
      43
    ]
  },
  "noising": {
    "metrics": {
      "mean": 0.552728659629478,
      "std": 0.24868493881766568,
      "count": 32,
      "values": [
        0.7348200209845014,
        0.5386022369110439,
        0.8132862692361007,
        0.6934700709363759,
        0.7921064970117727,
        0.5927586772581602,
        0.623424594409251,
        0.03695737301026739,
        0.7525489114859197,
        0.8805811571153795,
        0.002311620166020119,
        0.7351157182060353,
        0.6878337458791984,
        0.8544326042035479,
        0.6341025921124606,
        0.5255466543788322,
        0.4194811740948404,
        0.2651933291802564,
        0.7405544103812157,
        0.5810478383031009,
        0.9012313408146768,
        0.3834689963793681,
        0.7817233279712203,
        0.4998706293596168,
        0.08963237314480184,
        0.20507655917754444,
        0.6262148627165844,
        0.6574143881652239,
        0.13022193462671744,
        0.4926980883324,
        0.662839394809631,
        0.3527497173812324
      ]
    },
    "num_results": 32
  },
  "denoising": {
    "metrics": {
      "mean": 0.6675696441202752,
      "std": 0.1232632893029025,
      "count": 32,
      "values": [
        0.7344740772922084,
        0.5386023502466969,
        0.7955328231667633,
        0.6997559284730024,
        0.79237718375705,
        0.5711488018047933,
        0.6234220693761434,
        0.7610954258804259,
        0.752188837819121,
        0.8805768044825036,
        0.6590830518295704,
        0.6744873295468276,
        0.6878387812653323,
        0.8544364483759094,
        0.6378166245245106,
        0.5235143608066772,
        0.4175932875306242,
        0.6651536760820546,
        0.7395681103557188,
        0.6143968281855199,
        0.9012342280254807,
        0.3834703175176415,
        0.7817220274055844,
        0.48922812731763626,
        0.7517913646338499,
        0.7459036193607947,
        0.6331042248616663,
        0.6574192246906247,
        0.6646547527664167,
        0.49704067939048235,
        0.656018611064038,
        0.5775786340131408
      ]
    },
    "num_results": 32
  },
  "target_metric_score": 0.6675696441202752,
  "timestamp": "2025-06-04T19:25:01.358405"
}