{
  "experiment_name": "candidate_q_net_0_neuron_9",
  "coalition_neurons": [
    "q_net.0_neuron_2",
    "q_net.0_neuron_59",
    "q_net.2_neuron_35",
    "q_net.0_neuron_58",
    "q_net.0_neuron_46",
    "q_net.0_neuron_9"
  ],
  "patch_config": {
    "q_net.0": [
      2,
      59,
      58,
      46,
      9
    ],
    "q_net.2": [
      35
    ]
  },
  "noising": {
    "metrics": {
      "mean": 0.4988036541382951,
      "std": 0.24279389836164408,
      "count": 32,
      "values": [
        0.6522392695148574,
        0.6192135372971275,
        0.6861337047584055,
        0.6788957928978006,
        0.733266178482861,
        0.7154623307086608,
        0.6750120396696629,
        0.30150350752368305,
        0.7038741596857471,
        0.10457894340431992,
        0.34098079487279587,
        0.18993798258929334,
        0.14800925495511835,
        0.5131519154594217,
        0.681287416830124,
        0.6366095315193535,
        0.28481364062265435,
        0.28048672350123277,
        0.669187731283717,
        0.7567771710332989,
        0.4680155304859625,
        0.21394337524340398,
        0.7407722123728745,
        0.8952861387464675,
        0.10111327903183329,
        0.16933689834508653,
        0.7488568465766647,
        0.2983622784040636,
        0.0716853943681048,
        0.5594868205594465,
        0.5614665159926389,
        0.7619700156887604
      ]
    },
    "num_results": 32
  },
  "denoising": {
    "metrics": {
      "mean": 0.5307038904707098,
      "std": 0.24006600499372438,
      "count": 32,
      "values": [
        0.6516128228015228,
        0.6192135372971275,
        0.7042432371535232,
        0.6765362631837287,
        0.7312940948519846,
        0.6827090184379319,
        0.6750092544724552,
        0.2056328956797325,
        0.7629027873459454,
        0.1045838778866911,
        0.2697645388748888,
        0.19983250815310602,
        0.14795620985038493,
        0.5356108424835855,
        0.6815488319707829,
        0.6407636922160141,
        0.2835412226463745,
        0.08124476596860236,
        0.6674542224257118,
        0.7006515106907407,
        0.468004092269882,
        0.21394337524340398,
        0.7407764099028674,
        0.8539932407561698,
        0.7528358664951003,
        0.7134176759570577,
        0.7448834140402446,
        0.29835854868909784,
        0.8297934030109392,
        0.6235892792797315,
        0.5651403515611011,
        0.15568270346628266
      ]
    },
    "num_results": 32
  },
  "target_metric_score": 0.5307038904707098,
  "timestamp": "2025-06-04T19:24:32.960690"
}