{
  "experiment_name": "candidate_q_net_2_neuron_51",
  "coalition_neurons": [
    "q_net.0_neuron_2",
    "q_net.0_neuron_59",
    "q_net.2_neuron_35",
    "q_net.0_neuron_58",
    "q_net.0_neuron_46",
    "q_net.0_neuron_52",
    "q_net.2_neuron_30",
    "q_net.2_neuron_51"
  ],
  "patch_config": {
    "q_net.0": [
      2,
      59,
      58,
      46,
      52
    ],
    "q_net.2": [
      35,
      30,
      51
    ]
  },
  "noising": {
    "metrics": {
      "mean": 0.5740115270045025,
      "std": 0.24767282060806464,
      "count": 32,
      "values": [
        0.8172285773067343,
        0.8049445779272738,
        0.818560131399634,
        0.7550897207138695,
        0.753610124201889,
        0.7721270613038996,
        0.790088794062077,
        0.5165546132923783,
        0.7771471718104683,
        0.614549999304888,
        0.062377213275338954,
        0.3691352307411872,
        0.5447414410541073,
        0.7772237423698221,
        0.7330092178754108,
        0.7454251692961016,
        0.4213899665466306,
        0.5642692870156046,
        0.76817546883227,
        0.7215852459189114,
        0.6936973576252127,
        0.4245587833121139,
        0.7777405134959813,
        0.48953636860729005,
        0.006304563220885794,
        0.16625746408473305,
        0.7970120045160919,
        0.34514527449441396,
        0.05925209995744912,
        0.4915009928773532,
        0.7687586522556401,
        0.22137203544841688
      ]
    },
    "num_results": 32
  },
  "denoising": {
    "metrics": {
      "mean": 0.6761785057309235,
      "std": 0.156234898153333,
      "count": 32,
      "values": [
        0.8166587929478603,
        0.8049381430037953,
        0.7958649961456176,
        0.7600329504308188,
        0.7725414916035863,
        0.7462671437512948,
        0.7900855323592938,
        0.4828503016236334,
        0.8021461586442489,
        0.6145457108092682,
        0.742103116736237,
        0.3691352307411872,
        0.5447501415271959,
        0.8052099575148701,
        0.7349445283649058,
        0.7605588471111093,
        0.4214373290618474,
        0.38501893189347697,
        0.7705246903862414,
        0.6787352600269901,
        0.6936944263031859,
        0.42456336469211753,
        0.7777427051015073,
        0.5266769757157335,
        0.8624151571081716,
        0.7846766513238183,
        0.8112996859352448,
        0.34515198964431265,
        0.8118162349487155,
        0.48913235042985853,
        0.7759494579941861,
        0.7362439295092245
      ]
    },
    "num_results": 32
  },
  "target_metric_score": 0.6761785057309235,
  "timestamp": "2025-06-04T19:24:37.274970"
}