{
  "experiment_name": "candidate_q_net_2_neuron_5",
  "coalition_neurons": [
    "q_net.0_neuron_2",
    "q_net.0_neuron_59",
    "q_net.2_neuron_35",
    "q_net.0_neuron_58",
    "q_net.0_neuron_46",
    "q_net.0_neuron_52",
    "q_net.2_neuron_30",
    "q_net.2_neuron_55",
    "q_net.0_neuron_13",
    "q_net.2_neuron_57",
    "q_net.0_neuron_27",
    "q_net.0_neuron_54",
    "q_net.0_neuron_18",
    "q_net.0_neuron_42",
    "q_net.2_neuron_7",
    "q_net.2_neuron_38",
    "q_net.2_neuron_39",
    "q_net.2_neuron_15",
    "q_net.2_neuron_63",
    "q_net.0_neuron_35",
    "q_net.2_neuron_5"
  ],
  "patch_config": {
    "q_net.0": [
      2,
      59,
      58,
      46,
      52,
      13,
      27,
      54,
      18,
      42,
      35
    ],
    "q_net.2": [
      35,
      30,
      55,
      57,
      7,
      38,
      39,
      15,
      63,
      5
    ]
  },
  "noising": {
    "metrics": {
      "mean": 0.5491013883715996,
      "std": 0.24237745925637907,
      "count": 32,
      "values": [
        0.7280201578039537,
        0.5358613661265145,
        0.8466891093503537,
        0.7098290944803247,
        0.7996264050654207,
        0.5760102352329827,
        0.6253289404535389,
        0.15038789824748067,
        0.7358952309616408,
        0.8392252552229157,
        0.02141280422983992,
        0.7488144916573781,
        0.6475641390178306,
        0.9026532287880523,
        0.6446292570990547,
        0.6731379961274262,
        0.42246008352176156,
        0.20038903489345392,
        0.7299123159620758,
        0.4895279298203838,
        0.8866340094865088,
        0.3429917726950508,
        0.6967955456875489,
        0.4975514458758147,
        0.10107398621877539,
        0.20173680744059513,
        0.6119502040147081,
        0.6180829247354037,
        0.15753518472195593,
        0.3831799253498177,
        0.6670130386516948,
        0.3793246089509292
      ]
    },
    "num_results": 32
  },
  "denoising": {
    "metrics": {
      "mean": 0.659435382088436,
      "std": 0.13134274538554402,
      "count": 32,
      "values": [
        0.7276401636914438,
        0.5358606861276989,
        0.8305786298605659,
        0.7160416845086872,
        0.8002067615881432,
        0.5557600663646469,
        0.6253283926944404,
        0.7301817480681679,
        0.7359489255002005,
        0.8392207293530779,
        0.6572816842181439,
        0.6902552145390408,
        0.6475704097162427,
        0.9026511991725638,
        0.6480857264151495,
        0.6375524949484784,
        0.4205899251726813,
        0.6872261434951372,
        0.7332572624432429,
        0.528080349180414,
        0.8866353747774364,
        0.3429902678105627,
        0.6967984217503327,
        0.48677115584069797,
        0.7453656726242638,
        0.7411706908953788,
        0.6191394628031544,
        0.6180816667005692,
        0.6607346925277219,
        0.3740374572171492,
        0.6602168221787377,
        0.620672344645782
      ]
    },
    "num_results": 32
  },
  "target_metric_score": 0.659435382088436,
  "timestamp": "2025-06-04T19:25:02.422948"
}