{
  "experiment_name": "candidate_q_net_0_neuron_7",
  "coalition_neurons": [
    "q_net.0_neuron_2",
    "q_net.0_neuron_59",
    "q_net.2_neuron_35",
    "q_net.0_neuron_58",
    "q_net.0_neuron_46",
    "q_net.0_neuron_52",
    "q_net.2_neuron_30",
    "q_net.2_neuron_55",
    "q_net.0_neuron_13",
    "q_net.2_neuron_57",
    "q_net.0_neuron_27",
    "q_net.0_neuron_54",
    "q_net.0_neuron_18",
    "q_net.0_neuron_42",
    "q_net.2_neuron_7",
    "q_net.2_neuron_38",
    "q_net.2_neuron_39",
    "q_net.2_neuron_15",
    "q_net.2_neuron_63",
    "q_net.0_neuron_35",
    "q_net.0_neuron_5",
    "q_net.0_neuron_31",
    "q_net.2_neuron_23",
    "q_net.0_neuron_40",
    "q_net.2_neuron_48",
    "q_net.0_neuron_56",
    "q_net.2_neuron_6",
    "q_net.2_neuron_21",
    "q_net.2_neuron_50",
    "q_net.0_neuron_7"
  ],
  "patch_config": {
    "q_net.0": [
      2,
      59,
      58,
      46,
      52,
      13,
      27,
      54,
      18,
      42,
      35,
      5,
      31,
      40,
      56,
      7
    ],
    "q_net.2": [
      35,
      30,
      55,
      57,
      7,
      38,
      39,
      15,
      63,
      23,
      48,
      6,
      21,
      50
    ]
  },
  "noising": {
    "metrics": {
      "mean": 0.5034679555793222,
      "std": 0.22477549128494156,
      "count": 32,
      "values": [
        0.6927042751860301,
        0.32387879154226423,
        0.8390271548007069,
        0.663803675061704,
        0.5738848602072969,
        0.5495961263847189,
        0.5736325270860612,
        0.14218986273623063,
        0.7669305748910455,
        0.8033681790718814,
        0.30016387817083184,
        0.6183891718745674,
        0.5835908280799628,
        0.8242823096986599,
        0.5981180874083456,
        0.23084289912588393,
        0.25787700173998124,
        0.3799650365403128,
        0.7086120965761394,
        0.48070636843476217,
        0.7628992754206231,
        0.2296184588643607,
        0.8557871345048532,
        0.10513652978907537,
        0.26738144249894463,
        0.19225887554967816,
        0.5605637090938479,
        0.5743508264161685,
        0.2040501742981154,
        0.5434304001957285,
        0.6261229870462828,
        0.27781106024324614
      ]
    },
    "num_results": 32
  },
  "denoising": {
    "metrics": {
      "mean": 0.5769445051511155,
      "std": 0.1868080170858007,
      "count": 32,
      "values": [
        0.6925025735070761,
        0.3238754219938694,
        0.7698202286642316,
        0.6701196604698453,
        0.5561765910254474,
        0.5408518884728446,
        0.5736318772901731,
        0.6158593400360359,
        0.7669281338869663,
        0.8033665976166663,
        0.7000813919281674,
        0.6055698210734052,
        0.586132750962816,
        0.8242820537149855,
        0.6028176952739129,
        0.24474873139308317,
        0.2647102468061866,
        0.2683965710064575,
        0.7032464545894527,
        0.4962888082568242,
        0.7628993344026925,
        0.22960860093928986,
        0.8646531164843966,
        0.11086156433181739,
        0.641758544262625,
        0.764551414869328,
        0.5669508360443499,
        0.5743487246687479,
        0.6244335976504286,
        0.5437594433889275,
        0.608893157387044,
        0.5600989924376041
      ]
    },
    "num_results": 32
  },
  "target_metric_score": 0.5769445051511155,
  "timestamp": "2025-06-04T19:25:18.383155"
}