{
  "experiment_name": "candidate_q_net_0_neuron_8",
  "coalition_neurons": [
    "q_net.0_neuron_2",
    "q_net.0_neuron_59",
    "q_net.2_neuron_35",
    "q_net.0_neuron_58",
    "q_net.0_neuron_46",
    "q_net.0_neuron_52",
    "q_net.2_neuron_30",
    "q_net.2_neuron_55",
    "q_net.0_neuron_13",
    "q_net.2_neuron_57",
    "q_net.0_neuron_27",
    "q_net.0_neuron_54",
    "q_net.0_neuron_18",
    "q_net.0_neuron_8"
  ],
  "patch_config": {
    "q_net.0": [
      2,
      59,
      58,
      46,
      52,
      13,
      27,
      54,
      18,
      8
    ],
    "q_net.2": [
      35,
      30,
      55,
      57
    ]
  },
  "noising": {
    "metrics": {
      "mean": 0.5515222805559479,
      "std": 0.2538982813620537,
      "count": 32,
      "values": [
        0.7191645863564492,
        0.6892696351888458,
        0.7940375465793754,
        0.7266728623101429,
        0.6939332153291267,
        0.6845911416504898,
        0.7348380115668497,
        0.00044133356370311985,
        0.7504386400228223,
        0.7936005893001901,
        0.21855451449280913,
        0.8608418462522005,
        0.6559126968283463,
        0.7014898476314426,
        0.6928516173268917,
        0.5847435820734995,
        0.4473037750360412,
        0.06525414363227162,
        0.7030239970552195,
        0.6152523097137041,
        0.7271348263693531,
        0.7089308515196564,
        0.8333296946760099,
        0.6645305997098817,
        0.149118045529759,
        0.19226350922576918,
        0.6791310329952931,
        0.13058843554409844,
        0.1316911481515839,
        0.34431707962017927,
        0.6437749243276452,
        0.3116869382106819
      ]
    },
    "num_results": 32
  },
  "denoising": {
    "metrics": {
      "mean": 0.6575512952854122,
      "std": 0.16522799842604274,
      "count": 32,
      "values": [
        0.7139275892282114,
        0.6892706068670232,
        0.7753904187015415,
        0.7325428854253864,
        0.7106413378658244,
        0.6936458174485989,
        0.7348380115668497,
        0.8333037709976824,
        0.7499982172891818,
        0.7935964665069722,
        0.46666665897837944,
        0.8094286308036248,
        0.6559128001868476,
        0.7411570126648805,
        0.6925035458019535,
        0.5851177957961343,
        0.45790316321423,
        0.8341429889030381,
        0.7008309447192789,
        0.591010603611052,
        0.7271359883566783,
        0.7089175088584169,
        0.831742310510864,
        0.665111098571565,
        0.6914429248601569,
        0.7741859433468544,
        0.6913409786978529,
        0.13058969652488572,
        0.6817395088206245,
        0.34445096192796865,
        0.6231584873271901,
        0.20999677475344294
      ]
    },
    "num_results": 32
  },
  "target_metric_score": 0.6575512952854122,
  "timestamp": "2025-06-04T19:24:48.837354"
}