{
  "experiment_name": "candidate_q_net_2_neuron_61",
  "coalition_neurons": [
    "q_net.0_neuron_2",
    "q_net.0_neuron_59",
    "q_net.2_neuron_35",
    "q_net.0_neuron_58",
    "q_net.0_neuron_46",
    "q_net.0_neuron_52",
    "q_net.2_neuron_30",
    "q_net.2_neuron_55",
    "q_net.0_neuron_13",
    "q_net.2_neuron_57",
    "q_net.0_neuron_27",
    "q_net.0_neuron_54",
    "q_net.0_neuron_18",
    "q_net.0_neuron_42",
    "q_net.2_neuron_7",
    "q_net.2_neuron_38",
    "q_net.2_neuron_39",
    "q_net.2_neuron_61"
  ],
  "patch_config": {
    "q_net.0": [
      2,
      59,
      58,
      46,
      52,
      13,
      27,
      54,
      18,
      42
    ],
    "q_net.2": [
      35,
      30,
      55,
      57,
      7,
      38,
      39,
      61
    ]
  },
  "noising": {
    "metrics": {
      "mean": 0.5030375049930657,
      "std": 0.26218007478663663,
      "count": 32,
      "values": [
        0.7629085518153988,
        0.650186450765538,
        0.8230945299270451,
        0.7085990152030847,
        0.7700592223096308,
        0.6327534598525851,
        0.6578801304065602,
        0.0621742313945271,
        0.8016455249904024,
        0.7492567043240822,
        0.2581364947145534,
        0.3945780429768767,
        0.6538477612047582,
        0.7318924012608395,
        0.6731595072134339,
        0.5384894526521298,
        0.09499528109209404,
        0.23313967534491814,
        0.7748046173694275,
        0.2057193368233619,
        0.742801572261756,
        0.040842981304354146,
        0.7597931107518011,
        0.6029661637356509,
        0.048644384298368364,
        0.17391718366703102,
        0.6400224950416976,
        0.42095526560842605,
        0.1550520020474501,
        0.4714321885043691,
        0.6675888809806424,
        0.19586353993530747
      ]
    },
    "num_results": 32
  },
  "denoising": {
    "metrics": {
      "mean": 0.5902658544459376,
      "std": 0.22777003026262177,
      "count": 32,
      "values": [
        0.7627408255582466,
        0.6501851688572435,
        0.8029941365824533,
        0.7149508311963584,
        0.7705799604613929,
        0.6256200209196788,
        0.6578801304065602,
        0.7852186278521526,
        0.7989927150493522,
        0.7492558805674118,
        0.63292867139028,
        0.34251907300283113,
        0.6538500491856997,
        0.7318915795279979,
        0.6724777491959524,
        0.5574875342549482,
        0.08849457863788913,
        0.4758038050916743,
        0.773064029758171,
        0.08130351092490694,
        0.7427999690568271,
        0.04084179573171769,
        0.7597937306933372,
        0.5845983794327682,
        0.7629271484887251,
        0.7791811601695942,
        0.6481948765756375,
        0.42095225322298185,
        0.6457137663428867,
        0.4689594014835526,
        0.6586689977179236,
        0.04763698493284934
      ]
    },
    "num_results": 32
  },
  "target_metric_score": 0.5902658544459376,
  "timestamp": "2025-06-04T19:24:56.478068"
}