{
  "experiment_name": "candidate_q_net_2_neuron_58",
  "coalition_neurons": [
    "q_net.0_neuron_2",
    "q_net.0_neuron_59",
    "q_net.2_neuron_35",
    "q_net.0_neuron_58",
    "q_net.0_neuron_46",
    "q_net.0_neuron_52",
    "q_net.2_neuron_30",
    "q_net.2_neuron_55",
    "q_net.0_neuron_13",
    "q_net.2_neuron_57",
    "q_net.0_neuron_27",
    "q_net.0_neuron_54",
    "q_net.0_neuron_18",
    "q_net.0_neuron_42",
    "q_net.2_neuron_7",
    "q_net.2_neuron_38",
    "q_net.2_neuron_39",
    "q_net.2_neuron_15",
    "q_net.2_neuron_63",
    "q_net.0_neuron_35",
    "q_net.0_neuron_5",
    "q_net.0_neuron_31",
    "q_net.2_neuron_23",
    "q_net.0_neuron_40",
    "q_net.2_neuron_48",
    "q_net.0_neuron_56",
    "q_net.2_neuron_6",
    "q_net.2_neuron_21",
    "q_net.2_neuron_50",
    "q_net.2_neuron_58"
  ],
  "patch_config": {
    "q_net.0": [
      2,
      59,
      58,
      46,
      52,
      13,
      27,
      54,
      18,
      42,
      35,
      5,
      31,
      40,
      56
    ],
    "q_net.2": [
      35,
      30,
      55,
      57,
      7,
      38,
      39,
      15,
      63,
      23,
      48,
      6,
      21,
      50,
      58
    ]
  },
  "noising": {
    "metrics": {
      "mean": 0.5339630090780751,
      "std": 0.23459528064428356,
      "count": 32,
      "values": [
        0.695131778856811,
        0.484496146790176,
        0.8390271548007069,
        0.6781757678063773,
        0.5404646901756849,
        0.539021739649788,
        0.5948170628905224,
        0.19796284398498037,
        0.7669305748910455,
        0.8569109919138185,
        0.1737618057835662,
        0.6041481883268538,
        0.8277994130443561,
        0.907957270894809,
        0.6221752183579918,
        0.23084289912588393,
        0.27452152443769196,
        0.32530984544475366,
        0.6723537674107274,
        0.5108950748292483,
        0.9505844873865162,
        0.2947196342045188,
        0.8462871183892385,
        0.42053991141193603,
        0.2568364383767133,
        0.19477304532394968,
        0.5664936205715077,
        0.6083308209158325,
        0.2040501742981154,
        0.5605522892746058,
        0.6173897280655077,
        0.22355526286416855
      ]
    },
    "num_results": 32
  },
  "denoising": {
    "metrics": {
      "mean": 0.6192287636128917,
      "std": 0.18148144899625893,
      "count": 32,
      "values": [
        0.6949377333997955,
        0.4844960959396979,
        0.8160243084189811,
        0.6844383076727174,
        0.52432124888743,
        0.5390212345124207,
        0.5948164569234167,
        0.5953389013123848,
        0.7669281338869663,
        0.8569106661977869,
        0.6891797053224049,
        0.5913318981609088,
        0.8277945290810239,
        0.907957093056114,
        0.6262015231351908,
        0.24474873139308317,
        0.2800423274824533,
        0.27693110469801363,
        0.6689937971825453,
        0.5039554736886223,
        0.9505859826456943,
        0.2947106694301814,
        0.8528353818514055,
        0.39701163167712744,
        0.6397656841986558,
        0.764551414869328,
        0.5728159328470673,
        0.608335717951854,
        0.6228164699110561,
        0.5610039165756522,
        0.6000875595473276,
        0.7764308037552288
      ]
    },
    "num_results": 32
  },
  "target_metric_score": 0.6192287636128917,
  "timestamp": "2025-06-04T19:25:18.680993"
}