{
  "experiment_name": "candidate_q_net_2_neuron_61",
  "coalition_neurons": [
    "q_net.0_neuron_2",
    "q_net.0_neuron_59",
    "q_net.2_neuron_35",
    "q_net.0_neuron_58",
    "q_net.0_neuron_46",
    "q_net.0_neuron_52",
    "q_net.2_neuron_30",
    "q_net.2_neuron_55",
    "q_net.0_neuron_13",
    "q_net.2_neuron_61"
  ],
  "patch_config": {
    "q_net.0": [
      2,
      59,
      58,
      46,
      52,
      13
    ],
    "q_net.2": [
      35,
      30,
      55,
      61
    ]
  },
  "noising": {
    "metrics": {
      "mean": 0.5385569452641013,
      "std": 0.2755800662461237,
      "count": 32,
      "values": [
        0.8947577756566715,
        0.7072077679397808,
        0.8935459112772807,
        0.8006182551375538,
        0.6269219807220094,
        0.7500265068991074,
        0.7984848045640246,
        0.24254954626181402,
        0.8472553240594927,
        0.5621365399435437,
        0.006425394547461333,
        0.2584429377678332,
        0.7100009764681888,
        0.5122352007079546,
        0.7754899962460382,
        0.6657764519958077,
        0.17151261402647064,
        0.3364905144616634,
        0.8200182265504237,
        0.3844764995897214,
        0.5759255197677681,
        0.8624079100080263,
        0.7351770089010857,
        0.646685155163442,
        0.19144086540757807,
        0.15461484651861912,
        0.813254058663786,
        0.12968637676471476,
        0.011455643075285446,
        0.3428882846591038,
        0.6583195220980291,
        0.34759383260095933
      ]
    },
    "num_results": 32
  },
  "denoising": {
    "metrics": {
      "mean": 0.6330102862459507,
      "std": 0.2219859192614683,
      "count": 32,
      "values": [
        0.9023810709563962,
        0.7072071109084165,
        0.8434093299394173,
        0.812551832753097,
        0.6264235868304832,
        0.7140480387579383,
        0.7984834320628742,
        0.6882477183520833,
        0.8413520666347182,
        0.5621327090837182,
        0.6593883160336056,
        0.24450848594339245,
        0.7100073505794056,
        0.5750288158460682,
        0.7754297834701745,
        0.702412447116073,
        0.16800224393061328,
        0.36712254382235343,
        0.8144540206251772,
        0.1589588067659798,
        0.5759210605888364,
        0.8624069655004423,
        0.735181050889204,
        0.6478860047990636,
        0.8466136908130598,
        0.7926765882899092,
        0.8370583208529788,
        0.12968637676471476,
        0.8104722358124963,
        0.35143851318626423,
        0.6122528866574685,
        0.38318575530399823
      ]
    },
    "num_results": 32
  },
  "target_metric_score": 0.6330102862459507,
  "timestamp": "2025-06-04T19:24:40.256412"
}