{
  "experiment_name": "candidate_q_net_2_neuron_52",
  "coalition_neurons": [
    "q_net.0_neuron_2",
    "q_net.0_neuron_59",
    "q_net.2_neuron_35",
    "q_net.0_neuron_58",
    "q_net.0_neuron_46",
    "q_net.0_neuron_52",
    "q_net.2_neuron_30",
    "q_net.2_neuron_55",
    "q_net.0_neuron_13",
    "q_net.2_neuron_57",
    "q_net.0_neuron_27",
    "q_net.0_neuron_54",
    "q_net.0_neuron_18",
    "q_net.0_neuron_42",
    "q_net.2_neuron_7",
    "q_net.2_neuron_38",
    "q_net.2_neuron_39",
    "q_net.2_neuron_15",
    "q_net.2_neuron_63",
    "q_net.2_neuron_52"
  ],
  "patch_config": {
    "q_net.0": [
      2,
      59,
      58,
      46,
      52,
      13,
      27,
      54,
      18,
      42
    ],
    "q_net.2": [
      35,
      30,
      55,
      57,
      7,
      38,
      39,
      15,
      63,
      52
    ]
  },
  "noising": {
    "metrics": {
      "mean": 0.5517278526251399,
      "std": 0.233035267575448,
      "count": 32,
      "values": [
        0.7234047664432474,
        0.5338581172639368,
        0.8603708310309339,
        0.7179299037278353,
        0.796028898086985,
        0.6242661892583573,
        0.6562252784770188,
        0.15734615401924767,
        0.7708489957056739,
        0.7214215989702997,
        0.03592567111051485,
        0.673063744539912,
        0.7634006942861146,
        0.7163920259366942,
        0.6627700105841923,
        0.6244868539833978,
        0.43744961323775444,
        0.24516062295376287,
        0.7838371466533539,
        0.3698508067833706,
        0.7142585374457165,
        0.5760310034021876,
        0.8372919259243344,
        0.4654487594924453,
        0.11984936048765363,
        0.1753989483374024,
        0.601636398882957,
        0.6010191406444957,
        0.13060583441799237,
        0.6424433875806604,
        0.6327111955387495,
        0.28455886879728104
      ]
    },
    "num_results": 32
  },
  "denoising": {
    "metrics": {
      "mean": 0.6541837545847284,
      "std": 0.12517544308351622,
      "count": 32,
      "values": [
        0.7230015963359319,
        0.5338574335709471,
        0.8320584296804915,
        0.7233377771703555,
        0.8181588199882734,
        0.6215437646268896,
        0.6562252784770188,
        0.7491330986472995,
        0.769759285077874,
        0.7214189397416843,
        0.610316703314613,
        0.6204149136071793,
        0.7634006942861146,
        0.716388886524458,
        0.6621529208957838,
        0.6415856486741585,
        0.43539697164358215,
        0.6491945738639295,
        0.7825966776716711,
        0.44484854746214736,
        0.7142576881974726,
        0.5760389512882473,
        0.8372923599502591,
        0.4880804382606313,
        0.7156553859340218,
        0.7549482914110502,
        0.6095006995794194,
        0.6010217286227963,
        0.6580734525576645,
        0.63993661896958,
        0.6260698663313103,
        0.2382137043484525
      ]
    },
    "num_results": 32
  },
  "target_metric_score": 0.6541837545847284,
  "timestamp": "2025-06-04T19:25:00.384791"
}