{
  "experiment_name": "candidate_q_net_2_neuron_62",
  "coalition_neurons": [
    "q_net.0_neuron_2",
    "q_net.0_neuron_59",
    "q_net.2_neuron_35",
    "q_net.0_neuron_58",
    "q_net.2_neuron_62"
  ],
  "patch_config": {
    "q_net.0": [
      2,
      59,
      58
    ],
    "q_net.2": [
      35,
      62
    ]
  },
  "noising": {
    "metrics": {
      "mean": 0.5300474090951204,
      "std": 0.25518510192525345,
      "count": 32,
      "values": [
        0.6891713910726589,
        0.7616038946708338,
        0.5395792162841997,
        0.6743040036253873,
        0.5691301699583061,
        0.7781001329366768,
        0.6636565818569446,
        0.5175203842983632,
        0.7265735912433291,
        0.6537752640648885,
        0.030141368579799457,
        0.2976072218570596,
        0.6316212537770689,
        0.8862093817357506,
        0.6991420564170324,
        0.24750147741871867,
        0.45624292801236394,
        0.5234396218326857,
        0.6870252542204359,
        0.7629276175440775,
        0.8421074998584066,
        0.06367848438946945,
        0.6904457909495014,
        0.8061080875923028,
        0.4544543094987209,
        0.19718794461280995,
        0.7587032255847487,
        0.2374020765580174,
        0.02687002012649972,
        0.4663088294213756,
        0.6205619398176522,
        0.002416071227767076
      ]
    },
    "num_results": 32
  },
  "denoising": {
    "metrics": {
      "mean": 0.6129391232731505,
      "std": 0.1915069145762809,
      "count": 32,
      "values": [
        0.6748343773231548,
        0.7616038946708338,
        0.5674581544741217,
        0.6850668315325634,
        0.5800636084242353,
        0.7789766979019906,
        0.6636555554057713,
        0.26428180907048715,
        0.7418416857812685,
        0.6537718342295878,
        0.6140726111805442,
        0.3015487927747079,
        0.631637712849625,
        0.8900120712635347,
        0.6975775426954837,
        0.4242485373258389,
        0.45538879094703766,
        0.39023787777138896,
        0.6918382873453442,
        0.7575824446970183,
        0.8421055678727117,
        0.06367763162499597,
        0.6904457909495014,
        0.8106246411859707,
        0.5732539397858228,
        0.7335936478810275,
        0.7630497106558197,
        0.2374020765580174,
        0.7248498031690284,
        0.4675437742504862,
        0.6884107868550098,
        0.7933954562878871
      ]
    },
    "num_results": 32
  },
  "target_metric_score": 0.6129391232731505,
  "timestamp": "2025-06-04T19:24:29.531315"
}