{
  "experiment_name": "candidate_q_net_0_neuron_16",
  "coalition_neurons": [
    "q_net.0_neuron_2",
    "q_net.0_neuron_59",
    "q_net.2_neuron_35",
    "q_net.0_neuron_58",
    "q_net.0_neuron_46",
    "q_net.0_neuron_52",
    "q_net.2_neuron_30",
    "q_net.2_neuron_55",
    "q_net.0_neuron_13",
    "q_net.2_neuron_57",
    "q_net.0_neuron_27",
    "q_net.0_neuron_54",
    "q_net.0_neuron_18",
    "q_net.0_neuron_42",
    "q_net.2_neuron_7",
    "q_net.2_neuron_38",
    "q_net.2_neuron_39",
    "q_net.2_neuron_15",
    "q_net.2_neuron_63",
    "q_net.0_neuron_35",
    "q_net.0_neuron_5",
    "q_net.0_neuron_31",
    "q_net.2_neuron_23",
    "q_net.0_neuron_40",
    "q_net.2_neuron_48",
    "q_net.0_neuron_56",
    "q_net.2_neuron_6",
    "q_net.0_neuron_16"
  ],
  "patch_config": {
    "q_net.0": [
      2,
      59,
      58,
      46,
      52,
      13,
      27,
      54,
      18,
      42,
      35,
      5,
      31,
      40,
      56,
      16
    ],
    "q_net.2": [
      35,
      30,
      55,
      57,
      7,
      38,
      39,
      15,
      63,
      23,
      48,
      6
    ]
  },
  "noising": {
    "metrics": {
      "mean": 0.5382984489784222,
      "std": 0.24089834024101697,
      "count": 32,
      "values": [
        0.6878054430337542,
        0.5054984361229194,
        0.8722845952503516,
        0.6778749766858791,
        0.6424068705278678,
        0.5758760038995842,
        0.6027727576000029,
        0.09888228178376793,
        0.7639185583824917,
        0.8449424484617515,
        0.17404914547284903,
        0.7367632589075411,
        0.8336959365172302,
        0.9111666875890762,
        0.6238606369243844,
        0.31892861982728327,
        0.3694391691060973,
        0.35698313483173433,
        0.7477894959266043,
        0.4228466590374052,
        0.9123618399290931,
        0.26263101196664196,
        0.7880774846457317,
        0.4380938985456435,
        0.18366458449672948,
        0.20416393079014636,
        0.5550279524839958,
        0.5980729873257009,
        0.19773650367236317,
        0.5165332680073984,
        0.614945362175872,
        0.18645642738161694
      ]
    },
    "num_results": 32
  },
  "denoising": {
    "metrics": {
      "mean": 0.637607281020363,
      "std": 0.16831975978677488,
      "count": 32,
      "values": [
        0.6875408421321734,
        0.5054984536950852,
        0.8088118057968255,
        0.6837931932363276,
        0.6272331060835847,
        0.5640304936925378,
        0.6027722280724118,
        0.6806250994048312,
        0.7639163205575057,
        0.8449404222014314,
        0.6890967589160312,
        0.7125579840802736,
        0.8336971055691229,
        0.9111668524178463,
        0.627708061608139,
        0.33845571309778516,
        0.3766955687475228,
        0.38811488835177826,
        0.7437267677567395,
        0.39104209965876147,
        0.9123645980219753,
        0.26263101196664196,
        0.80634809573198,
        0.41487422268863045,
        0.7171015609170225,
        0.7777701355496842,
        0.5615078700675818,
        0.5980701175901234,
        0.6358688704411327,
        0.5164210210772019,
        0.6055160501227566,
        0.8135356734001704
      ]
    },
    "num_results": 32
  },
  "target_metric_score": 0.637607281020363,
  "timestamp": "2025-06-04T19:25:14.175771"
}