{
  "experiment_name": "candidate_q_net_2_neuron_60",
  "coalition_neurons": [
    "q_net.0_neuron_2",
    "q_net.0_neuron_59",
    "q_net.2_neuron_35",
    "q_net.0_neuron_58",
    "q_net.0_neuron_46",
    "q_net.2_neuron_60"
  ],
  "patch_config": {
    "q_net.0": [
      2,
      59,
      58,
      46
    ],
    "q_net.2": [
      35,
      60
    ]
  },
  "noising": {
    "metrics": {
      "mean": 0.5874322521183006,
      "std": 0.2839093395814702,
      "count": 32,
      "values": [
        0.7058130252657538,
        0.8938324788618484,
        0.7484699954263586,
        0.7177519307709853,
        0.7587781666953662,
        0.6855637962971778,
        0.7226422448040919,
        0.011584771528484831,
        0.794217970992888,
        0.8142684514260968,
        0.3527539388847758,
        0.9145986554085912,
        0.011256708656121725,
        0.8286499346157709,
        0.699894724386907,
        0.6854906938840094,
        0.8584618595381072,
        0.004863480996599342,
        0.6988255488794609,
        0.7515221757547017,
        0.8556275335009415,
        0.5721912249171266,
        0.743144261498152,
        0.8812296423056712,
        0.06831586387106572,
        0.1928821113148756,
        0.7211603842353286,
        0.4662381174403133,
        0.11637937820449014,
        0.43829086198421396,
        0.6639213441572234,
        0.4192107912821195
      ]
    },
    "num_results": 32
  },
  "denoising": {
    "metrics": {
      "mean": 0.7057431317910483,
      "std": 0.184800440373127,
      "count": 32,
      "values": [
        0.7055867548468385,
        0.8938225000834065,
        0.7708181911130838,
        0.7224599286358437,
        0.7543573554655326,
        0.683498087802401,
        0.7226422448040919,
        0.8098246719522406,
        0.7821264736148669,
        0.8142437727777884,
        0.25322317432789004,
        0.9538969169945702,
        0.011300170851705208,
        0.8336142329662595,
        0.7011845861383329,
        0.679981674937611,
        0.858815092267838,
        0.8621396243110666,
        0.6965831087205578,
        0.6956296665645165,
        0.8556250714456136,
        0.5721944102933209,
        0.7431454727961216,
        0.8905705688372244,
        0.8245107023809024,
        0.7169550378377623,
        0.7192446772233771,
        0.4662486742304252,
        0.7919301361893474,
        0.5156990325334526,
        0.7045040783315996,
        0.5774041260379568
      ]
    },
    "num_results": 32
  },
  "target_metric_score": 0.7057431317910483,
  "timestamp": "2025-06-04T19:24:31.660536"
}