{
  "experiment_name": "candidate_q_net_2_neuron_22",
  "coalition_neurons": [
    "q_net.0_neuron_2",
    "q_net.0_neuron_59",
    "q_net.2_neuron_35",
    "q_net.0_neuron_58",
    "q_net.0_neuron_46",
    "q_net.0_neuron_52",
    "q_net.2_neuron_30",
    "q_net.2_neuron_55",
    "q_net.0_neuron_13",
    "q_net.2_neuron_57",
    "q_net.0_neuron_27",
    "q_net.2_neuron_22"
  ],
  "patch_config": {
    "q_net.0": [
      2,
      59,
      58,
      46,
      52,
      13,
      27
    ],
    "q_net.2": [
      35,
      30,
      55,
      57,
      22
    ]
  },
  "noising": {
    "metrics": {
      "mean": 0.5401751868905191,
      "std": 0.23943034821149217,
      "count": 32,
      "values": [
        0.7895723127776607,
        0.6777660326580067,
        0.7945732449890384,
        0.7203395756544168,
        0.6810641906977455,
        0.726565593507936,
        0.7239773492434273,
        0.27107925374933933,
        0.7573984100684391,
        0.6983455644051452,
        0.3531385797614323,
        0.40639149564358706,
        0.7445841285536815,
        0.5145541161643704,
        0.7040119880421326,
        0.5964347756928663,
        0.19529094032646813,
        0.10346280598969063,
        0.7564783715450802,
        0.6002811047019314,
        0.6566464481444614,
        0.5130797414445979,
        0.7222110287104432,
        0.6515280917560443,
        0.041354936427207514,
        0.19998081879783236,
        0.6756384568493096,
        0.09387050580210979,
        0.07597406725652767,
        0.6763022066741952,
        0.7526700902786218,
        0.41103975418286737
      ]
    },
    "num_results": 32
  },
  "denoising": {
    "metrics": {
      "mean": 0.6317421519453835,
      "std": 0.17643761777999928,
      "count": 32,
      "values": [
        0.789619036259198,
        0.6777664778343381,
        0.7754273400090984,
        0.736265198781466,
        0.7049426263062559,
        0.7066593193734989,
        0.7239763827978725,
        0.6653886553416231,
        0.7565864442880322,
        0.6983442925729523,
        0.22107483828733762,
        0.3817081892433467,
        0.7445908025345702,
        0.575479050123532,
        0.7031376616494369,
        0.6335609783043159,
        0.18542899104246163,
        0.716778906361,
        0.7631581243568721,
        0.5698603355697189,
        0.65664542103163,
        0.5130890387836905,
        0.7222125420699189,
        0.648370434161585,
        0.7849944090159062,
        0.7556149566080597,
        0.6975405768987504,
        0.09386518726692589,
        0.7461990963411224,
        0.6597688964776613,
        0.7557612389501379,
        0.4519334136099576
      ]
    },
    "num_results": 32
  },
  "target_metric_score": 0.6317421519453835,
  "timestamp": "2025-06-04T19:24:43.015936"
}