{
  "experiment_name": "candidate_q_net_2_neuron_19",
  "coalition_neurons": [
    "q_net.0_neuron_2",
    "q_net.0_neuron_59",
    "q_net.2_neuron_35",
    "q_net.0_neuron_58",
    "q_net.0_neuron_46",
    "q_net.0_neuron_52",
    "q_net.2_neuron_30",
    "q_net.2_neuron_55",
    "q_net.0_neuron_13",
    "q_net.2_neuron_57",
    "q_net.0_neuron_27",
    "q_net.0_neuron_54",
    "q_net.0_neuron_18",
    "q_net.0_neuron_42",
    "q_net.2_neuron_7",
    "q_net.2_neuron_38",
    "q_net.2_neuron_39",
    "q_net.2_neuron_15",
    "q_net.2_neuron_63",
    "q_net.0_neuron_35",
    "q_net.0_neuron_5",
    "q_net.2_neuron_19"
  ],
  "patch_config": {
    "q_net.0": [
      2,
      59,
      58,
      46,
      52,
      13,
      27,
      54,
      18,
      42,
      35,
      5
    ],
    "q_net.2": [
      35,
      30,
      55,
      57,
      7,
      38,
      39,
      15,
      63,
      19
    ]
  },
  "noising": {
    "metrics": {
      "mean": 0.5659904134608582,
      "std": 0.2306836027137198,
      "count": 32,
      "values": [
        0.6958693838017647,
        0.47680924441253414,
        0.8325226890625214,
        0.6732972768472468,
        0.7597115990458821,
        0.6141323730842573,
        0.6111879984381002,
        0.09318008307288075,
        0.7655119861934269,
        0.8487266772496403,
        0.16018504777531423,
        0.8368849025501117,
        0.69843011880131,
        0.8367089978220977,
        0.6036831840160314,
        0.6238914182451282,
        0.47570572390963706,
        0.29640755332488317,
        0.73924961734909,
        0.566065769078806,
        0.8819067081794433,
        0.5210929593207165,
        0.742992067682392,
        0.4432313057568391,
        0.13380428791209711,
        0.2185986919509598,
        0.5930226980961855,
        0.8400141112246632,
        0.19283705860858016,
        0.41678667807415104,
        0.6180028956708277,
        0.30124212418994273
      ]
    },
    "num_results": 32
  },
  "denoising": {
    "metrics": {
      "mean": 0.6659755938932187,
      "std": 0.12319540468739183,
      "count": 32,
      "values": [
        0.6955051013534005,
        0.47680982475625755,
        0.8161528655674555,
        0.6821584904133767,
        0.766962263291699,
        0.5980767233915327,
        0.6111875001751748,
        0.7426753233270991,
        0.7648875795857385,
        0.8487226505491179,
        0.6489894925101829,
        0.8260179622146189,
        0.6984323558006328,
        0.8367086563698503,
        0.6076608731062898,
        0.6065881134834153,
        0.47322550354799964,
        0.5645751599606548,
        0.7394363224404829,
        0.6141776656513606,
        0.8819092652108619,
        0.5210968023828774,
        0.7447224877428443,
        0.43211926360707087,
        0.6268096277857458,
        0.7288162580380656,
        0.59672063372673,
        0.8400096399596285,
        0.5988337056769306,
        0.41557442316451987,
        0.6072873762927771,
        0.6983690934986035
      ]
    },
    "num_results": 32
  },
  "target_metric_score": 0.6659755938932187,
  "timestamp": "2025-06-04T19:25:03.743844"
}