{
  "experiment_name": "candidate_q_net_2_neuron_58",
  "coalition_neurons": [
    "q_net.0_neuron_2",
    "q_net.0_neuron_59",
    "q_net.2_neuron_35",
    "q_net.0_neuron_58",
    "q_net.0_neuron_46",
    "q_net.0_neuron_52",
    "q_net.2_neuron_30",
    "q_net.2_neuron_55",
    "q_net.0_neuron_13",
    "q_net.2_neuron_57",
    "q_net.0_neuron_27",
    "q_net.0_neuron_54",
    "q_net.0_neuron_18",
    "q_net.0_neuron_42",
    "q_net.2_neuron_7",
    "q_net.2_neuron_38",
    "q_net.2_neuron_39",
    "q_net.2_neuron_15",
    "q_net.2_neuron_63",
    "q_net.0_neuron_35",
    "q_net.0_neuron_5",
    "q_net.0_neuron_31",
    "q_net.2_neuron_23",
    "q_net.0_neuron_40",
    "q_net.2_neuron_58"
  ],
  "patch_config": {
    "q_net.0": [
      2,
      59,
      58,
      46,
      52,
      13,
      27,
      54,
      18,
      42,
      35,
      5,
      31,
      40
    ],
    "q_net.2": [
      35,
      30,
      55,
      57,
      7,
      38,
      39,
      15,
      63,
      23,
      58
    ]
  },
  "noising": {
    "metrics": {
      "mean": 0.5679864409605647,
      "std": 0.2409378990745651,
      "count": 32,
      "values": [
        0.7114103245276583,
        0.5558984009365421,
        0.8556149338934999,
        0.6920383902049011,
        0.6660533381544356,
        0.5416945447707999,
        0.6345106332263929,
        0.10657570650262538,
        0.782653521425127,
        0.8371059082016417,
        0.022400907102914824,
        0.7466371511109002,
        0.7688530592169724,
        0.8875160898033811,
        0.6401933123866067,
        0.6740873201638728,
        0.44519263781359864,
        0.2585667868250589,
        0.7095052338304709,
        0.4247634224623522,
        0.918356418780012,
        0.41726788215201044,
        0.8260555407481643,
        0.5049192858930225,
        0.1253313849276825,
        0.20033387961243068,
        0.5695050899714112,
        0.7871675175204068,
        0.17993903265684855,
        0.5593825478890275,
        0.6217119099115223,
        0.5043239981157789
      ]
    },
    "num_results": 32
  },
  "denoising": {
    "metrics": {
      "mean": 0.6730170165731402,
      "std": 0.1341071632483348,
      "count": 32,
      "values": [
        0.7110461720692588,
        0.5558977679867918,
        0.8588983149081961,
        0.6973043800722643,
        0.6587931086186075,
        0.5416945447707999,
        0.6345096206137623,
        0.8075120078473164,
        0.7815845957023951,
        0.837105566446668,
        0.7017941223926657,
        0.7373668358878556,
        0.7688545255643667,
        0.8875180955075905,
        0.6434356129641774,
        0.69868374171973,
        0.45101611470513503,
        0.5459649788036423,
        0.705289685498085,
        0.4282284508934747,
        0.9183562796158454,
        0.41726788215201044,
        0.8339266068959605,
        0.5175785097305777,
        0.7426886018026442,
        0.773148261263835,
        0.5768159268528392,
        0.7871675175204068,
        0.6528684319290815,
        0.5623469555767565,
        0.606214753977879,
        0.4956665600498651
      ]
    },
    "num_results": 32
  },
  "target_metric_score": 0.6730170165731402,
  "timestamp": "2025-06-04T19:25:09.782860"
}