{
  "experiment_name": "candidate_q_net_0_neuron_5",
  "coalition_neurons": [
    "q_net.0_neuron_2",
    "q_net.0_neuron_59",
    "q_net.2_neuron_35",
    "q_net.0_neuron_58",
    "q_net.0_neuron_46",
    "q_net.0_neuron_52",
    "q_net.2_neuron_30",
    "q_net.2_neuron_55",
    "q_net.0_neuron_13",
    "q_net.2_neuron_57",
    "q_net.0_neuron_27",
    "q_net.0_neuron_54",
    "q_net.0_neuron_18",
    "q_net.0_neuron_42",
    "q_net.2_neuron_7",
    "q_net.2_neuron_38",
    "q_net.0_neuron_5"
  ],
  "patch_config": {
    "q_net.0": [
      2,
      59,
      58,
      46,
      52,
      13,
      27,
      54,
      18,
      42,
      5
    ],
    "q_net.2": [
      35,
      30,
      55,
      57,
      7,
      38
    ]
  },
  "noising": {
    "metrics": {
      "mean": 0.5674126596301884,
      "std": 0.2341398521830547,
      "count": 32,
      "values": [
        0.7010821152182626,
        0.6753078730884747,
        0.7663428945024728,
        0.6605618244250526,
        0.6557434170989734,
        0.6535173417703192,
        0.6397789034586132,
        0.07150053312963126,
        0.7350253686379808,
        0.7811684472916789,
        0.07427152798999717,
        0.832270773177976,
        0.6584828299716052,
        0.8375831993034157,
        0.6229210381715977,
        0.5382524244028789,
        0.376560251092958,
        0.11413161655741491,
        0.7173851653028268,
        0.6481146695754617,
        0.7790784670654143,
        0.6632998105459593,
        0.7952623260109583,
        0.6485805128114056,
        0.09236447448691178,
        0.24212799726127232,
        0.6315104503182978,
        0.585186865732068,
        0.21067999760800016,
        0.7416226815064771,
        0.6662129483399674,
        0.34127636231170594
      ]
    },
    "num_results": 32
  },
  "denoising": {
    "metrics": {
      "mean": 0.666818689692291,
      "std": 0.11174247148791973,
      "count": 32,
      "values": [
        0.7007481004470266,
        0.6753083234752488,
        0.7473559610386271,
        0.6703398526905545,
        0.6827395575027932,
        0.6359146305803045,
        0.6397784409571752,
        0.7733640353298286,
        0.7351247986144142,
        0.7811644267225009,
        0.5080472525449753,
        0.8252483318068528,
        0.6584872226276475,
        0.8375751621123806,
        0.624967698470106,
        0.5568590220746268,
        0.3828797349803987,
        0.6689964836550809,
        0.7222388962234986,
        0.5953948310390835,
        0.7790821348641046,
        0.6632998105459593,
        0.7952654680437076,
        0.6370275404198505,
        0.7641908509474066,
        0.7276289244745895,
        0.6313946853648166,
        0.585186865732068,
        0.6337770475716724,
        0.7260171375609958,
        0.6564469606915652,
        0.31634788104344924
      ]
    },
    "num_results": 32
  },
  "target_metric_score": 0.666818689692291,
  "timestamp": "2025-06-04T19:24:54.581273"
}