{
  "experiment_name": "candidate_q_net_0_neuron_18",
  "coalition_neurons": [
    "q_net.0_neuron_2",
    "q_net.0_neuron_59",
    "q_net.2_neuron_35",
    "q_net.0_neuron_58",
    "q_net.0_neuron_46",
    "q_net.0_neuron_52",
    "q_net.2_neuron_30",
    "q_net.2_neuron_55",
    "q_net.0_neuron_13",
    "q_net.2_neuron_57",
    "q_net.0_neuron_18"
  ],
  "patch_config": {
    "q_net.0": [
      2,
      59,
      58,
      46,
      52,
      13,
      18
    ],
    "q_net.2": [
      35,
      30,
      55,
      57
    ]
  },
  "noising": {
    "metrics": {
      "mean": 0.584415830999281,
      "std": 0.2390703622521436,
      "count": 32,
      "values": [
        0.8695756002884715,
        0.7230649807871794,
        0.8443473873810579,
        0.7687851962538215,
        0.7342009193873982,
        0.7276703967444321,
        0.8053056350632813,
        0.24962663097451615,
        0.7981997011534149,
        0.8292690141657568,
        0.28824067462283987,
        0.37473256745306915,
        0.6589797378488205,
        0.7417176172267396,
        0.7424359850588392,
        0.6379308808628249,
        0.21945919306219921,
        0.37367993699004864,
        0.8230763200222572,
        0.3200932801604964,
        0.7556032628615382,
        0.8279429769615787,
        0.71368517078882,
        0.6499904197283758,
        0.2705753642236476,
        0.16389530059511184,
        0.7357453905390267,
        0.5227178404289194,
        0.07109454055382101,
        0.4125293682928559,
        0.7591506391945106,
        0.28798466230132097
      ]
    },
    "num_results": 32
  },
  "denoising": {
    "metrics": {
      "mean": 0.6803166986806584,
      "std": 0.1807557229520679,
      "count": 32,
      "values": [
        0.869580919637322,
        0.7230643703477204,
        0.8336784260014055,
        0.7780228067671957,
        0.7350598550049526,
        0.6982523806565444,
        0.8053088078362619,
        0.6986054270160701,
        0.7952749056569128,
        0.8292646226291118,
        0.6354496489264753,
        0.35703895997918383,
        0.6589815440380095,
        0.7752749136715696,
        0.7424802593612314,
        0.6590606102931941,
        0.21590326296624185,
        0.4938642473893471,
        0.8295455974282768,
        0.09638726169784044,
        0.7556013500251046,
        0.8279515923035311,
        0.71368517078882,
        0.667062329177938,
        0.7689893029593694,
        0.7635446258735674,
        0.7616156876952099,
        0.5227145573348051,
        0.8063673009384117,
        0.4116373814306317,
        0.828852526901465,
        0.7120137050473446
      ]
    },
    "num_results": 32
  },
  "target_metric_score": 0.6803166986806584,
  "timestamp": "2025-06-04T19:24:41.280503"
}