{
  "experiment_name": "candidate_q_net_0_neuron_4",
  "coalition_neurons": [
    "q_net.0_neuron_2",
    "q_net.0_neuron_59",
    "q_net.2_neuron_35",
    "q_net.0_neuron_58",
    "q_net.0_neuron_46",
    "q_net.0_neuron_52",
    "q_net.2_neuron_30",
    "q_net.2_neuron_55",
    "q_net.0_neuron_13",
    "q_net.2_neuron_57",
    "q_net.0_neuron_27",
    "q_net.0_neuron_54",
    "q_net.0_neuron_18",
    "q_net.0_neuron_42",
    "q_net.2_neuron_7",
    "q_net.2_neuron_38",
    "q_net.2_neuron_39",
    "q_net.2_neuron_15",
    "q_net.2_neuron_63",
    "q_net.0_neuron_35",
    "q_net.0_neuron_5",
    "q_net.0_neuron_31",
    "q_net.2_neuron_23",
    "q_net.0_neuron_40",
    "q_net.2_neuron_48",
    "q_net.0_neuron_56",
    "q_net.2_neuron_6",
    "q_net.2_neuron_21",
    "q_net.2_neuron_50",
    "q_net.0_neuron_4"
  ],
  "patch_config": {
    "q_net.0": [
      2,
      59,
      58,
      46,
      52,
      13,
      27,
      54,
      18,
      42,
      35,
      5,
      31,
      40,
      56,
      4
    ],
    "q_net.2": [
      35,
      30,
      55,
      57,
      7,
      38,
      39,
      15,
      63,
      23,
      48,
      6,
      21,
      50
    ]
  },
  "noising": {
    "metrics": {
      "mean": 0.4934520255950335,
      "std": 0.24434220611993382,
      "count": 32,
      "values": [
        0.6455981604234771,
        0.484496146790176,
        0.40615415364479945,
        0.5764285870293773,
        0.385283755003017,
        0.5557063247082349,
        0.45323246320886085,
        0.6825740484717702,
        0.6819037321164028,
        0.8569109919138185,
        0.1737618057835662,
        0.15082662244609962,
        0.8277994130443561,
        0.907957270894809,
        0.5059432681912928,
        0.23084289912588393,
        0.16588119733172568,
        0.5764990476200337,
        0.6751783375336112,
        0.5108950748292483,
        0.9505844873865162,
        0.2517908157740457,
        0.8462871183892385,
        0.42053991141193603,
        0.0013132278010116408,
        0.19225887554967816,
        0.5664936205715077,
        0.6083308209158325,
        0.17121418437393768,
        0.5434304001957285,
        0.5607927936969083,
        0.22355526286416855
      ]
    },
    "num_results": 32
  },
  "denoising": {
    "metrics": {
      "mean": 0.5387258578172333,
      "std": 0.22988830670435012,
      "count": 32,
      "values": [
        0.644374795367635,
        0.4844960959396979,
        0.3986211733983284,
        0.5851172579533039,
        0.35303569023441694,
        0.5458179281820094,
        0.45323141947254153,
        0.11565615696509927,
        0.6819008757557932,
        0.8569106661977869,
        0.6891797053224049,
        0.13759113602722892,
        0.8277945290810239,
        0.907957093056114,
        0.5098889602077545,
        0.24474873139308317,
        0.16257775970591506,
        0.11201432860183969,
        0.6400023799098541,
        0.5039554736886223,
        0.9505859826456943,
        0.2517908157740457,
        0.8528353818514055,
        0.39701163167712744,
        0.5903492833365999,
        0.764551414869328,
        0.5728159328470673,
        0.608335717951854,
        0.543730599683081,
        0.5437594433889275,
        0.5321582859106513,
        0.7764308037552288
      ]
    },
    "num_results": 32
  },
  "target_metric_score": 0.5387258578172333,
  "timestamp": "2025-06-04T19:25:18.941979"
}