{
  "experiment_name": "candidate_q_net_0_neuron_24",
  "coalition_neurons": [
    "q_net.0_neuron_2",
    "q_net.0_neuron_59",
    "q_net.2_neuron_35",
    "q_net.0_neuron_58",
    "q_net.0_neuron_46",
    "q_net.0_neuron_52",
    "q_net.2_neuron_30",
    "q_net.2_neuron_55",
    "q_net.0_neuron_13",
    "q_net.2_neuron_57",
    "q_net.0_neuron_27",
    "q_net.0_neuron_54",
    "q_net.0_neuron_18",
    "q_net.0_neuron_42",
    "q_net.2_neuron_7",
    "q_net.2_neuron_38",
    "q_net.2_neuron_39",
    "q_net.2_neuron_15",
    "q_net.2_neuron_63",
    "q_net.0_neuron_24"
  ],
  "patch_config": {
    "q_net.0": [
      2,
      59,
      58,
      46,
      52,
      13,
      27,
      54,
      18,
      42,
      24
    ],
    "q_net.2": [
      35,
      30,
      55,
      57,
      7,
      38,
      39,
      15,
      63
    ]
  },
  "noising": {
    "metrics": {
      "mean": 0.5313006691141529,
      "std": 0.22461517675404852,
      "count": 32,
      "values": [
        0.667382286610688,
        0.517436882573505,
        0.8193052018734647,
        0.6946246262341031,
        0.8068325762320304,
        0.5942581867774188,
        0.644561652576041,
        0.16591639193046565,
        0.7554225999860948,
        0.7568686181530421,
        0.06566246872923577,
        0.6576486844577492,
        0.722222998150375,
        0.7448031477665208,
        0.6663030880765551,
        0.5939011105213989,
        0.4345736957900678,
        0.2511406452248342,
        0.7569163468670219,
        0.3413712592762134,
        0.7350127116577733,
        0.43749515506235903,
        0.772490345874536,
        0.47442282054151147,
        0.11027471334134231,
        0.17632295395717557,
        0.6026490772063791,
        0.5582715294872473,
        0.12139226343835814,
        0.46153883690902714,
        0.5873382200532931,
        0.3072603163170661
      ]
    },
    "num_results": 32
  },
  "denoising": {
    "metrics": {
      "mean": 0.62809598048815,
      "std": 0.13760246103256873,
      "count": 32,
      "values": [
        0.6666848014016056,
        0.5174362839278772,
        0.8031613057653811,
        0.7017962191853376,
        0.8078129960082915,
        0.5812837237746877,
        0.6445611178450767,
        0.7213611286769502,
        0.7547885277581052,
        0.7568697903759339,
        0.5924622019433083,
        0.5499005653905746,
        0.7222245636512682,
        0.7448011573999085,
        0.6658311424329657,
        0.6103633472472464,
        0.43261578744553714,
        0.6576169838262332,
        0.7645163743560552,
        0.39318146365809475,
        0.7350122954181727,
        0.4374963645916259,
        0.7724890147768244,
        0.47804558519797835,
        0.7307941402504019,
        0.7613824532856839,
        0.6085418314260571,
        0.5582726305986746,
        0.6705144296167483,
        0.4594499460619501,
        0.5932184325727449,
        0.20458476975349663
      ]
    },
    "num_results": 32
  },
  "target_metric_score": 0.62809598048815,
  "timestamp": "2025-06-04T19:25:00.525490"
}