{
  "experiment_name": "candidate_q_net_0_neuron_56",
  "coalition_neurons": [
    "q_net.0_neuron_2",
    "q_net.0_neuron_59",
    "q_net.2_neuron_35",
    "q_net.0_neuron_58",
    "q_net.0_neuron_46",
    "q_net.0_neuron_52",
    "q_net.2_neuron_30",
    "q_net.0_neuron_56"
  ],
  "patch_config": {
    "q_net.0": [
      2,
      59,
      58,
      46,
      52,
      56
    ],
    "q_net.2": [
      35,
      30
    ]
  },
  "noising": {
    "metrics": {
      "mean": 0.5818971833236908,
      "std": 0.262791351981932,
      "count": 32,
      "values": [
        0.7552541586026107,
        0.7212970488306606,
        0.8605981903080113,
        0.7777559322935657,
        0.7367872455191096,
        0.773281671339678,
        0.7851371449891924,
        0.17998193936721632,
        0.8384664343177991,
        0.6131114640245827,
        0.11180844581285175,
        0.6612622266240963,
        0.7689690298351621,
        0.7556852206115102,
        0.7561919491237372,
        0.7700419372296272,
        0.7579858023121291,
        0.03316881230673734,
        0.7729049235450965,
        0.5000585272202048,
        0.7806302102767881,
        0.7266308013337038,
        0.7417887628033519,
        0.5091887445052253,
        0.1341684646181001,
        0.16917580591283174,
        0.7631773356241225,
        0.3105817141148452,
        0.147753633104584,
        0.46840997233523823,
        0.7742543188070283,
        0.16520199870870758
      ]
    },
    "num_results": 32
  },
  "denoising": {
    "metrics": {
      "mean": 0.731028435686623,
      "std": 0.11241115340921838,
      "count": 32,
      "values": [
        0.7524818449479688,
        0.7213032071568876,
        0.8571090439092446,
        0.7860847529514682,
        0.7584144119349757,
        0.7425169878645992,
        0.7851367519454696,
        0.8536969886999998,
        0.8150302897178019,
        0.6131055070602759,
        0.6096425423667067,
        0.676263285692453,
        0.7689598818674908,
        0.7700083438912433,
        0.7590161848859366,
        0.769292638718283,
        0.7508878232002428,
        0.7288025378305237,
        0.7752906212362783,
        0.6272963379736051,
        0.7806271786325157,
        0.7266308013337038,
        0.7417957411188196,
        0.5991879742875512,
        0.8374649459726723,
        0.7748218995443352,
        0.7879451438267927,
        0.3105770014004916,
        0.7909039152071855,
        0.46194038992672404,
        0.8258779906923567,
        0.834796976177331
      ]
    },
    "num_results": 32
  },
  "target_metric_score": 0.731028435686623,
  "timestamp": "2025-06-04T19:24:36.489487"
}