{
  "experiment_name": "candidate_q_net_2_neuron_30",
  "coalition_neurons": [
    "q_net.0_neuron_2",
    "q_net.0_neuron_59",
    "q_net.2_neuron_35",
    "q_net.0_neuron_58",
    "q_net.2_neuron_30"
  ],
  "patch_config": {
    "q_net.0": [
      2,
      59,
      58
    ],
    "q_net.2": [
      35,
      30
    ]
  },
  "noising": {
    "metrics": {
      "mean": 0.5751529382205246,
      "std": 0.2808072653915921,
      "count": 32,
      "values": [
        0.8217006305313495,
        0.7683362088460413,
        0.7681070904710157,
        0.7750158312340347,
        0.7538557505613492,
        0.7564380784213492,
        0.7861769948291121,
        0.09182755382342718,
        0.8216574418520386,
        0.5026001826869393,
        0.12989326261497336,
        0.7869033248168052,
        0.7182910580719029,
        0.7892644739437147,
        0.7463027730808937,
        0.7160865035206547,
        0.6919992475880641,
        0.061906412480953195,
        0.7662759368386539,
        0.6763136851000129,
        0.6724040954341965,
        0.7058166251629491,
        0.8084801398237342,
        0.7469417748576068,
        0.1385839244363671,
        0.17518226951249236,
        0.78156895680578,
        0.02940436957392485,
        0.1472692916912097,
        0.16793583643921942,
        0.7803752801617576,
        0.32197901784426475
      ]
    },
    "num_results": 32
  },
  "denoising": {
    "metrics": {
      "mean": 0.7067127529660693,
      "std": 0.17296652541674606,
      "count": 32,
      "values": [
        0.8180507785076157,
        0.7683316291464914,
        0.7826183817496188,
        0.7817658702272855,
        0.7680667849128778,
        0.7218842263604411,
        0.7861765411279548,
        0.861041845504525,
        0.8181523385869207,
        0.5025919918537639,
        0.6570092387353923,
        0.7723034246488844,
        0.7183054969089299,
        0.7873541347666483,
        0.7482696716974405,
        0.7258138736707443,
        0.6908206062990633,
        0.647244330476487,
        0.7699014704581106,
        0.6448269258981746,
        0.6724026775682636,
        0.7058166251629491,
        0.8084845083337024,
        0.7699190050791329,
        0.8454786175439664,
        0.7696937681641631,
        0.7903346902607458,
        0.02940408525672989,
        0.7730434726639261,
        0.16920484083477697,
        0.8324719315199223,
        0.6780243109885694
      ]
    },
    "num_results": 32
  },
  "target_metric_score": 0.7067127529660693,
  "timestamp": "2025-06-04T19:24:30.111576"
}