{
  "experiment_name": "candidate_q_net_0_neuron_16",
  "coalition_neurons": [
    "q_net.0_neuron_2",
    "q_net.0_neuron_59",
    "q_net.2_neuron_35",
    "q_net.0_neuron_58",
    "q_net.0_neuron_46",
    "q_net.0_neuron_52",
    "q_net.2_neuron_30",
    "q_net.2_neuron_55",
    "q_net.0_neuron_13",
    "q_net.2_neuron_57",
    "q_net.0_neuron_27",
    "q_net.0_neuron_54",
    "q_net.0_neuron_18",
    "q_net.0_neuron_42",
    "q_net.2_neuron_7",
    "q_net.2_neuron_38",
    "q_net.2_neuron_39",
    "q_net.2_neuron_15",
    "q_net.2_neuron_63",
    "q_net.0_neuron_35",
    "q_net.0_neuron_5",
    "q_net.0_neuron_31",
    "q_net.0_neuron_16"
  ],
  "patch_config": {
    "q_net.0": [
      2,
      59,
      58,
      46,
      52,
      13,
      27,
      54,
      18,
      42,
      35,
      5,
      31,
      16
    ],
    "q_net.2": [
      35,
      30,
      55,
      57,
      7,
      38,
      39,
      15,
      63
    ]
  },
  "noising": {
    "metrics": {
      "mean": 0.5590295124240776,
      "std": 0.23514584468120858,
      "count": 32,
      "values": [
        0.7077707748179476,
        0.51291966707814,
        0.8474426287743886,
        0.674207904104503,
        0.7709218742386237,
        0.6120481201748992,
        0.6114172602989091,
        0.15253920671680923,
        0.7453423845269348,
        0.8125465369483869,
        0.002790235590539119,
        0.8072637737797662,
        0.7264478664367371,
        0.8204382181274448,
        0.6230246998833611,
        0.7264762127104358,
        0.543781605263534,
        0.24921260648510668,
        0.7685339569538281,
        0.42266707454258123,
        0.8576624997837142,
        0.4344854991323216,
        0.7571526055404639,
        0.49703417036151176,
        0.08341938962942709,
        0.21099042211370697,
        0.6039379263510626,
        0.6017335738651111,
        0.1654887549756577,
        0.4688914691930254,
        0.6148529358273351,
        0.45550254334427254
      ]
    },
    "num_results": 32
  },
  "denoising": {
    "metrics": {
      "mean": 0.6608615776331228,
      "std": 0.11723705326189279,
      "count": 32,
      "values": [
        0.7073811833579338,
        0.5129197040049261,
        0.8315979237335513,
        0.6828992909849291,
        0.7702399871364038,
        0.5963998324142766,
        0.6114178256707323,
        0.6789454358077638,
        0.7451929689123508,
        0.812544003195438,
        0.6850914019328377,
        0.7654481071965225,
        0.7264545964219792,
        0.8204378566077308,
        0.6265309884828876,
        0.6825721367541047,
        0.5506010758398969,
        0.6562117879024871,
        0.7547988266003974,
        0.4055703301972615,
        0.8576622589659627,
        0.43448895954131916,
        0.7642375640279896,
        0.48083507000680437,
        0.7405476664615223,
        0.7562719563054121,
        0.6089702594437832,
        0.6017335738651111,
        0.6599265173019438,
        0.46918854156347123,
        0.6059587799766984,
        0.5444940736455003
      ]
    },
    "num_results": 32
  },
  "target_metric_score": 0.6608615776331228,
  "timestamp": "2025-06-04T19:25:05.215892"
}