{
  "experiment_name": "candidate_q_net_0_neuron_42",
  "coalition_neurons": [
    "q_net.0_neuron_2",
    "q_net.0_neuron_59",
    "q_net.2_neuron_35",
    "q_net.0_neuron_58",
    "q_net.0_neuron_46",
    "q_net.0_neuron_52",
    "q_net.2_neuron_30",
    "q_net.0_neuron_42"
  ],
  "patch_config": {
    "q_net.0": [
      2,
      59,
      58,
      46,
      52,
      42
    ],
    "q_net.2": [
      35,
      30
    ]
  },
  "noising": {
    "metrics": {
      "mean": 0.6077772285275929,
      "std": 0.26661076974953674,
      "count": 32,
      "values": [
        0.8207067593814056,
        0.796008353906209,
        0.8621420032606955,
        0.778589495860985,
        0.7785641900585206,
        0.7446713141091829,
        0.7913216497986241,
        0.12184911560366819,
        0.837783418168532,
        0.571479893653833,
        0.1038178342253214,
        0.7803974558404485,
        0.8115680720513738,
        0.9448332211927021,
        0.7452959487828215,
        0.5960652366933809,
        0.6985463910021096,
        0.11336762309026233,
        0.7650447954682043,
        0.6111454768252,
        0.7290159350029057,
        0.7718438025477047,
        0.7873242927772108,
        0.5343290270710195,
        0.04656447092704472,
        0.16936979490211196,
        0.810169636115384,
        0.5810074387066488,
        0.1048385759008845,
        0.5409861900705688,
        0.7742543188070283,
        0.3259695810809817
      ]
    },
    "num_results": 32
  },
  "denoising": {
    "metrics": {
      "mean": 0.7453353206536044,
      "std": 0.10732555638976456,
      "count": 32,
      "values": [
        0.8201257191270659,
        0.7960130723347877,
        0.8598791825173171,
        0.7827607297972149,
        0.810747072553193,
        0.725096623773165,
        0.7913227563284805,
        0.7973409607336472,
        0.8320279897440604,
        0.5714732507163135,
        0.843230850768986,
        0.7562592642176852,
        0.8115705322872216,
        0.9496755602390963,
        0.7475397296444032,
        0.6266646549045661,
        0.697022689439037,
        0.6932100313724134,
        0.7682642761934879,
        0.6389308837328581,
        0.7290143577535206,
        0.7718438025477047,
        0.7873310498449977,
        0.6256368345358135,
        0.8202618797119807,
        0.7756193844274059,
        0.8319922693512467,
        0.5810141158785833,
        0.7450101528899244,
        0.36935689279696193,
        0.8258779906923567,
        0.668615700059845
      ]
    },
    "num_results": 32
  },
  "target_metric_score": 0.7453353206536044,
  "timestamp": "2025-06-04T19:24:36.991226"
}