{
  "experiment_name": "candidate_q_net_2_neuron_60",
  "coalition_neurons": [
    "q_net.0_neuron_2",
    "q_net.2_neuron_60"
  ],
  "patch_config": {
    "q_net.0": [
      2
    ],
    "q_net.2": [
      60
    ]
  },
  "noising": {
    "metrics": {
      "mean": 0.5347669159157677,
      "std": 0.19216956151714026,
      "count": 32,
      "values": [
        0.7148643380532009,
        0.791941525127944,
        0.7083969707826959,
        0.7004544558791816,
        0.6801725795449628,
        0.4693242535079399,
        0.5519424889979883,
        0.17518585020473562,
        0.45159438028352517,
        0.6289810402915181,
        0.19585881921032938,
        0.7282201118707897,
        0.4157728887819936,
        0.6700086585712316,
        0.5849053268020351,
        0.5909089518264995,
        0.7287519084188805,
        0.28314897424095753,
        0.5949213130104963,
        0.7422710868859385,
        0.5943489850068534,
        0.15945731979765215,
        0.43338592613132926,
        0.7321807505545685,
        0.1983995069515355,
        0.3825949744681764,
        0.5971268365749122,
        0.48906285892961987,
        0.20103144064415393,
        0.7027249603074076,
        0.7311612133261802,
        0.48344061431933527
      ]
    },
    "num_results": 32
  },
  "denoising": {
    "metrics": {
      "mean": 0.6162553764719934,
      "std": 0.14205757707188518,
      "count": 32,
      "values": [
        0.7123985330344452,
        0.791941525127944,
        0.7195089372701571,
        0.6684905388304708,
        0.718813595602848,
        0.4814964304537817,
        0.5519424889979883,
        0.5279960038077984,
        0.4567944242782719,
        0.6290078248117329,
        0.7794794429372971,
        0.7671636136686035,
        0.41579164828107024,
        0.650396201826025,
        0.5633539010982804,
        0.5882975073140506,
        0.7268367453526389,
        0.7190760767993598,
        0.6033506350612916,
        0.7361798504708703,
        0.5943099049539221,
        0.15947653615337615,
        0.43338449570859616,
        0.807614120240763,
        0.7341087938109117,
        0.5646923474039584,
        0.6261756901512321,
        0.4890480945219585,
        0.6708498008183393,
        0.7038252161222542,
        0.7462488077663673,
        0.38212231442718303
      ]
    },
    "num_results": 32
  },
  "target_metric_score": 0.6162553764719934,
  "timestamp": "2025-06-04T19:24:23.792631"
}