{
  "experiment_name": "candidate_q_net_0_neuron_33",
  "coalition_neurons": [
    "q_net.0_neuron_2",
    "q_net.0_neuron_59",
    "q_net.2_neuron_35",
    "q_net.0_neuron_58",
    "q_net.0_neuron_46",
    "q_net.0_neuron_52",
    "q_net.2_neuron_30",
    "q_net.2_neuron_55",
    "q_net.0_neuron_13",
    "q_net.2_neuron_57",
    "q_net.0_neuron_27",
    "q_net.0_neuron_54",
    "q_net.0_neuron_18",
    "q_net.0_neuron_42",
    "q_net.2_neuron_7",
    "q_net.2_neuron_38",
    "q_net.2_neuron_39",
    "q_net.2_neuron_15",
    "q_net.2_neuron_63",
    "q_net.0_neuron_35",
    "q_net.0_neuron_5",
    "q_net.0_neuron_31",
    "q_net.0_neuron_33"
  ],
  "patch_config": {
    "q_net.0": [
      2,
      59,
      58,
      46,
      52,
      13,
      27,
      54,
      18,
      42,
      35,
      5,
      31,
      33
    ],
    "q_net.2": [
      35,
      30,
      55,
      57,
      7,
      38,
      39,
      15,
      63
    ]
  },
  "noising": {
    "metrics": {
      "mean": 0.5372598799310042,
      "std": 0.25879850459688625,
      "count": 32,
      "values": [
        0.719246301574816,
        0.538895673849602,
        0.7154454148732624,
        0.6722652465487982,
        0.5324305412007536,
        0.6110986697379421,
        0.5582320431748393,
        0.5191756018736468,
        0.7499051615846615,
        0.8665144112139124,
        0.015393237195726075,
        0.0777138263190241,
        0.6958657391433075,
        0.8765535596004729,
        0.5739009504493231,
        0.405665217158538,
        0.01142541261712619,
        0.5130002878748645,
        0.8634831719186674,
        0.6988388142354125,
        0.8814487683590051,
        0.3435718759188023,
        0.8132634793805199,
        0.49080036837024066,
        0.08991269126328386,
        0.19789268801988819,
        0.6113271963007312,
        0.8246474198250202,
        0.11211004832569985,
        0.5609765580641967,
        0.6459376950036858,
        0.4053780868163659
      ]
    },
    "num_results": 32
  },
  "denoising": {
    "metrics": {
      "mean": 0.5974790044866867,
      "std": 0.21869742927882838,
      "count": 32,
      "values": [
        0.7189888461945381,
        0.538895673849602,
        0.6633346227424051,
        0.6752684904630744,
        0.5293945471062109,
        0.5950173228713868,
        0.558230656113462,
        0.23194788286872847,
        0.7496291370613108,
        0.8665141183738295,
        0.6751587404898503,
        0.13570744265371615,
        0.695865523784976,
        0.8765550818070028,
        0.580259898157024,
        0.4120365664185346,
        0.003574810290373159,
        0.16825487550627058,
        0.8631033084611627,
        0.6999276449591618,
        0.8814515228417117,
        0.3435696341266866,
        0.8004791592531239,
        0.48053029608091147,
        0.7404005531433308,
        0.761309369362197,
        0.616525460197986,
        0.8246531624774126,
        0.6664850730560166,
        0.5483704424006856,
        0.6232740475267154,
        0.5946142329345743
      ]
    },
    "num_results": 32
  },
  "target_metric_score": 0.5974790044866867,
  "timestamp": "2025-06-04T19:25:05.250057"
}