{
  "experiment_name": "candidate_q_net_2_neuron_51",
  "coalition_neurons": [
    "q_net.0_neuron_2",
    "q_net.0_neuron_59",
    "q_net.2_neuron_35",
    "q_net.0_neuron_58",
    "q_net.0_neuron_46",
    "q_net.0_neuron_52",
    "q_net.2_neuron_30",
    "q_net.2_neuron_55",
    "q_net.0_neuron_13",
    "q_net.2_neuron_57",
    "q_net.0_neuron_27",
    "q_net.0_neuron_54",
    "q_net.0_neuron_18",
    "q_net.0_neuron_42",
    "q_net.2_neuron_7",
    "q_net.2_neuron_38",
    "q_net.2_neuron_39",
    "q_net.2_neuron_15",
    "q_net.2_neuron_63",
    "q_net.0_neuron_35",
    "q_net.0_neuron_5",
    "q_net.0_neuron_31",
    "q_net.2_neuron_23",
    "q_net.0_neuron_40",
    "q_net.2_neuron_48",
    "q_net.0_neuron_56",
    "q_net.2_neuron_51"
  ],
  "patch_config": {
    "q_net.0": [
      2,
      59,
      58,
      46,
      52,
      13,
      27,
      54,
      18,
      42,
      35,
      5,
      31,
      40,
      56
    ],
    "q_net.2": [
      35,
      30,
      55,
      57,
      7,
      38,
      39,
      15,
      63,
      23,
      48,
      51
    ]
  },
  "noising": {
    "metrics": {
      "mean": 0.5414780771475012,
      "std": 0.22925114789435713,
      "count": 32,
      "values": [
        0.6897648143582081,
        0.5279549508053117,
        0.7459469043162507,
        0.659127873380544,
        0.6467050796642471,
        0.5767477018029394,
        0.5947025188361665,
        0.5256891884627313,
        0.7730233432189603,
        0.8280746188647035,
        0.1541806201316763,
        0.36545796832602123,
        0.7570161625953032,
        0.8592304221109476,
        0.6016580059974398,
        0.4379549461839183,
        0.23632904259158974,
        0.5658906285984402,
        0.7587695842312168,
        0.5671717030336105,
        0.8964257624722918,
        0.057039061332041216,
        0.7869258933623909,
        0.41702886916064,
        0.23703803382874183,
        0.19808263891532732,
        0.5767913023666873,
        0.8143972268259829,
        0.20281498074137821,
        0.4388110019874109,
        0.6258289533647612,
        0.2047186668521564
      ]
    },
    "num_results": 32
  },
  "denoising": {
    "metrics": {
      "mean": 0.6092590115614203,
      "std": 0.19732613685043296,
      "count": 32,
      "values": [
        0.6895527149646367,
        0.527955046669153,
        0.6997070415439943,
        0.665320659344046,
        0.6290169717687513,
        0.5678709459011662,
        0.5947025188361665,
        0.4149979408169346,
        0.7730214713453506,
        0.8280742910718591,
        0.7002213235642635,
        0.3654613302271068,
        0.757021512322222,
        0.8592304221109476,
        0.6060307465357913,
        0.4557135594536954,
        0.23876028578002648,
        0.20059853299456276,
        0.7518589901406786,
        0.570009599590568,
        0.8964269666726258,
        0.05702924904628124,
        0.796270371359485,
        0.44847661315388504,
        0.7494239416985544,
        0.7741735765073682,
        0.5778519611549181,
        0.8143923737637958,
        0.6479482828915875,
        0.4336240544877868,
        0.6102651322015556,
        0.795279942045685
      ]
    },
    "num_results": 32
  },
  "target_metric_score": 0.6092590115614203,
  "timestamp": "2025-06-04T19:25:12.542585"
}