{
  "experiment_name": "candidate_q_net_2_neuron_34",
  "coalition_neurons": [
    "q_net.0_neuron_2",
    "q_net.0_neuron_59",
    "q_net.2_neuron_35",
    "q_net.0_neuron_58",
    "q_net.0_neuron_46",
    "q_net.0_neuron_52",
    "q_net.2_neuron_30",
    "q_net.2_neuron_55",
    "q_net.0_neuron_13",
    "q_net.2_neuron_57",
    "q_net.0_neuron_27",
    "q_net.0_neuron_54",
    "q_net.0_neuron_18",
    "q_net.0_neuron_42",
    "q_net.2_neuron_34"
  ],
  "patch_config": {
    "q_net.0": [
      2,
      59,
      58,
      46,
      52,
      13,
      27,
      54,
      18,
      42
    ],
    "q_net.2": [
      35,
      30,
      55,
      57,
      34
    ]
  },
  "noising": {
    "metrics": {
      "mean": 0.539834099368286,
      "std": 0.23543270738773894,
      "count": 32,
      "values": [
        0.7598946240794582,
        0.6947459930583286,
        0.742785519964884,
        0.6893541492217949,
        0.6137116723442705,
        0.6765281141123498,
        0.6872781490328179,
        0.32147031709594853,
        0.7488592495514881,
        0.7592909604870258,
        0.2757867342816792,
        0.2107526553990554,
        0.6630055864507077,
        0.8151593644887577,
        0.6224459381941411,
        0.42693994858105583,
        0.27311435122083494,
        0.24784960877949597,
        0.74807470295574,
        0.5660289760577831,
        0.7569741319020278,
        0.7637532343527783,
        0.7712617519876283,
        0.6245408785565322,
        0.03456104260445388,
        0.18700565149046758,
        0.6761277286573603,
        0.31624798419756045,
        0.03484020285250454,
        0.5578395453801376,
        0.7267880088462783,
        0.2816744035998049
      ]
    },
    "num_results": 32
  },
  "denoising": {
    "metrics": {
      "mean": 0.6194135200802484,
      "std": 0.171584720845415,
      "count": 32,
      "values": [
        0.7597092878038418,
        0.6947456323927446,
        0.7196088547051096,
        0.6954499670360825,
        0.6344632133217635,
        0.6690542740896178,
        0.6872771412912829,
        0.570458591065802,
        0.7484799732795437,
        0.7592890298181646,
        0.31230845546861563,
        0.08836108715199323,
        0.6630117498738093,
        0.761943865309174,
        0.6215168041805951,
        0.4456622175841824,
        0.271203178096911,
        0.64497026993136,
        0.7530523703940819,
        0.5743019235721669,
        0.7569728021733573,
        0.763751311756084,
        0.7712601523440625,
        0.6558011240016584,
        0.7489719090422898,
        0.7686814745466778,
        0.6967707632181003,
        0.31624798419756045,
        0.6380792536672777,
        0.5516387553734869,
        0.720131172435437,
        0.35805805344511443
      ]
    },
    "num_results": 32
  },
  "target_metric_score": 0.6194135200802484,
  "timestamp": "2025-06-04T19:24:49.664237"
}