{
  "experiment_name": "candidate_q_net_2_neuron_21",
  "coalition_neurons": [
    "q_net.0_neuron_2",
    "q_net.0_neuron_59",
    "q_net.2_neuron_35",
    "q_net.0_neuron_58",
    "q_net.0_neuron_46",
    "q_net.0_neuron_52",
    "q_net.2_neuron_30",
    "q_net.2_neuron_55",
    "q_net.0_neuron_13",
    "q_net.2_neuron_57",
    "q_net.0_neuron_27",
    "q_net.0_neuron_54",
    "q_net.0_neuron_18",
    "q_net.0_neuron_42",
    "q_net.2_neuron_7",
    "q_net.2_neuron_38",
    "q_net.2_neuron_39",
    "q_net.2_neuron_21"
  ],
  "patch_config": {
    "q_net.0": [
      2,
      59,
      58,
      46,
      52,
      13,
      27,
      54,
      18,
      42
    ],
    "q_net.2": [
      35,
      30,
      55,
      57,
      7,
      38,
      39,
      21
    ]
  },
  "noising": {
    "metrics": {
      "mean": 0.5231881184697282,
      "std": 0.25933791141945867,
      "count": 32,
      "values": [
        0.7360054770989644,
        0.6574074045674551,
        0.789647345297882,
        0.678095142525071,
        0.7113665983735687,
        0.617084693770824,
        0.6179386342523887,
        0.03913795014794763,
        0.7452662141780695,
        0.7835211237798811,
        0.22614540267640368,
        0.6356938649302201,
        0.6069405611778064,
        0.7911639742184482,
        0.6433725069864972,
        0.41056567554464996,
        0.043025065521928745,
        0.16136873978985505,
        0.725481538414734,
        0.3243492580694959,
        0.7554532402816885,
        0.6966666796976159,
        0.8494260035935222,
        0.6069726662989302,
        0.04274716954528846,
        0.1828326678526305,
        0.6535485820423398,
        0.28858317042059795,
        0.15445864424662875,
        0.7689999796951396,
        0.619924454329966,
        0.17882936170486266
      ]
    },
    "num_results": 32
  },
  "denoising": {
    "metrics": {
      "mean": 0.6152624961141804,
      "std": 0.19420782118007077,
      "count": 32,
      "values": [
        0.7356445392939449,
        0.6574074045674551,
        0.7682644686895643,
        0.6843847029861357,
        0.70918746066501,
        0.6102660796224599,
        0.6179386342523887,
        0.7400491015364241,
        0.744988494280759,
        0.7835165804075274,
        0.65409274548172,
        0.5944643811281228,
        0.6069490149776695,
        0.7911684191041547,
        0.6425359772928019,
        0.4383182429868004,
        0.03139796466509959,
        0.4727678616256959,
        0.7220966451371472,
        0.23860200544659485,
        0.7554515731296134,
        0.6966666796976159,
        0.8494239240015039,
        0.5885289180782677,
        0.7475287772455038,
        0.7451771293800753,
        0.6604287581079094,
        0.28858317042059795,
        0.6355872295530649,
        0.765563774211425,
        0.6113686979064944,
        0.10005051977422202
      ]
    },
    "num_results": 32
  },
  "target_metric_score": 0.6152624961141804,
  "timestamp": "2025-06-04T19:24:55.834617"
}