{
  "experiment_name": "candidate_q_net_2_neuron_25",
  "coalition_neurons": [
    "q_net.0_neuron_2",
    "q_net.0_neuron_59",
    "q_net.2_neuron_35",
    "q_net.0_neuron_58",
    "q_net.0_neuron_46",
    "q_net.0_neuron_52",
    "q_net.2_neuron_30",
    "q_net.2_neuron_55",
    "q_net.0_neuron_13",
    "q_net.2_neuron_57",
    "q_net.0_neuron_27",
    "q_net.0_neuron_54",
    "q_net.0_neuron_18",
    "q_net.0_neuron_42",
    "q_net.2_neuron_7",
    "q_net.2_neuron_38",
    "q_net.2_neuron_39",
    "q_net.2_neuron_15",
    "q_net.2_neuron_63",
    "q_net.0_neuron_35",
    "q_net.0_neuron_5",
    "q_net.0_neuron_31",
    "q_net.2_neuron_25"
  ],
  "patch_config": {
    "q_net.0": [
      2,
      59,
      58,
      46,
      52,
      13,
      27,
      54,
      18,
      42,
      35,
      5,
      31
    ],
    "q_net.2": [
      35,
      30,
      55,
      57,
      7,
      38,
      39,
      15,
      63,
      25
    ]
  },
  "noising": {
    "metrics": {
      "mean": 0.5694011723016263,
      "std": 0.2417417408988607,
      "count": 32,
      "values": [
        0.7154331196991849,
        0.5256025110044537,
        0.8311415183433724,
        0.6784076287197892,
        0.7600601477633233,
        0.6024706784845627,
        0.6382525155972073,
        0.10210177921534166,
        0.7385364730964189,
        0.8665144112139124,
        0.015393237195726075,
        0.7509131013987943,
        0.7026104327455047,
        0.8765535596004729,
        0.6149869945799709,
        0.5952339292343117,
        0.5169138666620315,
        0.26365809590708256,
        0.7498685491735932,
        0.5435633292481331,
        0.8814487683590051,
        0.4774019430808731,
        0.8030894242661156,
        0.48683277203173614,
        0.09496405910269277,
        0.19789268801988819,
        0.5981576507925839,
        0.8548699824224125,
        0.1749858886869639,
        0.5099957649412511,
        0.6476046062489687,
        0.4053780868163659
      ]
    },
    "num_results": 32
  },
  "denoising": {
    "metrics": {
      "mean": 0.6768951875473438,
      "std": 0.11462389818214043,
      "count": 32,
      "values": [
        0.7151230539319188,
        0.525603266450739,
        0.8149417184492371,
        0.6831461528185062,
        0.7600601477633233,
        0.5960933845481644,
        0.6382525155972073,
        0.7000852836047687,
        0.735524766979976,
        0.8665141183738295,
        0.6751587404898503,
        0.7426552283265799,
        0.7026084898784742,
        0.8765550818070028,
        0.6185952200720986,
        0.567063330359695,
        0.5233087017108261,
        0.6411854687638228,
        0.7351372306374133,
        0.5733220282632063,
        0.8814515228417117,
        0.4774019430808731,
        0.8047339040021482,
        0.47683601185310626,
        0.7216749355260597,
        0.761309369362197,
        0.6031718743634334,
        0.8548754185208832,
        0.6556823886125949,
        0.5054944108939007,
        0.6324660606968793,
        0.5946142329345743
      ]
    },
    "num_results": 32
  },
  "target_metric_score": 0.6768951875473438,
  "timestamp": "2025-06-04T19:25:05.668447"
}