{
  "experiment_name": "candidate_q_net_0_neuron_62",
  "coalition_neurons": [
    "q_net.0_neuron_2",
    "q_net.0_neuron_59",
    "q_net.2_neuron_35",
    "q_net.0_neuron_58",
    "q_net.0_neuron_46",
    "q_net.0_neuron_52",
    "q_net.2_neuron_30",
    "q_net.2_neuron_55",
    "q_net.0_neuron_13",
    "q_net.2_neuron_57",
    "q_net.0_neuron_27",
    "q_net.0_neuron_54",
    "q_net.0_neuron_18",
    "q_net.0_neuron_42",
    "q_net.2_neuron_7",
    "q_net.2_neuron_38",
    "q_net.2_neuron_39",
    "q_net.2_neuron_15",
    "q_net.2_neuron_63",
    "q_net.0_neuron_35",
    "q_net.0_neuron_5",
    "q_net.0_neuron_31",
    "q_net.2_neuron_23",
    "q_net.0_neuron_40",
    "q_net.2_neuron_48",
    "q_net.0_neuron_56",
    "q_net.2_neuron_6",
    "q_net.0_neuron_62"
  ],
  "patch_config": {
    "q_net.0": [
      2,
      59,
      58,
      46,
      52,
      13,
      27,
      54,
      18,
      42,
      35,
      5,
      31,
      40,
      56,
      62
    ],
    "q_net.2": [
      35,
      30,
      55,
      57,
      7,
      38,
      39,
      15,
      63,
      23,
      48,
      6
    ]
  },
  "noising": {
    "metrics": {
      "mean": 0.5546971960112006,
      "std": 0.2306403150343767,
      "count": 32,
      "values": [
        0.6931120829315099,
        0.5295812536067588,
        0.8570865658736311,
        0.6761233499020343,
        0.661793161937678,
        0.5719687866554258,
        0.6095505171409275,
        0.11210056729514081,
        0.7820750424275632,
        0.8099356078387882,
        0.14967202629137535,
        0.7358583560554172,
        0.8313608546490486,
        0.8948821004467485,
        0.6190202286659665,
        0.4341119525679106,
        0.37291728750833597,
        0.4266969366875512,
        0.682204319029485,
        0.4772810966962661,
        0.9383276333471137,
        0.32104259106337746,
        0.8370455269649307,
        0.4149953361342041,
        0.2961315154465475,
        0.19462422486864664,
        0.5611922510063708,
        0.6684436881100534,
        0.23320806684447462,
        0.545366336313776,
        0.6421818670137458,
        0.17041914103761652
      ]
    },
    "num_results": 32
  },
  "denoising": {
    "metrics": {
      "mean": 0.6509394642705333,
      "std": 0.1517580046908691,
      "count": 32,
      "values": [
        0.6928331944551395,
        0.5295812536067588,
        0.8206015581136065,
        0.6832510014967461,
        0.6456161921382306,
        0.5603753399706956,
        0.6095483353503974,
        0.7104571335159586,
        0.7820730192171009,
        0.8099344616297007,
        0.6515965507620467,
        0.7231371423660881,
        0.8313620286484457,
        0.8948839691096337,
        0.622956791613808,
        0.4573270652455164,
        0.3803624315157855,
        0.4265017088791448,
        0.681793112150133,
        0.48019118589294263,
        0.9383258766410097,
        0.3210445590802012,
        0.8432236671769316,
        0.4225109519929368,
        0.6844980425946101,
        0.7617711960811928,
        0.5679514883225837,
        0.6684457599363622,
        0.6297962627793908,
        0.5452646503328359,
        0.623271428236564,
        0.829575497804567
      ]
    },
    "num_results": 32
  },
  "target_metric_score": 0.6509394642705333,
  "timestamp": "2025-06-04T19:25:13.924476"
}