{
  "experiment_name": "candidate_q_net_2_neuron_6",
  "coalition_neurons": [
    "q_net.0_neuron_2",
    "q_net.0_neuron_59",
    "q_net.2_neuron_35",
    "q_net.2_neuron_6"
  ],
  "patch_config": {
    "q_net.0": [
      2,
      59
    ],
    "q_net.2": [
      35,
      6
    ]
  },
  "noising": {
    "metrics": {
      "mean": 0.5270433618659447,
      "std": 0.26230581914761114,
      "count": 32,
      "values": [
        0.5383704014335252,
        0.8080209484607125,
        0.6760764238488783,
        0.6925608752424972,
        0.7287562483331376,
        0.7787205333655142,
        0.7007217438904325,
        0.05230088082026545,
        0.7669877990886222,
        0.40637137233828247,
        0.2601681378913112,
        0.6781380483800007,
        0.5437261967692919,
        0.7538753715948935,
        0.709083946760141,
        0.7983868709837539,
        0.6573231021614864,
        0.08355156685187808,
        0.6031144338467712,
        0.5926938066767007,
        0.720055002575794,
        0.607047134913721,
        0.6707142414694591,
        0.8542504308343749,
        0.07610022889034164,
        0.21060347999397558,
        0.6661307483436086,
        0.2914843570803371,
        0.1039130635904911,
        0.09006525372701801,
        0.6876329252654004,
        0.058442004287612405
      ]
    },
    "num_results": 32
  },
  "denoising": {
    "metrics": {
      "mean": 0.6635274913464135,
      "std": 0.1604716173702739,
      "count": 32,
      "values": [
        0.5404930903248516,
        0.808025966382748,
        0.6857820943264784,
        0.71413271948934,
        0.7446686887080546,
        0.7978937176821868,
        0.7007200158461964,
        0.7368951732080424,
        0.7658951018541065,
        0.40635752273537956,
        0.5156227161948148,
        0.6654578633655629,
        0.5437651795340858,
        0.7508287861028022,
        0.7069625390066463,
        0.7984618138480182,
        0.6557422102839816,
        0.8888448132799766,
        0.6131605766937722,
        0.5922653651694257,
        0.7200560772418443,
        0.6070458655751134,
        0.6707098641249082,
        0.9074928634563594,
        0.724377621340994,
        0.7499890800805726,
        0.6821958911110635,
        0.2914796685000284,
        0.6988274295097784,
        0.09139413064252426,
        0.7004740942996123,
        0.7568611831659663
      ]
    },
    "num_results": 32
  },
  "target_metric_score": 0.6635274913464135,
  "timestamp": "2025-06-04T19:24:28.878609"
}