{
  "experiment_name": "candidate_q_net_2_neuron_34",
  "coalition_neurons": [
    "q_net.0_neuron_2",
    "q_net.0_neuron_59",
    "q_net.2_neuron_35",
    "q_net.0_neuron_58",
    "q_net.0_neuron_46",
    "q_net.0_neuron_52",
    "q_net.2_neuron_30",
    "q_net.2_neuron_55",
    "q_net.0_neuron_13",
    "q_net.2_neuron_57",
    "q_net.0_neuron_27",
    "q_net.0_neuron_54",
    "q_net.0_neuron_18",
    "q_net.0_neuron_42",
    "q_net.2_neuron_7",
    "q_net.2_neuron_38",
    "q_net.2_neuron_39",
    "q_net.2_neuron_15",
    "q_net.2_neuron_63",
    "q_net.0_neuron_35",
    "q_net.0_neuron_5",
    "q_net.0_neuron_31",
    "q_net.2_neuron_23",
    "q_net.2_neuron_34"
  ],
  "patch_config": {
    "q_net.0": [
      2,
      59,
      58,
      46,
      52,
      13,
      27,
      54,
      18,
      42,
      35,
      5,
      31
    ],
    "q_net.2": [
      35,
      30,
      55,
      57,
      7,
      38,
      39,
      15,
      63,
      23,
      34
    ]
  },
  "noising": {
    "metrics": {
      "mean": 0.5448163145835563,
      "std": 0.24598399039178465,
      "count": 32,
      "values": [
        0.6653534456500487,
        0.6083986065923597,
        0.8183948480079097,
        0.6636589657822901,
        0.6632392794620927,
        0.5685381862430438,
        0.572984044718702,
        0.3445959141335383,
        0.782653521425127,
        0.8507839077222052,
        0.04571844429520663,
        0.39807518051874163,
        0.7818738292434387,
        0.9045545779818916,
        0.5567066633524662,
        0.5482318655924882,
        0.11640224625286834,
        0.43374856832292463,
        0.7696062092466394,
        0.2897635385496588,
        0.8973937605979371,
        0.4672328140501069,
        0.861306978616789,
        0.5108859438787781,
        0.07542188438483678,
        0.20537028098757848,
        0.5405736053653637,
        0.7979489860978459,
        0.09637631021043812,
        0.6015245035361371,
        0.5858647542815508,
        0.4109404015727984
      ]
    },
    "num_results": 32
  },
  "denoising": {
    "metrics": {
      "mean": 0.6241703819563419,
      "std": 0.17187150416086702,
      "count": 32,
      "values": [
        0.6647778250482171,
        0.6083989047322784,
        0.7331907417966522,
        0.6729709103364538,
        0.6492282224055005,
        0.561312846975699,
        0.5729834359065781,
        0.5643053994119596,
        0.7815845957023951,
        0.8507851461012286,
        0.6514994747162942,
        0.32741870122541605,
        0.7818750577322223,
        0.9045563124252407,
        0.5622441766651445,
        0.6030203895828072,
        0.1228638855132373,
        0.4605003097910709,
        0.7689826448783379,
        0.37641701562944624,
        0.8973951425510921,
        0.467235057185884,
        0.8633083340938287,
        0.5266261510436469,
        0.6940016265575404,
        0.7759383379480927,
        0.5468134436797556,
        0.7979496514900868,
        0.614665285786376,
        0.6034029755031596,
        0.5703462588454266,
        0.3968539613418719
      ]
    },
    "num_results": 32
  },
  "target_metric_score": 0.6241703819563419,
  "timestamp": "2025-06-04T19:25:06.478241"
}