{
  "experiment_name": "candidate_q_net_0_neuron_62",
  "coalition_neurons": [
    "q_net.0_neuron_2",
    "q_net.0_neuron_59",
    "q_net.2_neuron_35",
    "q_net.0_neuron_58",
    "q_net.0_neuron_46",
    "q_net.0_neuron_52",
    "q_net.2_neuron_30",
    "q_net.2_neuron_55",
    "q_net.0_neuron_62"
  ],
  "patch_config": {
    "q_net.0": [
      2,
      59,
      58,
      46,
      52,
      62
    ],
    "q_net.2": [
      35,
      30,
      55
    ]
  },
  "noising": {
    "metrics": {
      "mean": 0.5952363587842064,
      "std": 0.2604325433082887,
      "count": 32,
      "values": [
        0.7649359577687818,
        0.7700545823422799,
        0.8594482784485233,
        0.7536803945401505,
        0.7597098100909663,
        0.7134167308628591,
        0.7996378674403254,
        0.10759532712864459,
        0.7856687666644726,
        0.713179551342076,
        0.07181482285392564,
        0.8204558542430616,
        0.756685324553268,
        0.8078150524621461,
        0.7675406449501796,
        0.6498628077401802,
        0.7071825182919965,
        0.1668171980088874,
        0.7742533650699035,
        0.7472700717779112,
        0.7606327180808717,
        0.7244887231505404,
        0.7910840959626769,
        0.5428074775890565,
        0.1838155182985815,
        0.18735096654905883,
        0.7715612080445705,
        0.37005702281410713,
        0.10129124248658354,
        0.430887515494064,
        0.7132181110431,
        0.1733439550008572
      ]
    },
    "num_results": 32
  },
  "denoising": {
    "metrics": {
      "mean": 0.7391517625003056,
      "std": 0.10315170412369468,
      "count": 32,
      "values": [
        0.7650117149048364,
        0.7700545823422799,
        0.8404438754194008,
        0.7585701349047883,
        0.7800745973472786,
        0.6831292677233388,
        0.799637489540459,
        0.8426632881265557,
        0.7826719887350334,
        0.7131716109382468,
        0.650412513663791,
        0.8116003626651187,
        0.7566909312573181,
        0.8502274752553386,
        0.7709669844631697,
        0.7024587588352801,
        0.7091360858526754,
        0.7048906909366721,
        0.7928641456473168,
        0.7217084455330998,
        0.7606335316444465,
        0.7244927299460117,
        0.7910842002942374,
        0.6176203619910382,
        0.8094550650446384,
        0.737343799497718,
        0.7811442600609785,
        0.3700546934043956,
        0.8507498916136724,
        0.4356631523619687,
        0.7429255362132147,
        0.8253042338454596
      ]
    },
    "num_results": 32
  },
  "target_metric_score": 0.7391517625003056,
  "timestamp": "2025-06-04T19:24:38.418086"
}