{
  "experiment_name": "candidate_q_net_0_neuron_40",
  "coalition_neurons": [
    "q_net.0_neuron_2",
    "q_net.0_neuron_59",
    "q_net.2_neuron_35",
    "q_net.0_neuron_58",
    "q_net.0_neuron_46",
    "q_net.0_neuron_40"
  ],
  "patch_config": {
    "q_net.0": [
      2,
      59,
      58,
      46,
      40
    ],
    "q_net.2": [
      35
    ]
  },
  "noising": {
    "metrics": {
      "mean": 0.5890911494250466,
      "std": 0.2617901119322858,
      "count": 32,
      "values": [
        0.7011322885834194,
        0.8269283459443866,
        0.6972168153935216,
        0.7160464150716747,
        0.67469904846955,
        0.6938171062066714,
        0.7063173358955516,
        0.3311633460620183,
        0.8386575782796662,
        0.6493607946328062,
        0.2889689803601478,
        0.9387593837764966,
        0.7349046560619388,
        0.85156198563776,
        0.6989042749682074,
        0.5768062545426882,
        0.3572257558703106,
        0.022700813792617996,
        0.6843725163855885,
        0.7132444504844601,
        0.8285548560798602,
        0.7232039653043222,
        0.7461166354465303,
        0.8090806647220928,
        0.026325990099183905,
        0.18618118394341418,
        0.7484378211472801,
        0.3502130063461618,
        0.11342097488347345,
        0.8341588915792898,
        0.6590044013632704,
        0.12343024426712743
      ]
    },
    "num_results": 32
  },
  "denoising": {
    "metrics": {
      "mean": 0.7064697158882434,
      "std": 0.16144137780403758,
      "count": 32,
      "values": [
        0.7004202382613461,
        0.8269244237297989,
        0.7074312496247994,
        0.7220359480838093,
        0.6746953442403546,
        0.6888570698271033,
        0.7063183924648021,
        0.60300445553712,
        0.8318896234375968,
        0.6493709784384919,
        0.10024110697550141,
        0.9205743604295562,
        0.7349180630960588,
        0.8514468878266515,
        0.7012649321686859,
        0.611168428253135,
        0.43164893123836673,
        0.897397940482312,
        0.6905202552943261,
        0.6721557180888224,
        0.8285536447701684,
        0.7232060664302598,
        0.7461159932328411,
        0.8242007412122234,
        0.8723749243151692,
        0.7230889145241848,
        0.7492250439830199,
        0.3502190715856999,
        0.784613924246193,
        0.8980509368645814,
        0.7015213993506388,
        0.6835759004101702
      ]
    },
    "num_results": 32
  },
  "target_metric_score": 0.7064697158882434,
  "timestamp": "2025-06-04T19:24:31.213666"
}