{
  "experiment_name": "candidate_q_net_2_neuron_60",
  "coalition_neurons": [
    "q_net.0_neuron_2",
    "q_net.0_neuron_59",
    "q_net.2_neuron_35",
    "q_net.0_neuron_58",
    "q_net.0_neuron_46",
    "q_net.0_neuron_52",
    "q_net.2_neuron_30",
    "q_net.2_neuron_55",
    "q_net.0_neuron_13",
    "q_net.2_neuron_57",
    "q_net.0_neuron_27",
    "q_net.0_neuron_54",
    "q_net.0_neuron_18",
    "q_net.0_neuron_42",
    "q_net.2_neuron_60"
  ],
  "patch_config": {
    "q_net.0": [
      2,
      59,
      58,
      46,
      52,
      13,
      27,
      54,
      18,
      42
    ],
    "q_net.2": [
      35,
      30,
      55,
      57,
      60
    ]
  },
  "noising": {
    "metrics": {
      "mean": 0.5603611736104857,
      "std": 0.256507193676722,
      "count": 32,
      "values": [
        0.7998809307719558,
        0.684462739730597,
        0.8001811609155313,
        0.7278739608126059,
        0.6967659280364418,
        0.6582078677321709,
        0.7227063848953034,
        0.011567842029014537,
        0.7423164959532229,
        0.7624453022857237,
        0.23834099123285257,
        0.8662226546987595,
        0.6559180627131621,
        0.7923482557870118,
        0.6852579266331348,
        0.5149963170456469,
        0.4419892344578902,
        0.023547023251978254,
        0.7572645903017289,
        0.5951241687287481,
        0.7450471220677786,
        0.6942333666764818,
        0.8411268293369462,
        0.6486146367813529,
        0.07211390359891563,
        0.198958007175646,
        0.678335232196196,
        0.3312546871174687,
        0.13729208152824315,
        0.33064730224939703,
        0.7511745312458226,
        0.3253420175478148
      ]
    },
    "num_results": 32
  },
  "denoising": {
    "metrics": {
      "mean": 0.6694492323934806,
      "std": 0.14747414578435708,
      "count": 32,
      "values": [
        0.7983741979389203,
        0.684462739730597,
        0.781703047393349,
        0.733559502346022,
        0.7221601245413963,
        0.6510349160739574,
        0.722705558135413,
        0.8103587053408073,
        0.742162315151526,
        0.7624442439517852,
        0.44989228045816854,
        0.8661044088633082,
        0.6559201424244258,
        0.7519018047373297,
        0.6847387560673601,
        0.5299545434656195,
        0.4530463227217893,
        0.7954367395849455,
        0.7540353996317494,
        0.5109880603760489,
        0.7450457195902948,
        0.6942307325966197,
        0.8411272420620656,
        0.6486592235939665,
        0.7788678507443332,
        0.7647709168621876,
        0.6977491849630797,
        0.3312546871174687,
        0.6712844884049992,
        0.3313595271634077,
        0.7378459666478568,
        0.31919608791058546
      ]
    },
    "num_results": 32
  },
  "target_metric_score": 0.6694492323934806,
  "timestamp": "2025-06-04T19:24:49.698666"
}