{
  "experiment_name": "candidate_q_net_0_neuron_40",
  "coalition_neurons": [
    "q_net.0_neuron_2",
    "q_net.0_neuron_59",
    "q_net.2_neuron_35",
    "q_net.0_neuron_58",
    "q_net.0_neuron_46",
    "q_net.0_neuron_52",
    "q_net.2_neuron_30",
    "q_net.2_neuron_55",
    "q_net.0_neuron_13",
    "q_net.2_neuron_57",
    "q_net.0_neuron_27",
    "q_net.0_neuron_54",
    "q_net.0_neuron_18",
    "q_net.0_neuron_42",
    "q_net.2_neuron_7",
    "q_net.2_neuron_38",
    "q_net.2_neuron_39",
    "q_net.2_neuron_15",
    "q_net.0_neuron_40"
  ],
  "patch_config": {
    "q_net.0": [
      2,
      59,
      58,
      46,
      52,
      13,
      27,
      54,
      18,
      42,
      40
    ],
    "q_net.2": [
      35,
      30,
      55,
      57,
      7,
      38,
      39,
      15
    ]
  },
  "noising": {
    "metrics": {
      "mean": 0.5166243753784805,
      "std": 0.26646238184788357,
      "count": 32,
      "values": [
        0.7380061915536364,
        0.6198010356745035,
        0.7779344125519494,
        0.6733206542125182,
        0.7064135014286074,
        0.6071668575043938,
        0.6456945052833458,
        0.15518447793161608,
        0.715573191901926,
        0.7961704595704288,
        0.10018600278617361,
        0.7760474523346395,
        0.6059019635022977,
        0.792563141400345,
        0.6428360758394219,
        0.4613600852397912,
        0.17328659796524562,
        0.09367076528438224,
        0.777073704093481,
        0.015545263277469605,
        0.7852239790015443,
        0.4228187369318033,
        0.7913235653313305,
        0.5439510041542102,
        0.013271030931174993,
        0.18289181911782876,
        0.6313651035876904,
        0.6154452308738944,
        0.1284260259044734,
        0.7051666637649335,
        0.643648903124507,
        0.19471161005181467
      ]
    },
    "num_results": 32
  },
  "denoising": {
    "metrics": {
      "mean": 0.6246037881918873,
      "std": 0.1985282757014919,
      "count": 32,
      "values": [
        0.7376506076629457,
        0.6198005146313144,
        0.7593840936437344,
        0.6794238503977543,
        0.7038772593023367,
        0.6107080177106649,
        0.6456938952206657,
        0.7430387355180942,
        0.7163012763702074,
        0.7961699471810021,
        0.6009243447621849,
        0.7593270400643986,
        0.6059045455844332,
        0.7925609548624378,
        0.6406867306754261,
        0.47883684359722223,
        0.18401166235290548,
        0.7089218345598585,
        0.7589691706912757,
        0.03994353057505001,
        0.7852263730565097,
        0.4228187369318033,
        0.7892811002649588,
        0.5889140432765582,
        0.7873451079091187,
        0.7738851770472621,
        0.6434450408210034,
        0.6154412224249592,
        0.6587427508533311,
        0.7006806578335942,
        0.6371741355003938,
        0.0022320208569913042
      ]
    },
    "num_results": 32
  },
  "target_metric_score": 0.6246037881918873,
  "timestamp": "2025-06-04T19:24:57.462002"
}