{
  "experiment_name": "candidate_q_net_0_neuron_13",
  "coalition_neurons": [
    "q_net.0_neuron_2",
    "q_net.0_neuron_59",
    "q_net.2_neuron_35",
    "q_net.0_neuron_58",
    "q_net.0_neuron_46",
    "q_net.0_neuron_13"
  ],
  "patch_config": {
    "q_net.0": [
      2,
      59,
      58,
      46,
      13
    ],
    "q_net.2": [
      35
    ]
  },
  "noising": {
    "metrics": {
      "mean": 0.5235304349034304,
      "std": 0.25038952567961487,
      "count": 32,
      "values": [
        0.6370788669952162,
        0.7841375501084478,
        0.7561778804101634,
        0.735105064343387,
        0.7257930668918366,
        0.7430925343285274,
        0.7120904491378716,
        0.10807344781851891,
        0.8423568243621858,
        0.543935104100261,
        0.038608454048077404,
        0.6902321527725721,
        0.48277476245584044,
        0.3427636059139138,
        0.7149619070563651,
        0.6662466627467787,
        0.2704375958503111,
        0.26590217172327724,
        0.6816489885344035,
        0.5035143184130918,
        0.3648473737955218,
        0.7957415417492669,
        0.7314588661328579,
        0.7687237905670468,
        0.3810208123936341,
        0.18407732397218565,
        0.7386184794844944,
        0.6071558135453343,
        0.021912418033061033,
        0.38243251327207056,
        0.5125045489868096,
        0.019549026966445438
      ]
    },
    "num_results": 32
  },
  "denoising": {
    "metrics": {
      "mean": 0.6381856832422894,
      "std": 0.1588811798128034,
      "count": 32,
      "values": [
        0.6303092442229224,
        0.7841357737146102,
        0.759608192193813,
        0.7362715078296824,
        0.7268453281872842,
        0.7116823727246331,
        0.7120915881109089,
        0.7987632424624274,
        0.8351157085219185,
        0.5439514701870249,
        0.7667403811411581,
        0.680531764763534,
        0.4827561035378664,
        0.2289488317399432,
        0.7176714680030273,
        0.6638020979091759,
        0.26392604975099637,
        0.5384031876643746,
        0.6675444614149801,
        0.39640317185575746,
        0.36482215963502995,
        0.7957192342627771,
        0.7314597755046606,
        0.7536967038561707,
        0.6310160936860488,
        0.7181066131839428,
        0.7378492038387929,
        0.6071558135453343,
        0.7710252906785959,
        0.37505836132491954,
        0.5511753031459904,
        0.7393553651549574
      ]
    },
    "num_results": 32
  },
  "target_metric_score": 0.6381856832422894,
  "timestamp": "2025-06-04T19:24:31.105701"
}