{
  "experiment_name": "candidate_q_net_0_neuron_9",
  "coalition_neurons": [
    "q_net.0_neuron_2",
    "q_net.0_neuron_59",
    "q_net.2_neuron_35",
    "q_net.0_neuron_58",
    "q_net.0_neuron_46",
    "q_net.0_neuron_52",
    "q_net.2_neuron_30",
    "q_net.2_neuron_55",
    "q_net.0_neuron_13",
    "q_net.2_neuron_57",
    "q_net.0_neuron_27",
    "q_net.0_neuron_54",
    "q_net.0_neuron_18",
    "q_net.0_neuron_42",
    "q_net.0_neuron_9"
  ],
  "patch_config": {
    "q_net.0": [
      2,
      59,
      58,
      46,
      52,
      13,
      27,
      54,
      18,
      42,
      9
    ],
    "q_net.2": [
      35,
      30,
      55,
      57
    ]
  },
  "noising": {
    "metrics": {
      "mean": 0.5226695884228109,
      "std": 0.24920269667434083,
      "count": 32,
      "values": [
        0.8192213416139962,
        0.6229075166046827,
        0.8045299235254387,
        0.7407408424749903,
        0.7039876285980704,
        0.6492420805693593,
        0.7435492570337369,
        0.3025449221677815,
        0.7256995662955147,
        0.42221591965312977,
        0.24844001812961236,
        0.3372339534077909,
        0.6294779710693007,
        0.7380512617582956,
        0.6996096918570726,
        0.5250966137687717,
        0.17474031872768875,
        0.2908049777081263,
        0.7370859278905925,
        0.6115403730736492,
        0.7141863989117408,
        0.24688531886163698,
        0.836699696702807,
        0.6574445323472766,
        0.028864819948131566,
        0.17552556684561182,
        0.715106783774433,
        0.03977911465866417,
        0.11686976585973156,
        0.3670915653421942,
        0.8113446537026809,
        0.48890850664743885
      ]
    },
    "num_results": 32
  },
  "denoising": {
    "metrics": {
      "mean": 0.5946836379492734,
      "std": 0.2115469593788194,
      "count": 32,
      "values": [
        0.8123004293647049,
        0.6229077955063813,
        0.7876317775333339,
        0.7401193109447955,
        0.7252704276847796,
        0.6378456723934232,
        0.7435458918881225,
        0.5601892199008361,
        0.7264829503188437,
        0.4222126620907342,
        0.44586272387323517,
        0.24317853769277203,
        0.6294842753053654,
        0.7036255968843029,
        0.7000733760862746,
        0.5490379796203815,
        0.17973073320473307,
        0.3542299757656486,
        0.7364514900910262,
        0.5301307240512595,
        0.7141839459761823,
        0.246883927072418,
        0.8367026514989669,
        0.6582257199232647,
        0.9394431446245898,
        0.7543788083867479,
        0.7526676310983935,
        0.03977911465866417,
        0.7139286846500597,
        0.3666001151350899,
        0.7628304772773602,
        0.39394064387405675
      ]
    },
    "num_results": 32
  },
  "target_metric_score": 0.5946836379492734,
  "timestamp": "2025-06-04T19:24:50.666060"
}