{
  "experiment_name": "candidate_q_net_2_neuron_59",
  "coalition_neurons": [
    "q_net.0_neuron_2",
    "q_net.0_neuron_59",
    "q_net.2_neuron_59"
  ],
  "patch_config": {
    "q_net.0": [
      2,
      59
    ],
    "q_net.2": [
      59
    ]
  },
  "noising": {
    "metrics": {
      "mean": 0.4367431535365712,
      "std": 0.1991276708782092,
      "count": 32,
      "values": [
        0.19088980452219917,
        0.6912005562327266,
        0.4511350656297758,
        0.46861209873838516,
        0.5426471783382835,
        0.6725998924521701,
        0.5727761843217659,
        0.5731295139894224,
        0.41473512490950626,
        0.3130534074823279,
        0.08354590450961438,
        0.352048311306574,
        0.49028088310664203,
        0.6170863284442988,
        0.5639432438894867,
        0.5281407739451709,
        0.34518305149609696,
        0.603011609258481,
        0.41671573024684205,
        0.7000760658071369,
        0.5650963625652147,
        0.07776509307228498,
        0.6923191055460027,
        0.5897665187809348,
        0.1738313794962994,
        0.20612667761342768,
        0.7288859119242372,
        0.38579861387114833,
        0.10119226692122874,
        0.3720864092318021,
        0.45966818541802446,
        0.032433660102768595
      ]
    },
    "num_results": 32
  },
  "denoising": {
    "metrics": {
      "mean": 0.502611594862516,
      "std": 0.15951160569883063,
      "count": 32,
      "values": [
        0.18230328054847186,
        0.6912005562327266,
        0.4612912164158773,
        0.4960243937573923,
        0.5338452355639287,
        0.6659190214946903,
        0.5727746944288611,
        0.28385250947812696,
        0.4173071286388255,
        0.31304505199288585,
        0.6910842777887684,
        0.3519896161931085,
        0.49028706789011295,
        0.6165764281476729,
        0.5615122911091425,
        0.5470430083645282,
        0.34567985682903235,
        0.39524516616228594,
        0.37640072501355754,
        0.7051357306195706,
        0.5650848736636772,
        0.07775688134123193,
        0.6923155597739049,
        0.5891095198369822,
        0.6440526568167967,
        0.639050117319051,
        0.7390084437042288,
        0.38580433661244135,
        0.6575190129009993,
        0.37229704640483885,
        0.4690731024117813,
        0.5539822281450167
      ]
    },
    "num_results": 32
  },
  "target_metric_score": 0.502611594862516,
  "timestamp": "2025-06-04T19:24:25.927658"
}