{
  "experiment_name": "candidate_q_net_0_neuron_59",
  "coalition_neurons": [
    "q_net.0_neuron_2",
    "q_net.0_neuron_59"
  ],
  "patch_config": {
    "q_net.0": [
      2,
      59
    ]
  },
  "noising": {
    "metrics": {
      "mean": 0.5882596020136213,
      "std": 0.22429663598167435,
      "count": 32,
      "values": [
        0.5925274706207835,
        0.6959881666841585,
        0.7272348041457345,
        0.7273210859028927,
        0.7108409659004667,
        0.7140576270944387,
        0.7272114582536744,
        0.21026670617545293,
        0.7476513040157903,
        0.7991142833280955,
        0.07350811848064775,
        0.6715285245563855,
        0.6207828697193276,
        0.7060934413972413,
        0.7307254432542534,
        0.7135898968834764,
        0.7348574353183571,
        0.2551361121257818,
        0.6087479498455712,
        0.7087044749889158,
        0.784726200918743,
        0.7058166251629491,
        0.7322225705367155,
        0.7244769002808981,
        0.1983995069515355,
        0.24415295122499237,
        0.7264853460606487,
        0.7496877920397503,
        0.15938450593022335,
        0.4753401426534618,
        0.714094339467654,
        0.13363224451686487
      ]
    },
    "num_results": 32
  },
  "denoising": {
    "metrics": {
      "mean": 0.7063803113604782,
      "std": 0.06315252798810317,
      "count": 32,
      "values": [
        0.5964233025027931,
        0.6959881666841585,
        0.7302437692643643,
        0.7536254751367812,
        0.7251436041899337,
        0.7241247357793882,
        0.7272114582536744,
        0.6149065363228146,
        0.728331136346172,
        0.7991233596253087,
        0.6971381602564595,
        0.6680973658168411,
        0.620795375230121,
        0.7110124525680162,
        0.7290738573391031,
        0.7236760214271956,
        0.7328151455328239,
        0.6733115261975319,
        0.6202634937186621,
        0.7043987005727615,
        0.7847132720799805,
        0.7058166251629491,
        0.7322225705367155,
        0.7030308177590058,
        0.7341087938109117,
        0.7357302363455314,
        0.7364617840422718,
        0.7496929078259638,
        0.743594221646216,
        0.4752350097414369,
        0.728681622837153,
        0.799178458982262
      ]
    },
    "num_results": 32
  },
  "target_metric_score": 0.7063803113604782,
  "timestamp": "2025-06-04T19:24:23.889629"
}