{
  "experiment_name": "candidate_q_net_2_neuron_50",
  "coalition_neurons": [
    "q_net.0_neuron_2",
    "q_net.0_neuron_59",
    "q_net.2_neuron_35",
    "q_net.0_neuron_58",
    "q_net.0_neuron_46",
    "q_net.0_neuron_52",
    "q_net.2_neuron_30",
    "q_net.2_neuron_55",
    "q_net.0_neuron_13",
    "q_net.2_neuron_57",
    "q_net.0_neuron_27",
    "q_net.0_neuron_54",
    "q_net.0_neuron_18",
    "q_net.0_neuron_42",
    "q_net.2_neuron_7",
    "q_net.2_neuron_38",
    "q_net.2_neuron_39",
    "q_net.2_neuron_15",
    "q_net.2_neuron_63",
    "q_net.0_neuron_35",
    "q_net.0_neuron_5",
    "q_net.0_neuron_31",
    "q_net.2_neuron_23",
    "q_net.0_neuron_40",
    "q_net.2_neuron_48",
    "q_net.2_neuron_50"
  ],
  "patch_config": {
    "q_net.0": [
      2,
      59,
      58,
      46,
      52,
      13,
      27,
      54,
      18,
      42,
      35,
      5,
      31,
      40
    ],
    "q_net.2": [
      35,
      30,
      55,
      57,
      7,
      38,
      39,
      15,
      63,
      23,
      48,
      50
    ]
  },
  "noising": {
    "metrics": {
      "mean": 0.5694172046281285,
      "std": 0.23433113501360298,
      "count": 32,
      "values": [
        0.7181992499239273,
        0.43576402750357635,
        0.8539568960715079,
        0.685679790961848,
        0.6793876383545698,
        0.5556973927592517,
        0.6164624658320954,
        0.4335464463179513,
        0.7765789816085338,
        0.8312631967766101,
        0.1488123564645498,
        0.5183273649149783,
        0.7982627563585949,
        0.8487484289580554,
        0.6190791852133815,
        0.5732908039734337,
        0.40726619734715513,
        0.45328215243437936,
        0.7440149804585039,
        0.8323212207542181,
        0.9133178552655749,
        0.09945129318274307,
        0.8517309622348287,
        0.39500936278695176,
        0.22674912959487697,
        0.19995882454986913,
        0.5585980335102424,
        0.8452877721614062,
        0.17759323881217898,
        0.510812836786177,
        0.6361439446577796,
        0.27675576157036125
      ]
    },
    "num_results": 32
  },
  "denoising": {
    "metrics": {
      "mean": 0.6411386924739733,
      "std": 0.17908430638683936,
      "count": 32,
      "values": [
        0.7178495915376087,
        0.4357629329390583,
        0.7845682356612038,
        0.6913609586247396,
        0.6707979846976753,
        0.5343836382211702,
        0.6164619205077305,
        0.4742834917645247,
        0.776577553341129,
        0.831262877967976,
        0.7147575978092915,
        0.4412216407643572,
        0.7982639606989217,
        0.8487459447226101,
        0.6230361022388912,
        0.5972353717341039,
        0.4058264922216128,
        0.38705935825886484,
        0.7373098376440416,
        0.8295044032898116,
        0.9133175841212029,
        0.09945129318274307,
        0.8609441498437274,
        0.3663154421418102,
        0.6749201753680883,
        0.7670544101175347,
        0.5665036415271458,
        0.8452882138139937,
        0.6511904012556613,
        0.5108380236420573,
        0.6211044643241442,
        0.7232404651837115
      ]
    },
    "num_results": 32
  },
  "target_metric_score": 0.6411386924739733,
  "timestamp": "2025-06-04T19:25:10.400172"
}