{
  "experiment_name": "candidate_q_net_2_neuron_32",
  "coalition_neurons": [
    "q_net.0_neuron_2",
    "q_net.0_neuron_59",
    "q_net.2_neuron_35",
    "q_net.0_neuron_58",
    "q_net.0_neuron_46",
    "q_net.0_neuron_52",
    "q_net.2_neuron_30",
    "q_net.2_neuron_55",
    "q_net.0_neuron_13",
    "q_net.2_neuron_57",
    "q_net.0_neuron_27",
    "q_net.0_neuron_54",
    "q_net.0_neuron_18",
    "q_net.2_neuron_32"
  ],
  "patch_config": {
    "q_net.0": [
      2,
      59,
      58,
      46,
      52,
      13,
      27,
      54,
      18
    ],
    "q_net.2": [
      35,
      30,
      55,
      57,
      32
    ]
  },
  "noising": {
    "metrics": {
      "mean": 0.5699359109063161,
      "std": 0.22964705490256615,
      "count": 32,
      "values": [
        0.7967626936840321,
        0.6779250939057598,
        0.7940375465793754,
        0.7266728623101429,
        0.6939332153291267,
        0.6753493313360158,
        0.7359080615995962,
        0.4239507906006598,
        0.7488592495514881,
        0.7714963130525662,
        0.29113931852278824,
        0.09669703017573929,
        0.6457365920874312,
        0.7538274696048053,
        0.6971875679523194,
        0.5646212583526699,
        0.4473037750360412,
        0.12534370188969074,
        0.7625594666976782,
        0.5962092750868534,
        0.7649750998911764,
        0.7637532343527783,
        0.8213232258140872,
        0.637945716647207,
        0.3161393527437764,
        0.18415006327658248,
        0.705802083934909,
        0.5816942186573116,
        0.1033203636207674,
        0.34431707962017927,
        0.7576394923610651,
        0.23136860472749632
      ]
    },
    "num_results": 32
  },
  "denoising": {
    "metrics": {
      "mean": 0.6426475629133318,
      "std": 0.17610769541186563,
      "count": 32,
      "values": [
        0.7968625239977722,
        0.6779259975384057,
        0.7753904187015415,
        0.7325428854253864,
        0.7106413378658244,
        0.682832384321359,
        0.7359050044492429,
        0.4869416311595371,
        0.7484799732795437,
        0.771488262295612,
        0.4585770127739816,
        0.010986403144339893,
        0.6457383485753071,
        0.7159626298900756,
        0.6968155087113463,
        0.5571459982394628,
        0.45790316321423,
        0.7533069128961536,
        0.7646163120027616,
        0.5696425612762989,
        0.7649745203297761,
        0.763751311756084,
        0.820895514895538,
        0.639474250640161,
        0.7172171538358854,
        0.7693087571618281,
        0.7257406455200923,
        0.5816942186573116,
        0.7145811612838034,
        0.34445096192796865,
        0.7345869242958498,
        0.23834132316413628
      ]
    },
    "num_results": 32
  },
  "target_metric_score": 0.6426475629133318,
  "timestamp": "2025-06-04T19:24:49.284099"
}