{
  "experiment_name": "candidate_q_net_2_neuron_21",
  "coalition_neurons": [
    "q_net.0_neuron_2",
    "q_net.0_neuron_59",
    "q_net.2_neuron_35",
    "q_net.0_neuron_58",
    "q_net.0_neuron_46",
    "q_net.0_neuron_52",
    "q_net.2_neuron_30",
    "q_net.2_neuron_55",
    "q_net.0_neuron_13",
    "q_net.2_neuron_57",
    "q_net.0_neuron_27",
    "q_net.0_neuron_54",
    "q_net.0_neuron_18",
    "q_net.2_neuron_21"
  ],
  "patch_config": {
    "q_net.0": [
      2,
      59,
      58,
      46,
      52,
      13,
      27,
      54,
      18
    ],
    "q_net.2": [
      35,
      30,
      55,
      57,
      21
    ]
  },
  "noising": {
    "metrics": {
      "mean": 0.5441823189488073,
      "std": 0.2470768535084405,
      "count": 32,
      "values": [
        0.7932488889828307,
        0.694160947310067,
        0.787483054140347,
        0.7138775527510489,
        0.6679783623810638,
        0.6765922252007645,
        0.7141299742170095,
        0.02772732336043434,
        0.7609512150556202,
        0.7412210185042082,
        0.2664312474656113,
        0.6484925112106047,
        0.6634778274630936,
        0.651855129081894,
        0.6831600662920911,
        0.45737139846946073,
        0.2874493260516277,
        0.09080066887901223,
        0.7433213014207235,
        0.6401635810128712,
        0.6595926049996548,
        0.49712801786066074,
        0.8636678693577099,
        0.6575587534888243,
        0.007143010090288491,
        0.18087080202115458,
        0.7186020174933412,
        0.41558822470007223,
        0.10117083721518327,
        0.5741492259181762,
        0.7475716023603381,
        0.2808976216060473
      ]
    },
    "num_results": 32
  },
  "denoising": {
    "metrics": {
      "mean": 0.655806293311169,
      "std": 0.13489993115967203,
      "count": 32,
      "values": [
        0.7933257929426372,
        0.694160947310067,
        0.7669685233290934,
        0.7202597408553396,
        0.685481240455454,
        0.6842458405929095,
        0.7141294699419098,
        0.8565416108744852,
        0.760076296771452,
        0.7412158581994267,
        0.44745628820854855,
        0.6197426610553194,
        0.663480609925786,
        0.6947515177110495,
        0.6826983707506511,
        0.4415568179879524,
        0.30003922594167864,
        0.6189718860067446,
        0.7447005365758975,
        0.6175092111652737,
        0.6595936020328023,
        0.4971018007530539,
        0.8632388675208289,
        0.6582803793577949,
        0.7881028834960558,
        0.758630848792965,
        0.7310965267382651,
        0.41558822470007223,
        0.6982692055655619,
        0.5705623662926291,
        0.7223862329256729,
        0.3756380011800313
      ]
    },
    "num_results": 32
  },
  "target_metric_score": 0.655806293311169,
  "timestamp": "2025-06-04T19:24:47.641005"
}