{
  "experiment_name": "candidate_q_net_2_neuron_63",
  "coalition_neurons": [
    "q_net.0_neuron_2",
    "q_net.0_neuron_59",
    "q_net.2_neuron_35",
    "q_net.0_neuron_58",
    "q_net.0_neuron_46",
    "q_net.0_neuron_52",
    "q_net.2_neuron_63"
  ],
  "patch_config": {
    "q_net.0": [
      2,
      59,
      58,
      46,
      52
    ],
    "q_net.2": [
      35,
      63
    ]
  },
  "noising": {
    "metrics": {
      "mean": 0.5678363704367801,
      "std": 0.26514605348079706,
      "count": 32,
      "values": [
        0.6692575065406946,
        0.620242862815552,
        0.8521797817821768,
        0.7283727098537538,
        0.8422556727416413,
        0.703852555204639,
        0.7439978650044891,
        0.2175911880409955,
        0.8728213894015084,
        0.5583478675993486,
        0.014903786615898891,
        0.7883739800069306,
        0.6083166134100567,
        0.7394556681740544,
        0.7087722456794097,
        0.794691723723834,
        0.7328527915283866,
        0.28022689658147537,
        0.7008498698103565,
        0.8571997394744496,
        0.6025458649777888,
        0.8212456400011255,
        0.7925225473385181,
        0.41017409624367085,
        0.033215716428051885,
        0.18544251703587522,
        0.7367886692088502,
        0.2527943437685177,
        0.0832199559625588,
        0.41832861882776406,
        0.6313378311270489,
        0.16858533906754206
      ]
    },
    "num_results": 32
  },
  "denoising": {
    "metrics": {
      "mean": 0.6924974795396076,
      "std": 0.13173219766425812,
      "count": 32,
      "values": [
        0.6691370737273988,
        0.6202355681326217,
        0.8219767998795877,
        0.7331166120939101,
        0.8394957311051969,
        0.6645874732477687,
        0.7439988419161934,
        0.7111167176961467,
        0.8649899023461601,
        0.5583455871040358,
        0.7639793103033855,
        0.7165366797628577,
        0.6083208815548489,
        0.7584903006534993,
        0.7102149199098523,
        0.8318260883058326,
        0.7331098008021236,
        0.658412104593557,
        0.6987600619386007,
        0.8059645043865294,
        0.6025448005243745,
        0.8212456400011255,
        0.792525237902342,
        0.44854271263357925,
        0.8064291129462464,
        0.7171089641363199,
        0.7461175672199405,
        0.2527994675463087,
        0.7862928098566957,
        0.40310307156880854,
        0.6694726632642033,
        0.6011223382073915
      ]
    },
    "num_results": 32
  },
  "target_metric_score": 0.6924974795396076,
  "timestamp": "2025-06-04T19:24:34.790251"
}