{
  "experiment_name": "candidate_q_net_2_neuron_5",
  "coalition_neurons": [
    "q_net.0_neuron_2",
    "q_net.0_neuron_59",
    "q_net.2_neuron_35",
    "q_net.0_neuron_58",
    "q_net.0_neuron_46",
    "q_net.0_neuron_52",
    "q_net.2_neuron_30",
    "q_net.2_neuron_55",
    "q_net.0_neuron_13",
    "q_net.2_neuron_57",
    "q_net.0_neuron_27",
    "q_net.0_neuron_54",
    "q_net.0_neuron_18",
    "q_net.0_neuron_42",
    "q_net.2_neuron_7",
    "q_net.2_neuron_5"
  ],
  "patch_config": {
    "q_net.0": [
      2,
      59,
      58,
      46,
      52,
      13,
      27,
      54,
      18,
      42
    ],
    "q_net.2": [
      35,
      30,
      55,
      57,
      7,
      5
    ]
  },
  "noising": {
    "metrics": {
      "mean": 0.5447004154174817,
      "std": 0.23554787125594895,
      "count": 32,
      "values": [
        0.7695504375326466,
        0.6696953566109517,
        0.7920990443456433,
        0.7187242428252777,
        0.7145226744381149,
        0.6237999733023603,
        0.6844011017906215,
        0.16005830817754235,
        0.7221729837193378,
        0.7585705277563612,
        0.18664126438435202,
        0.8451103187108255,
        0.6045431163641248,
        0.7273192414280003,
        0.6854962404358801,
        0.497622378435019,
        0.44202297797193885,
        0.023644979134270442,
        0.7384112939491124,
        0.5243500030113011,
        0.7385546090277229,
        0.5544819557733853,
        0.7174576931801934,
        0.6452834006043832,
        0.09961960144112543,
        0.2158956915097192,
        0.6752588225159263,
        0.2728802885467462,
        0.16683559679632293,
        0.3592425114050069,
        0.758547565202291,
        0.3375990930329061
      ]
    },
    "num_results": 32
  },
  "denoising": {
    "metrics": {
      "mean": 0.6440530104538765,
      "std": 0.14228128594002706,
      "count": 32,
      "values": [
        0.7694538099210859,
        0.6696961919915082,
        0.773227250782239,
        0.7242828600863769,
        0.7416375455042379,
        0.6179395145815294,
        0.6844024726225295,
        0.7570399655411993,
        0.7226980509226095,
        0.7585654702344015,
        0.42242775207978545,
        0.8425241156187306,
        0.6045501513157162,
        0.7273151142788444,
        0.6849936359163808,
        0.517894708975292,
        0.4536601073467203,
        0.7145712292770244,
        0.7415479412935894,
        0.4700550687222056,
        0.7385551894463434,
        0.5544842639297662,
        0.7174593697103949,
        0.6370010071139781,
        0.7710120866796994,
        0.7330642642881317,
        0.6816133483646503,
        0.2728764925324711,
        0.6710097109200689,
        0.35907049880091574,
        0.735722115034163,
        0.3393450306914623
      ]
    },
    "num_results": 32
  },
  "target_metric_score": 0.6440530104538765,
  "timestamp": "2025-06-04T19:24:52.718441"
}