{
  "experiment_name": "candidate_q_net_2_neuron_60",
  "coalition_neurons": [
    "q_net.0_neuron_2",
    "q_net.0_neuron_59",
    "q_net.2_neuron_35",
    "q_net.0_neuron_58",
    "q_net.0_neuron_46",
    "q_net.0_neuron_52",
    "q_net.2_neuron_30",
    "q_net.2_neuron_55",
    "q_net.0_neuron_13",
    "q_net.2_neuron_57",
    "q_net.0_neuron_27",
    "q_net.0_neuron_54",
    "q_net.0_neuron_18",
    "q_net.0_neuron_42",
    "q_net.2_neuron_7",
    "q_net.2_neuron_38",
    "q_net.2_neuron_39",
    "q_net.2_neuron_60"
  ],
  "patch_config": {
    "q_net.0": [
      2,
      59,
      58,
      46,
      52,
      13,
      27,
      54,
      18,
      42
    ],
    "q_net.2": [
      35,
      30,
      55,
      57,
      7,
      38,
      39,
      60
    ]
  },
  "noising": {
    "metrics": {
      "mean": 0.5175792408567117,
      "std": 0.27128688529270006,
      "count": 32,
      "values": [
        0.7448531364263855,
        0.6588448693688589,
        0.8029352527339297,
        0.6924188756522777,
        0.7309129461457369,
        0.6025868282401013,
        0.6413515042422314,
        0.01881375436017746,
        0.727201783742893,
        0.8028551021481329,
        0.21255292272439077,
        0.7645378055169983,
        0.637903691726342,
        0.791394105151246,
        0.6476819773586837,
        0.5470423485377179,
        0.24554834144743498,
        0.07268551456386063,
        0.7332486515151588,
        0.19571477157353898,
        0.7877832799935437,
        0.026191017269276366,
        0.838101045978154,
        0.6043669158486106,
        0.0513237279706829,
        0.20003144345464888,
        0.6011034185061425,
        0.5510399953569213,
        0.1506658446708507,
        0.682516950277855,
        0.6283776344489984,
        0.1699502504629904
      ]
    },
    "num_results": 32
  },
  "denoising": {
    "metrics": {
      "mean": 0.6169570319667884,
      "std": 0.20889244991602932,
      "count": 32,
      "values": [
        0.7445721669135079,
        0.6588444202358719,
        0.7838820920118228,
        0.6982031434466026,
        0.7283670141170603,
        0.595673686414535,
        0.6413503316135121,
        0.7046975758931183,
        0.7276008405671516,
        0.8028544530793866,
        0.6635967609550444,
        0.7124213711881471,
        0.6379129650340618,
        0.7913984143511424,
        0.646932231683578,
        0.5654192378781058,
        0.2567846845260624,
        0.668529988382618,
        0.7304047908034854,
        0.0713061839319777,
        0.7877824022760971,
        0.026191017269276366,
        0.8381014527696631,
        0.5855845110732025,
        0.7616796393988123,
        0.7521850198782972,
        0.6097198770426745,
        0.551035762871394,
        0.639745295155858,
        0.6798028754106563,
        0.6207626476738137,
        0.05928216909069297
      ]
    },
    "num_results": 32
  },
  "target_metric_score": 0.6169570319667884,
  "timestamp": "2025-06-04T19:24:56.108024"
}