{
  "model.buffer_size": 381408,
  "model.learning_starts": 71769,
  "model.batch_size": 104,
  "model.learning_rate": 0.00020888730989126575,
  "model.gamma": 0.6799910579834988,
  "model.train_freq": 996,
  "model.target_update_interval": 12592,
  "model.exploration_fraction": 0.18865924287688518,
  "model.exploration_final_eps": 0.13508357220279552
}