{
  "experiment_name": "candidate_q_net_2_neuron_0",
  "coalition_neurons": [
    "q_net.0_neuron_7",
    "q_net.0_neuron_4",
    "q_net.0_neuron_52",
    "q_net.0_neuron_16",
    "q_net.0_neuron_57",
    "q_net.0_neuron_20",
    "q_net.2_neuron_59",
    "q_net.2_neuron_62",
    "q_net.0_neuron_14",
    "q_net.2_neuron_15",
    "q_net.0_neuron_33",
    "q_net.0_neuron_29",
    "q_net.2_neuron_52",
    "q_net.2_neuron_0"
  ],
  "patch_config": {
    "q_net.0": [
      7,
      4,
      52,
      16,
      57,
      20,
      14,
      33,
      29
    ],
    "q_net.2": [
      59,
      62,
      15,
      52,
      0
    ]
  },
  "noising": {
    "metrics": {
      "mean": 3.387252054561421e-05,
      "std": 1.8909171077732457e-05,
      "count": 32,
      "values": [
        2.2353022139700793e-05,
        3.8886966449591627e-05,
        5.5068475517676364e-05,
        4.110648422940089e-05,
        2.6282568072015728e-05,
        8.424499936865492e-06,
        4.186754813141299e-05,
        6.294626854485836e-05,
        5.619667334975974e-05,
        4.905817433968772e-05,
        4.457766585910772e-05,
        4.9140006423007776e-05,
        3.065161182850553e-05,
        5.8365184580029607e-05,
        3.273616480945244e-05,
        3.4707989157239873e-06,
        3.833918261568676e-05,
        5.465287883384866e-05,
        2.387608858280075e-05,
        4.3597475229267894e-05,
        6.7695159689539e-05,
        3.44661877966924e-05,
        2.376385764664684e-06,
        4.432255650487041e-05,
        1.3082394407764025e-05,
        5.945950803011558e-06,
        8.506934193035134e-06,
        5.165283157736384e-05,
        3.17056359953325e-05,
        1.6321670950221728e-06,
        1.3816008550741974e-05,
        2.7120706693216313e-05
      ]
    },
    "num_results": 32
  },
  "denoising": {
    "metrics": {
      "mean": 3.3891213615702314e-05,
      "std": 1.9166626822401248e-05,
      "count": 32,
      "values": [
        2.232673582988013e-05,
        3.843152687718095e-05,
        6.200532490933919e-05,
        4.092701686235988e-05,
        2.5561300479344648e-05,
        8.474876703581328e-06,
        4.200188717738609e-05,
        6.340935394650487e-05,
        5.709312305139701e-05,
        4.872514127695355e-05,
        4.437354314619805e-05,
        4.665931442162296e-05,
        3.116254078283583e-05,
        5.7979008296552784e-05,
        3.286874816352107e-05,
        3.7377422061053538e-06,
        3.8578290205324665e-05,
        5.798071839908719e-05,
        2.5161278481060693e-05,
        3.7542678895526236e-05,
        6.920421990726198e-05,
        3.4665184109883176e-05,
        2.3377057038571013e-06,
        3.979109640531636e-05,
        1.3050896095320036e-05,
        6.354621887011099e-06,
        8.861885203419228e-06,
        5.1210902129146334e-05,
        3.15051188822591e-05,
        1.6566871081865903e-06,
        1.3957605446784113e-05,
        2.692276271226639e-05
      ]
    },
    "num_results": 32
  },
  "target_metric_score": 3.3891213615702314e-05,
  "timestamp": "2025-06-04T19:23:37.459450"
}