{
  "experiment_name": "candidate_q_net_2_neuron_57",
  "coalition_neurons": [
    "q_net.0_neuron_7",
    "q_net.0_neuron_4",
    "q_net.0_neuron_52",
    "q_net.0_neuron_16",
    "q_net.0_neuron_57",
    "q_net.0_neuron_20",
    "q_net.2_neuron_59",
    "q_net.2_neuron_62",
    "q_net.0_neuron_14",
    "q_net.2_neuron_15",
    "q_net.0_neuron_33",
    "q_net.0_neuron_29",
    "q_net.2_neuron_52",
    "q_net.2_neuron_48",
    "q_net.2_neuron_41",
    "q_net.0_neuron_59",
    "q_net.0_neuron_15",
    "q_net.0_neuron_58",
    "q_net.0_neuron_61",
    "q_net.2_neuron_55",
    "q_net.0_neuron_41",
    "q_net.0_neuron_55",
    "q_net.2_neuron_57"
  ],
  "patch_config": {
    "q_net.0": [
      7,
      4,
      52,
      16,
      57,
      20,
      14,
      33,
      29,
      59,
      15,
      58,
      61,
      41,
      55
    ],
    "q_net.2": [
      59,
      62,
      15,
      52,
      48,
      41,
      55,
      57
    ]
  },
  "noising": {
    "metrics": {
      "mean": 4.021735021494503e-05,
      "std": 2.129611515270209e-05,
      "count": 32,
      "values": [
        2.435623696055069e-05,
        4.414967753700545e-05,
        5.97689170490055e-05,
        4.1219642223204954e-05,
        2.5066393201801326e-05,
        1.2038429653703914e-05,
        3.9473126573395583e-05,
        6.600506044108253e-05,
        6.288726783060326e-05,
        5.970657662492362e-05,
        6.327272356497265e-05,
        5.2530169060161554e-05,
        3.314800075066455e-05,
        7.914322921691078e-05,
        3.700208830522013e-05,
        1.6974557117589045e-05,
        4.0397576213685015e-05,
        5.204348827437849e-05,
        2.0388422149344597e-05,
        7.048521545389579e-05,
        8.129348021928195e-05,
        3.724304829868651e-05,
        7.843482477554598e-07,
        4.9379911958280704e-05,
        1.4130000043417854e-05,
        3.4834454978474464e-05,
        2.1054295506311212e-05,
        5.9271509611739156e-05,
        3.7235484476964885e-05,
        8.232227526867408e-07,
        1.406331518429818e-05,
        3.6785337398244334e-05
      ]
    },
    "num_results": 32
  },
  "denoising": {
    "metrics": {
      "mean": 4.0005536116743604e-05,
      "std": 2.113165681088118e-05,
      "count": 32,
      "values": [
        2.4508769653162074e-05,
        4.362343943704639e-05,
        6.688831701454425e-05,
        4.1576679250058634e-05,
        2.4579835891339595e-05,
        1.1787112877339936e-05,
        3.9765261972240216e-05,
        6.676086468625263e-05,
        6.315164026154626e-05,
        5.927633566582937e-05,
        6.272669887989627e-05,
        5.010690997642349e-05,
        3.338667804029421e-05,
        7.829522486378689e-05,
        3.657629011032381e-05,
        1.6920139220190464e-05,
        4.071169738716681e-05,
        5.511521349147244e-05,
        2.1109466735147117e-05,
        6.216087176385101e-05,
        8.078526515189349e-05,
        3.750965928930975e-05,
        7.684031176375544e-07,
        4.4059098054799895e-05,
        1.4074328110646604e-05,
        3.3361589585047865e-05,
        2.1089186474717572e-05,
        5.898517569280981e-05,
        3.9506278803930705e-05,
        7.851284411488301e-07,
        1.3659613836973858e-05,
        3.656598199896751e-05
      ]
    },
    "num_results": 32
  },
  "target_metric_score": 4.021735021494503e-05,
  "timestamp": "2025-06-04T19:23:53.787625"
}