{
  "experiment_name": "candidate_q_net_0_neuron_24",
  "coalition_neurons": [
    "q_net.0_neuron_7",
    "q_net.0_neuron_4",
    "q_net.0_neuron_52",
    "q_net.0_neuron_16",
    "q_net.0_neuron_57",
    "q_net.0_neuron_20",
    "q_net.2_neuron_59",
    "q_net.2_neuron_62",
    "q_net.0_neuron_14",
    "q_net.2_neuron_15",
    "q_net.0_neuron_33",
    "q_net.0_neuron_29",
    "q_net.2_neuron_52",
    "q_net.2_neuron_48",
    "q_net.2_neuron_41",
    "q_net.0_neuron_59",
    "q_net.0_neuron_15",
    "q_net.0_neuron_58",
    "q_net.0_neuron_24"
  ],
  "patch_config": {
    "q_net.0": [
      7,
      4,
      52,
      16,
      57,
      20,
      14,
      33,
      29,
      59,
      15,
      58,
      24
    ],
    "q_net.2": [
      59,
      62,
      15,
      52,
      48,
      41
    ]
  },
  "noising": {
    "metrics": {
      "mean": 4.112929305795903e-05,
      "std": 2.2936360477528858e-05,
      "count": 32,
      "values": [
        2.5936999345029747e-05,
        4.7235802833366374e-05,
        6.112864332969922e-05,
        4.309024164597837e-05,
        2.5741353525579927e-05,
        8.198064163419212e-06,
        4.355996691948706e-05,
        6.845745852023443e-05,
        6.453150596651602e-05,
        6.764939187001477e-05,
        6.456703484264165e-05,
        5.598140588489479e-05,
        3.498663628096724e-05,
        7.89837025468147e-05,
        3.950186101622105e-05,
        7.628660478613454e-06,
        4.377720202784893e-05,
        5.825688536197451e-05,
        2.5771592997926866e-05,
        7.382985404194174e-05,
        8.381868202754765e-05,
        3.861802941424288e-05,
        8.201186231737928e-07,
        4.967133577920974e-05,
        1.1758143466651162e-05,
        2.889757285703498e-05,
        1.7434267761914837e-05,
        6.325891082691417e-05,
        2.7541263201785087e-05,
        2.193372229195435e-06,
        1.77978485735413e-05,
        3.551356949430787e-05
      ]
    },
    "num_results": 32
  },
  "denoising": {
    "metrics": {
      "mean": 4.0610338660923895e-05,
      "std": 2.2573778385700925e-05,
      "count": 32,
      "values": [
        2.6083052189717704e-05,
        4.668969788047681e-05,
        6.745358463344125e-05,
        4.342064452675463e-05,
        2.512632115726993e-05,
        8.175768014017206e-06,
        4.3865839872286655e-05,
        6.840109493307469e-05,
        6.497097597209808e-05,
        6.725830990392831e-05,
        6.394640673321314e-05,
        5.2415700075326586e-05,
        3.508793828981298e-05,
        7.823694973276509e-05,
        3.9143816682822444e-05,
        7.972844810358141e-06,
        4.410548725983839e-05,
        6.18063251375373e-05,
        2.6052506539795827e-05,
        6.09297724878552e-05,
        8.3260642271774e-05,
        3.885737163836938e-05,
        8.189216886922239e-07,
        4.2559569517094085e-05,
        1.1782211265696022e-05,
        2.8076804191580007e-05,
        1.6692973671300713e-05,
        6.290957717721801e-05,
        2.923817763025589e-05,
        2.3287227517122203e-06,
        1.6566667010501767e-05,
        3.529616150297992e-05
      ]
    },
    "num_results": 32
  },
  "target_metric_score": 4.112929305795903e-05,
  "timestamp": "2025-06-04T19:23:45.798135"
}