{
  "experiment_name": "candidate_q_net_0_neuron_45",
  "coalition_neurons": [
    "q_net.0_neuron_7",
    "q_net.0_neuron_4",
    "q_net.0_neuron_52",
    "q_net.0_neuron_16",
    "q_net.0_neuron_57",
    "q_net.0_neuron_20",
    "q_net.2_neuron_59",
    "q_net.2_neuron_62",
    "q_net.0_neuron_14",
    "q_net.2_neuron_15",
    "q_net.0_neuron_33",
    "q_net.0_neuron_29",
    "q_net.2_neuron_52",
    "q_net.2_neuron_48",
    "q_net.2_neuron_41",
    "q_net.0_neuron_59",
    "q_net.0_neuron_45"
  ],
  "patch_config": {
    "q_net.0": [
      7,
      4,
      52,
      16,
      57,
      20,
      14,
      33,
      29,
      59,
      45
    ],
    "q_net.2": [
      59,
      62,
      15,
      52,
      48,
      41
    ]
  },
  "noising": {
    "metrics": {
      "mean": 3.977059842526699e-05,
      "std": 2.2842332662829818e-05,
      "count": 32,
      "values": [
        2.273102470207861e-05,
        5.971710048333144e-05,
        5.7664023674822975e-05,
        4.22222996276472e-05,
        2.5379482079130808e-05,
        8.188890308052552e-06,
        4.088614029316875e-05,
        6.742127639948036e-05,
        5.9769630691848454e-05,
        5.802576813888113e-05,
        7.137916288254935e-05,
        5.4712047715837955e-05,
        3.3178877977882535e-05,
        7.966539228173642e-05,
        3.745044794375215e-05,
        7.452976390777443e-06,
        4.058413575259729e-05,
        6.425417523750975e-05,
        2.4818990970885448e-05,
        6.943335548455665e-05,
        7.595448251574696e-05,
        3.4494158784605295e-05,
        8.684177148576637e-07,
        6.122258280943677e-05,
        1.4211037987641112e-05,
        2.086992432943262e-05,
        1.2216061176144669e-05,
        4.784437809507284e-05,
        2.7360916482575414e-05,
        1.6848897098426983e-06,
        1.5239531629012305e-05,
        3.5757569337647966e-05
      ]
    },
    "num_results": 32
  },
  "denoising": {
    "metrics": {
      "mean": 3.9431262102435956e-05,
      "std": 2.2372170980765006e-05,
      "count": 32,
      "values": [
        2.2782711966350946e-05,
        5.902785487035052e-05,
        6.468485867936033e-05,
        4.219308159558494e-05,
        2.4860692154084077e-05,
        8.216393248024114e-06,
        4.10991337730926e-05,
        7.019741421693303e-05,
        6.014338202603507e-05,
        5.767772562551921e-05,
        7.077003579637991e-05,
        5.4439584124033524e-05,
        3.37788797041657e-05,
        7.889894510102819e-05,
        3.888046124651942e-05,
        7.835326822599564e-06,
        4.078669906680977e-05,
        6.206281501634444e-05,
        2.4491341878413782e-05,
        5.350062875379694e-05,
        7.743425458232547e-05,
        3.4730154757031044e-05,
        8.560095670178118e-07,
        5.526297955107571e-05,
        1.4233983662311866e-05,
        2.0799113120574053e-05,
        1.2835234971229643e-05,
        4.7556175638035396e-05,
        2.909385975377306e-05,
        1.727049389702647e-06,
        1.5409440326538118e-05,
        3.5534166292909715e-05
      ]
    },
    "num_results": 32
  },
  "target_metric_score": 3.977059842526699e-05,
  "timestamp": "2025-06-04T19:23:42.767362"
}