{
  "experiment_name": "candidate_q_net_0_neuron_34",
  "coalition_neurons": [
    "q_net.0_neuron_7",
    "q_net.0_neuron_4",
    "q_net.0_neuron_52",
    "q_net.0_neuron_16",
    "q_net.0_neuron_57",
    "q_net.0_neuron_20",
    "q_net.2_neuron_59",
    "q_net.2_neuron_62",
    "q_net.0_neuron_14",
    "q_net.2_neuron_15",
    "q_net.0_neuron_33",
    "q_net.0_neuron_29",
    "q_net.2_neuron_52",
    "q_net.2_neuron_48",
    "q_net.2_neuron_41",
    "q_net.0_neuron_59",
    "q_net.0_neuron_15",
    "q_net.0_neuron_58",
    "q_net.0_neuron_61",
    "q_net.2_neuron_55",
    "q_net.0_neuron_41",
    "q_net.0_neuron_55",
    "q_net.0_neuron_44",
    "q_net.2_neuron_45",
    "q_net.0_neuron_36",
    "q_net.2_neuron_1",
    "q_net.0_neuron_12",
    "q_net.0_neuron_34"
  ],
  "patch_config": {
    "q_net.0": [
      7,
      4,
      52,
      16,
      57,
      20,
      14,
      33,
      29,
      59,
      15,
      58,
      61,
      41,
      55,
      44,
      36,
      12,
      34
    ],
    "q_net.2": [
      59,
      62,
      15,
      52,
      48,
      41,
      55,
      45,
      1
    ]
  },
  "noising": {
    "metrics": {
      "mean": 4.2756633298483704e-05,
      "std": 2.5706553584668805e-05,
      "count": 32,
      "values": [
        2.1088021591541596e-05,
        5.8291977790725586e-05,
        5.689404260899125e-05,
        3.4183667469112554e-05,
        2.2954077708866303e-05,
        2.0820579326108306e-05,
        3.472237261690559e-05,
        4.366947491975877e-05,
        6.353775525592257e-05,
        7.604917984051343e-05,
        7.781157574079608e-05,
        3.572632336651773e-05,
        3.9018903845714864e-05,
        9.487535195070961e-05,
        3.444050923309219e-05,
        1.670780768734683e-05,
        3.2332380618716816e-05,
        3.732418855539139e-05,
        1.806535102714913e-05,
        9.328821927288475e-05,
        9.754484693308196e-05,
        3.1483678105946134e-05,
        1.1619365379206856e-06,
        6.09435494444893e-05,
        1.8578420052739442e-05,
        4.000059930558768e-05,
        2.830160600914098e-05,
        7.521770993713732e-05,
        4.4223614706733133e-05,
        2.6558471154750508e-06,
        1.1654717574863035e-05,
        4.464397940159826e-05
      ]
    },
    "num_results": 32
  },
  "denoising": {
    "metrics": {
      "mean": 4.219374953890423e-05,
      "std": 2.4757235710937595e-05,
      "count": 32,
      "values": [
        2.072739713022628e-05,
        5.766604732196194e-05,
        6.153936050545767e-05,
        3.4551925959332445e-05,
        2.1318060561241394e-05,
        2.0263344517393528e-05,
        3.49367072152208e-05,
        4.3669158738178396e-05,
        6.356709457130575e-05,
        7.532190097171411e-05,
        7.703910285670676e-05,
        3.3196229345481935e-05,
        3.878340071218964e-05,
        9.359231432595636e-05,
        3.513851599414066e-05,
        1.6630497975649223e-05,
        3.2693650285134314e-05,
        3.962416086163807e-05,
        1.8121110419771225e-05,
        8.067301263551167e-05,
        9.667684745224702e-05,
        3.170097568215029e-05,
        1.1340899285342573e-06,
        5.4164195780388204e-05,
        1.863709518623634e-05,
        3.8785946456970904e-05,
        3.210973231326927e-05,
        7.472286201695775e-05,
        4.4662467341539816e-05,
        2.6122430315179057e-06,
        1.1623523185723877e-05,
        4.43170139651875e-05
      ]
    },
    "num_results": 32
  },
  "target_metric_score": 4.2756633298483704e-05,
  "timestamp": "2025-06-04T19:24:02.929592"
}