{
  "experiment_name": "candidate_q_net_2_neuron_43",
  "coalition_neurons": [
    "q_net.0_neuron_7",
    "q_net.0_neuron_4",
    "q_net.0_neuron_52",
    "q_net.0_neuron_16",
    "q_net.0_neuron_57",
    "q_net.0_neuron_20",
    "q_net.2_neuron_59",
    "q_net.2_neuron_62",
    "q_net.0_neuron_14",
    "q_net.2_neuron_15",
    "q_net.0_neuron_33",
    "q_net.0_neuron_29",
    "q_net.2_neuron_52",
    "q_net.2_neuron_48",
    "q_net.2_neuron_41",
    "q_net.0_neuron_59",
    "q_net.0_neuron_15",
    "q_net.0_neuron_58",
    "q_net.0_neuron_61",
    "q_net.2_neuron_55",
    "q_net.0_neuron_41",
    "q_net.0_neuron_55",
    "q_net.0_neuron_44",
    "q_net.2_neuron_43"
  ],
  "patch_config": {
    "q_net.0": [
      7,
      4,
      52,
      16,
      57,
      20,
      14,
      33,
      29,
      59,
      15,
      58,
      61,
      41,
      55,
      44
    ],
    "q_net.2": [
      59,
      62,
      15,
      52,
      48,
      41,
      55,
      43
    ]
  },
  "noising": {
    "metrics": {
      "mean": 4.353183842066824e-05,
      "std": 2.5547871850968825e-05,
      "count": 32,
      "values": [
        2.350728675120685e-05,
        6.220415874660262e-05,
        6.182323033647864e-05,
        4.1857440290871866e-05,
        2.2761386461872318e-05,
        1.4229766701849946e-05,
        3.918756701506293e-05,
        6.215187586007748e-05,
        6.479308356805173e-05,
        7.605586700806506e-05,
        7.38762018717325e-05,
        4.695317877371173e-05,
        3.56656944240243e-05,
        9.231978212154019e-05,
        3.4748378143264667e-05,
        1.730588261446048e-05,
        3.937467381235813e-05,
        4.9708322541640185e-05,
        2.0260146916694385e-05,
        8.404779856026193e-05,
        9.377313882392177e-05,
        3.384200321296556e-05,
        8.099858455389773e-07,
        6.418682523729098e-05,
        1.1259221908310963e-05,
        3.655174738228042e-05,
        2.2583181493665647e-05,
        7.50325480295762e-05,
        3.415961130358704e-05,
        8.551016709593758e-07,
        1.2640259812863594e-05,
        4.44934822205951e-05
      ]
    },
    "num_results": 32
  },
  "denoising": {
    "metrics": {
      "mean": 4.305199013796011e-05,
      "std": 2.4814270017287663e-05,
      "count": 32,
      "values": [
        2.3579130561518545e-05,
        6.154289874832938e-05,
        6.881095338878208e-05,
        4.221800190986236e-05,
        2.2693983080509746e-05,
        1.3358432766161655e-05,
        3.950186527444232e-05,
        6.27545905014027e-05,
        6.506100156026694e-05,
        7.547561591068907e-05,
        7.319968911503362e-05,
        4.456262870039529e-05,
        3.551725268309677e-05,
        9.127763625602866e-05,
        3.484041195438994e-05,
        1.724702353577258e-05,
        3.969458423964999e-05,
        5.220727674260764e-05,
        2.0186284975747698e-05,
        6.757016664213242e-05,
        9.311736226565984e-05,
        3.4088429191729184e-05,
        7.85725179389669e-07,
        5.915803860190804e-05,
        1.1219155261750534e-05,
        3.5836121734090934e-05,
        2.379113653465316e-05,
        7.463521949464726e-05,
        3.637096871216927e-05,
        8.508493064624456e-07,
        1.2288859179546277e-05,
        4.422239040589751e-05
      ]
    },
    "num_results": 32
  },
  "target_metric_score": 4.353183842066824e-05,
  "timestamp": "2025-06-04T19:23:56.504868"
}