{
  "experiment_name": "candidate_q_net_0_neuron_8",
  "coalition_neurons": [
    "q_net.0_neuron_7",
    "q_net.0_neuron_4",
    "q_net.0_neuron_52",
    "q_net.0_neuron_16",
    "q_net.0_neuron_57",
    "q_net.0_neuron_20",
    "q_net.2_neuron_59",
    "q_net.2_neuron_62",
    "q_net.0_neuron_14",
    "q_net.2_neuron_15",
    "q_net.0_neuron_33",
    "q_net.0_neuron_29",
    "q_net.2_neuron_52",
    "q_net.2_neuron_48",
    "q_net.2_neuron_41",
    "q_net.0_neuron_59",
    "q_net.0_neuron_8"
  ],
  "patch_config": {
    "q_net.0": [
      7,
      4,
      52,
      16,
      57,
      20,
      14,
      33,
      29,
      59,
      8
    ],
    "q_net.2": [
      59,
      62,
      15,
      52,
      48,
      41
    ]
  },
  "noising": {
    "metrics": {
      "mean": 3.943005199167792e-05,
      "std": 2.2585390200618227e-05,
      "count": 32,
      "values": [
        2.190489581356753e-05,
        5.971710048333144e-05,
        5.933281485459444e-05,
        4.24362082550847e-05,
        2.5267656856704595e-05,
        8.158253276704377e-06,
        4.2594187995279465e-05,
        6.483648248344553e-05,
        6.364962684019741e-05,
        5.802576813888113e-05,
        7.263278511989292e-05,
        5.07398755057154e-05,
        3.308288984742066e-05,
        7.418850186863204e-05,
        3.915567653128653e-05,
        8.764566868107277e-06,
        3.933027346490021e-05,
        5.8055289474852074e-05,
        2.428998839614947e-05,
        6.768587593223847e-05,
        7.800473957056728e-05,
        3.8413366787467857e-05,
        8.779082126664212e-07,
        6.0754289108479556e-05,
        1.2430331878856334e-05,
        1.9551036324447603e-05,
        1.2067084813427486e-05,
        4.744183412485139e-05,
        2.6611171302368835e-05,
        1.4906194186311747e-06,
        1.3740098684098478e-05,
        3.653046550084534e-05
      ]
    },
    "num_results": 32
  },
  "denoising": {
    "metrics": {
      "mean": 3.91804627743607e-05,
      "std": 2.2372787332535497e-05,
      "count": 32,
      "values": [
        2.1872968731668596e-05,
        5.902785487035052e-05,
        6.658906313434512e-05,
        4.2607140856495366e-05,
        2.4741686974088725e-05,
        8.181083070234619e-06,
        4.2869378232649044e-05,
        6.615585664779657e-05,
        6.407280910020988e-05,
        5.767772562551921e-05,
        7.199980030121191e-05,
        4.9466437073587355e-05,
        3.36761948269195e-05,
        7.35045047610098e-05,
        3.871430006874342e-05,
        9.142885084981883e-06,
        3.958967415579025e-05,
        6.168991792471126e-05,
        2.3829599851726943e-05,
        5.2908554697247576e-05,
        8.000076681979418e-05,
        3.8681287209426534e-05,
        8.591449174593122e-07,
        5.4775974897613555e-05,
        1.2448267109705963e-05,
        1.9508778408464534e-05,
        1.2141636601296435e-05,
        4.716090213941382e-05,
        2.8246409553678515e-05,
        1.5438346261315895e-06,
        1.379180216099971e-05,
        3.62985683462708e-05
      ]
    },
    "num_results": 32
  },
  "target_metric_score": 3.943005199167792e-05,
  "timestamp": "2025-06-04T19:23:43.076280"
}