{
  "experiment_name": "candidate_q_net_0_neuron_46",
  "coalition_neurons": [
    "q_net.0_neuron_7",
    "q_net.0_neuron_4",
    "q_net.0_neuron_52",
    "q_net.0_neuron_16",
    "q_net.0_neuron_57",
    "q_net.0_neuron_20",
    "q_net.2_neuron_59",
    "q_net.2_neuron_62",
    "q_net.0_neuron_14",
    "q_net.2_neuron_15",
    "q_net.0_neuron_33",
    "q_net.0_neuron_29",
    "q_net.2_neuron_52",
    "q_net.2_neuron_48",
    "q_net.2_neuron_41",
    "q_net.0_neuron_59",
    "q_net.0_neuron_15",
    "q_net.0_neuron_58",
    "q_net.0_neuron_61",
    "q_net.2_neuron_55",
    "q_net.0_neuron_41",
    "q_net.0_neuron_55",
    "q_net.0_neuron_44",
    "q_net.2_neuron_45",
    "q_net.0_neuron_36",
    "q_net.2_neuron_1",
    "q_net.0_neuron_12",
    "q_net.0_neuron_18",
    "q_net.2_neuron_46",
    "q_net.0_neuron_46"
  ],
  "patch_config": {
    "q_net.0": [
      7,
      4,
      52,
      16,
      57,
      20,
      14,
      33,
      29,
      59,
      15,
      58,
      61,
      41,
      55,
      44,
      36,
      12,
      18,
      46
    ],
    "q_net.2": [
      59,
      62,
      15,
      52,
      48,
      41,
      55,
      45,
      1,
      46
    ]
  },
  "noising": {
    "metrics": {
      "mean": 4.507902581398046e-05,
      "std": 2.4552498338071033e-05,
      "count": 32,
      "values": [
        2.7030553380482433e-05,
        6.096602403875468e-05,
        6.326516476836471e-05,
        4.31223097752503e-05,
        2.8510332430294917e-05,
        1.7299055891018943e-05,
        4.143673172819025e-05,
        6.119343908497592e-05,
        6.675668005357428e-05,
        6.810230381012322e-05,
        7.315079045990512e-05,
        4.8125708376426735e-05,
        3.546254285798501e-05,
        9.276464759023047e-05,
        3.680477619632329e-05,
        1.573356730098167e-05,
        3.7545677594514834e-05,
        4.9646712082273116e-05,
        2.01832627074225e-05,
        9.035407441173476e-05,
        9.346298770346534e-05,
        3.893268370617529e-05,
        8.572428301140849e-07,
        6.575536412028993e-05,
        2.5482590833783114e-05,
        3.7755922870058144e-05,
        2.4696475742428574e-05,
        7.175032159136138e-05,
        4.817828098995641e-05,
        9.807075169871436e-07,
        1.4557971346493504e-05,
        4.2663922257434777e-05
      ]
    },
    "num_results": 32
  },
  "denoising": {
    "metrics": {
      "mean": 4.45028293549544e-05,
      "std": 2.3755123064643076e-05,
      "count": 32,
      "values": [
        2.68227733575139e-05,
        6.0239969367125e-05,
        7.02111660842563e-05,
        4.3552451307003574e-05,
        2.7066109631467602e-05,
        1.6935940255062e-05,
        4.178354959018737e-05,
        6.124424283155826e-05,
        6.696857519568192e-05,
        6.754326627637919e-05,
        7.244742904900315e-05,
        4.5200674645433933e-05,
        3.532530321016347e-05,
        9.152349157899749e-05,
        3.7879032480676454e-05,
        1.5494726565536913e-05,
        3.799731012906068e-05,
        5.218087937321051e-05,
        1.996751441868497e-05,
        7.694403351272358e-05,
        9.271207367380805e-05,
        3.922141735030626e-05,
        8.485110844220329e-07,
        5.9187287771371336e-05,
        2.5590668316807742e-05,
        3.702954877388273e-05,
        2.648558121937485e-05,
        7.13006425651396e-05,
        4.648691022803432e-05,
        1.005486042918635e-06,
        1.4486967473635381e-05,
        4.240700599911348e-05
      ]
    },
    "num_results": 32
  },
  "target_metric_score": 4.507902581398046e-05,
  "timestamp": "2025-06-04T19:24:11.790952"
}