{
  "experiment_name": "candidate_q_net_0_neuron_59",
  "coalition_neurons": [
    "q_net.0_neuron_7",
    "q_net.0_neuron_4",
    "q_net.0_neuron_52",
    "q_net.0_neuron_16",
    "q_net.0_neuron_57",
    "q_net.0_neuron_20",
    "q_net.2_neuron_59",
    "q_net.2_neuron_62",
    "q_net.0_neuron_14",
    "q_net.2_neuron_15",
    "q_net.0_neuron_59"
  ],
  "patch_config": {
    "q_net.0": [
      7,
      4,
      52,
      16,
      57,
      20,
      14,
      59
    ],
    "q_net.2": [
      59,
      62,
      15
    ]
  },
  "noising": {
    "metrics": {
      "mean": 3.324221842923216e-05,
      "std": 2.0373595211140784e-05,
      "count": 32,
      "values": [
        1.714289492262184e-05,
        5.32384607819207e-05,
        5.522771209850487e-05,
        3.611398045145738e-05,
        2.077496530305666e-05,
        1.757964667480137e-06,
        3.567814343039075e-05,
        4.039914631554626e-05,
        4.340637578429947e-05,
        5.7287615964120254e-05,
        5.6399738847190406e-05,
        3.799168312314488e-05,
        3.203401362602846e-05,
        6.799077689718025e-05,
        3.058783179140008e-05,
        6.331303162040818e-06,
        3.311134405395693e-05,
        3.813340775346281e-05,
        1.9781713538665185e-05,
        5.917312843072779e-05,
        7.550166102614144e-05,
        2.9564517021011118e-05,
        2.9848930427703053e-07,
        5.81902761142086e-05,
        1.3266066239955095e-05,
        1.3781093990499881e-05,
        5.360533334854839e-06,
        5.011959584414144e-05,
        2.743518363992935e-05,
        1.7579001129831623e-06,
        1.0988251217156043e-05,
        3.4925220947075084e-05
      ]
    },
    "num_results": 32
  },
  "denoising": {
    "metrics": {
      "mean": 3.2800929923640456e-05,
      "std": 1.987181212719197e-05,
      "count": 32,
      "values": [
        1.6885927978757868e-05,
        5.276366750957349e-05,
        6.006102072109848e-05,
        3.593752504569203e-05,
        2.015388801437305e-05,
        1.907349722058164e-06,
        3.591641711577073e-05,
        4.0229297183699006e-05,
        4.3661026383749746e-05,
        5.69861921379661e-05,
        5.612036823929908e-05,
        3.5019894526033823e-05,
        3.241082923189692e-05,
        6.754088769887973e-05,
        2.9586146891208355e-05,
        7.5096445482197274e-06,
        3.2803288535436514e-05,
        4.020675885305254e-05,
        2.058856389448849e-05,
        4.477927071374192e-05,
        7.694582798074438e-05,
        2.97669399812792e-05,
        3.2107036029816686e-07,
        5.203446255853494e-05,
        1.3249376735702104e-05,
        1.3837075786626916e-05,
        5.810473305214005e-06,
        4.9816098426712255e-05,
        2.929944345362787e-05,
        1.8358052688985718e-06,
        1.0918444300248996e-05,
        3.472677445361138e-05
      ]
    },
    "num_results": 32
  },
  "target_metric_score": 3.324221842923216e-05,
  "timestamp": "2025-06-04T19:23:31.712026"
}