{
  "experiment_name": "candidate_q_net_0_neuron_14",
  "coalition_neurons": [
    "q_net.0_neuron_7",
    "q_net.0_neuron_4",
    "q_net.0_neuron_52",
    "q_net.0_neuron_16",
    "q_net.0_neuron_57",
    "q_net.0_neuron_20",
    "q_net.2_neuron_59",
    "q_net.0_neuron_14"
  ],
  "patch_config": {
    "q_net.0": [
      7,
      4,
      52,
      16,
      57,
      20,
      14
    ],
    "q_net.2": [
      59
    ]
  },
  "noising": {
    "metrics": {
      "mean": 2.8157044774585486e-05,
      "std": 2.0640199232522823e-05,
      "count": 32,
      "values": [
        1.1130933919204595e-05,
        5.4676039219786086e-05,
        3.916204685757373e-05,
        2.337885512165112e-05,
        1.514132692513495e-05,
        5.825350862072786e-07,
        2.481470190143038e-05,
        3.108420724262336e-05,
        3.2972846711956986e-05,
        5.553316487508567e-05,
        4.712307104404656e-05,
        3.172228606487825e-05,
        3.1619805407237224e-05,
        6.048173457501012e-05,
        1.8863345205082007e-05,
        5.151099607195978e-06,
        2.5154875344562998e-05,
        3.296250172205484e-05,
        1.2207732063268051e-05,
        5.015123700424112e-05,
        7.476083099269268e-05,
        2.2923764944963597e-05,
        2.619137945835178e-06,
        6.0935577448633315e-05,
        1.059778922734146e-05,
        1.4670107356095632e-06,
        1.3996508577868464e-06,
        5.964332111683241e-05,
        1.886813628993421e-05,
        1.8763800294947645e-06,
        6.430778844829861e-06,
        3.558870845455037e-05
      ]
    },
    "num_results": 32
  },
  "denoising": {
    "metrics": {
      "mean": 2.773989088437612e-05,
      "std": 2.0101348869079824e-05,
      "count": 32,
      "values": [
        1.0820071363336174e-05,
        5.41730547327186e-05,
        4.4104993584798526e-05,
        2.325443866917987e-05,
        1.4700998675696046e-05,
        5.934932964655917e-07,
        2.486106055531981e-05,
        3.090717632011936e-05,
        3.308175999709945e-05,
        5.525886278607661e-05,
        4.697867817887876e-05,
        2.898561536645249e-05,
        3.201626416791644e-05,
        6.0281225645016914e-05,
        1.9228077696943104e-05,
        6.018616788799663e-06,
        2.4843744313265297e-05,
        3.477245850989257e-05,
        1.282444424589163e-05,
        3.711028805835725e-05,
        7.618760556608753e-05,
        2.3030997698328197e-05,
        2.606981347415268e-06,
        5.423909347029507e-05,
        1.0580549582246625e-05,
        1.7244975135633726e-06,
        1.6031541257329873e-06,
        5.9160280603723684e-05,
        2.004006813356089e-05,
        1.9571504291607136e-06,
        6.350714813003078e-06,
        3.5380092064694305e-05
      ]
    },
    "num_results": 32
  },
  "target_metric_score": 2.8157044774585486e-05,
  "timestamp": "2025-06-04T19:23:27.045063"
}