{
  "experiment_name": "candidate_q_net_2_neuron_35",
  "coalition_neurons": [
    "q_net.0_neuron_7",
    "q_net.0_neuron_4",
    "q_net.0_neuron_52",
    "q_net.0_neuron_16",
    "q_net.0_neuron_57",
    "q_net.0_neuron_20",
    "q_net.2_neuron_59",
    "q_net.2_neuron_62",
    "q_net.0_neuron_14",
    "q_net.2_neuron_15",
    "q_net.0_neuron_33",
    "q_net.0_neuron_29",
    "q_net.2_neuron_52",
    "q_net.2_neuron_35"
  ],
  "patch_config": {
    "q_net.0": [
      7,
      4,
      52,
      16,
      57,
      20,
      14,
      33,
      29
    ],
    "q_net.2": [
      59,
      62,
      15,
      52,
      35
    ]
  },
  "noising": {
    "metrics": {
      "mean": 3.561606785341547e-05,
      "std": 2.0885549096122745e-05,
      "count": 32,
      "values": [
        2.2353022139700793e-05,
        4.2282888476437644e-05,
        5.5068475517676364e-05,
        4.110648422940089e-05,
        2.6282568072015728e-05,
        7.395303159562659e-06,
        4.189276143983303e-05,
        5.9909369033639935e-05,
        5.6720758677981454e-05,
        6.056493923063211e-05,
        4.761960818331951e-05,
        4.7214740488625995e-05,
        3.368227351244717e-05,
        6.552005699735132e-05,
        3.566741580495261e-05,
        4.094537754682152e-06,
        3.833918261568676e-05,
        5.2077218298308666e-05,
        2.387608858280075e-05,
        5.0284813811105034e-05,
        8.144291099472381e-05,
        3.44661877966924e-05,
        2.754147536975256e-06,
        4.3932636190240786e-05,
        1.1557596692775415e-05,
        6.989128733814729e-06,
        8.267989084127813e-06,
        6.367401277270054e-05,
        2.6011485512693138e-05,
        1.0868252230891858e-06,
        1.3816008550741974e-05,
        3.376273619455953e-05
      ]
    },
    "num_results": 32
  },
  "denoising": {
    "metrics": {
      "mean": 3.549413214033097e-05,
      "std": 2.098138110126866e-05,
      "count": 32,
      "values": [
        2.232673582988013e-05,
        4.1980918346321786e-05,
        6.200532490933919e-05,
        4.092701686235988e-05,
        2.5561300479344648e-05,
        7.435956793172983e-06,
        4.202757706467928e-05,
        6.04138157334884e-05,
        5.790495841551406e-05,
        6.016626711558709e-05,
        4.730472573931887e-05,
        4.4796058950662e-05,
        3.4160834229678e-05,
        6.503728746175719e-05,
        3.657937291366123e-05,
        4.4368284110141805e-06,
        3.8578290205324665e-05,
        5.5286122986832834e-05,
        2.5161278481060693e-05,
        3.725357037635005e-05,
        8.290912966772709e-05,
        3.4665184109883176e-05,
        2.7307816381339878e-06,
        3.959397021615946e-05,
        1.1556163499513647e-05,
        7.358531273887574e-06,
        8.654707093332537e-06,
        6.308920046498739e-05,
        2.7242794125954036e-05,
        1.1434637948483644e-06,
        1.3957605446784113e-05,
        3.356645585403232e-05
      ]
    },
    "num_results": 32
  },
  "target_metric_score": 3.561606785341547e-05,
  "timestamp": "2025-06-04T19:23:38.170792"
}