{
  "experiment_name": "candidate_q_net_0_neuron_24",
  "coalition_neurons": [
    "q_net.0_neuron_7",
    "q_net.0_neuron_4",
    "q_net.0_neuron_52",
    "q_net.0_neuron_16",
    "q_net.0_neuron_57",
    "q_net.0_neuron_20",
    "q_net.2_neuron_59",
    "q_net.0_neuron_24"
  ],
  "patch_config": {
    "q_net.0": [
      7,
      4,
      52,
      16,
      57,
      20,
      24
    ],
    "q_net.2": [
      59
    ]
  },
  "noising": {
    "metrics": {
      "mean": 2.623567056997173e-05,
      "std": 1.972195629415047e-05,
      "count": 32,
      "values": [
        1.3792401525259323e-05,
        4.434531473172993e-05,
        3.60810289690395e-05,
        2.2689581137016546e-05,
        1.3018150016886557e-05,
        7.7300169958874e-07,
        2.56495763850497e-05,
        2.5550600053926304e-05,
        2.7133255537735e-05,
        5.6406099755541015e-05,
        4.1341875363734375e-05,
        2.5283406742787314e-05,
        3.240201087899534e-05,
        6.0106921267659365e-05,
        1.9114840009845516e-05,
        6.132143967742026e-06,
        2.2005280901595784e-05,
        2.392382778005557e-05,
        1.2459603810883275e-05,
        4.408230253541239e-05,
        7.590343167544105e-05,
        1.6254035937520264e-05,
        2.97116895142213e-06,
        5.152439128212709e-05,
        8.895654014518732e-06,
        1.0280977532685105e-06,
        3.737735342306545e-06,
        6.565222850172722e-05,
        1.8663651287120298e-05,
        2.5352209119961226e-06,
        8.218068428224941e-06,
        3.186655108293891e-05
      ]
    },
    "num_results": 32
  },
  "denoising": {
    "metrics": {
      "mean": 2.5756989192701975e-05,
      "std": 1.940732320941283e-05,
      "count": 32,
      "values": [
        1.3815952608709284e-05,
        4.3913186565577736e-05,
        4.061407260185336e-05,
        2.2719036050588117e-05,
        1.285142805955322e-05,
        7.739683055052503e-07,
        2.5721995372820876e-05,
        2.5006455396236506e-05,
        2.6848248859857307e-05,
        5.61231626061249e-05,
        4.108228202783122e-05,
        2.297301436689301e-05,
        3.295036329668374e-05,
        5.982351878576291e-05,
        1.8644335777403447e-05,
        6.712505438881151e-06,
        2.2149524488464765e-05,
        2.4665765153638903e-05,
        1.3120917552185201e-05,
        3.4781819007864394e-05,
        7.708906308383982e-05,
        1.6329941845807114e-05,
        2.9422885050719647e-06,
        4.382636366508086e-05,
        8.89160345692204e-06,
        9.54115285341662e-07,
        2.201967031124517e-06,
        6.510993601830804e-05,
        1.9767310977436038e-05,
        2.7007604684247885e-06,
        7.43314754934459e-06,
        3.168560395732647e-05
      ]
    },
    "num_results": 32
  },
  "target_metric_score": 2.623567056997173e-05,
  "timestamp": "2025-06-04T19:23:27.142445"
}