{
  "experiment_name": "candidate_q_net_0_neuron_59",
  "coalition_neurons": [
    "q_net.0_neuron_7",
    "q_net.0_neuron_4",
    "q_net.0_neuron_52",
    "q_net.0_neuron_16",
    "q_net.0_neuron_57",
    "q_net.0_neuron_20",
    "q_net.2_neuron_59",
    "q_net.2_neuron_62",
    "q_net.0_neuron_14",
    "q_net.2_neuron_15",
    "q_net.0_neuron_33",
    "q_net.0_neuron_29",
    "q_net.2_neuron_52",
    "q_net.2_neuron_48",
    "q_net.0_neuron_59"
  ],
  "patch_config": {
    "q_net.0": [
      7,
      4,
      52,
      16,
      57,
      20,
      14,
      33,
      29,
      59
    ],
    "q_net.2": [
      59,
      62,
      15,
      52,
      48
    ]
  },
  "noising": {
    "metrics": {
      "mean": 3.827907878020956e-05,
      "std": 2.198760022401757e-05,
      "count": 32,
      "values": [
        2.233465888870753e-05,
        5.87994750115853e-05,
        5.6671319413753476e-05,
        4.061558349523556e-05,
        2.4755620981818053e-05,
        8.032760081767647e-06,
        4.191203922432156e-05,
        6.356117931153389e-05,
        5.869927971301344e-05,
        5.7535962267907226e-05,
        6.911158410038694e-05,
        4.9556718584795045e-05,
        3.358877065927037e-05,
        7.280113159171894e-05,
        3.7773257199822914e-05,
        5.82840896056581e-06,
        3.833849095766554e-05,
        5.539922873697817e-05,
        2.378520978967946e-05,
        6.723858968807903e-05,
        7.474433721014177e-05,
        3.480208994736532e-05,
        8.980417709201821e-07,
        6.0364960942651006e-05,
        1.324147088201512e-05,
        1.7210803090275846e-05,
        1.1218217300492392e-05,
        4.8610481416597596e-05,
        2.7345908084714537e-05,
        1.326924054436871e-06,
        1.3910175171943852e-05,
        3.491784243654563e-05
      ]
    },
    "num_results": 32
  },
  "denoising": {
    "metrics": {
      "mean": 3.799401191727495e-05,
      "std": 2.1580662304433153e-05,
      "count": 32,
      "values": [
        2.2308068585711075e-05,
        5.812401921644235e-05,
        6.360499239171913e-05,
        4.0720309601691347e-05,
        2.4183461303011193e-05,
        8.076989471200594e-06,
        4.2142371854184384e-05,
        6.400156012371905e-05,
        5.908594530682778e-05,
        5.719296478676509e-05,
        6.85476685608863e-05,
        4.705542455788131e-05,
        3.4160834229678e-05,
        7.215179359929444e-05,
        3.728223956523974e-05,
        6.171047186700611e-06,
        3.856484717424725e-05,
        5.875573604007087e-05,
        2.508496254975147e-05,
        5.251344874983596e-05,
        7.621631027816762e-05,
        3.500968685256659e-05,
        8.622465591322888e-07,
        5.449248154531161e-05,
        1.3250742332722226e-05,
        1.7162839327540666e-05,
        1.1583530949524704e-05,
        4.831158563289601e-05,
        2.907526580686582e-05,
        1.3585015090268485e-06,
        1.4053717071959085e-05,
        3.470278863222686e-05
      ]
    },
    "num_results": 32
  },
  "target_metric_score": 3.827907878020956e-05,
  "timestamp": "2025-06-04T19:23:38.716315"
}