{
  "experiment_name": "candidate_q_net_2_neuron_33",
  "coalition_neurons": [
    "q_net.0_neuron_7",
    "q_net.0_neuron_4",
    "q_net.0_neuron_52",
    "q_net.0_neuron_16",
    "q_net.0_neuron_57",
    "q_net.0_neuron_20",
    "q_net.2_neuron_59",
    "q_net.2_neuron_62",
    "q_net.0_neuron_14",
    "q_net.2_neuron_15",
    "q_net.0_neuron_33",
    "q_net.0_neuron_29",
    "q_net.2_neuron_52",
    "q_net.2_neuron_48",
    "q_net.2_neuron_41",
    "q_net.2_neuron_33"
  ],
  "patch_config": {
    "q_net.0": [
      7,
      4,
      52,
      16,
      57,
      20,
      14,
      33,
      29
    ],
    "q_net.2": [
      59,
      62,
      15,
      52,
      48,
      41,
      33
    ]
  },
  "noising": {
    "metrics": {
      "mean": 3.7824727098960924e-05,
      "std": 2.218243793494686e-05,
      "count": 32,
      "values": [
        2.0486006263345535e-05,
        6.252512739682455e-05,
        5.893833563390752e-05,
        4.243249142632196e-05,
        2.8023821452880177e-05,
        6.680076283296422e-06,
        3.9359886378171694e-05,
        6.645894389843698e-05,
        6.070718099803352e-05,
        5.497954022069048e-05,
        6.252587097866128e-05,
        5.254406002314863e-05,
        3.102173652961651e-05,
        6.860030509160751e-05,
        3.542914506208302e-05,
        7.658733676822868e-06,
        4.026209118113632e-05,
        5.796566019588287e-05,
        2.2831897429543722e-05,
        6.300084631142688e-05,
        7.201603858324418e-05,
        3.57110079356258e-05,
        2.8665585109017075e-06,
        6.309330579198208e-05,
        1.251135727477746e-05,
        8.587705689942033e-06,
        9.063305450094164e-06,
        5.069538265848564e-05,
        2.5803659683769006e-05,
        1.6638102619905058e-06,
        1.2018319988783767e-05,
        3.3929058905314904e-05
      ]
    },
    "num_results": 32
  },
  "denoising": {
    "metrics": {
      "mean": 3.760570501128514e-05,
      "std": 2.1871455388389884e-05,
      "count": 32,
      "values": [
        2.0448057070037665e-05,
        6.17692783926215e-05,
        6.627930507372456e-05,
        4.232905419862608e-05,
        2.732504499787492e-05,
        6.746480340959898e-06,
        3.950998941417653e-05,
        6.701703770426977e-05,
        6.116543968342093e-05,
        5.468393836186188e-05,
        6.206156329900702e-05,
        5.0015255560650375e-05,
        3.1585773125468176e-05,
        6.805155704403307e-05,
        3.642378340873963e-05,
        8.079392843080279e-06,
        4.054476555180771e-05,
        6.138083605228056e-05,
        2.397853576437234e-05,
        4.907901006098562e-05,
        7.346194895485928e-05,
        3.59075872284814e-05,
        2.845669961673809e-06,
        5.683796581473983e-05,
        1.251358971382521e-05,
        9.02268295147285e-06,
        9.5365155234992e-06,
        5.0379438061262855e-05,
        2.6787260558629048e-05,
        1.7111920963690014e-06,
        1.2170954463345694e-05,
        3.373365708496791e-05
      ]
    },
    "num_results": 32
  },
  "target_metric_score": 3.7824727098960924e-05,
  "timestamp": "2025-06-04T19:23:41.898181"
}