{
  "experiment_name": "candidate_q_net_0_neuron_27",
  "coalition_neurons": [
    "q_net.0_neuron_7",
    "q_net.0_neuron_4",
    "q_net.0_neuron_52",
    "q_net.0_neuron_16",
    "q_net.0_neuron_57",
    "q_net.0_neuron_20",
    "q_net.2_neuron_59",
    "q_net.2_neuron_62",
    "q_net.0_neuron_14",
    "q_net.2_neuron_15",
    "q_net.0_neuron_33",
    "q_net.0_neuron_29",
    "q_net.2_neuron_52",
    "q_net.2_neuron_48",
    "q_net.2_neuron_41",
    "q_net.0_neuron_27"
  ],
  "patch_config": {
    "q_net.0": [
      7,
      4,
      52,
      16,
      57,
      20,
      14,
      33,
      29,
      27
    ],
    "q_net.2": [
      59,
      62,
      15,
      52,
      48,
      41
    ]
  },
  "noising": {
    "metrics": {
      "mean": 3.551128802221276e-05,
      "std": 2.0465325165290535e-05,
      "count": 32,
      "values": [
        1.9183392898212102e-05,
        4.846059659856228e-05,
        5.469019661205458e-05,
        3.906197890569886e-05,
        2.296468521767762e-05,
        9.299565672711736e-06,
        4.188549719747695e-05,
        6.474911873388992e-05,
        6.111490078875926e-05,
        5.532061992713142e-05,
        5.592603947499183e-05,
        5.093888930973126e-05,
        3.121090868280982e-05,
        6.406099892872704e-05,
        3.650719399172933e-05,
        5.158899446465747e-06,
        3.672523609684524e-05,
        5.29732618772304e-05,
        2.4038715610829697e-05,
        5.181691426837107e-05,
        7.241355693198611e-05,
        3.737912173011084e-05,
        9.993219769752687e-07,
        5.0291318546817555e-05,
        1.0057277007116412e-05,
        1.1416186121751461e-05,
        1.2304167548949632e-05,
        4.962034040807055e-05,
        2.7765983760526724e-05,
        1.018886550989233e-06,
        1.0878830856381335e-05,
        2.6128615031227164e-05
      ]
    },
    "num_results": 32
  },
  "denoising": {
    "metrics": {
      "mean": 3.538525517175082e-05,
      "std": 2.049740636660468e-05,
      "count": 32,
      "values": [
        1.8808065456973216e-05,
        4.7951194535987215e-05,
        5.979770452041282e-05,
        3.906987447636727e-05,
        2.268143105812505e-05,
        9.29782464681938e-06,
        4.2098675515963874e-05,
        6.496809317053259e-05,
        6.156141247522532e-05,
        5.5006086242626344e-05,
        5.549317638742419e-05,
        4.8339664868587377e-05,
        3.1870627553805936e-05,
        6.356665698140475e-05,
        3.7161629042684334e-05,
        5.526151047440561e-06,
        3.691036737012133e-05,
        5.7030243002177856e-05,
        2.5509662329755876e-05,
        4.1573219017543566e-05,
        7.395456809191031e-05,
        3.758655727627584e-05,
        9.92433780140151e-07,
        4.628133367134404e-05,
        1.0075689123254677e-05,
        1.0364985792041541e-05,
        1.2149133136029255e-05,
        4.92840629172578e-05,
        2.9391574395268467e-05,
        1.1850443627890598e-06,
        1.0835370808967123e-05,
        2.6005652440769223e-05
      ]
    },
    "num_results": 32
  },
  "target_metric_score": 3.551128802221276e-05,
  "timestamp": "2025-06-04T19:23:40.631246"
}