{
  "experiment_name": "candidate_q_net_0_neuron_9",
  "coalition_neurons": [
    "q_net.0_neuron_7",
    "q_net.0_neuron_4",
    "q_net.0_neuron_52",
    "q_net.0_neuron_16",
    "q_net.0_neuron_57",
    "q_net.0_neuron_20",
    "q_net.2_neuron_59",
    "q_net.2_neuron_62",
    "q_net.0_neuron_14",
    "q_net.2_neuron_15",
    "q_net.0_neuron_33",
    "q_net.0_neuron_29",
    "q_net.2_neuron_52",
    "q_net.2_neuron_48",
    "q_net.2_neuron_41",
    "q_net.0_neuron_59",
    "q_net.0_neuron_15",
    "q_net.0_neuron_58",
    "q_net.0_neuron_61",
    "q_net.2_neuron_55",
    "q_net.0_neuron_41",
    "q_net.0_neuron_55",
    "q_net.0_neuron_44",
    "q_net.2_neuron_45",
    "q_net.0_neuron_36",
    "q_net.2_neuron_1",
    "q_net.0_neuron_12",
    "q_net.0_neuron_18",
    "q_net.2_neuron_46",
    "q_net.0_neuron_9"
  ],
  "patch_config": {
    "q_net.0": [
      7,
      4,
      52,
      16,
      57,
      20,
      14,
      33,
      29,
      59,
      15,
      58,
      61,
      41,
      55,
      44,
      36,
      12,
      18,
      9
    ],
    "q_net.2": [
      59,
      62,
      15,
      52,
      48,
      41,
      55,
      45,
      1,
      46
    ]
  },
  "noising": {
    "metrics": {
      "mean": 4.4935285138187166e-05,
      "std": 2.5125257705556497e-05,
      "count": 32,
      "values": [
        2.4677777642360534e-05,
        6.595306576190438e-05,
        5.741067545507553e-05,
        3.9846456561255325e-05,
        2.8074432988973996e-05,
        2.056981131516155e-05,
        3.440432832234337e-05,
        5.7583020152246294e-05,
        6.376337283943168e-05,
        7.183695331936278e-05,
        8.287362284548799e-05,
        4.500441175481662e-05,
        3.778346352273341e-05,
        9.128774177517428e-05,
        3.53556770961323e-05,
        1.7105938806233714e-05,
        3.614646936570681e-05,
        4.740955316781829e-05,
        1.851611096960942e-05,
        9.227731486692104e-05,
        9.463950125472725e-05,
        4.111153236791641e-05,
        9.987327921241198e-07,
        7.282334355207792e-05,
        2.4003907594741854e-05,
        3.7367561488666715e-05,
        2.6965019440471907e-05,
        6.769098945934272e-05,
        4.534339307871529e-05,
        1.3950952832484775e-06,
        1.3527457396498384e-05,
        4.4182392184708894e-05
      ]
    },
    "num_results": 32
  },
  "denoising": {
    "metrics": {
      "mean": 4.452312873523193e-05,
      "std": 2.4094147069787992e-05,
      "count": 32,
      "values": [
        2.5006070209901285e-05,
        6.489774072606394e-05,
        6.553482996414254e-05,
        4.0631368376519357e-05,
        2.6127843618509172e-05,
        2.026205553738009e-05,
        3.459537627998618e-05,
        6.0504984466868664e-05,
        6.392707561874911e-05,
        7.103787540929454e-05,
        8.19833302308625e-05,
        4.4361765462380145e-05,
        3.756217879351606e-05,
        9.001159566341494e-05,
        3.6934914648742605e-05,
        1.6876245334724086e-05,
        3.659635478303901e-05,
        4.8640301528544505e-05,
        1.915589368992125e-05,
        7.860981757843078e-05,
        9.372515387520681e-05,
        4.1333872103324404e-05,
        9.939263474092303e-07,
        6.527819583113635e-05,
        2.3663401850582805e-05,
        3.714115167386257e-05,
        3.09772381573703e-05,
        6.65475466619242e-05,
        4.302238980272426e-05,
        1.384161979078478e-06,
        1.3584861389494968e-05,
        4.383060193431643e-05
      ]
    },
    "num_results": 32
  },
  "target_metric_score": 4.4935285138187166e-05,
  "timestamp": "2025-06-04T19:24:07.465147"
}