{
  "experiment_name": "candidate_q_net_0_neuron_1",
  "coalition_neurons": [
    "q_net.0_neuron_7",
    "q_net.0_neuron_4",
    "q_net.0_neuron_52",
    "q_net.0_neuron_16",
    "q_net.0_neuron_57",
    "q_net.0_neuron_20",
    "q_net.2_neuron_59",
    "q_net.2_neuron_62",
    "q_net.0_neuron_14",
    "q_net.2_neuron_15",
    "q_net.0_neuron_33",
    "q_net.0_neuron_29",
    "q_net.2_neuron_52",
    "q_net.2_neuron_48",
    "q_net.2_neuron_41",
    "q_net.0_neuron_59",
    "q_net.0_neuron_15",
    "q_net.0_neuron_58",
    "q_net.0_neuron_61",
    "q_net.2_neuron_55",
    "q_net.0_neuron_41",
    "q_net.0_neuron_55",
    "q_net.0_neuron_1"
  ],
  "patch_config": {
    "q_net.0": [
      7,
      4,
      52,
      16,
      57,
      20,
      14,
      33,
      29,
      59,
      15,
      58,
      61,
      41,
      55,
      1
    ],
    "q_net.2": [
      59,
      62,
      15,
      52,
      48,
      41,
      55
    ]
  },
  "noising": {
    "metrics": {
      "mean": 4.0704392026124814e-05,
      "std": 2.1367869897051816e-05,
      "count": 32,
      "values": [
        2.4646269142045043e-05,
        4.815025191609297e-05,
        6.536591489878559e-05,
        4.508603427230294e-05,
        2.553157092240253e-05,
        1.2089425886925836e-05,
        4.1688658756320555e-05,
        6.665781930045205e-05,
        6.953093359772836e-05,
        5.998692690386068e-05,
        5.358771451219248e-05,
        5.3220596347142114e-05,
        3.373728862346469e-05,
        8.160767356443144e-05,
        3.913661398216616e-05,
        1.6728784171452958e-05,
        4.2873484045099055e-05,
        5.2228545674640756e-05,
        2.3352954303002427e-05,
        6.984951094792804e-05,
        7.6531078256121e-05,
        3.726770374841502e-05,
        7.552565277703686e-07,
        5.021835826493745e-05,
        1.4680945981450605e-05,
        3.509491957993417e-05,
        1.988436002690365e-05,
        5.809130047848684e-05,
        3.9333011641377e-05,
        8.771118201276865e-07,
        1.3778079894671448e-05,
        3.0971446847362035e-05
      ]
    },
    "num_results": 32
  },
  "denoising": {
    "metrics": {
      "mean": 4.033507997191538e-05,
      "std": 2.11322703518524e-05,
      "count": 32,
      "values": [
        2.479918571532695e-05,
        4.7628968851132106e-05,
        7.271291462539729e-05,
        4.55224367798794e-05,
        2.4911589242884702e-05,
        1.1926429688276273e-05,
        4.2045373938868254e-05,
        6.753761779107166e-05,
        6.985831317541345e-05,
        5.9572128462067405e-05,
        5.317262047722633e-05,
        5.0912726724503454e-05,
        3.374272603079605e-05,
        8.075349918372793e-05,
        3.848353860991683e-05,
        1.6692341012112546e-05,
        4.321469334005244e-05,
        5.376840332977934e-05,
        2.483072499424952e-05,
        5.749188858274004e-05,
        7.605478127871944e-05,
        3.753499662939027e-05,
        7.55496500133828e-07,
        4.3829220378218715e-05,
        1.4704729507148198e-05,
        3.353265230098229e-05,
        1.9965581622316325e-05,
        5.781777510912244e-05,
        4.1685149342859766e-05,
        8.550740803884888e-07,
        1.3626934007297551e-05,
        3.0782047789292845e-05
      ]
    },
    "num_results": 32
  },
  "target_metric_score": 4.0704392026124814e-05,
  "timestamp": "2025-06-04T19:23:53.062657"
}