{
  "experiment_name": "candidate_q_net_0_neuron_47",
  "coalition_neurons": [
    "q_net.0_neuron_7",
    "q_net.0_neuron_4",
    "q_net.0_neuron_52",
    "q_net.0_neuron_16",
    "q_net.0_neuron_57",
    "q_net.0_neuron_20",
    "q_net.2_neuron_59",
    "q_net.2_neuron_62",
    "q_net.0_neuron_14",
    "q_net.2_neuron_15",
    "q_net.0_neuron_33",
    "q_net.0_neuron_29",
    "q_net.2_neuron_52",
    "q_net.2_neuron_48",
    "q_net.2_neuron_41",
    "q_net.0_neuron_59",
    "q_net.0_neuron_15",
    "q_net.0_neuron_58",
    "q_net.0_neuron_61",
    "q_net.0_neuron_47"
  ],
  "patch_config": {
    "q_net.0": [
      7,
      4,
      52,
      16,
      57,
      20,
      14,
      33,
      29,
      59,
      15,
      58,
      61,
      47
    ],
    "q_net.2": [
      59,
      62,
      15,
      52,
      48,
      41
    ]
  },
  "noising": {
    "metrics": {
      "mean": 3.726331384983726e-05,
      "std": 1.9731654192706233e-05,
      "count": 32,
      "values": [
        2.508535954564e-05,
        3.739463524549214e-05,
        6.05044489730191e-05,
        4.2559851032401624e-05,
        2.5694278909306175e-05,
        8.808880220630665e-06,
        4.116381470515109e-05,
        7.100886354827174e-05,
        6.101111996141041e-05,
        5.171010126359636e-05,
        5.4139498133427225e-05,
        5.633336326957435e-05,
        2.9317895154616776e-05,
        6.251006377477913e-05,
        3.6101058350929366e-05,
        7.478789456687521e-06,
        4.402362780553089e-05,
        5.3896664976114646e-05,
        2.0435069385247727e-05,
        5.98794148195715e-05,
        7.004088673507022e-05,
        4.370898151449877e-05,
        6.980731944646892e-07,
        4.2510770882228383e-05,
        1.4147349227839408e-05,
        2.911599648670318e-05,
        1.3866135523715913e-05,
        4.764758495406614e-05,
        3.312391832750489e-05,
        2.5782891205074166e-06,
        1.424352173272597e-05,
        3.168773696406884e-05
      ]
    },
    "num_results": 32
  },
  "denoising": {
    "metrics": {
      "mean": 3.72535601722911e-05,
      "std": 1.9799631822921827e-05,
      "count": 32,
      "values": [
        2.519020359928448e-05,
        3.698741560355319e-05,
        6.68952595909145e-05,
        4.2948931484909506e-05,
        2.5309416925255873e-05,
        8.900338205363074e-06,
        4.1455982143725426e-05,
        7.187078953654977e-05,
        6.14316278959745e-05,
        5.141102534535799e-05,
        5.3654815287749406e-05,
        5.391696801785315e-05,
        2.9522859986359475e-05,
        6.197037438552318e-05,
        3.728831840304906e-05,
        7.844866649855194e-06,
        4.433100781217115e-05,
        5.72757892017097e-05,
        2.127201067972438e-05,
        5.172703427911579e-05,
        7.043604882292024e-05,
        4.391319432051904e-05,
        6.979373091745272e-07,
        3.957295930120247e-05,
        1.4087421948533597e-05,
        2.8086060668041637e-05,
        1.3804357556322948e-05,
        4.7363123881875705e-05,
        3.497391981834041e-05,
        2.7355231761516186e-06,
        1.3744118385236343e-05,
        3.1494225290997846e-05
      ]
    },
    "num_results": 32
  },
  "target_metric_score": 3.726331384983726e-05,
  "timestamp": "2025-06-04T19:23:47.277429"
}