{
  "experiment_name": "candidate_q_net_0_neuron_55",
  "coalition_neurons": [
    "q_net.0_neuron_7",
    "q_net.0_neuron_4",
    "q_net.0_neuron_52",
    "q_net.0_neuron_16",
    "q_net.0_neuron_57",
    "q_net.0_neuron_20",
    "q_net.2_neuron_59",
    "q_net.2_neuron_62",
    "q_net.0_neuron_14",
    "q_net.2_neuron_15",
    "q_net.0_neuron_33",
    "q_net.0_neuron_29",
    "q_net.2_neuron_52",
    "q_net.2_neuron_48",
    "q_net.2_neuron_41",
    "q_net.0_neuron_59",
    "q_net.0_neuron_15",
    "q_net.0_neuron_55"
  ],
  "patch_config": {
    "q_net.0": [
      7,
      4,
      52,
      16,
      57,
      20,
      14,
      33,
      29,
      59,
      15,
      55
    ],
    "q_net.2": [
      59,
      62,
      15,
      52,
      48,
      41
    ]
  },
  "noising": {
    "metrics": {
      "mean": 4.062536340910482e-05,
      "std": 2.29387813848229e-05,
      "count": 32,
      "values": [
        2.270704459972914e-05,
        5.971710048333144e-05,
        5.933281485459444e-05,
        4.24362082550847e-05,
        2.5267656856704595e-05,
        6.7708422359162275e-06,
        4.2607539932625364e-05,
        6.516790486412577e-05,
        6.40644160435236e-05,
        6.623782511068759e-05,
        7.137916288254935e-05,
        5.110427844051148e-05,
        3.3343840405548574e-05,
        7.659557893730738e-05,
        3.9441778769049116e-05,
        1.6693072382728416e-05,
        3.933027346490021e-05,
        5.753405634120138e-05,
        2.5208017856047024e-05,
        6.803013532385462e-05,
        8.242684842904309e-05,
        3.6640518458017405e-05,
        8.684177148576637e-07,
        6.122258280943677e-05,
        1.3123661462555928e-05,
        2.086992432943262e-05,
        1.225070888157139e-05,
        5.564643996365504e-05,
        2.7420499390760737e-05,
        1.4906194186311747e-06,
        1.41460764932741e-05,
        4.0935783700097846e-05
      ]
    },
    "num_results": 32
  },
  "denoising": {
    "metrics": {
      "mean": 4.026470119283308e-05,
      "std": 2.2492111571900113e-05,
      "count": 32,
      "values": [
        2.2681157805203456e-05,
        5.902785487035052e-05,
        6.658906313434512e-05,
        4.2607140856495366e-05,
        2.4741686974088725e-05,
        6.90407935608785e-06,
        4.2884289869021775e-05,
        6.569696691006727e-05,
        6.449153118512666e-05,
        6.585371639210573e-05,
        7.077003579637991e-05,
        4.858129861959803e-05,
        3.3436054850864285e-05,
        7.588548177138132e-05,
        3.8971063604122786e-05,
        1.6640427415118438e-05,
        3.958967415579025e-05,
        6.092995031083126e-05,
        2.6479791336188785e-05,
        5.3183567276806254e-05,
        8.187938910274686e-05,
        3.688412557603432e-05,
        8.560095670178118e-07,
        5.526297955107571e-05,
        1.3132533126852786e-05,
        2.0799113120574053e-05,
        1.2678998571891099e-05,
        5.532506774073116e-05,
        2.9157514166929226e-05,
        1.5438346261315895e-06,
        1.4316237651227097e-05,
        4.068980287947298e-05
      ]
    },
    "num_results": 32
  },
  "target_metric_score": 4.062536340910482e-05,
  "timestamp": "2025-06-04T19:23:45.033459"
}