{
  "experiment_name": "candidate_q_net_2_neuron_34",
  "coalition_neurons": [
    "q_net.0_neuron_7",
    "q_net.0_neuron_4",
    "q_net.0_neuron_52",
    "q_net.0_neuron_16",
    "q_net.0_neuron_57",
    "q_net.0_neuron_20",
    "q_net.2_neuron_34"
  ],
  "patch_config": {
    "q_net.0": [
      7,
      4,
      52,
      16,
      57,
      20
    ],
    "q_net.2": [
      34
    ]
  },
  "noising": {
    "metrics": {
      "mean": 2.3689480687903194e-05,
      "std": 1.9909462937227732e-05,
      "count": 32,
      "values": [
        9.327553891721064e-06,
        5.0235937580086305e-05,
        2.9710044907311443e-05,
        1.620973489808628e-05,
        1.2821988368826986e-05,
        5.224785230900894e-07,
        2.1748052027562416e-05,
        1.7633664570064966e-05,
        1.9101416261894195e-05,
        5.420700148769844e-05,
        4.45902810086397e-05,
        1.5365345323919456e-05,
        2.762873809728346e-05,
        5.7632638223742796e-05,
        2.038615660466571e-05,
        4.733953077184919e-06,
        1.9574146960862817e-05,
        1.248552402110907e-05,
        1.1194334961803698e-05,
        4.574084828568481e-05,
        7.18976414092093e-05,
        9.674483657431368e-06,
        2.125547673722248e-06,
        5.645836123544402e-05,
        1.0354497775057247e-05,
        8.8385631576239e-08,
        2.1772198375429345e-06,
        5.493360768326987e-05,
        1.860668862024048e-05,
        1.589673526660037e-06,
        5.079073635807152e-06,
        3.42283622457027e-05
      ]
    },
    "num_results": 32
  },
  "denoising": {
    "metrics": {
      "mean": 2.3080952899476305e-05,
      "std": 1.942859097191418e-05,
      "count": 32,
      "values": [
        8.805717238238278e-06,
        4.990114083912203e-05,
        3.262585848452012e-05,
        1.6352820306618065e-05,
        1.2530613674178277e-05,
        5.266859622458624e-07,
        2.1770721006511822e-05,
        1.7086357784145334e-05,
        1.8828004153237246e-05,
        5.398386238318067e-05,
        4.433684139937711e-05,
        1.357370576272757e-05,
        2.7833290231722935e-05,
        5.737648109684724e-05,
        1.9781531025370776e-05,
        5.287518221197595e-06,
        1.9137070573162348e-05,
        1.2881384835461418e-05,
        1.0773943532582956e-05,
        3.34803592329083e-05,
        7.331828563257603e-05,
        9.677915374059357e-06,
        2.144048448664092e-06,
        4.9955867067500445e-05,
        1.0361461509034837e-05,
        8.562553373029302e-08,
        1.5953207198138937e-06,
        5.457550482579083e-05,
        1.9561847706581334e-05,
        1.5934748668033736e-06,
        4.723740717753398e-06,
        3.412349263757792e-05
      ]
    },
    "num_results": 32
  },
  "target_metric_score": 2.3689480687903194e-05,
  "timestamp": "2025-06-04T19:23:25.250109"
}