{
  "experiment_name": "candidate_q_net_0_neuron_17",
  "coalition_neurons": [
    "q_net.0_neuron_7",
    "q_net.0_neuron_4",
    "q_net.0_neuron_52",
    "q_net.0_neuron_16",
    "q_net.0_neuron_57",
    "q_net.0_neuron_20",
    "q_net.2_neuron_59",
    "q_net.2_neuron_62",
    "q_net.0_neuron_14",
    "q_net.2_neuron_15",
    "q_net.0_neuron_33",
    "q_net.0_neuron_29",
    "q_net.2_neuron_52",
    "q_net.2_neuron_48",
    "q_net.2_neuron_41",
    "q_net.0_neuron_59",
    "q_net.0_neuron_15",
    "q_net.0_neuron_58",
    "q_net.0_neuron_61",
    "q_net.2_neuron_55",
    "q_net.0_neuron_41",
    "q_net.0_neuron_55",
    "q_net.0_neuron_44",
    "q_net.0_neuron_17"
  ],
  "patch_config": {
    "q_net.0": [
      7,
      4,
      52,
      16,
      57,
      20,
      14,
      33,
      29,
      59,
      15,
      58,
      61,
      41,
      55,
      44,
      17
    ],
    "q_net.2": [
      59,
      62,
      15,
      52,
      48,
      41,
      55
    ]
  },
  "noising": {
    "metrics": {
      "mean": 4.361791819363445e-05,
      "std": 2.516854554377724e-05,
      "count": 32,
      "values": [
        2.448308801728937e-05,
        6.294436623557388e-05,
        6.0291730158706144e-05,
        4.216012270368485e-05,
        2.36563894687404e-05,
        1.0761302444691118e-05,
        4.0608054047466726e-05,
        6.000672460053434e-05,
        6.69628384495594e-05,
        7.284823024235494e-05,
        7.583644548145372e-05,
        4.6699964069254205e-05,
        3.590202114923339e-05,
        9.210635089651023e-05,
        3.636520800202436e-05,
        1.6695507401647122e-05,
        3.9679957670514e-05,
        4.5599789520289974e-05,
        2.0604856081411294e-05,
        8.508987029951084e-05,
        9.12227277847711e-05,
        3.6301989895235745e-05,
        8.435548783592757e-07,
        6.454287787660811e-05,
        1.2719021725044193e-05,
        4.3532530601267556e-05,
        2.240984249628382e-05,
        7.145068253183815e-05,
        3.54055254543162e-05,
        7.872450646133279e-07,
        1.3242832476018573e-05,
        4.401173447149604e-05
      ]
    },
    "num_results": 32
  },
  "denoising": {
    "metrics": {
      "mean": 4.3140299915910504e-05,
      "std": 2.4355277082508986e-05,
      "count": 32,
      "values": [
        2.456747021144733e-05,
        6.226935078630148e-05,
        6.703357586830886e-05,
        4.2530177469069104e-05,
        2.3590869761405025e-05,
        1.0154332663580342e-05,
        4.0939906754446304e-05,
        6.011769432350163e-05,
        6.730710019116424e-05,
        7.229987686738183e-05,
        7.516629342357146e-05,
        4.4115749233355215e-05,
        3.575063893633556e-05,
        9.106591780290943e-05,
        3.6490041210610036e-05,
        1.66338515890888e-05,
        4.000313289100597e-05,
        4.843567376957257e-05,
        2.0534506917386543e-05,
        6.851859089736082e-05,
        9.059958390804054e-05,
        3.657145067374463e-05,
        8.2829524407665e-07,
        5.9525281942454785e-05,
        1.267689505910787e-05,
        4.305598623509767e-05,
        2.3505312063163558e-05,
        7.107697224006146e-05,
        3.763286383530646e-05,
        7.685557241431389e-07,
        1.297878512255876e-05,
        4.37448636935781e-05
      ]
    },
    "num_results": 32
  },
  "target_metric_score": 4.361791819363445e-05,
  "timestamp": "2025-06-04T19:23:56.289595"
}