{
  "experiment_name": "candidate_q_net_2_neuron_34",
  "coalition_neurons": [
    "q_net.0_neuron_7",
    "q_net.2_neuron_34"
  ],
  "patch_config": {
    "q_net.0": [
      7
    ],
    "q_net.2": [
      34
    ]
  },
  "noising": {
    "metrics": {
      "mean": 7.840241555307735e-06,
      "std": 1.1245105323425262e-05,
      "count": 32,
      "values": [
        3.537059180000815e-07,
        2.391974900238839e-05,
        8.517701957790709e-07,
        4.89612316869302e-07,
        8.031761409490069e-07,
        3.1984935463073036e-07,
        5.565679352284949e-07,
        9.402683750753108e-07,
        0.0,
        3.368891777054731e-05,
        2.2311689659450544e-05,
        7.851532933548437e-07,
        1.2036815693618544e-05,
        1.8092803339172462e-05,
        1.8820304736052811e-06,
        4.2257611333518285e-07,
        2.1519123257702556e-06,
        3.1351473652856945e-07,
        1.438917695010866e-07,
        1.9307247809211177e-05,
        3.070939868874182e-05,
        0.0,
        9.252311535567809e-07,
        2.4330215890836166e-05,
        3.9306942960728075e-07,
        1.8496734805285365e-08,
        1.0595721592668284e-06,
        2.8918025524902243e-05,
        7.556562462012221e-07,
        1.3658632212031746e-07,
        2.409694106631096e-07,
        2.4029255986130794e-05
      ]
    },
    "num_results": 32
  },
  "denoising": {
    "metrics": {
      "mean": 7.619980849038271e-06,
      "std": 1.1058632468868937e-05,
      "count": 32,
      "values": [
        3.539234115944236e-07,
        2.3828173959258717e-05,
        8.518326876484975e-07,
        4.899105217363246e-07,
        8.045019844862334e-07,
        2.98503580796369e-07,
        5.570818782371157e-07,
        9.3951970821563e-07,
        0.0,
        3.3647918914874245e-05,
        2.238704569431098e-05,
        7.846052448383357e-07,
        1.2081322085855757e-05,
        1.7971385802885388e-05,
        1.8839758283970866e-06,
        4.224733227212174e-07,
        2.154044309285658e-06,
        3.1323557331538e-07,
        1.43948830463094e-07,
        1.3337042715043509e-05,
        3.073363044985922e-05,
        0.0,
        9.265832449212156e-07,
        2.3583191954249568e-05,
        3.9294909671573467e-07,
        1.8468407130952324e-08,
        9.609164097468248e-07,
        2.8874411389214058e-05,
        7.562163732400488e-07,
        1.3632684226068078e-07,
        2.411369851832606e-07,
        2.3965109962739142e-05
      ]
    },
    "num_results": 32
  },
  "target_metric_score": 7.840241555307735e-06,
  "timestamp": "2025-06-04T19:23:16.481846"
}