{
  "experiment_name": "candidate_q_net_0_neuron_1",
  "coalition_neurons": [
    "q_net.0_neuron_7",
    "q_net.0_neuron_4",
    "q_net.0_neuron_52",
    "q_net.0_neuron_16",
    "q_net.0_neuron_57",
    "q_net.0_neuron_20",
    "q_net.2_neuron_59",
    "q_net.2_neuron_62",
    "q_net.0_neuron_14",
    "q_net.2_neuron_15",
    "q_net.0_neuron_33",
    "q_net.0_neuron_29",
    "q_net.2_neuron_52",
    "q_net.2_neuron_48",
    "q_net.2_neuron_41",
    "q_net.0_neuron_59",
    "q_net.0_neuron_15",
    "q_net.0_neuron_58",
    "q_net.0_neuron_61",
    "q_net.2_neuron_55",
    "q_net.0_neuron_41",
    "q_net.0_neuron_55",
    "q_net.0_neuron_44",
    "q_net.2_neuron_45",
    "q_net.0_neuron_36",
    "q_net.2_neuron_1",
    "q_net.0_neuron_12",
    "q_net.0_neuron_1"
  ],
  "patch_config": {
    "q_net.0": [
      7,
      4,
      52,
      16,
      57,
      20,
      14,
      33,
      29,
      59,
      15,
      58,
      61,
      41,
      55,
      44,
      36,
      12,
      1
    ],
    "q_net.2": [
      59,
      62,
      15,
      52,
      48,
      41,
      55,
      45,
      1
    ]
  },
  "noising": {
    "metrics": {
      "mean": 4.373889435082333e-05,
      "std": 2.3018992826787975e-05,
      "count": 32,
      "values": [
        2.6010015111617066e-05,
        5.616497029433949e-05,
        6.445029673757664e-05,
        4.395041653368077e-05,
        2.9139896522609047e-05,
        1.8941410935959706e-05,
        4.12089266268764e-05,
        6.158636071567692e-05,
        6.935042053834604e-05,
        6.829696987223677e-05,
        5.908507089534489e-05,
        4.7828938597327224e-05,
        3.6504435492764586e-05,
        9.332510301844035e-05,
        3.7385012994957183e-05,
        1.6310994236990654e-05,
        3.83750486459757e-05,
        4.876952158851624e-05,
        2.1617755571958224e-05,
        8.21937182007464e-05,
        8.745830280314018e-05,
        3.7614077268439174e-05,
        1.4132580231235054e-06,
        5.8167902471070124e-05,
        2.652949057544785e-05,
        3.673705389557573e-05,
        2.5388081941564748e-05,
        6.827544202544058e-05,
        4.925184429881266e-05,
        1.7146344524149662e-06,
        1.3212644014040313e-05,
        3.3386604325336404e-05
      ]
    },
    "num_results": 32
  },
  "denoising": {
    "metrics": {
      "mean": 4.335682461772741e-05,
      "std": 2.255832688949534e-05,
      "count": 32,
      "values": [
        2.6094344233612912e-05,
        5.5357300901156116e-05,
        7.137770641729995e-05,
        4.43584243977745e-05,
        2.730535683877005e-05,
        1.8523167987907546e-05,
        4.156231418171719e-05,
        6.205396521636957e-05,
        6.95989591149599e-05,
        6.764191257641543e-05,
        5.8557254053606374e-05,
        4.5608369898564836e-05,
        3.6263333213504215e-05,
        9.206153760190993e-05,
        3.805379530751811e-05,
        1.626464416207068e-05,
        3.8754090421884066e-05,
        5.051405542534464e-05,
        2.2148732252327342e-05,
        7.353548739935684e-05,
        8.668054609829346e-05,
        3.787540532227451e-05,
        1.411617229484202e-06,
        4.972709170879367e-05,
        2.66241642069673e-05,
        3.5568269275461015e-05,
        2.7646089375289815e-05,
        6.783828179453429e-05,
        5.044732848581983e-05,
        1.7178861677117317e-06,
        1.3121909727356033e-05,
        3.312504677322088e-05
      ]
    },
    "num_results": 32
  },
  "target_metric_score": 4.373889435082333e-05,
  "timestamp": "2025-06-04T19:24:03.051184"
}