{
  "experiment_name": "candidate_q_net_2_neuron_16",
  "coalition_neurons": [
    "q_net.0_neuron_7",
    "q_net.0_neuron_4",
    "q_net.0_neuron_52",
    "q_net.0_neuron_16",
    "q_net.2_neuron_16"
  ],
  "patch_config": {
    "q_net.0": [
      7,
      4,
      52,
      16
    ],
    "q_net.2": [
      16
    ]
  },
  "noising": {
    "metrics": {
      "mean": 1.5390640288818547e-05,
      "std": 1.4197770169208993e-05,
      "count": 32,
      "values": [
        6.383189307912116e-06,
        3.064556878156139e-05,
        2.0998561040713932e-05,
        9.644218292872552e-06,
        6.6424180235828256e-06,
        4.906530882270162e-07,
        1.4361886378658466e-05,
        7.088384779972787e-06,
        1.2859001749337051e-05,
        4.503274379344369e-05,
        2.7476408969359537e-05,
        7.302401187248616e-06,
        1.925637708073371e-05,
        3.1509060555074667e-05,
        9.543985515035017e-06,
        3.5251190910940734e-06,
        1.0006632665151183e-05,
        7.72992179377867e-06,
        7.826619949434185e-06,
        2.9527728648107187e-05,
        5.1223727920224837e-05,
        3.0159850727264032e-06,
        1.743547749399237e-06,
        3.50819984037457e-05,
        3.7628657720955444e-06,
        9.063267464686484e-07,
        5.752300875589236e-07,
        4.266496290379065e-05,
        1.19394153140596e-05,
        2.028234941295966e-06,
        3.561798907498494e-06,
        2.8145514732030906e-05
      ]
    },
    "num_results": 32
  },
  "denoising": {
    "metrics": {
      "mean": 1.518757111213927e-05,
      "std": 1.4112469091839872e-05,
      "count": 32,
      "values": [
        5.919368453583462e-06,
        3.0415590381501498e-05,
        2.2813962335389978e-05,
        9.661427695708928e-06,
        6.450736211584718e-06,
        4.681717537155213e-07,
        1.4373391541348856e-05,
        6.770305042964864e-06,
        1.260278333551669e-05,
        4.490295765135013e-05,
        2.7636762185121106e-05,
        6.050553290436861e-06,
        1.928070831678174e-05,
        3.1419273560514226e-05,
        8.847876228546621e-06,
        3.34611880765522e-06,
        9.748885829016763e-06,
        8.047262804181153e-06,
        8.822760345184835e-06,
        2.5110093329375297e-05,
        5.196057310704542e-05,
        2.9577358980064917e-06,
        1.7336591416728482e-06,
        3.3407468771934194e-05,
        3.791542695648516e-06,
        8.947097553348897e-07,
        5.629722077948591e-07,
        4.2486384836414905e-05,
        1.206026694165242e-05,
        2.1252322572482213e-06,
        3.3184170372093833e-06,
        2.8014323839016075e-05
      ]
    },
    "num_results": 32
  },
  "target_metric_score": 1.5390640288818547e-05,
  "timestamp": "2025-06-04T19:23:22.344178"
}