{
  "experiment_name": "candidate_q_net_2_neuron_2",
  "coalition_neurons": [
    "q_net.0_neuron_7",
    "q_net.0_neuron_4",
    "q_net.0_neuron_52",
    "q_net.0_neuron_16",
    "q_net.0_neuron_57",
    "q_net.0_neuron_20",
    "q_net.2_neuron_2"
  ],
  "patch_config": {
    "q_net.0": [
      7,
      4,
      52,
      16,
      57,
      20
    ],
    "q_net.2": [
      2
    ]
  },
  "noising": {
    "metrics": {
      "mean": 2.3796779662480424e-05,
      "std": 2.1065774761677223e-05,
      "count": 32,
      "values": [
        9.00150111610219e-06,
        5.482939547798765e-05,
        2.9426468057786904e-05,
        1.622449837824819e-05,
        1.0951961497197979e-05,
        2.8898128528680693e-07,
        2.2440422930121787e-05,
        1.5720698152196094e-05,
        1.9101416261894195e-05,
        5.454529033493017e-05,
        4.639765444670028e-05,
        1.3966871773993294e-05,
        2.8832343828474858e-05,
        5.876404510509728e-05,
        1.6004099687660055e-05,
        4.460164473228082e-06,
        1.474978299901902e-05,
        1.3140697544248518e-05,
        1.0151210270582757e-05,
        4.96723511074831e-05,
        7.294196215205115e-05,
        9.674483657431368e-06,
        2.4065486941582956e-06,
        6.0784752482716904e-05,
        9.981711634343086e-06,
        2.5599136199624126e-07,
        7.741175381685187e-07,
        5.6916375970825824e-05,
        1.6832653555608982e-05,
        2.0002606802608733e-06,
        4.745360376533529e-06,
        3.5512876367039614e-05
      ]
    },
    "num_results": 32
  },
  "denoising": {
    "metrics": {
      "mean": 2.3252399247843214e-05,
      "std": 2.04716769335321e-05,
      "count": 32,
      "values": [
        8.479766961727348e-06,
        5.434446857268825e-05,
        3.23214869768385e-05,
        1.6367549749694756e-05,
        1.0688365817710776e-05,
        2.909656343568642e-07,
        2.2463810659772076e-05,
        1.5210953445034931e-05,
        1.8828004153237246e-05,
        5.4341438063143553e-05,
        4.6234733165617875e-05,
        1.2246209926384806e-05,
        2.8941568076626097e-05,
        5.863802155362365e-05,
        1.544049359611258e-05,
        5.095962374738322e-06,
        1.435251014300534e-05,
        1.353965112171787e-05,
        1.0773943532582956e-05,
        3.735048069649673e-05,
        7.434204243528828e-05,
        9.677915374059357e-06,
        2.42320720895552e-06,
        5.4331234042784846e-05,
        9.987003525745272e-06,
        2.5776908098762343e-07,
        4.232968588177257e-07,
        5.65770599661046e-05,
        1.8308772290354797e-05,
        2.032085863444891e-06,
        4.403514491102436e-06,
        3.5362490572226984e-05
      ]
    },
    "num_results": 32
  },
  "target_metric_score": 2.3796779662480424e-05,
  "timestamp": "2025-06-04T19:23:25.795465"
}