{
  "experiment_name": "candidate_q_net_0_neuron_8",
  "coalition_neurons": [
    "q_net.0_neuron_7",
    "q_net.0_neuron_4",
    "q_net.0_neuron_52",
    "q_net.0_neuron_16",
    "q_net.0_neuron_57",
    "q_net.0_neuron_20",
    "q_net.0_neuron_8"
  ],
  "patch_config": {
    "q_net.0": [
      7,
      4,
      52,
      16,
      57,
      20,
      8
    ]
  },
  "noising": {
    "metrics": {
      "mean": 2.4077763132490644e-05,
      "std": 2.107125341103002e-05,
      "count": 32,
      "values": [
        9.637037849681779e-06,
        5.4829055693899416e-05,
        2.9426468057786904e-05,
        1.622449837824819e-05,
        1.0951961497197979e-05,
        6.828437250939662e-07,
        2.243758036095519e-05,
        1.576962583518381e-05,
        1.885509123571616e-05,
        5.4475428865619784e-05,
        4.782435628565779e-05,
        1.4137431748260302e-05,
        2.8240242938894032e-05,
        5.77896146435968e-05,
        1.5939117816767597e-05,
        7.901120944618298e-06,
        1.474978299901902e-05,
        1.3385678346372544e-05,
        1.0086775654981079e-05,
        4.9135982798253434e-05,
        7.655510943890126e-05,
        1.0602787032518873e-05,
        2.2870726464031214e-06,
        6.0004319235789716e-05,
        8.752247617495952e-06,
        3.0673276974401906e-07,
        1.2854483572546558e-06,
        5.59504595490513e-05,
        1.6826015031575544e-05,
        1.9166714444880087e-06,
        6.583963539103649e-06,
        3.6937897901570386e-05
      ]
    },
    "num_results": 32
  },
  "denoising": {
    "metrics": {
      "mean": 2.3521116207497537e-05,
      "std": 2.0575142511535916e-05,
      "count": 32,
      "values": [
        9.239813843520866e-06,
        5.434324998341872e-05,
        3.23214869768385e-05,
        1.6367549749694756e-05,
        1.0688365817710776e-05,
        6.863359666474711e-07,
        2.2460129161006514e-05,
        1.5275933017083656e-05,
        1.856985714076588e-05,
        5.42475596949217e-05,
        4.763686440265079e-05,
        1.2350248067797913e-05,
        2.8404317765306385e-05,
        5.75496879515416e-05,
        1.540292302037831e-05,
        8.875519976164e-06,
        1.435251014300534e-05,
        1.3900305389029127e-05,
        9.429789009393662e-06,
        3.734280646579957e-05,
        7.847398223009762e-05,
        1.0613211128489937e-05,
        2.306746750098485e-06,
        5.354553219292287e-05,
        8.723660637552453e-06,
        3.1033515353684287e-07,
        7.885341296972519e-07,
        5.555460503708768e-05,
        1.7755370395368397e-05,
        1.9421968011899577e-06,
        6.4293583597279215e-06,
        3.678693228147622e-05
      ]
    },
    "num_results": 32
  },
  "target_metric_score": 2.4077763132490644e-05,
  "timestamp": "2025-06-04T19:23:26.238692"
}