{
  "experiment_name": "candidate_q_net_2_neuron_50",
  "coalition_neurons": [
    "q_net.0_neuron_7",
    "q_net.0_neuron_4",
    "q_net.0_neuron_52",
    "q_net.0_neuron_16",
    "q_net.0_neuron_57",
    "q_net.0_neuron_20",
    "q_net.2_neuron_59",
    "q_net.2_neuron_62",
    "q_net.0_neuron_14",
    "q_net.2_neuron_15",
    "q_net.0_neuron_33",
    "q_net.0_neuron_29",
    "q_net.2_neuron_52",
    "q_net.2_neuron_48",
    "q_net.2_neuron_41",
    "q_net.2_neuron_50"
  ],
  "patch_config": {
    "q_net.0": [
      7,
      4,
      52,
      16,
      57,
      20,
      14,
      33,
      29
    ],
    "q_net.2": [
      59,
      62,
      15,
      52,
      48,
      41,
      50
    ]
  },
  "noising": {
    "metrics": {
      "mean": 3.6824534909638066e-05,
      "std": 2.1214231858883137e-05,
      "count": 32,
      "values": [
        2.4315429681367323e-05,
        5.546392599152202e-05,
        5.59622885165003e-05,
        4.1581664018220136e-05,
        2.7058520454938204e-05,
        5.8633538041738325e-06,
        4.209910662946294e-05,
        6.396665975873044e-05,
        5.666767183975271e-05,
        5.6587098406878e-05,
        6.348865816453155e-05,
        5.060076341968189e-05,
        3.249534463811775e-05,
        6.19631810665243e-05,
        3.4920590137968574e-05,
        5.303657831113001e-06,
        3.9398016043737036e-05,
        5.742932700676228e-05,
        2.34426141454265e-05,
        5.617718183666121e-05,
        7.332525466612505e-05,
        3.413467070700611e-05,
        1.5364324341680165e-06,
        5.658267505492462e-05,
        1.300105598970691e-05,
        7.637436316542041e-06,
        7.2595851913249965e-06,
        5.295461056582535e-05,
        2.707976149779771e-05,
        6.039818216632171e-07,
        1.623773235874464e-05,
        3.324686711251939e-05
      ]
    },
    "num_results": 32
  },
  "denoising": {
    "metrics": {
      "mean": 3.680845195275831e-05,
      "std": 2.121187372841045e-05,
      "count": 32,
      "values": [
        2.431233067437088e-05,
        5.4905935642531934e-05,
        6.323303825811564e-05,
        4.146737850930799e-05,
        2.639423358713022e-05,
        5.917487595090746e-06,
        4.227865754979801e-05,
        6.444329084550216e-05,
        5.7050387756757154e-05,
        5.626753006708846e-05,
        6.300029996523203e-05,
        4.807958129750809e-05,
        3.310565483896196e-05,
        6.164550657689375e-05,
        3.589025662375936e-05,
        5.672225019603884e-06,
        3.966065787996574e-05,
        6.082178815344829e-05,
        2.4667735241818193e-05,
        4.265649786291297e-05,
        7.477527053484926e-05,
        3.4273214761928756e-05,
        1.5410918157936064e-06,
        5.617257144840504e-05,
        1.3009841697865618e-05,
        8.060401920052145e-06,
        7.649749872239045e-06,
        5.259902925007856e-05,
        2.814254270309144e-05,
        6.579189246853315e-07,
        1.6448262410451403e-05,
        3.307009320302815e-05
      ]
    },
    "num_results": 32
  },
  "target_metric_score": 3.6824534909638066e-05,
  "timestamp": "2025-06-04T19:23:41.351616"
}