{
  "experiment_name": "candidate_q_net_2_neuron_57",
  "coalition_neurons": [
    "q_net.0_neuron_7",
    "q_net.0_neuron_4",
    "q_net.0_neuron_52",
    "q_net.0_neuron_16",
    "q_net.0_neuron_57",
    "q_net.0_neuron_20",
    "q_net.2_neuron_59",
    "q_net.2_neuron_62",
    "q_net.0_neuron_14",
    "q_net.2_neuron_15",
    "q_net.0_neuron_33",
    "q_net.0_neuron_29",
    "q_net.2_neuron_52",
    "q_net.2_neuron_48",
    "q_net.2_neuron_57"
  ],
  "patch_config": {
    "q_net.0": [
      7,
      4,
      52,
      16,
      57,
      20,
      14,
      33,
      29
    ],
    "q_net.2": [
      59,
      62,
      15,
      52,
      48,
      57
    ]
  },
  "noising": {
    "metrics": {
      "mean": 3.5716365846605866e-05,
      "std": 1.9943856328889812e-05,
      "count": 32,
      "values": [
        2.2108235871766088e-05,
        4.629734584415859e-05,
        5.272871625789451e-05,
        3.998398835223832e-05,
        2.6289293899110213e-05,
        8.032760081767647e-06,
        4.094939591068507e-05,
        6.356117931153389e-05,
        5.338605961800768e-05,
        5.299486178136524e-05,
        5.425155157920067e-05,
        4.9556718584795045e-05,
        3.304853375895141e-05,
        6.413323972144902e-05,
        3.5311227717268654e-05,
        4.084245473762936e-06,
        3.69353401886768e-05,
        5.539922873697817e-05,
        2.3160276171912096e-05,
        5.397863104862399e-05,
        7.338116708876819e-05,
        3.477282725085145e-05,
        2.8954309321817964e-06,
        5.128015241969179e-05,
        1.3523576553266378e-05,
        6.8832716962709045e-06,
        1.3726685739681981e-05,
        5.44517944492211e-05,
        2.783954917571791e-05,
        1.363190577441842e-06,
        1.3910175171943852e-05,
        3.2705056126204656e-05
      ]
    },
    "num_results": 32
  },
  "denoising": {
    "metrics": {
      "mean": 3.571298521875942e-05,
      "std": 1.994012504857958e-05,
      "count": 32,
      "values": [
        2.2140189199740213e-05,
        4.56634550488614e-05,
        5.9714839512087226e-05,
        3.9567318484803535e-05,
        2.5581659706149732e-05,
        8.076989471200594e-06,
        4.104228114388403e-05,
        6.400156012371905e-05,
        5.371909699637136e-05,
        5.266304734431119e-05,
        5.385056590825573e-05,
        4.705542455788131e-05,
        3.363119016294578e-05,
        6.361693479942584e-05,
        3.608986008792818e-05,
        4.429740187096207e-06,
        3.717698832884052e-05,
        5.875573604007087e-05,
        2.4390252497782667e-05,
        4.779064011034619e-05,
        7.486499532744037e-05,
        3.4953487871067115e-05,
        2.868627311294368e-06,
        4.5419916182550825e-05,
        1.3536122532273689e-05,
        7.257180492764765e-06,
        1.4073643564903489e-05,
        5.403374512938754e-05,
        2.8918960222525146e-05,
        1.381410363712743e-06,
        1.4053717071959085e-05,
        3.249595121872055e-05
      ]
    },
    "num_results": 32
  },
  "target_metric_score": 3.5716365846605866e-05,
  "timestamp": "2025-06-04T19:23:39.568098"
}