{
  "experiment_name": "candidate_q_net_2_neuron_2",
  "coalition_neurons": [
    "q_net.0_neuron_7",
    "q_net.0_neuron_4",
    "q_net.0_neuron_52",
    "q_net.0_neuron_16",
    "q_net.0_neuron_57",
    "q_net.0_neuron_20",
    "q_net.2_neuron_59",
    "q_net.2_neuron_62",
    "q_net.0_neuron_14",
    "q_net.2_neuron_15",
    "q_net.0_neuron_33",
    "q_net.0_neuron_29",
    "q_net.2_neuron_52",
    "q_net.2_neuron_48",
    "q_net.2_neuron_41",
    "q_net.0_neuron_59",
    "q_net.0_neuron_15",
    "q_net.0_neuron_58",
    "q_net.0_neuron_61",
    "q_net.2_neuron_55",
    "q_net.0_neuron_41",
    "q_net.0_neuron_55",
    "q_net.0_neuron_44",
    "q_net.2_neuron_45",
    "q_net.0_neuron_36",
    "q_net.2_neuron_1",
    "q_net.0_neuron_12",
    "q_net.2_neuron_2"
  ],
  "patch_config": {
    "q_net.0": [
      7,
      4,
      52,
      16,
      57,
      20,
      14,
      33,
      29,
      59,
      15,
      58,
      61,
      41,
      55,
      44,
      36,
      12
    ],
    "q_net.2": [
      59,
      62,
      15,
      52,
      48,
      41,
      55,
      45,
      1,
      2
    ]
  },
  "noising": {
    "metrics": {
      "mean": 4.615626498135593e-05,
      "std": 2.5541321648458605e-05,
      "count": 32,
      "values": [
        2.648634630189313e-05,
        6.741492500595141e-05,
        6.080241383514052e-05,
        4.21797150953506e-05,
        2.844975702561022e-05,
        2.157254301978634e-05,
        4.061809208605739e-05,
        6.096640641929218e-05,
        6.556962818637154e-05,
        7.620526586205994e-05,
        7.799542062992128e-05,
        4.716168361371749e-05,
        3.9487269146492396e-05,
        9.363795251677711e-05,
        3.6807397751191225e-05,
        1.541743591340389e-05,
        3.785742728447405e-05,
        4.865063517899243e-05,
        1.9527798272305386e-05,
        9.264067217235278e-05,
        9.766508035029107e-05,
        3.759065939740056e-05,
        9.590062267049448e-07,
        6.98530200704976e-05,
        2.482440328964192e-05,
        3.535060547654235e-05,
        2.9529035530292827e-05,
        7.595142117175534e-05,
        4.536973607646472e-05,
        1.9298823514379143e-06,
        1.387768602331677e-05,
        4.465115812190255e-05
      ]
    },
    "num_results": 32
  },
  "denoising": {
    "metrics": {
      "mean": 4.5609437783507453e-05,
      "std": 2.4703376181153387e-05,
      "count": 32,
      "values": [
        2.6469364974718627e-05,
        6.646315696964562e-05,
        6.784062488856017e-05,
        4.2572643700961076e-05,
        2.6811905788703006e-05,
        2.0928185902005514e-05,
        4.0957249307706635e-05,
        6.139396156713936e-05,
        6.580662381809902e-05,
        7.545367577905051e-05,
        7.719470199172088e-05,
        4.4823391594945314e-05,
        3.92181118679916e-05,
        9.244957539127687e-05,
        3.7631129263213136e-05,
        1.5358574418746548e-05,
        3.824969590069229e-05,
        5.107359453128532e-05,
        1.9327965657506946e-05,
        7.977029024520775e-05,
        9.678391757589263e-05,
        3.7851146772066384e-05,
        9.32112090555842e-07,
        6.219537982537918e-05,
        2.4897943247534945e-05,
        3.424249636215036e-05,
        3.1729964974547406e-05,
        7.549554173376036e-05,
        4.591942926032559e-05,
        1.9554570736917114e-06,
        1.3416364579987654e-05,
        4.428783201717028e-05
      ]
    },
    "num_results": 32
  },
  "target_metric_score": 4.615626498135593e-05,
  "timestamp": "2025-06-04T19:24:03.411521"
}