{
  "experiment_name": "candidate_q_net_2_neuron_30",
  "coalition_neurons": [
    "q_net.0_neuron_7",
    "q_net.0_neuron_4",
    "q_net.0_neuron_52",
    "q_net.0_neuron_16",
    "q_net.0_neuron_57",
    "q_net.0_neuron_20",
    "q_net.2_neuron_59",
    "q_net.2_neuron_62",
    "q_net.0_neuron_14",
    "q_net.2_neuron_15",
    "q_net.0_neuron_33",
    "q_net.0_neuron_29",
    "q_net.2_neuron_52",
    "q_net.2_neuron_48",
    "q_net.2_neuron_41",
    "q_net.0_neuron_59",
    "q_net.0_neuron_15",
    "q_net.0_neuron_58",
    "q_net.0_neuron_61",
    "q_net.2_neuron_55",
    "q_net.2_neuron_30"
  ],
  "patch_config": {
    "q_net.0": [
      7,
      4,
      52,
      16,
      57,
      20,
      14,
      33,
      29,
      59,
      15,
      58,
      61
    ],
    "q_net.2": [
      59,
      62,
      15,
      52,
      48,
      41,
      55,
      30
    ]
  },
  "noising": {
    "metrics": {
      "mean": 4.102734373207244e-05,
      "std": 2.2429996366690452e-05,
      "count": 32,
      "values": [
        2.355990833364499e-05,
        5.3866631578859594e-05,
        6.144913319116132e-05,
        4.2488891057946426e-05,
        2.3994804171413163e-05,
        1.164565337298507e-05,
        4.029694380112221e-05,
        6.275449293348921e-05,
        6.598445823729191e-05,
        6.705580145451408e-05,
        6.813034882394479e-05,
        4.976586716776512e-05,
        3.369560033416458e-05,
        8.228905266732831e-05,
        3.837145002796188e-05,
        6.827829625228969e-06,
        4.0174633600398085e-05,
        4.8371989082171595e-05,
        2.0833933834492747e-05,
        7.102324379925761e-05,
        8.177748733205904e-05,
        3.724304829868651e-05,
        6.02487121560745e-07,
        5.6988544074086786e-05,
        1.3327590397165336e-05,
        4.214067742287775e-05,
        2.5339273969035916e-05,
        5.412129635901444e-05,
        3.576322690811368e-05,
        3.9724944535737155e-07,
        1.3738983338355834e-05,
        3.885446766486284e-05
      ]
    },
    "num_results": 32
  },
  "denoising": {
    "metrics": {
      "mean": 4.055812206559501e-05,
      "std": 2.1930987688365917e-05,
      "count": 32,
      "values": [
        2.3626405031961103e-05,
        5.348121094840498e-05,
        6.817586977585547e-05,
        4.286984442045398e-05,
        2.348291060477026e-05,
        1.1405195013788243e-05,
        4.0627576914048546e-05,
        6.349554809310172e-05,
        6.630194355190485e-05,
        6.661949535814705e-05,
        6.758501397963364e-05,
        4.741141186900095e-05,
        3.385915292558134e-05,
        8.144863824625521e-05,
        3.791638713671134e-05,
        7.269219131959188e-06,
        4.051455459076422e-05,
        5.129846834671728e-05,
        2.150200014836435e-05,
        5.3757034689417877e-05,
        8.125079849367379e-05,
        3.750965928930975e-05,
        6.20520358268577e-07,
        5.198716436109838e-05,
        1.3269095373701664e-05,
        4.0856383369577325e-05,
        2.547481177282685e-05,
        5.381279820367154e-05,
        3.795401378718893e-05,
        4.0704461345999186e-07,
        1.3425661726070872e-05,
        3.8644073973351104e-05
      ]
    },
    "num_results": 32
  },
  "target_metric_score": 4.102734373207244e-05,
  "timestamp": "2025-06-04T19:23:49.374546"
}