{
  "experiment_name": "candidate_q_net_2_neuron_41",
  "coalition_neurons": [
    "q_net.0_neuron_7",
    "q_net.0_neuron_4",
    "q_net.0_neuron_52",
    "q_net.0_neuron_16",
    "q_net.0_neuron_57",
    "q_net.0_neuron_20",
    "q_net.2_neuron_59",
    "q_net.2_neuron_62",
    "q_net.0_neuron_14",
    "q_net.2_neuron_15",
    "q_net.0_neuron_33",
    "q_net.0_neuron_29",
    "q_net.2_neuron_52",
    "q_net.2_neuron_41"
  ],
  "patch_config": {
    "q_net.0": [
      7,
      4,
      52,
      16,
      57,
      20,
      14,
      33,
      29
    ],
    "q_net.2": [
      59,
      62,
      15,
      52,
      41
    ]
  },
  "noising": {
    "metrics": {
      "mean": 3.7475883171158896e-05,
      "std": 2.155310452731049e-05,
      "count": 32,
      "values": [
        2.2730757557400485e-05,
        5.375451180637174e-05,
        5.7142007858931214e-05,
        4.224940191462664e-05,
        2.6416217654342492e-05,
        6.549703892554061e-06,
        4.217861790441527e-05,
        6.464059859790814e-05,
        6.093430647734839e-05,
        5.859951946794728e-05,
        5.635769466980317e-05,
        5.073230116764958e-05,
        3.327196229809546e-05,
        6.623937514167245e-05,
        3.6536229716079374e-05,
        5.16998909222104e-06,
        3.935444294565424e-05,
        5.6898540752100104e-05,
        2.5261781465870585e-05,
        5.5753027898135265e-05,
        7.7824263847634e-05,
        3.618612781270921e-05,
        3.2784028872034012e-06,
        5.599905539023628e-05,
        1.2961200894753117e-05,
        7.731666677259484e-06,
        8.591554646743965e-06,
        5.7735837538872297e-05,
        2.6744386848341108e-05,
        1.2443955777413705e-06,
        1.4030075863032652e-05,
        3.6130305213430804e-05
      ]
    },
    "num_results": 32
  },
  "denoising": {
    "metrics": {
      "mean": 3.7324100709131705e-05,
      "std": 2.1490211706841042e-05,
      "count": 32,
      "values": [
        2.2705379144104493e-05,
        5.322512901937391e-05,
        6.439009039912774e-05,
        4.2134009219776296e-05,
        2.5739625890685083e-05,
        6.655310529277581e-06,
        4.235344567462282e-05,
        6.519883651122426e-05,
        6.197048738251407e-05,
        5.824089631215653e-05,
        5.597412770898388e-05,
        4.823277832310393e-05,
        3.37788797041657e-05,
        6.573571061505631e-05,
        3.754406695372938e-05,
        5.536898185779356e-06,
        3.962762234438239e-05,
        6.027359295364778e-05,
        2.652084316745278e-05,
        4.2294325455205956e-05,
        7.930543481711585e-05,
        3.64211053329376e-05,
        3.2530930773663617e-06,
        5.057607016617537e-05,
        1.2928150115496038e-05,
        8.198452880628457e-06,
        9.056141933511726e-06,
        5.727387302614144e-05,
        2.780559832138809e-05,
        1.323014566053781e-06,
        1.4197683692717376e-05,
        3.59005492683121e-05
      ]
    },
    "num_results": 32
  },
  "target_metric_score": 3.7475883171158896e-05,
  "timestamp": "2025-06-04T19:23:37.189542"
}