{
  "experiment_name": "candidate_q_net_2_neuron_22",
  "coalition_neurons": [
    "q_net.0_neuron_7",
    "q_net.0_neuron_4",
    "q_net.0_neuron_52",
    "q_net.0_neuron_16",
    "q_net.0_neuron_57",
    "q_net.0_neuron_20",
    "q_net.2_neuron_59",
    "q_net.2_neuron_62",
    "q_net.0_neuron_14",
    "q_net.2_neuron_15",
    "q_net.0_neuron_33",
    "q_net.0_neuron_29",
    "q_net.2_neuron_52",
    "q_net.2_neuron_48",
    "q_net.2_neuron_41",
    "q_net.0_neuron_59",
    "q_net.0_neuron_15",
    "q_net.0_neuron_58",
    "q_net.0_neuron_61",
    "q_net.2_neuron_22"
  ],
  "patch_config": {
    "q_net.0": [
      7,
      4,
      52,
      16,
      57,
      20,
      14,
      33,
      29,
      59,
      15,
      58,
      61
    ],
    "q_net.2": [
      59,
      62,
      15,
      52,
      48,
      41,
      22
    ]
  },
  "noising": {
    "metrics": {
      "mean": 4.072000897232349e-05,
      "std": 2.235086793407073e-05,
      "count": 32,
      "values": [
        2.528491756030539e-05,
        5.547954203361026e-05,
        6.109911616215575e-05,
        4.2538186822632185e-05,
        2.6396677119541355e-05,
        9.467890665170071e-06,
        4.102649193274519e-05,
        6.727333580940813e-05,
        6.108753352485259e-05,
        6.247879960435715e-05,
        7.029814408862005e-05,
        5.34482609256667e-05,
        3.224955694714228e-05,
        7.42886219929973e-05,
        3.844320589654643e-05,
        7.965659757116638e-06,
        4.3827906543068016e-05,
        5.2238910853188254e-05,
        2.126852368704909e-05,
        7.584570462328014e-05,
        8.036127284687518e-05,
        3.714403506084791e-05,
        7.050093291998891e-07,
        5.823753863328396e-05,
        1.4967359253723186e-05,
        3.063567972782567e-05,
        1.6078032696540453e-05,
        5.2168608215561905e-05,
        3.539888851742507e-05,
        1.2610734044011152e-06,
        1.453317218936981e-05,
        3.954263068984458e-05
      ]
    },
    "num_results": 32
  },
  "denoising": {
    "metrics": {
      "mean": 4.023835454522577e-05,
      "std": 2.1806953896495803e-05,
      "count": 32,
      "values": [
        2.532828546732526e-05,
        5.4947845600922685e-05,
        6.814077757521608e-05,
        4.290116150632451e-05,
        2.5870503419907968e-05,
        9.29662253452263e-06,
        4.1317532669696896e-05,
        6.79753452679161e-05,
        6.145406849382298e-05,
        6.210500424710887e-05,
        6.968164762935275e-05,
        5.100234483419665e-05,
        3.2428687864025514e-05,
        7.356625351934845e-05,
        3.797938800878509e-05,
        8.37231556571411e-06,
        4.411464981175827e-05,
        5.5347338009825286e-05,
        2.2141723092137535e-05,
        5.976140329401733e-05,
        7.983864010799768e-05,
        3.738822329789565e-05,
        6.875957910388073e-07,
        5.234205906339852e-05,
        1.4922537761292206e-05,
        2.9177737322989578e-05,
        1.5677684357493383e-05,
        5.1847349997408924e-05,
        3.74143919892806e-05,
        1.2337451078291216e-06,
        1.406645901255683e-05,
        3.9298023226118296e-05
      ]
    },
    "num_results": 32
  },
  "target_metric_score": 4.072000897232349e-05,
  "timestamp": "2025-06-04T19:23:48.838082"
}