{
  "experiment_name": "candidate_q_net_2_neuron_23",
  "coalition_neurons": [
    "q_net.0_neuron_7",
    "q_net.0_neuron_4",
    "q_net.0_neuron_52",
    "q_net.0_neuron_16",
    "q_net.0_neuron_57",
    "q_net.0_neuron_20",
    "q_net.2_neuron_59",
    "q_net.2_neuron_62",
    "q_net.0_neuron_14",
    "q_net.2_neuron_15",
    "q_net.0_neuron_33",
    "q_net.0_neuron_29",
    "q_net.2_neuron_52",
    "q_net.2_neuron_48",
    "q_net.2_neuron_41",
    "q_net.0_neuron_59",
    "q_net.0_neuron_15",
    "q_net.0_neuron_58",
    "q_net.0_neuron_61",
    "q_net.2_neuron_23"
  ],
  "patch_config": {
    "q_net.0": [
      7,
      4,
      52,
      16,
      57,
      20,
      14,
      33,
      29,
      59,
      15,
      58,
      61
    ],
    "q_net.2": [
      59,
      62,
      15,
      52,
      48,
      41,
      23
    ]
  },
  "noising": {
    "metrics": {
      "mean": 4.0663557382597054e-05,
      "std": 2.2821278704531114e-05,
      "count": 32,
      "values": [
        2.4852322128126486e-05,
        5.728107019890101e-05,
        6.041885875297771e-05,
        4.262988307540986e-05,
        2.5633935586912796e-05,
        7.983944155009418e-06,
        4.1343072582130085e-05,
        6.717479548313892e-05,
        6.175136449910795e-05,
        6.170177480839165e-05,
        6.748897744922864e-05,
        5.337195773895019e-05,
        3.319062893227654e-05,
        7.324218079309455e-05,
        3.772433446646542e-05,
        9.042554701465519e-06,
        4.29718166770393e-05,
        5.2290140921878525e-05,
        2.0265078529589512e-05,
        8.36719107269794e-05,
        7.85981006800597e-05,
        3.7182026545497866e-05,
        5.526711166562977e-07,
        6.011227983630622e-05,
        1.4938670515638169e-05,
        3.103164692473269e-05,
        1.3398839431950568e-05,
        5.4070610395240675e-05,
        3.476542203962652e-05,
        8.82550130879066e-07,
        1.4108623147680356e-05,
        3.7561793271764224e-05
      ]
    },
    "num_results": 32
  },
  "denoising": {
    "metrics": {
      "mean": 4.016345910698073e-05,
      "std": 2.2067592762914857e-05,
      "count": 32,
      "values": [
        2.489156883858266e-05,
        5.669794538893508e-05,
        6.737529205263647e-05,
        4.2994737054738615e-05,
        2.507527627254244e-05,
        7.846238764980381e-06,
        4.1631271287783994e-05,
        6.787232989351882e-05,
        6.213787616229699e-05,
        6.134622606577557e-05,
        6.691887747127339e-05,
        5.0921008915722757e-05,
        3.338046071326174e-05,
        7.258702686470132e-05,
        3.725610473928349e-05,
        9.405282619118059e-06,
        4.324525646099472e-05,
        5.54012362653821e-05,
        2.111057926243421e-05,
        6.676697358802737e-05,
        7.810403963703764e-05,
        3.739789676551167e-05,
        5.36443336083532e-07,
        5.4529815690502765e-05,
        1.4890250701028447e-05,
        2.9530967256503134e-05,
        1.3106458328892992e-05,
        5.374443454097427e-05,
        3.6682133275242525e-05,
        9.179612379782301e-07,
        1.358605777610324e-05,
        3.734266419553494e-05
      ]
    },
    "num_results": 32
  },
  "target_metric_score": 4.0663557382597054e-05,
  "timestamp": "2025-06-04T19:23:48.442857"
}