{
  "experiment_name": "candidate_q_net_2_neuron_34",
  "coalition_neurons": [
    "q_net.0_neuron_7",
    "q_net.0_neuron_4",
    "q_net.0_neuron_52",
    "q_net.0_neuron_16",
    "q_net.0_neuron_57",
    "q_net.0_neuron_20",
    "q_net.2_neuron_59",
    "q_net.2_neuron_62",
    "q_net.0_neuron_14",
    "q_net.2_neuron_15",
    "q_net.0_neuron_33",
    "q_net.0_neuron_29",
    "q_net.2_neuron_52",
    "q_net.2_neuron_48",
    "q_net.2_neuron_41",
    "q_net.0_neuron_59",
    "q_net.0_neuron_15",
    "q_net.0_neuron_58",
    "q_net.0_neuron_61",
    "q_net.2_neuron_55",
    "q_net.0_neuron_41",
    "q_net.0_neuron_55",
    "q_net.0_neuron_44",
    "q_net.2_neuron_45",
    "q_net.0_neuron_36",
    "q_net.2_neuron_1",
    "q_net.0_neuron_12",
    "q_net.2_neuron_34"
  ],
  "patch_config": {
    "q_net.0": [
      7,
      4,
      52,
      16,
      57,
      20,
      14,
      33,
      29,
      59,
      15,
      58,
      61,
      41,
      55,
      44,
      36,
      12
    ],
    "q_net.2": [
      59,
      62,
      15,
      52,
      48,
      41,
      55,
      45,
      1,
      34
    ]
  },
  "noising": {
    "metrics": {
      "mean": 4.514609019055562e-05,
      "std": 2.5214582721279503e-05,
      "count": 32,
      "values": [
        2.5461076532901712e-05,
        6.400914608630816e-05,
        5.95678994530516e-05,
        4.0527131534263245e-05,
        2.7502316188994904e-05,
        1.8446114341792632e-05,
        3.7846226099580806e-05,
        5.971985738189472e-05,
        6.556962818637154e-05,
        7.567533498974122e-05,
        7.5897838526289e-05,
        4.6024629966864026e-05,
        3.8645612624255924e-05,
        9.454542107472475e-05,
        3.759193870901326e-05,
        1.6357577123261337e-05,
        3.950952777006026e-05,
        4.496798451371787e-05,
        1.9455387967318762e-05,
        8.954548698457789e-05,
        9.71645418250383e-05,
        3.759065939740056e-05,
        9.847070446281433e-07,
        6.534935438575937e-05,
        2.5833854479402445e-05,
        3.9306195762385705e-05,
        2.495640756804791e-05,
        7.467441642417666e-05,
        4.507749316743639e-05,
        1.1371228364124414e-06,
        1.3492758460718776e-05,
        4.224123869138929e-05
      ]
    },
    "num_results": 32
  },
  "denoising": {
    "metrics": {
      "mean": 4.45953974783208e-05,
      "std": 2.4438793482667388e-05,
      "count": 32,
      "values": [
        2.5432777043874594e-05,
        6.332105216512018e-05,
        6.65124882695342e-05,
        4.089043737449407e-05,
        2.5906183553059598e-05,
        1.7833603117962124e-05,
        3.814980298836072e-05,
        6.013884902678372e-05,
        6.580662381809902e-05,
        7.495867628538563e-05,
        7.515985335209384e-05,
        4.370726080663023e-05,
        3.842533232861084e-05,
        9.327294049354598e-05,
        3.843957559175322e-05,
        1.6292072338580546e-05,
        3.9909068393625805e-05,
        4.725291795084816e-05,
        1.9327965657506946e-05,
        7.684049312346611e-05,
        9.63090346323798e-05,
        3.7851146772066384e-05,
        9.508267891247899e-07,
        5.7912783259817056e-05,
        2.5922724659185577e-05,
        3.820988716955872e-05,
        2.6395377284101984e-05,
        7.42008580775339e-05,
        4.555796570249963e-05,
        1.1346058815011315e-06,
        1.3047798670329428e-05,
        4.1981736728831766e-05
      ]
    },
    "num_results": 32
  },
  "target_metric_score": 4.514609019055562e-05,
  "timestamp": "2025-06-04T19:24:02.969667"
}