{
  "experiment_name": "candidate_q_net_2_neuron_25",
  "coalition_neurons": [
    "q_net.0_neuron_7",
    "q_net.0_neuron_4",
    "q_net.0_neuron_52",
    "q_net.0_neuron_16",
    "q_net.0_neuron_57",
    "q_net.0_neuron_20",
    "q_net.2_neuron_59",
    "q_net.2_neuron_62",
    "q_net.0_neuron_14",
    "q_net.2_neuron_15",
    "q_net.0_neuron_33",
    "q_net.0_neuron_29",
    "q_net.2_neuron_52",
    "q_net.2_neuron_48",
    "q_net.2_neuron_41",
    "q_net.0_neuron_59",
    "q_net.0_neuron_15",
    "q_net.0_neuron_58",
    "q_net.0_neuron_61",
    "q_net.2_neuron_55",
    "q_net.0_neuron_41",
    "q_net.0_neuron_55",
    "q_net.0_neuron_44",
    "q_net.2_neuron_25"
  ],
  "patch_config": {
    "q_net.0": [
      7,
      4,
      52,
      16,
      57,
      20,
      14,
      33,
      29,
      59,
      15,
      58,
      61,
      41,
      55,
      44
    ],
    "q_net.2": [
      59,
      62,
      15,
      52,
      48,
      41,
      55,
      25
    ]
  },
  "noising": {
    "metrics": {
      "mean": 4.313907128578111e-05,
      "std": 2.4692579244189987e-05,
      "count": 32,
      "values": [
        2.448308801728937e-05,
        5.839683473931592e-05,
        6.0291730158706144e-05,
        4.216012270368485e-05,
        2.3710904182150947e-05,
        1.461779073922754e-05,
        3.919336182902581e-05,
        6.129808636094422e-05,
        6.753099522474745e-05,
        7.284823024235494e-05,
        7.583644548145372e-05,
        4.7470067449122e-05,
        3.4999157648042266e-05,
        9.210635089651023e-05,
        3.636520800202436e-05,
        1.495761693425142e-05,
        3.9679957670514e-05,
        4.802155952618047e-05,
        1.9416195254883732e-05,
        8.072006403871232e-05,
        9.12227277847711e-05,
        3.612571097217092e-05,
        2.8982654504689366e-07,
        6.160993231616916e-05,
        1.3353675494839012e-05,
        3.6642301364683675e-05,
        2.26918152326117e-05,
        6.826460132452051e-05,
        3.783382341606659e-05,
        7.52656531138071e-07,
        1.3547708592340224e-05,
        4.401173447149604e-05
      ]
    },
    "num_results": 32
  },
  "denoising": {
    "metrics": {
      "mean": 4.270687248052196e-05,
      "std": 2.404094615362767e-05,
      "count": 32,
      "values": [
        2.456747021144733e-05,
        5.779060835551131e-05,
        6.703357586830886e-05,
        4.2530177469069104e-05,
        2.3825477686942407e-05,
        1.364230276003982e-05,
        3.9509749936706556e-05,
        6.188654780499834e-05,
        6.789582357223851e-05,
        7.229987686738183e-05,
        7.516629342357146e-05,
        4.506289187227071e-05,
        3.484583500723711e-05,
        9.106591780290943e-05,
        3.6490041210610036e-05,
        1.4892381913541122e-05,
        4.000313289100597e-05,
        5.0456206185078064e-05,
        1.95880694471316e-05,
        6.521150116933698e-05,
        9.059958390804054e-05,
        3.638946945913341e-05,
        2.9662473146256456e-07,
        5.6907107932811156e-05,
        1.3325812120964131e-05,
        3.591417007452603e-05,
        2.370213887417671e-05,
        6.791186938790187e-05,
        4.010353908787015e-05,
        7.965034679147218e-07,
        1.3164355182986671e-05,
        4.37448636935781e-05
      ]
    },
    "num_results": 32
  },
  "target_metric_score": 4.313907128578111e-05,
  "timestamp": "2025-06-04T19:23:56.105586"
}