{
  "experiment_name": "candidate_q_net_2_neuron_2",
  "coalition_neurons": [
    "q_net.0_neuron_7",
    "q_net.0_neuron_4",
    "q_net.0_neuron_52",
    "q_net.0_neuron_16",
    "q_net.0_neuron_57",
    "q_net.0_neuron_20",
    "q_net.2_neuron_59",
    "q_net.2_neuron_62",
    "q_net.0_neuron_14",
    "q_net.2_neuron_15",
    "q_net.0_neuron_33",
    "q_net.0_neuron_29",
    "q_net.2_neuron_52",
    "q_net.2_neuron_48",
    "q_net.2_neuron_41",
    "q_net.0_neuron_59",
    "q_net.0_neuron_15",
    "q_net.0_neuron_58",
    "q_net.0_neuron_61",
    "q_net.2_neuron_55",
    "q_net.0_neuron_41",
    "q_net.0_neuron_55",
    "q_net.0_neuron_44",
    "q_net.2_neuron_45",
    "q_net.0_neuron_36",
    "q_net.2_neuron_1",
    "q_net.2_neuron_2"
  ],
  "patch_config": {
    "q_net.0": [
      7,
      4,
      52,
      16,
      57,
      20,
      14,
      33,
      29,
      59,
      15,
      58,
      61,
      41,
      55,
      44,
      36
    ],
    "q_net.2": [
      59,
      62,
      15,
      52,
      48,
      41,
      55,
      45,
      1,
      2
    ]
  },
  "noising": {
    "metrics": {
      "mean": 4.5785691018924423e-05,
      "std": 2.6339433727657857e-05,
      "count": 32,
      "values": [
        2.543408261255814e-05,
        6.881893730360377e-05,
        6.0064449067049794e-05,
        4.216102078512241e-05,
        2.8657051720152e-05,
        1.839736788728603e-05,
        4.072249598808858e-05,
        6.145362861368947e-05,
        6.715355904032458e-05,
        7.683404489981142e-05,
        7.825817017421391e-05,
        4.6900977045361393e-05,
        3.871662048934049e-05,
        9.391366161315499e-05,
        3.799253716683151e-05,
        1.540109742382157e-05,
        4.2730620891783455e-05,
        4.920000609080462e-05,
        2.0482282997232634e-05,
        9.342614308859812e-05,
        9.810034908103117e-05,
        3.721572827880567e-05,
        9.052309090270801e-07,
        7.111513644643777e-05,
        1.2466376046854231e-05,
        3.4183192235376185e-05,
        2.7369638558036487e-05,
        7.654765945822148e-05,
        3.971417513527742e-05,
        1.670453926004914e-06,
        1.4379978845133277e-05,
        4.4755438786546974e-05
      ]
    },
    "num_results": 32
  },
  "denoising": {
    "metrics": {
      "mean": 4.526808004847525e-05,
      "std": 2.545147161264075e-05,
      "count": 32,
      "values": [
        2.553960788616381e-05,
        6.793887342310036e-05,
        6.693014247968483e-05,
        4.255369574256206e-05,
        2.7017474243537076e-05,
        1.745031003904502e-05,
        4.106430921046837e-05,
        6.205971978455308e-05,
        6.742589643389676e-05,
        7.615534938209146e-05,
        7.749435395701561e-05,
        4.448992793201485e-05,
        3.846525554871586e-05,
        9.290431602202343e-05,
        3.932024210648018e-05,
        1.5340366783251963e-05,
        4.329567011879297e-05,
        5.167153575208884e-05,
        2.043153056446634e-05,
        7.976101687068678e-05,
        9.724770710364036e-05,
        3.747236206047197e-05,
        8.766877298635326e-07,
        6.2900187907337e-05,
        1.242246836513465e-05,
        3.350711844021489e-05,
        2.905080268370626e-05,
        7.610297928368017e-05,
        4.152189941465743e-05,
        1.7397386677314242e-06,
        1.4030779924545709e-05,
        4.439623568958497e-05
      ]
    },
    "num_results": 32
  },
  "target_metric_score": 4.5785691018924423e-05,
  "timestamp": "2025-06-04T19:24:00.941251"
}