{
  "experiment_name": "candidate_q_net_0_neuron_34",
  "coalition_neurons": [
    "q_net.0_neuron_7",
    "q_net.0_neuron_4",
    "q_net.0_neuron_52",
    "q_net.0_neuron_16",
    "q_net.0_neuron_57",
    "q_net.0_neuron_20",
    "q_net.2_neuron_59",
    "q_net.2_neuron_62",
    "q_net.0_neuron_14",
    "q_net.2_neuron_15",
    "q_net.0_neuron_33",
    "q_net.0_neuron_29",
    "q_net.2_neuron_52",
    "q_net.2_neuron_48",
    "q_net.2_neuron_41",
    "q_net.0_neuron_59",
    "q_net.0_neuron_15",
    "q_net.0_neuron_58",
    "q_net.0_neuron_61",
    "q_net.2_neuron_55",
    "q_net.0_neuron_41",
    "q_net.0_neuron_55",
    "q_net.0_neuron_44",
    "q_net.2_neuron_45",
    "q_net.0_neuron_36",
    "q_net.2_neuron_1",
    "q_net.0_neuron_34"
  ],
  "patch_config": {
    "q_net.0": [
      7,
      4,
      52,
      16,
      57,
      20,
      14,
      33,
      29,
      59,
      15,
      58,
      61,
      41,
      55,
      44,
      36,
      34
    ],
    "q_net.2": [
      59,
      62,
      15,
      52,
      48,
      41,
      55,
      45,
      1
    ]
  },
  "noising": {
    "metrics": {
      "mean": 4.2545285627876806e-05,
      "std": 2.638826586886093e-05,
      "count": 32,
      "values": [
        2.055446668040075e-05,
        5.998962367149323e-05,
        5.6509348265721326e-05,
        3.4173363119024134e-05,
        2.3014452432813023e-05,
        1.8417602582460448e-05,
        3.478393016053229e-05,
        4.4185824684696805e-05,
        6.512293426244484e-05,
        7.684497472187327e-05,
        7.81922985094764e-05,
        3.5510123957217636e-05,
        3.8310895617696546e-05,
        9.55380509108926e-05,
        3.493684500916128e-05,
        1.6692991206180836e-05,
        3.617392822949654e-05,
        3.7788140277530014e-05,
        1.8780453542321165e-05,
        9.411206126113769e-05,
        9.80717793398466e-05,
        3.11590946207373e-05,
        1.1129100352796082e-06,
        6.244742812809318e-05,
        8.742141446011945e-06,
        3.9008877474765364e-05,
        2.83004097166523e-05,
        7.553003897782626e-05,
        3.859889894954874e-05,
        2.312526804295039e-06,
        1.177729591320337e-05,
        4.475542958322712e-05
      ]
    },
    "num_results": 32
  },
  "denoising": {
    "metrics": {
      "mean": 4.195774389915052e-05,
      "std": 2.5418774245156675e-05,
      "count": 32,
      "values": [
        2.0363181660708877e-05,
        5.9398244249752154e-05,
        6.0809511949839936e-05,
        3.454125549547365e-05,
        2.1375425238662226e-05,
        1.7290450195310385e-05,
        3.5000744397881535e-05,
        4.419007452375831e-05,
        6.518458183399632e-05,
        7.616429597700678e-05,
        7.744107367920242e-05,
        3.292252524928895e-05,
        3.808954552453179e-05,
        9.436336131144148e-05,
        3.61193394315781e-05,
        1.661431158572681e-05,
        3.683537825254521e-05,
        4.013169226585846e-05,
        1.8981225357139335e-05,
        8.076522981144603e-05,
        9.722211687111294e-05,
        3.137233198613148e-05,
        1.0831355777074026e-06,
        5.509557870798259e-05,
        8.562222504890262e-06,
        3.8225690348014886e-05,
        3.049405846933316e-05,
        7.503863035452914e-05,
        4.049104673301159e-05,
        2.3096498683486226e-06,
        1.174080251901956e-05,
        4.443109284158625e-05
      ]
    },
    "num_results": 32
  },
  "target_metric_score": 4.2545285627876806e-05,
  "timestamp": "2025-06-04T19:24:00.421305"
}