{
  "experiment_name": "candidate_q_net_2_neuron_2",
  "coalition_neurons": [
    "q_net.0_neuron_7",
    "q_net.0_neuron_4",
    "q_net.0_neuron_52",
    "q_net.0_neuron_16",
    "q_net.0_neuron_57",
    "q_net.0_neuron_20",
    "q_net.2_neuron_59",
    "q_net.2_neuron_62",
    "q_net.0_neuron_14",
    "q_net.2_neuron_15",
    "q_net.0_neuron_33",
    "q_net.0_neuron_29",
    "q_net.2_neuron_52",
    "q_net.2_neuron_48",
    "q_net.2_neuron_41",
    "q_net.0_neuron_59",
    "q_net.0_neuron_15",
    "q_net.0_neuron_58",
    "q_net.0_neuron_61",
    "q_net.2_neuron_55",
    "q_net.0_neuron_41",
    "q_net.0_neuron_55",
    "q_net.2_neuron_2"
  ],
  "patch_config": {
    "q_net.0": [
      7,
      4,
      52,
      16,
      57,
      20,
      14,
      33,
      29,
      59,
      15,
      58,
      61,
      41,
      55
    ],
    "q_net.2": [
      59,
      62,
      15,
      52,
      48,
      41,
      55,
      2
    ]
  },
  "noising": {
    "metrics": {
      "mean": 4.27530796100031e-05,
      "std": 2.3353390595442165e-05,
      "count": 32,
      "values": [
        2.5021926946635297e-05,
        5.861607913961115e-05,
        6.221788946257926e-05,
        4.3489361625255636e-05,
        2.513116326697889e-05,
        1.2501504579263837e-05,
        4.114454194349129e-05,
        6.600506044108253e-05,
        6.598445823729191e-05,
        6.726542355761222e-05,
        7.093454090306467e-05,
        5.2530169060161554e-05,
        3.625456593425372e-05,
        8.121363070473622e-05,
        3.8566825778771395e-05,
        1.6045528963771073e-05,
        4.251059438346882e-05,
        5.204348827437849e-05,
        2.137840180404995e-05,
        7.965359854585248e-05,
        8.576266152674741e-05,
        3.724304829868651e-05,
        7.953361856484064e-07,
        6.108326973982897e-05,
        1.3883612768044872e-05,
        3.1554616287736924e-05,
        2.0933617875191438e-05,
        6.577833831477231e-05,
        3.6179610118173004e-05,
        1.0389169105991768e-06,
        1.406331518429818e-05,
        4.127345075806161e-05
      ]
    },
    "num_results": 32
  },
  "denoising": {
    "metrics": {
      "mean": 4.2249340151154715e-05,
      "std": 2.2759112380999973e-05,
      "count": 32,
      "values": [
        2.508741197553531e-05,
        5.80386176023144e-05,
        6.937062295555674e-05,
        4.389367605614383e-05,
        2.4645931854545247e-05,
        1.2254172018378012e-05,
        4.1487705953184356e-05,
        6.676086468625263e-05,
        6.630194355190485e-05,
        6.68320902098903e-05,
        7.034355566945256e-05,
        5.010690997642349e-05,
        3.642271237315269e-05,
        8.053524057913378e-05,
        3.81125216012073e-05,
        1.6003050250932758e-05,
        4.281308675972966e-05,
        5.511521349147244e-05,
        2.212298959102443e-05,
        6.246652139475897e-05,
        8.524810317212905e-05,
        3.750965928930975e-05,
        7.810272305144655e-07,
        5.5625317770227134e-05,
        1.382431823261979e-05,
        2.998214045002803e-05,
        2.082713373795708e-05,
        6.550664066379839e-05,
        3.825714338124935e-05,
        1.0190319249561122e-06,
        1.3659613836973858e-05,
        4.102391659619429e-05
      ]
    },
    "num_results": 32
  },
  "target_metric_score": 4.27530796100031e-05,
  "timestamp": "2025-06-04T19:23:53.431809"
}