{
  "experiment_name": "candidate_q_net_2_neuron_0",
  "coalition_neurons": [
    "q_net.0_neuron_7",
    "q_net.0_neuron_4",
    "q_net.2_neuron_0"
  ],
  "patch_config": {
    "q_net.0": [
      7,
      4
    ],
    "q_net.2": [
      0
    ]
  },
  "noising": {
    "metrics": {
      "mean": 1.1110708382547887e-05,
      "std": 7.093432853532754e-06,
      "count": 32,
      "values": [
        7.914648699113122e-06,
        1.7569876309275246e-05,
        1.823273493447436e-05,
        1.482960863919444e-05,
        1.1009433635881518e-05,
        2.3236356258174266e-06,
        1.7369465111603897e-05,
        9.752211482389785e-06,
        1.0976575019459997e-05,
        2.4780307346484055e-05,
        2.156448868201018e-05,
        1.0652746991953311e-05,
        7.698788335149269e-06,
        1.45403381244919e-05,
        1.0440264350527811e-05,
        3.9694714996859086e-07,
        1.3033071523829579e-05,
        9.657640817199481e-06,
        8.221485024666251e-06,
        1.4876958713819363e-05,
        2.3003800289763993e-05,
        7.409757217277809e-06,
        6.348444931730444e-07,
        1.6706428398843268e-05,
        1.4600446633145536e-06,
        0.0,
        1.588303414254671e-06,
        2.2389087917194946e-05,
        1.274384026730014e-05,
        1.840815596617501e-06,
        4.151905292645625e-06,
        1.7772614173837268e-05
      ]
    },
    "num_results": 32
  },
  "denoising": {
    "metrics": {
      "mean": 1.1058102208347681e-05,
      "std": 7.150660182138372e-06,
      "count": 32,
      "values": [
        7.3525605523762924e-06,
        1.7490028270536896e-05,
        1.972525957047574e-05,
        1.490489470705892e-05,
        1.0700208708974571e-05,
        2.3241221775907985e-06,
        1.7382383010630404e-05,
        9.580353804811322e-06,
        1.063318554441839e-05,
        2.475078852360354e-05,
        2.1797043271817493e-05,
        9.260045766210892e-06,
        7.737166734521979e-06,
        1.435800902061207e-05,
        1.0445584404452117e-05,
        3.9572615272886113e-07,
        1.2624141400572491e-05,
        9.949620112577264e-06,
        9.418844118695485e-06,
        1.2300343160779063e-05,
        2.3037784299207668e-05,
        7.319725947128354e-06,
        6.361543395516493e-07,
        1.776342084520299e-05,
        1.437034192275225e-06,
        0.0,
        1.633138872494575e-06,
        2.233224015704238e-05,
        1.2894662902582926e-05,
        1.8377817071905988e-06,
        4.1281230860846715e-06,
        1.7708895304920167e-05
      ]
    },
    "num_results": 32
  },
  "target_metric_score": 1.1110708382547887e-05,
  "timestamp": "2025-06-04T19:23:18.695495"
}