{
  "experiment_name": "candidate_q_net_0_neuron_63",
  "coalition_neurons": [
    "q_net.0_neuron_7",
    "q_net.0_neuron_4",
    "q_net.0_neuron_52",
    "q_net.0_neuron_16",
    "q_net.0_neuron_57",
    "q_net.0_neuron_20",
    "q_net.2_neuron_59",
    "q_net.2_neuron_62",
    "q_net.0_neuron_14",
    "q_net.2_neuron_15",
    "q_net.0_neuron_33",
    "q_net.0_neuron_29",
    "q_net.2_neuron_52",
    "q_net.2_neuron_48",
    "q_net.2_neuron_41",
    "q_net.0_neuron_59",
    "q_net.0_neuron_15",
    "q_net.0_neuron_58",
    "q_net.0_neuron_61",
    "q_net.2_neuron_55",
    "q_net.0_neuron_41",
    "q_net.0_neuron_55",
    "q_net.0_neuron_63"
  ],
  "patch_config": {
    "q_net.0": [
      7,
      4,
      52,
      16,
      57,
      20,
      14,
      33,
      29,
      59,
      15,
      58,
      61,
      41,
      55,
      63
    ],
    "q_net.2": [
      59,
      62,
      15,
      52,
      48,
      41,
      55
    ]
  },
  "noising": {
    "metrics": {
      "mean": 4.245280845463133e-05,
      "std": 2.269472267149531e-05,
      "count": 32,
      "values": [
        2.5021926946635297e-05,
        5.636029432432195e-05,
        6.221788946257926e-05,
        4.3489361625255636e-05,
        2.513116326697889e-05,
        1.326741007081798e-05,
        4.114454194349129e-05,
        6.600506044108253e-05,
        6.598445823729191e-05,
        6.426097878763418e-05,
        7.249160397660814e-05,
        5.2530169060161554e-05,
        3.544812634234158e-05,
        7.731885785066387e-05,
        3.8566825778771395e-05,
        1.614860544842014e-05,
        4.251059438346882e-05,
        5.204348827437849e-05,
        2.137840180404995e-05,
        7.663276521211718e-05,
        8.580495032183314e-05,
        3.724304829868651e-05,
        8.026688849287786e-07,
        6.12556869670699e-05,
        1.3883612768044872e-05,
        3.4834454978474464e-05,
        2.257014124270977e-05,
        6.05872569817117e-05,
        3.606657627779801e-05,
        7.990810771442696e-07,
        1.406331518429818e-05,
        4.262655432843302e-05
      ]
    },
    "num_results": 32
  },
  "denoising": {
    "metrics": {
      "mean": 4.195009915356386e-05,
      "std": 2.2177549373749347e-05,
      "count": 32,
      "values": [
        2.508741197553531e-05,
        5.58387259246882e-05,
        6.937062295555674e-05,
        4.389367605614383e-05,
        2.4645931854545247e-05,
        1.3176150203761698e-05,
        4.1487705953184356e-05,
        6.676086468625263e-05,
        6.630194355190485e-05,
        6.38499295416297e-05,
        7.192484637565523e-05,
        5.010690997642349e-05,
        3.568790313501882e-05,
        7.656156351662459e-05,
        3.81125216012073e-05,
        1.6062346269238932e-05,
        4.281308675972966e-05,
        5.511521349147244e-05,
        2.212298959102443e-05,
        5.994849591731965e-05,
        8.528625730518254e-05,
        3.750965928930975e-05,
        7.881410453610527e-07,
        5.582259406334178e-05,
        1.382431823261979e-05,
        3.3361589585047865e-05,
        2.1563827057631633e-05,
        6.03058317837947e-05,
        3.825714338124935e-05,
        7.666975620469968e-07,
        1.3659613836973858e-05,
        4.2388660434567035e-05
      ]
    },
    "num_results": 32
  },
  "target_metric_score": 4.245280845463133e-05,
  "timestamp": "2025-06-04T19:23:54.363833"
}