{
  "experiment_name": "candidate_q_net_0_neuron_45",
  "coalition_neurons": [
    "q_net.0_neuron_7",
    "q_net.0_neuron_4",
    "q_net.0_neuron_52",
    "q_net.0_neuron_16",
    "q_net.0_neuron_57",
    "q_net.0_neuron_20",
    "q_net.2_neuron_59",
    "q_net.2_neuron_62",
    "q_net.0_neuron_14",
    "q_net.2_neuron_15",
    "q_net.0_neuron_33",
    "q_net.0_neuron_45"
  ],
  "patch_config": {
    "q_net.0": [
      7,
      4,
      52,
      16,
      57,
      20,
      14,
      33,
      45
    ],
    "q_net.2": [
      59,
      62,
      15
    ]
  },
  "noising": {
    "metrics": {
      "mean": 3.412158652417238e-05,
      "std": 2.0936744559429638e-05,
      "count": 32,
      "values": [
        1.981339336723563e-05,
        5.2491833908038105e-05,
        5.2517942541186564e-05,
        3.854324816464339e-05,
        2.4696291991070695e-05,
        1.650704446516161e-06,
        3.72727211689545e-05,
        5.1114506505438176e-05,
        3.728309851982277e-05,
        5.7287615964120254e-05,
        4.928840375645425e-05,
        4.682724104097271e-05,
        3.203401362602846e-05,
        6.680741459358873e-05,
        2.9706559327108504e-05,
        2.8782676629699694e-06,
        3.835221114242035e-05,
        5.266213538820822e-05,
        2.1939813667317667e-05,
        5.609623171626147e-05,
        7.550166102614144e-05,
        2.8724343535253133e-05,
        2.100619492764863e-06,
        5.9220762492421e-05,
        1.4420074655269502e-05,
        5.280536905292988e-06,
        4.2242514373406126e-06,
        5.7955507508108506e-05,
        2.644169778037069e-05,
        1.1221611115560696e-06,
        1.2710283383565507e-05,
        3.4925220947075084e-05
      ]
    },
    "num_results": 32
  },
  "denoising": {
    "metrics": {
      "mean": 3.372073147460541e-05,
      "std": 2.0535516069190107e-05,
      "count": 32,
      "values": [
        1.984296952863506e-05,
        5.202341386813909e-05,
        5.937193262526251e-05,
        3.843267667088092e-05,
        2.4075801220234177e-05,
        1.7707654980715117e-06,
        3.7365249355337735e-05,
        5.135943623857213e-05,
        3.749850866047091e-05,
        5.69861921379661e-05,
        4.909930996977851e-05,
        4.5330730899918606e-05,
        3.241082923189692e-05,
        6.639402300972293e-05,
        3.1458498863565524e-05,
        3.2053364650997806e-06,
        3.8491022320757094e-05,
        5.162240355369857e-05,
        2.1503640141273188e-05,
        4.149679650503052e-05,
        7.694582798074438e-05,
        2.88538119106725e-05,
        2.092418583866468e-06,
        5.288958005829434e-05,
        1.4340183288593451e-05,
        5.720280353878587e-06,
        4.6234838586404776e-06,
        5.750910282365375e-05,
        2.754099684445111e-05,
        1.193949853005156e-06,
        1.2887460413649751e-05,
        3.472677445361138e-05
      ]
    },
    "num_results": 32
  },
  "target_metric_score": 3.412158652417238e-05,
  "timestamp": "2025-06-04T19:23:34.371195"
}