{
  "experiment_name": "candidate_q_net_2_neuron_55",
  "coalition_neurons": [
    "q_net.0_neuron_7",
    "q_net.0_neuron_4",
    "q_net.0_neuron_52",
    "q_net.0_neuron_16",
    "q_net.0_neuron_57",
    "q_net.0_neuron_20",
    "q_net.2_neuron_59",
    "q_net.2_neuron_62",
    "q_net.0_neuron_14",
    "q_net.2_neuron_15",
    "q_net.0_neuron_33",
    "q_net.0_neuron_29",
    "q_net.2_neuron_52",
    "q_net.2_neuron_48",
    "q_net.2_neuron_41",
    "q_net.2_neuron_55"
  ],
  "patch_config": {
    "q_net.0": [
      7,
      4,
      52,
      16,
      57,
      20,
      14,
      33,
      29
    ],
    "q_net.2": [
      59,
      62,
      15,
      52,
      48,
      41,
      55
    ]
  },
  "noising": {
    "metrics": {
      "mean": 3.8860446742631404e-05,
      "std": 2.2202160789978176e-05,
      "count": 32,
      "values": [
        2.2137589824297783e-05,
        5.83092422536839e-05,
        5.742890367790702e-05,
        4.171605971692034e-05,
        2.51482030976341e-05,
        1.0222117139666292e-05,
        4.025633638203097e-05,
        6.417191303215251e-05,
        6.433687503119444e-05,
        6.12041619202832e-05,
        6.362359782275642e-05,
        5.056509009203846e-05,
        3.501244746478659e-05,
        7.420145589848295e-05,
        3.64543696004015e-05,
        4.813830259255196e-06,
        3.8986448324634763e-05,
        5.691024291513535e-05,
        2.5301855598271628e-05,
        6.138499100788713e-05,
        7.798370089224653e-05,
        3.708993148380548e-05,
        3.078886533128592e-06,
        6.007213806025083e-05,
        1.2627643784069212e-05,
        1.229216185253876e-05,
        1.4138254532221166e-05,
        5.6285504112745465e-05,
        2.6597846273389747e-05,
        1.2064028259297055e-06,
        1.3986164516070375e-05,
        3.598992983838863e-05
      ]
    },
    "num_results": 32
  },
  "denoising": {
    "metrics": {
      "mean": 3.867700497132532e-05,
      "std": 2.19664150173139e-05,
      "count": 32,
      "values": [
        2.212921868478948e-05,
        5.767102573737851e-05,
        6.504611528255762e-05,
        4.158868654956173e-05,
        2.456006815529149e-05,
        1.0301285033753214e-05,
        4.049553372207672e-05,
        6.475049360733201e-05,
        6.479743890340625e-05,
        6.078710374848406e-05,
        6.313224712135596e-05,
        4.805570135202938e-05,
        3.5514972605799066e-05,
        7.348086396539977e-05,
        3.7507378297019786e-05,
        5.190867512927131e-06,
        3.926920983029743e-05,
        6.024816654287058e-05,
        2.642649872684668e-05,
        4.748777467209432e-05,
        7.947958362804542e-05,
        3.73332749739573e-05,
        3.05869312826073e-06,
        5.425436840828207e-05,
        1.2626339506883934e-05,
        1.2765250416385521e-05,
        1.4793582026219896e-05,
        5.5841975995189774e-05,
        2.7897157573042648e-05,
        1.2252312387159086e-06,
        1.4186355141092711e-05,
        3.576169699506327e-05
      ]
    },
    "num_results": 32
  },
  "target_metric_score": 3.8860446742631404e-05,
  "timestamp": "2025-06-04T19:23:41.006319"
}