{
  "experiment_name": "candidate_q_net_0_neuron_8",
  "coalition_neurons": [
    "q_net.0_neuron_7",
    "q_net.0_neuron_4",
    "q_net.0_neuron_52",
    "q_net.0_neuron_16",
    "q_net.0_neuron_57",
    "q_net.0_neuron_20",
    "q_net.2_neuron_59",
    "q_net.2_neuron_62",
    "q_net.0_neuron_14",
    "q_net.2_neuron_15",
    "q_net.0_neuron_33",
    "q_net.0_neuron_29",
    "q_net.2_neuron_52",
    "q_net.2_neuron_48",
    "q_net.2_neuron_41",
    "q_net.0_neuron_59",
    "q_net.0_neuron_15",
    "q_net.0_neuron_58",
    "q_net.0_neuron_61",
    "q_net.2_neuron_55",
    "q_net.0_neuron_41",
    "q_net.0_neuron_55",
    "q_net.0_neuron_44",
    "q_net.2_neuron_45",
    "q_net.0_neuron_8"
  ],
  "patch_config": {
    "q_net.0": [
      7,
      4,
      52,
      16,
      57,
      20,
      14,
      33,
      29,
      59,
      15,
      58,
      61,
      41,
      55,
      44,
      8
    ],
    "q_net.2": [
      59,
      62,
      15,
      52,
      48,
      41,
      55,
      45
    ]
  },
  "noising": {
    "metrics": {
      "mean": 4.3824380553218175e-05,
      "std": 2.5672208158682905e-05,
      "count": 32,
      "values": [
        2.3253295323899222e-05,
        6.326011879616766e-05,
        5.998598624702711e-05,
        4.1817485538313964e-05,
        2.3671251411657617e-05,
        1.5637071319207687e-05,
        4.0827287942719805e-05,
        6.217969175810337e-05,
        6.56903105890667e-05,
        7.259212275471558e-05,
        7.92634514057409e-05,
        4.7385577691766e-05,
        3.6355880384271845e-05,
        9.185500425856169e-05,
        3.549395676478648e-05,
        1.6574390156276638e-05,
        3.965468611972253e-05,
        4.985585612579061e-05,
        1.83844080581723e-05,
        8.576899152820086e-05,
        9.512737710395752e-05,
        3.8172874479725015e-05,
        5.744032990884321e-07,
        6.56525982002693e-05,
        1.0879331364635914e-05,
        3.444782543943431e-05,
        2.2618459110369154e-05,
        7.09890604130561e-05,
        3.552504627044625e-05,
        6.169951627354162e-07,
        1.2874712735936526e-05,
        4.5394669949159116e-05
      ]
    },
    "num_results": 32
  },
  "denoising": {
    "metrics": {
      "mean": 4.3346058221909466e-05,
      "std": 2.4955568183231456e-05,
      "count": 32,
      "values": [
        2.335474287307399e-05,
        6.257880306206757e-05,
        6.677699180012374e-05,
        4.218809630117176e-05,
        2.3605582914653072e-05,
        1.4486602255913295e-05,
        4.1160687819562745e-05,
        6.353457147338301e-05,
        6.601703946559412e-05,
        7.204849459572051e-05,
        7.853322654272077e-05,
        4.617874676320836e-05,
        3.6189434094405985e-05,
        9.082577590254469e-05,
        3.564776087540194e-05,
        1.6585099396841077e-05,
        3.99766562754133e-05,
        5.255052231549983e-05,
        1.7113896355923103e-05,
        6.918522792471852e-05,
        9.443925464567822e-05,
        3.847315610524204e-05,
        5.569018927135196e-07,
        6.0489162763919906e-05,
        1.0877334425399873e-05,
        3.380352007747111e-05,
        2.3414463219682043e-05,
        7.058827973054527e-05,
        3.7693153339578766e-05,
        6.307196764027264e-07,
        1.24596185327917e-05,
        4.511033968373633e-05
      ]
    },
    "num_results": 32
  },
  "target_metric_score": 4.3824380553218175e-05,
  "timestamp": "2025-06-04T19:23:57.632296"
}