{
  "experiment_name": "candidate_q_net_0_neuron_56",
  "coalition_neurons": [
    "q_net.0_neuron_7",
    "q_net.0_neuron_4",
    "q_net.0_neuron_52",
    "q_net.0_neuron_16",
    "q_net.0_neuron_57",
    "q_net.0_neuron_20",
    "q_net.2_neuron_59",
    "q_net.0_neuron_56"
  ],
  "patch_config": {
    "q_net.0": [
      7,
      4,
      52,
      16,
      57,
      20,
      56
    ],
    "q_net.2": [
      59
    ]
  },
  "noising": {
    "metrics": {
      "mean": 2.5162861139584852e-05,
      "std": 2.1111470554623236e-05,
      "count": 32,
      "values": [
        6.526220496044571e-06,
        5.387932159581026e-05,
        3.410295613867219e-05,
        1.9392532564194804e-05,
        1.0175432344970876e-05,
        6.481718006318376e-07,
        2.3077060014130854e-05,
        1.9150728884195084e-05,
        2.4310684874209038e-05,
        5.5297042293547295e-05,
        4.578552035639188e-05,
        1.8987056732603898e-05,
        3.210034111222643e-05,
        5.9792385838106446e-05,
        1.669684089854466e-05,
        5.890655948164857e-06,
        1.8609447287460702e-05,
        2.115328521199106e-05,
        1.116431718088597e-05,
        4.8588437464842796e-05,
        7.555121667488722e-05,
        1.261669666125008e-05,
        2.9133431421483533e-06,
        6.0708053068416444e-05,
        7.752004467867567e-06,
        1.051234936927972e-06,
        3.360456434668688e-07,
        5.9169115061750033e-05,
        1.6350607120253855e-05,
        1.8971569805399213e-06,
        5.361259905844627e-06,
        3.6176383765736814e-05
      ]
    },
    "num_results": 32
  },
  "denoising": {
    "metrics": {
      "mean": 2.4665453175174424e-05,
      "std": 2.0680813082565217e-05,
      "count": 32,
      "values": [
        5.98493807845281e-06,
        5.3461010188214295e-05,
        3.8199105956926655e-05,
        1.928424399477366e-05,
        9.346875221776917e-06,
        6.944048106438585e-07,
        2.3105507194392865e-05,
        1.8918936612926686e-05,
        2.4104408841833704e-05,
        5.501696911416388e-05,
        4.559920133373908e-05,
        1.6912144766872104e-05,
        3.266622828263055e-05,
        5.950088586106206e-05,
        1.5740876843791784e-05,
        6.3964275174579425e-06,
        1.8030556038153714e-05,
        2.1794677684822215e-05,
        1.1714033739928294e-05,
        3.7856244708237355e-05,
        7.733430645968226e-05,
        1.2630993029392242e-05,
        2.8870001294954825e-06,
        5.420431358674595e-05,
        7.729997456694328e-06,
        1.0031532926330804e-06,
        2.538685101046642e-07,
        5.8655093337424175e-05,
        1.7335949990228026e-05,
        1.971775903520035e-06,
        5.002455357060696e-06,
        3.595791776180024e-05
      ]
    },
    "num_results": 32
  },
  "target_metric_score": 2.5162861139584852e-05,
  "timestamp": "2025-06-04T19:23:28.178305"
}