{
  "experiment_name": "candidate_q_net_0_neuron_56",
  "coalition_neurons": [
    "q_net.0_neuron_7",
    "q_net.0_neuron_4",
    "q_net.0_neuron_52",
    "q_net.0_neuron_16",
    "q_net.0_neuron_57",
    "q_net.0_neuron_20",
    "q_net.2_neuron_59",
    "q_net.2_neuron_62",
    "q_net.0_neuron_14",
    "q_net.0_neuron_56"
  ],
  "patch_config": {
    "q_net.0": [
      7,
      4,
      52,
      16,
      57,
      20,
      14,
      56
    ],
    "q_net.2": [
      59,
      62
    ]
  },
  "noising": {
    "metrics": {
      "mean": 2.912295689137045e-05,
      "std": 2.042725868829207e-05,
      "count": 32,
      "values": [
        1.0202001664189899e-05,
        5.332051699828374e-05,
        4.4746797438937605e-05,
        2.7259504802389523e-05,
        1.6303928465103367e-05,
        9.73718208297392e-07,
        2.896926851026849e-05,
        3.3058321967292977e-05,
        3.416441470171854e-05,
        5.589241580564175e-05,
        4.714070950876336e-05,
        3.251045596704789e-05,
        3.155973834404846e-05,
        5.8982718525681186e-05,
        2.0970321385731325e-05,
        4.529122606060514e-06,
        3.120996253778161e-05,
        3.594281062219867e-05,
        1.5141721668691585e-05,
        4.912376442499822e-05,
        7.53647075792476e-05,
        2.3281791615968302e-05,
        2.4806439167130832e-06,
        6.0392890851422836e-05,
        1.071840224422518e-05,
        1.6150565291603376e-06,
        1.279847693078139e-06,
        5.859783386948591e-05,
        1.9266480778211935e-05,
        1.6866041817694175e-06,
        9.166623300127779e-06,
        3.608152381131787e-05
      ]
    },
    "num_results": 32
  },
  "denoising": {
    "metrics": {
      "mean": 2.8696424408078184e-05,
      "std": 2.0080624723777183e-05,
      "count": 32,
      "values": [
        9.942395974970567e-06,
        5.288981677734777e-05,
        5.0200713597123693e-05,
        2.6714296979962488e-05,
        1.5029236969495738e-05,
        9.79332950735252e-07,
        2.901940912522342e-05,
        3.284143773765117e-05,
        3.437051087496314e-05,
        5.561457869634101e-05,
        4.698018576870886e-05,
        2.950374700556955e-05,
        3.213821452339053e-05,
        5.876448362751813e-05,
        2.0956413517005936e-05,
        5.018676137651915e-06,
        3.075500060534513e-05,
        3.766421672412408e-05,
        1.5776091057983534e-05,
        3.712172966018317e-05,
        7.72146436823831e-05,
        2.3387173606648844e-05,
        2.4570177534061945e-06,
        5.366833437771951e-05,
        1.0679492084781543e-05,
        1.9089263072212495e-06,
        1.4501317211415435e-06,
        5.813563454137329e-05,
        2.045240991003453e-05,
        1.7432611091327827e-06,
        9.05588346161799e-06,
        3.585218419174623e-05
      ]
    },
    "num_results": 32
  },
  "target_metric_score": 2.912295689137045e-05,
  "timestamp": "2025-06-04T19:23:31.470206"
}