{
  "experiment_name": "candidate_q_net_0_neuron_47",
  "coalition_neurons": [
    "q_net.0_neuron_7",
    "q_net.0_neuron_4",
    "q_net.0_neuron_52",
    "q_net.0_neuron_16",
    "q_net.0_neuron_57",
    "q_net.0_neuron_20",
    "q_net.2_neuron_59",
    "q_net.2_neuron_62",
    "q_net.0_neuron_14",
    "q_net.2_neuron_15",
    "q_net.0_neuron_33",
    "q_net.0_neuron_29",
    "q_net.2_neuron_52",
    "q_net.2_neuron_48",
    "q_net.2_neuron_41",
    "q_net.0_neuron_59",
    "q_net.0_neuron_15",
    "q_net.0_neuron_58",
    "q_net.0_neuron_61",
    "q_net.2_neuron_55",
    "q_net.0_neuron_41",
    "q_net.0_neuron_55",
    "q_net.0_neuron_44",
    "q_net.0_neuron_47"
  ],
  "patch_config": {
    "q_net.0": [
      7,
      4,
      52,
      16,
      57,
      20,
      14,
      33,
      29,
      59,
      15,
      58,
      61,
      41,
      55,
      44,
      47
    ],
    "q_net.2": [
      59,
      62,
      15,
      52,
      48,
      41,
      55
    ]
  },
  "noising": {
    "metrics": {
      "mean": 3.851398531369593e-05,
      "std": 2.033193617847325e-05,
      "count": 32,
      "values": [
        2.4565472366689864e-05,
        3.7602821326480375e-05,
        6.004774206876606e-05,
        4.167881166910656e-05,
        2.376244773455666e-05,
        1.2246405031766418e-05,
        4.006948762279457e-05,
        6.582520587087724e-05,
        6.547089485097124e-05,
        5.738793525807503e-05,
        5.6880951440186874e-05,
        5.0315127918943445e-05,
        3.026982870134304e-05,
        7.304622738943292e-05,
        3.4097853258933746e-05,
        1.4915591597358885e-05,
        4.059931609100146e-05,
        5.025280341697442e-05,
        2.0600601789813144e-05,
        6.021826040395937e-05,
        7.694387415546546e-05,
        4.338751925776302e-05,
        5.773158389056794e-07,
        4.268974865729479e-05,
        1.2473406399175313e-05,
        3.37869130795556e-05,
        1.8517899290180313e-05,
        6.13545022647554e-05,
        3.3081958778051e-05,
        2.0575120631910818e-06,
        1.371934136396068e-05,
        3.400375308194024e-05
      ]
    },
    "num_results": 32
  },
  "denoising": {
    "metrics": {
      "mean": 3.856450307830995e-05,
      "std": 2.0285532000446385e-05,
      "count": 32,
      "values": [
        2.4711195136221378e-05,
        3.7204038978967886e-05,
        6.707078732208981e-05,
        4.21199715189616e-05,
        2.381798197811794e-05,
        1.1888682036148958e-05,
        4.039070091553781e-05,
        6.656680582601887e-05,
        6.5789015589969e-05,
        5.699109128341523e-05,
        5.637552541719933e-05,
        4.783957421248121e-05,
        3.0176379919538135e-05,
        7.231889138279953e-05,
        3.579904060862458e-05,
        1.5093369453109042e-05,
        4.093026056856011e-05,
        5.296780723563024e-05,
        2.0521407568238777e-05,
        5.2492690780039206e-05,
        7.646170069170908e-05,
        4.361393482752063e-05,
        5.777678656641513e-07,
        4.0360393281660195e-05,
        1.2415087643004178e-05,
        3.4023633208104e-05,
        2.0045393966387944e-05,
        6.093802709465938e-05,
        3.520434199888185e-05,
        2.2114571211322978e-06,
        1.3337051980507746e-05,
        3.381009109501847e-05
      ]
    },
    "num_results": 32
  },
  "target_metric_score": 3.856450307830995e-05,
  "timestamp": "2025-06-04T19:23:54.723538"
}