{
  "experiment_name": "candidate_q_net_2_neuron_39",
  "coalition_neurons": [
    "q_net.0_neuron_7",
    "q_net.0_neuron_4",
    "q_net.0_neuron_52",
    "q_net.0_neuron_16",
    "q_net.0_neuron_57",
    "q_net.0_neuron_20",
    "q_net.2_neuron_59",
    "q_net.2_neuron_62",
    "q_net.0_neuron_14",
    "q_net.2_neuron_15",
    "q_net.0_neuron_33",
    "q_net.0_neuron_29",
    "q_net.2_neuron_52",
    "q_net.2_neuron_48",
    "q_net.2_neuron_41",
    "q_net.0_neuron_59",
    "q_net.0_neuron_15",
    "q_net.0_neuron_58",
    "q_net.0_neuron_61",
    "q_net.2_neuron_55",
    "q_net.0_neuron_41",
    "q_net.0_neuron_55",
    "q_net.0_neuron_44",
    "q_net.2_neuron_45",
    "q_net.2_neuron_39"
  ],
  "patch_config": {
    "q_net.0": [
      7,
      4,
      52,
      16,
      57,
      20,
      14,
      33,
      29,
      59,
      15,
      58,
      61,
      41,
      55,
      44
    ],
    "q_net.2": [
      59,
      62,
      15,
      52,
      48,
      41,
      55,
      45,
      39
    ]
  },
  "noising": {
    "metrics": {
      "mean": 3.994319160767086e-05,
      "std": 2.1029211122470744e-05,
      "count": 32,
      "values": [
        2.5525940166576735e-05,
        4.2432062575506425e-05,
        6.096691989187857e-05,
        4.182144429596714e-05,
        2.3951829186180033e-05,
        1.2905893309717118e-05,
        4.0794613641184554e-05,
        6.170897357799226e-05,
        6.861757049000841e-05,
        5.7662119344489685e-05,
        6.003220720758823e-05,
        4.735865132154786e-05,
        3.648442628200203e-05,
        7.564473915659906e-05,
        3.5723372958460864e-05,
        1.5553373432207972e-05,
        3.970933009982635e-05,
        4.868219913352085e-05,
        2.1331181979606924e-05,
        6.857401271115641e-05,
        8.31046342161636e-05,
        3.634813352536325e-05,
        4.489292136513836e-07,
        4.9745225315584785e-05,
        1.3115210281686661e-05,
        3.7320882816480484e-05,
        2.0324972449441234e-05,
        6.112681633613009e-05,
        3.982491434269698e-05,
        6.015025634913411e-07,
        1.4658254339170812e-05,
        3.60817952835894e-05
      ]
    },
    "num_results": 32
  },
  "denoising": {
    "metrics": {
      "mean": 3.957833476791721e-05,
      "std": 2.0727824155309763e-05,
      "count": 32,
      "values": [
        2.5622599979644844e-05,
        4.204427868879706e-05,
        6.762671792473994e-05,
        4.219180567048542e-05,
        2.3905882318052017e-05,
        1.2223009503716832e-05,
        4.112657237865711e-05,
        6.232800557012981e-05,
        6.893389787635017e-05,
        5.7288985499828944e-05,
        5.950361609089404e-05,
        4.4972368186160057e-05,
        3.632856242176809e-05,
        7.484914483722595e-05,
        3.584558620081278e-05,
        1.5493899591952033e-05,
        4.0028033532168474e-05,
        5.113313013905413e-05,
        2.126538067648298e-05,
        5.427332214146391e-05,
        8.257670648504582e-05,
        3.661344408759765e-05,
        4.2959196386541e-07,
        4.5174184646063886e-05,
        1.3111181314764638e-05,
        3.656003128250994e-05,
        2.1173504756106035e-05,
        6.084631754066415e-05,
        4.2336257290463914e-05,
        6.351868146316046e-07,
        1.417999231873623e-05,
        3.588551484451667e-05
      ]
    },
    "num_results": 32
  },
  "target_metric_score": 3.994319160767086e-05,
  "timestamp": "2025-06-04T19:23:56.944879"
}