{
  "experiment_name": "candidate_q_net_2_neuron_45",
  "coalition_neurons": [
    "q_net.2_neuron_21",
    "q_net.2_neuron_30",
    "q_net.0_neuron_24",
    "q_net.0_neuron_2",
    "q_net.2_neuron_36",
    "q_net.2_neuron_15",
    "q_net.2_neuron_43",
    "q_net.2_neuron_13",
    "q_net.0_neuron_18",
    "q_net.0_neuron_46",
    "q_net.2_neuron_6",
    "q_net.0_neuron_27",
    "q_net.2_neuron_19",
    "q_net.2_neuron_45"
  ],
  "patch_config": {
    "q_net.2": [
      21,
      30,
      36,
      15,
      43,
      13,
      6,
      19,
      45
    ],
    "q_net.0": [
      24,
      2,
      18,
      46,
      27
    ]
  },
  "noising": {
    "metrics": {
      "mean": 0.9053670119129652,
      "std": 0.06981543892739739,
      "count": 6,
      "values": [
        0.9987569547917807,
        0.8607919847538338,
        0.9538943007840017,
        0.7852876977218822,
        0.9441593799084508,
        0.8893117535178419
      ]
    },
    "num_results": 6
  },
  "denoising": {
    "metrics": {
      "mean": 0.8777440023984521,
      "std": 0.08857084150445338,
      "count": 6,
      "values": [
        0.9981846714483734,
        0.8638072722887044,
        0.8843172028328057,
        0.7198350515245617,
        0.9566629487313502,
        0.8436568675649166
      ]
    },
    "num_results": 6
  },
  "target_metric_score": 0.9053670119129652,
  "timestamp": "2025-05-31T15:21:05.088995"
}