{
  "experiment_name": "candidate_q_net_2_neuron_43",
  "coalition_neurons": [
    "q_net.2_neuron_21",
    "q_net.2_neuron_30",
    "q_net.2_neuron_57",
    "q_net.0_neuron_2",
    "q_net.2_neuron_6",
    "q_net.2_neuron_13",
    "q_net.0_neuron_9",
    "q_net.0_neuron_27",
    "q_net.0_neuron_54",
    "q_net.2_neuron_43"
  ],
  "patch_config": {
    "q_net.2": [
      21,
      30,
      57,
      6,
      13,
      43
    ],
    "q_net.0": [
      2,
      9,
      27,
      54
    ]
  },
  "noising": {
    "metrics": {
      "mean": 0.8915292135042502,
      "std": 0.042862165969688476,
      "count": 6,
      "values": [
        0.8336058203807313,
        0.8699417604833718,
        0.9380731935713198,
        0.8487689454890001,
        0.9163587479694276,
        0.9424268131316506
      ]
    },
    "num_results": 6
  },
  "denoising": {
    "metrics": {
      "mean": 0.9002917072328204,
      "std": 0.07185994057029764,
      "count": 6,
      "values": [
        0.9752796336642603,
        0.9240552924014839,
        0.8496255971390153,
        0.768142486101742,
        0.9671366682431474,
        0.917510565847273
      ]
    },
    "num_results": 6
  },
  "target_metric_score": 0.8959104603685353,
  "timestamp": "2025-05-30T23:15:21.860244"
}