{
  "experiment_name": "candidate_q_net_0_neuron_26",
  "coalition_neurons": [
    "q_net.2_neuron_21",
    "q_net.2_neuron_30",
    "q_net.0_neuron_24",
    "q_net.0_neuron_2",
    "q_net.2_neuron_36",
    "q_net.2_neuron_15",
    "q_net.2_neuron_43",
    "q_net.2_neuron_13",
    "q_net.0_neuron_18",
    "q_net.0_neuron_46",
    "q_net.0_neuron_26"
  ],
  "patch_config": {
    "q_net.2": [
      21,
      30,
      36,
      15,
      43,
      13
    ],
    "q_net.0": [
      24,
      2,
      18,
      46,
      26
    ]
  },
  "noising": {
    "metrics": {
      "mean": 0.7537844707230655,
      "std": 0.09207313917679855,
      "count": 6,
      "values": [
        0.6531284002015609,
        0.7553290029954725,
        0.7915348808193952,
        0.9188532846208863,
        0.7597246535326043,
        0.6441366021684745
      ]
    },
    "num_results": 6
  },
  "denoising": {
    "metrics": {
      "mean": 0.7438993660375054,
      "std": 0.09715210184001634,
      "count": 6,
      "values": [
        0.5833821477425184,
        0.7630600904060958,
        0.7940155157948545,
        0.863985587232106,
        0.8105625031669792,
        0.648390351882478
      ]
    },
    "num_results": 6
  },
  "target_metric_score": 0.7537844707230655,
  "timestamp": "2025-05-30T22:48:03.611918"
}