{
  "experiment_name": "candidate_q_net_0_neuron_16",
  "coalition_neurons": [
    "q_net.2_neuron_21",
    "q_net.2_neuron_30",
    "q_net.0_neuron_24",
    "q_net.2_neuron_13",
    "q_net.0_neuron_47",
    "q_net.0_neuron_46",
    "q_net.0_neuron_20",
    "q_net.0_neuron_9",
    "q_net.0_neuron_2",
    "q_net.2_neuron_6",
    "q_net.2_neuron_43",
    "q_net.2_neuron_52",
    "q_net.2_neuron_27",
    "q_net.0_neuron_27",
    "q_net.0_neuron_60",
    "q_net.2_neuron_19",
    "q_net.2_neuron_35",
    "q_net.2_neuron_36",
    "q_net.0_neuron_13",
    "q_net.2_neuron_38",
    "q_net.2_neuron_15",
    "q_net.2_neuron_55",
    "q_net.2_neuron_23",
    "q_net.0_neuron_17",
    "q_net.2_neuron_1",
    "q_net.0_neuron_44",
    "q_net.0_neuron_16"
  ],
  "patch_config": {
    "q_net.2": [
      21,
      30,
      13,
      6,
      43,
      52,
      27,
      19,
      35,
      36,
      38,
      15,
      55,
      23,
      1
    ],
    "q_net.0": [
      24,
      47,
      46,
      20,
      9,
      2,
      27,
      60,
      13,
      17,
      44,
      16
    ]
  },
  "noising": {
    "metrics": {
      "mean": 0.8698675182163869,
      "std": 0.14160397412643286,
      "count": 6,
      "values": [
        0.9469482871637475,
        0.9388469818551265,
        0.9706253255985644,
        0.5664629016137861,
        0.9520263063138389,
        0.8442953067532573
      ]
    },
    "num_results": 6
  },
  "denoising": {
    "metrics": {
      "mean": 0.8788734893123903,
      "std": 0.16783446319084108,
      "count": 6,
      "values": [
        0.9212035797304193,
        0.935397293790065,
        0.942151495341759,
        0.507570343032603,
        0.9952325514611728,
        0.971685672518323
      ]
    },
    "num_results": 6
  },
  "target_metric_score": 0.8788734893123903,
  "timestamp": "2025-05-30T17:14:18.429249"
}