{
  "experiment_name": "candidate_q_net_0_neuron_18",
  "coalition_neurons": [
    "q_net.2_neuron_21",
    "q_net.2_neuron_30",
    "q_net.0_neuron_24",
    "q_net.0_neuron_2",
    "q_net.2_neuron_36",
    "q_net.2_neuron_15",
    "q_net.2_neuron_43",
    "q_net.2_neuron_13",
    "q_net.0_neuron_18"
  ],
  "patch_config": {
    "q_net.2": [
      21,
      30,
      36,
      15,
      43,
      13
    ],
    "q_net.0": [
      24,
      2,
      18
    ]
  },
  "noising": {
    "metrics": {
      "mean": 0.920598893590917,
      "std": 0.036377021840209335,
      "count": 6,
      "values": [
        0.9289990614961825,
        0.9289904242506237,
        0.9892570976325716,
        0.8998396168643031,
        0.8714993183675773,
        0.9050078429342439
      ]
    },
    "num_results": 6
  },
  "denoising": {
    "metrics": {
      "mean": 0.9188294132662899,
      "std": 0.06907178287021795,
      "count": 6,
      "values": [
        0.8153242304261172,
        0.9743852210352525,
        0.9827790186601073,
        0.8476299853923358,
        0.9009135739092593,
        0.9919444501746676
      ]
    },
    "num_results": 6
  },
  "target_metric_score": 0.920598893590917,
  "timestamp": "2025-05-31T15:21:03.311465"
}