{
  "experiment_name": "candidate_q_net_2_neuron_1",
  "coalition_neurons": [
    "q_net.2_neuron_21",
    "q_net.2_neuron_30",
    "q_net.0_neuron_24",
    "q_net.0_neuron_2",
    "q_net.2_neuron_36",
    "q_net.2_neuron_15",
    "q_net.2_neuron_43",
    "q_net.2_neuron_13",
    "q_net.0_neuron_18",
    "q_net.0_neuron_46",
    "q_net.2_neuron_6",
    "q_net.0_neuron_27",
    "q_net.2_neuron_19",
    "q_net.0_neuron_20",
    "q_net.2_neuron_1"
  ],
  "patch_config": {
    "q_net.2": [
      21,
      30,
      36,
      15,
      43,
      13,
      6,
      19,
      1
    ],
    "q_net.0": [
      24,
      2,
      18,
      46,
      27,
      20
    ]
  },
  "noising": {
    "metrics": {
      "mean": 0.9092585467768121,
      "std": 0.05861977492709728,
      "count": 6,
      "values": [
        0.9424960488275269,
        0.8760476419352881,
        0.9132932053476981,
        0.7990361628612053,
        0.9797980252256314,
        0.9448801964635227
      ]
    },
    "num_results": 6
  },
  "denoising": {
    "metrics": {
      "mean": 0.8840892763328235,
      "std": 0.08619945988262546,
      "count": 6,
      "values": [
        0.9749661603079955,
        0.8818666349737078,
        0.8558876824342894,
        0.7294062206189221,
        0.9910236686583894,
        0.8713852910036362
      ]
    },
    "num_results": 6
  },
  "target_metric_score": 0.9092585467768121,
  "timestamp": "2025-05-30T22:48:04.772281"
}