{
  "experiment_name": "candidate_q_net_2_neuron_16",
  "coalition_neurons": [
    "q_net.2_neuron_21",
    "q_net.2_neuron_30",
    "q_net.0_neuron_24",
    "q_net.0_neuron_2",
    "q_net.2_neuron_36",
    "q_net.2_neuron_15",
    "q_net.2_neuron_43",
    "q_net.2_neuron_13",
    "q_net.0_neuron_18",
    "q_net.0_neuron_46",
    "q_net.2_neuron_6",
    "q_net.0_neuron_27",
    "q_net.2_neuron_19",
    "q_net.0_neuron_20",
    "q_net.0_neuron_62",
    "q_net.2_neuron_55",
    "q_net.0_neuron_8",
    "q_net.0_neuron_47",
    "q_net.0_neuron_56",
    "q_net.0_neuron_9",
    "q_net.2_neuron_27",
    "q_net.2_neuron_38",
    "q_net.2_neuron_16"
  ],
  "patch_config": {
    "q_net.2": [
      21,
      30,
      36,
      15,
      43,
      13,
      6,
      19,
      55,
      27,
      38,
      16
    ],
    "q_net.0": [
      24,
      2,
      18,
      46,
      27,
      20,
      62,
      8,
      47,
      56,
      9
    ]
  },
  "noising": {
    "metrics": {
      "mean": 0.8860213609342567,
      "std": 0.13424121787975807,
      "count": 6,
      "values": [
        0.9850866862874881,
        0.9890297559616097,
        0.956782243307547,
        0.6101441101485696,
        0.9448993345417882,
        0.8301860353585372
      ]
    },
    "num_results": 6
  },
  "denoising": {
    "metrics": {
      "mean": 0.85763836753756,
      "std": 0.14304443378632398,
      "count": 6,
      "values": [
        0.973095762403844,
        0.8997208849148082,
        0.9956755010094457,
        0.5873236332939684,
        0.9322583263177838,
        0.7577560972855091
      ]
    },
    "num_results": 6
  },
  "target_metric_score": 0.8860213609342567,
  "timestamp": "2025-05-30T22:48:07.676888"
}