{
  "experiment_name": "candidate_q_net_2_neuron_1",
  "coalition_neurons": [
    "q_net.2_neuron_21",
    "q_net.2_neuron_30",
    "q_net.0_neuron_24",
    "q_net.2_neuron_13",
    "q_net.0_neuron_47",
    "q_net.0_neuron_46",
    "q_net.0_neuron_20",
    "q_net.0_neuron_9",
    "q_net.0_neuron_2",
    "q_net.2_neuron_6",
    "q_net.2_neuron_43",
    "q_net.2_neuron_52",
    "q_net.2_neuron_1"
  ],
  "patch_config": {
    "q_net.2": [
      21,
      30,
      13,
      6,
      43,
      52,
      1
    ],
    "q_net.0": [
      24,
      47,
      46,
      20,
      9,
      2
    ]
  },
  "noising": {
    "metrics": {
      "mean": 0.9127491799474421,
      "std": 0.031163504111055944,
      "count": 6,
      "values": [
        0.9617379640374626,
        0.8767156489156385,
        0.9315203296868874,
        0.9001290926668223,
        0.8764143186040976,
        0.9299777257737443
      ]
    },
    "num_results": 6
  },
  "denoising": {
    "metrics": {
      "mean": 0.8724582582901935,
      "std": 0.0727070906582459,
      "count": 6,
      "values": [
        0.8243049565631743,
        0.9152710241596844,
        0.9782215195334906,
        0.8053619134097335,
        0.9310384799065566,
        0.7805516561685212
      ]
    },
    "num_results": 6
  },
  "target_metric_score": 0.9127491799474421,
  "timestamp": "2025-05-30T17:14:16.432809"
}