{
  "experiment_name": "candidate_q_net_0_neuron_42",
  "coalition_neurons": [
    "q_net.2_neuron_21",
    "q_net.2_neuron_30",
    "q_net.0_neuron_24",
    "q_net.0_neuron_2",
    "q_net.2_neuron_36",
    "q_net.2_neuron_15",
    "q_net.2_neuron_43",
    "q_net.2_neuron_13",
    "q_net.0_neuron_18",
    "q_net.0_neuron_46",
    "q_net.2_neuron_6",
    "q_net.0_neuron_27",
    "q_net.2_neuron_19",
    "q_net.0_neuron_20",
    "q_net.0_neuron_62",
    "q_net.2_neuron_55",
    "q_net.0_neuron_8",
    "q_net.0_neuron_47",
    "q_net.0_neuron_56",
    "q_net.0_neuron_9",
    "q_net.2_neuron_27",
    "q_net.2_neuron_38",
    "q_net.2_neuron_41",
    "q_net.2_neuron_57",
    "q_net.0_neuron_38",
    "q_net.0_neuron_12",
    "q_net.2_neuron_35",
    "q_net.0_neuron_42"
  ],
  "patch_config": {
    "q_net.2": [
      21,
      30,
      36,
      15,
      43,
      13,
      6,
      19,
      55,
      27,
      38,
      41,
      57,
      35
    ],
    "q_net.0": [
      24,
      2,
      18,
      46,
      27,
      20,
      62,
      8,
      47,
      56,
      9,
      38,
      12,
      42
    ]
  },
  "noising": {
    "metrics": {
      "mean": 0.8717162341956043,
      "std": 0.1396346856857734,
      "count": 6,
      "values": [
        0.9989604215073552,
        0.9682023155509789,
        0.9309899086426922,
        0.5998302826646986,
        0.9497912075453704,
        0.782523269262531
      ]
    },
    "num_results": 6
  },
  "denoising": {
    "metrics": {
      "mean": 0.8492467515105394,
      "std": 0.12723668981539868,
      "count": 6,
      "values": [
        0.9159139508000766,
        0.9199820549451093,
        0.9628584255142707,
        0.5926544580057653,
        0.9188350522174251,
        0.7852365675805888
      ]
    },
    "num_results": 6
  },
  "target_metric_score": 0.8717162341956043,
  "timestamp": "2025-05-30T22:48:10.279712"
}