{
  "experiment_name": "candidate_q_net_2_neuron_52",
  "coalition_neurons": [
    "q_net.2_neuron_21",
    "q_net.2_neuron_30",
    "q_net.0_neuron_24",
    "q_net.0_neuron_2",
    "q_net.2_neuron_36",
    "q_net.2_neuron_15",
    "q_net.2_neuron_43",
    "q_net.2_neuron_13",
    "q_net.0_neuron_18",
    "q_net.0_neuron_46",
    "q_net.2_neuron_6",
    "q_net.2_neuron_52"
  ],
  "patch_config": {
    "q_net.2": [
      21,
      30,
      36,
      15,
      43,
      13,
      6,
      52
    ],
    "q_net.0": [
      24,
      2,
      18,
      46
    ]
  },
  "noising": {
    "metrics": {
      "mean": 0.8946620996979776,
      "std": 0.07439403051090222,
      "count": 6,
      "values": [
        0.7986175493737905,
        0.9765227145394024,
        0.9776173476635464,
        0.8959348103841457,
        0.7966129542885128,
        0.9226672219384682
      ]
    },
    "num_results": 6
  },
  "denoising": {
    "metrics": {
      "mean": 0.8669808573559642,
      "std": 0.06980959083950077,
      "count": 6,
      "values": [
        0.7436264385949031,
        0.9335234239555805,
        0.9582452366452316,
        0.8500557918652003,
        0.8378849191205525,
        0.8785493339543174
      ]
    },
    "num_results": 6
  },
  "target_metric_score": 0.8946620996979776,
  "timestamp": "2025-05-30T22:48:03.743747"
}