{
  "experiment_name": "candidate_q_net_0_neuron_45",
  "coalition_neurons": [
    "q_net.2_neuron_21",
    "q_net.2_neuron_30",
    "q_net.0_neuron_24",
    "q_net.0_neuron_2",
    "q_net.2_neuron_36",
    "q_net.2_neuron_15",
    "q_net.2_neuron_43",
    "q_net.2_neuron_13",
    "q_net.0_neuron_18",
    "q_net.0_neuron_46",
    "q_net.2_neuron_6",
    "q_net.0_neuron_27",
    "q_net.2_neuron_19",
    "q_net.0_neuron_20",
    "q_net.0_neuron_62",
    "q_net.2_neuron_55",
    "q_net.0_neuron_8",
    "q_net.0_neuron_47",
    "q_net.0_neuron_56",
    "q_net.0_neuron_9",
    "q_net.2_neuron_27",
    "q_net.2_neuron_38",
    "q_net.2_neuron_41",
    "q_net.0_neuron_45"
  ],
  "patch_config": {
    "q_net.2": [
      21,
      30,
      36,
      15,
      43,
      13,
      6,
      19,
      55,
      27,
      38,
      41
    ],
    "q_net.0": [
      24,
      2,
      18,
      46,
      27,
      20,
      62,
      8,
      47,
      56,
      9,
      45
    ]
  },
  "noising": {
    "metrics": {
      "mean": 0.8038580146203967,
      "std": 0.1709155241063353,
      "count": 6,
      "values": [
        0.9751530796867081,
        0.6524741720438311,
        0.9506798100651114,
        0.5229953438791235,
        0.950534120770019,
        0.7713115612775867
      ]
    },
    "num_results": 6
  },
  "denoising": {
    "metrics": {
      "mean": 0.8125375646125136,
      "std": 0.1770255800813977,
      "count": 6,
      "values": [
        0.9808870781025611,
        0.6360866811524964,
        0.9040924384785829,
        0.5075036813201501,
        0.9592092669670861,
        0.8874462416542053
      ]
    },
    "num_results": 6
  },
  "target_metric_score": 0.8125375646125136,
  "timestamp": "2025-05-30T22:48:07.954849"
}