{
  "experiment_name": "candidate_q_net_2_neuron_5",
  "coalition_neurons": [
    "q_net.2_neuron_21",
    "q_net.2_neuron_30",
    "q_net.0_neuron_24",
    "q_net.0_neuron_2",
    "q_net.2_neuron_36",
    "q_net.2_neuron_15",
    "q_net.2_neuron_43",
    "q_net.2_neuron_13",
    "q_net.0_neuron_18",
    "q_net.0_neuron_46",
    "q_net.2_neuron_6",
    "q_net.0_neuron_27",
    "q_net.2_neuron_19",
    "q_net.0_neuron_20",
    "q_net.0_neuron_62",
    "q_net.2_neuron_55",
    "q_net.0_neuron_8",
    "q_net.0_neuron_47",
    "q_net.0_neuron_56",
    "q_net.0_neuron_9",
    "q_net.2_neuron_27",
    "q_net.2_neuron_38",
    "q_net.2_neuron_41",
    "q_net.2_neuron_57",
    "q_net.2_neuron_5"
  ],
  "patch_config": {
    "q_net.2": [
      21,
      30,
      36,
      15,
      43,
      13,
      6,
      19,
      55,
      27,
      38,
      41,
      57,
      5
    ],
    "q_net.0": [
      24,
      2,
      18,
      46,
      27,
      20,
      62,
      8,
      47,
      56,
      9
    ]
  },
  "noising": {
    "metrics": {
      "mean": 0.8694558513505206,
      "std": 0.13532565852241646,
      "count": 6,
      "values": [
        0.9759245188604507,
        0.8938214597635383,
        0.9249365009628883,
        0.5770523020159579,
        0.9657645071016807,
        0.879235819398608
      ]
    },
    "num_results": 6
  },
  "denoising": {
    "metrics": {
      "mean": 0.871559730551745,
      "std": 0.14623373826181502,
      "count": 6,
      "values": [
        0.960760084614805,
        0.9729771468581664,
        0.9726755959083864,
        0.5721591226999285,
        0.9466992763194206,
        0.8040871569097634
      ]
    },
    "num_results": 6
  },
  "target_metric_score": 0.871559730551745,
  "timestamp": "2025-05-30T23:33:07.157276"
}