{
  "experiment_name": "candidate_q_net_2_neuron_59",
  "coalition_neurons": [
    "q_net.2_neuron_21",
    "q_net.2_neuron_30",
    "q_net.0_neuron_24",
    "q_net.0_neuron_2",
    "q_net.2_neuron_36",
    "q_net.2_neuron_15",
    "q_net.2_neuron_43",
    "q_net.2_neuron_13",
    "q_net.0_neuron_18",
    "q_net.0_neuron_46",
    "q_net.2_neuron_6",
    "q_net.0_neuron_27",
    "q_net.2_neuron_19",
    "q_net.0_neuron_20",
    "q_net.0_neuron_62",
    "q_net.2_neuron_55",
    "q_net.0_neuron_8",
    "q_net.0_neuron_47",
    "q_net.0_neuron_56",
    "q_net.0_neuron_9",
    "q_net.2_neuron_27",
    "q_net.2_neuron_59"
  ],
  "patch_config": {
    "q_net.2": [
      21,
      30,
      36,
      15,
      43,
      13,
      6,
      19,
      55,
      27,
      59
    ],
    "q_net.0": [
      24,
      2,
      18,
      46,
      27,
      20,
      62,
      8,
      47,
      56,
      9
    ]
  },
  "noising": {
    "metrics": {
      "mean": 0.86963471472101,
      "std": 0.09371621929021118,
      "count": 6,
      "values": [
        0.9773375471382266,
        0.8814222203647565,
        0.9680946620272739,
        0.6978580573964737,
        0.8651214027907823,
        0.8279743986085474
      ]
    },
    "num_results": 6
  },
  "denoising": {
    "metrics": {
      "mean": 0.856171217703757,
      "std": 0.1147526295773585,
      "count": 6,
      "values": [
        0.9312235855405165,
        0.9617159060472259,
        0.9777550079120143,
        0.6627401723908974,
        0.8472111267816484,
        0.7563815075502398
      ]
    },
    "num_results": 6
  },
  "target_metric_score": 0.86963471472101,
  "timestamp": "2025-05-30T22:48:07.266194"
}