{
  "experiment_name": "candidate_q_net_0_neuron_2",
  "coalition_neurons": [
    "q_net.2_neuron_21",
    "q_net.2_neuron_30",
    "q_net.0_neuron_24",
    "q_net.2_neuron_13",
    "q_net.0_neuron_47",
    "q_net.0_neuron_46",
    "q_net.0_neuron_2"
  ],
  "patch_config": {
    "q_net.2": [
      21,
      30,
      13
    ],
    "q_net.0": [
      24,
      47,
      46,
      2
    ]
  },
  "noising": {
    "metrics": {
      "mean": 0.8984087872624813,
      "std": 0.060489616562279004,
      "count": 6,
      "values": [
        0.8968330435646797,
        0.9297212608915246,
        0.8954493104734227,
        0.7723228898939942,
        0.9398932602024955,
        0.9562329585487707
      ]
    },
    "num_results": 6
  },
  "denoising": {
    "metrics": {
      "mean": 0.8559186122606404,
      "std": 0.1084257887456764,
      "count": 6,
      "values": [
        0.6962639980363539,
        0.9872298935582149,
        0.7974299982244533,
        0.7863949878632538,
        0.9946219168674811,
        0.8735708790140854
      ]
    },
    "num_results": 6
  },
  "target_metric_score": 0.8984087872624813,
  "timestamp": "2025-05-30T17:14:15.502119"
}