{
  "experiment_name": "candidate_q_net_0_neuron_62",
  "coalition_neurons": [
    "q_net.2_neuron_21",
    "q_net.2_neuron_30",
    "q_net.0_neuron_24",
    "q_net.2_neuron_13",
    "q_net.0_neuron_47",
    "q_net.0_neuron_46",
    "q_net.0_neuron_20",
    "q_net.0_neuron_9",
    "q_net.0_neuron_2",
    "q_net.2_neuron_6",
    "q_net.2_neuron_43",
    "q_net.2_neuron_52",
    "q_net.2_neuron_27",
    "q_net.0_neuron_27",
    "q_net.0_neuron_60",
    "q_net.2_neuron_19",
    "q_net.2_neuron_35",
    "q_net.2_neuron_36",
    "q_net.0_neuron_13",
    "q_net.2_neuron_38",
    "q_net.0_neuron_62"
  ],
  "patch_config": {
    "q_net.2": [
      21,
      30,
      13,
      6,
      43,
      52,
      27,
      19,
      35,
      36,
      38
    ],
    "q_net.0": [
      24,
      47,
      46,
      20,
      9,
      2,
      27,
      60,
      13,
      62
    ]
  },
  "noising": {
    "metrics": {
      "mean": 0.9033337672989483,
      "std": 0.0497437027332202,
      "count": 6,
      "values": [
        0.9897805175987031,
        0.8382948752805292,
        0.9058809448707589,
        0.9261884524197618,
        0.8523688095433604,
        0.9074890040805766
      ]
    },
    "num_results": 6
  },
  "denoising": {
    "metrics": {
      "mean": 0.8753494840036482,
      "std": 0.05265790809420116,
      "count": 6,
      "values": [
        0.9424191372074456,
        0.869876958113931,
        0.9352308889596866,
        0.797711057822817,
        0.8811274404393563,
        0.8257314214786527
      ]
    },
    "num_results": 6
  },
  "target_metric_score": 0.9033337672989483,
  "timestamp": "2025-05-30T17:14:17.535942"
}