{
  "experiment_name": "candidate_q_net_2_neuron_61",
  "coalition_neurons": [
    "q_net.2_neuron_21",
    "q_net.2_neuron_30",
    "q_net.0_neuron_24",
    "q_net.2_neuron_13",
    "q_net.0_neuron_47",
    "q_net.0_neuron_46",
    "q_net.0_neuron_20",
    "q_net.0_neuron_9",
    "q_net.0_neuron_2",
    "q_net.2_neuron_6",
    "q_net.2_neuron_43",
    "q_net.2_neuron_52",
    "q_net.2_neuron_27",
    "q_net.0_neuron_27",
    "q_net.0_neuron_60",
    "q_net.2_neuron_61"
  ],
  "patch_config": {
    "q_net.2": [
      21,
      30,
      13,
      6,
      43,
      52,
      27,
      61
    ],
    "q_net.0": [
      24,
      47,
      46,
      20,
      9,
      2,
      27,
      60
    ]
  },
  "noising": {
    "metrics": {
      "mean": 0.9019457045345839,
      "std": 0.07035936311737638,
      "count": 6,
      "values": [
        0.9606113426575245,
        0.8510878609459719,
        0.967032188663284,
        0.7734102317632516,
        0.9559280398830179,
        0.9036045632944533
      ]
    },
    "num_results": 6
  },
  "denoising": {
    "metrics": {
      "mean": 0.8752238422963683,
      "std": 0.1147719894017813,
      "count": 6,
      "values": [
        0.9984127959117327,
        0.8921671081067222,
        0.9684592973901062,
        0.6718310207634473,
        0.9410520359357385,
        0.7794207956704631
      ]
    },
    "num_results": 6
  },
  "target_metric_score": 0.9019457045345839,
  "timestamp": "2025-05-30T17:14:16.836066"
}