{
  "experiment_name": "candidate_q_net_0_neuron_16",
  "coalition_neurons": [
    "q_net.2_neuron_21",
    "q_net.2_neuron_30",
    "q_net.0_neuron_24",
    "q_net.0_neuron_2",
    "q_net.2_neuron_36",
    "q_net.2_neuron_15",
    "q_net.2_neuron_43",
    "q_net.2_neuron_13",
    "q_net.0_neuron_18",
    "q_net.0_neuron_46",
    "q_net.2_neuron_6",
    "q_net.0_neuron_27",
    "q_net.2_neuron_19",
    "q_net.0_neuron_20",
    "q_net.0_neuron_62",
    "q_net.2_neuron_55",
    "q_net.0_neuron_8",
    "q_net.0_neuron_47",
    "q_net.0_neuron_56",
    "q_net.0_neuron_9",
    "q_net.2_neuron_27",
    "q_net.2_neuron_38",
    "q_net.2_neuron_41",
    "q_net.2_neuron_57",
    "q_net.0_neuron_38",
    "q_net.0_neuron_12",
    "q_net.2_neuron_35",
    "q_net.2_neuron_52",
    "q_net.0_neuron_16"
  ],
  "patch_config": {
    "q_net.2": [
      21,
      30,
      36,
      15,
      43,
      13,
      6,
      19,
      55,
      27,
      38,
      41,
      57,
      35,
      52
    ],
    "q_net.0": [
      24,
      2,
      18,
      46,
      27,
      20,
      62,
      8,
      47,
      56,
      9,
      38,
      12,
      16
    ]
  },
  "noising": {
    "metrics": {
      "mean": 0.8778151953950221,
      "std": 0.15571337593596207,
      "count": 6,
      "values": [
        0.9344607482210624,
        0.9488681584394161,
        0.9576799402205192,
        0.5358676021541859,
        0.9944370190296185,
        0.8955777043053306
      ]
    },
    "num_results": 6
  },
  "denoising": {
    "metrics": {
      "mean": 0.881908084600472,
      "std": 0.15819620224133168,
      "count": 6,
      "values": [
        0.9370399622980838,
        0.874280165588113,
        0.9915965852600217,
        0.5392806479118106,
        0.959787642579122,
        0.9894635039656801
      ]
    },
    "num_results": 6
  },
  "target_metric_score": 0.881908084600472,
  "timestamp": "2025-05-30T22:48:10.381478"
}