{
  "experiment_name": "candidate_q_net_0_neuron_51",
  "coalition_neurons": [
    "q_net.2_neuron_21",
    "q_net.2_neuron_30",
    "q_net.0_neuron_24",
    "q_net.0_neuron_2",
    "q_net.2_neuron_36",
    "q_net.2_neuron_15",
    "q_net.2_neuron_43",
    "q_net.2_neuron_13",
    "q_net.0_neuron_18",
    "q_net.0_neuron_46",
    "q_net.2_neuron_6",
    "q_net.0_neuron_27",
    "q_net.2_neuron_19",
    "q_net.0_neuron_20",
    "q_net.0_neuron_62",
    "q_net.2_neuron_55",
    "q_net.0_neuron_8",
    "q_net.0_neuron_47",
    "q_net.0_neuron_56",
    "q_net.0_neuron_9",
    "q_net.2_neuron_27",
    "q_net.2_neuron_38",
    "q_net.2_neuron_41",
    "q_net.2_neuron_57",
    "q_net.0_neuron_51"
  ],
  "patch_config": {
    "q_net.2": [
      21,
      30,
      36,
      15,
      43,
      13,
      6,
      19,
      55,
      27,
      38,
      41,
      57
    ],
    "q_net.0": [
      24,
      2,
      18,
      46,
      27,
      20,
      62,
      8,
      47,
      56,
      9,
      51
    ]
  },
  "noising": {
    "metrics": {
      "mean": 0.8910152157219552,
      "std": 0.16717175719283478,
      "count": 6,
      "values": [
        0.9641770755540492,
        0.9789386555852297,
        0.9840950871843772,
        0.5241291066893004,
        0.8975113436134934,
        0.99724002570528
      ]
    },
    "num_results": 6
  },
  "denoising": {
    "metrics": {
      "mean": 0.8520646634613637,
      "std": 0.15239037186805535,
      "count": 6,
      "values": [
        0.90778337148446,
        0.9271693919051665,
        0.966546462780135,
        0.515567641472409,
        0.9046376208436867,
        0.8906834922823249
      ]
    },
    "num_results": 6
  },
  "target_metric_score": 0.8910152157219552,
  "timestamp": "2025-05-31T15:21:10.082035"
}