{
  "experiment_name": "candidate_q_net_2_neuron_36",
  "coalition_neurons": [
    "q_net.2_neuron_21",
    "q_net.2_neuron_30",
    "q_net.2_neuron_57",
    "q_net.0_neuron_2",
    "q_net.2_neuron_6",
    "q_net.2_neuron_13",
    "q_net.0_neuron_9",
    "q_net.0_neuron_27",
    "q_net.0_neuron_54",
    "q_net.0_neuron_20",
    "q_net.2_neuron_36"
  ],
  "patch_config": {
    "q_net.2": [
      21,
      30,
      57,
      6,
      13,
      36
    ],
    "q_net.0": [
      2,
      9,
      27,
      54,
      20
    ]
  },
  "noising": {
    "metrics": {
      "mean": 0.8859245833913575,
      "std": 0.06231092295201104,
      "count": 6,
      "values": [
        0.9248849646472393,
        0.7761144518323794,
        0.976968213887774,
        0.8955269493204432,
        0.892176805330738,
        0.8498761153295712
      ]
    },
    "num_results": 6
  },
  "denoising": {
    "metrics": {
      "mean": 0.8859557833442904,
      "std": 0.05616846970783396,
      "count": 6,
      "values": [
        0.8914161289229252,
        0.8339433466546939,
        0.8715306183738984,
        0.965040459186155,
        0.9460680417181707,
        0.8077361052098989
      ]
    },
    "num_results": 6
  },
  "target_metric_score": 0.885940183367824,
  "timestamp": "2025-05-30T23:15:22.223402"
}