{
  "experiment_name": "candidate_q_net_2_neuron_43",
  "coalition_neurons": [
    "q_net.2_neuron_21",
    "q_net.2_neuron_30",
    "q_net.0_neuron_24",
    "q_net.2_neuron_43"
  ],
  "patch_config": {
    "q_net.2": [
      21,
      30,
      43
    ],
    "q_net.0": [
      24
    ]
  },
  "noising": {
    "metrics": {
      "mean": 0.8695100579452668,
      "std": 0.09687454876970114,
      "count": 6,
      "values": [
        0.9813899435020192,
        0.6811060993645076,
        0.8977695552832239,
        0.8573229594050241,
        0.952274365610487,
        0.8471974245063388
      ]
    },
    "num_results": 6
  },
  "denoising": {
    "metrics": {
      "mean": 0.8577647743244,
      "std": 0.0838349994233863,
      "count": 6,
      "values": [
        0.90330506197597,
        0.7905657296401397,
        0.8907551504910812,
        0.7170270084095354,
        0.9786450418303642,
        0.866290653599309
      ]
    },
    "num_results": 6
  },
  "target_metric_score": 0.8695100579452668,
  "timestamp": "2025-05-30T22:48:01.204014"
}