{
  "experiment_name": "candidate_q_net_0_neuron_60",
  "coalition_neurons": [
    "q_net.2_neuron_21",
    "q_net.2_neuron_30",
    "q_net.0_neuron_24",
    "q_net.0_neuron_2",
    "q_net.2_neuron_36",
    "q_net.2_neuron_15",
    "q_net.2_neuron_43",
    "q_net.2_neuron_13",
    "q_net.0_neuron_18",
    "q_net.0_neuron_46",
    "q_net.2_neuron_6",
    "q_net.0_neuron_27",
    "q_net.2_neuron_19",
    "q_net.0_neuron_20",
    "q_net.0_neuron_62",
    "q_net.2_neuron_55",
    "q_net.0_neuron_8",
    "q_net.0_neuron_47",
    "q_net.0_neuron_56",
    "q_net.0_neuron_9",
    "q_net.2_neuron_27",
    "q_net.2_neuron_38",
    "q_net.2_neuron_41",
    "q_net.2_neuron_57",
    "q_net.0_neuron_38",
    "q_net.0_neuron_12",
    "q_net.2_neuron_35",
    "q_net.2_neuron_52",
    "q_net.2_neuron_53",
    "q_net.0_neuron_60"
  ],
  "patch_config": {
    "q_net.2": [
      21,
      30,
      36,
      15,
      43,
      13,
      6,
      19,
      55,
      27,
      38,
      41,
      57,
      35,
      52,
      53
    ],
    "q_net.0": [
      24,
      2,
      18,
      46,
      27,
      20,
      62,
      8,
      47,
      56,
      9,
      38,
      12,
      60
    ]
  },
  "noising": {
    "metrics": {
      "mean": 0.9147943504950734,
      "std": 0.13970414189740374,
      "count": 6,
      "values": [
        0.9875932024420542,
        0.9777821859811526,
        0.9410213347392943,
        0.6046904055821785,
        0.9857843726196112,
        0.9918946016061491
      ]
    },
    "num_results": 6
  },
  "denoising": {
    "metrics": {
      "mean": 0.8780272952561993,
      "std": 0.13433573893742567,
      "count": 6,
      "values": [
        0.8973020354297717,
        0.9442670017990152,
        0.9717451854330383,
        0.5818566404479921,
        0.9459818481547791,
        0.9270110602725985
      ]
    },
    "num_results": 6
  },
  "target_metric_score": 0.9147943504950734,
  "timestamp": "2025-05-30T22:48:10.761342"
}