{
  "experiment_name": "candidate_q_net_0_neuron_54",
  "coalition_neurons": [
    "q_net.2_neuron_21",
    "q_net.2_neuron_30",
    "q_net.0_neuron_24",
    "q_net.2_neuron_13",
    "q_net.0_neuron_47",
    "q_net.0_neuron_46",
    "q_net.0_neuron_20",
    "q_net.0_neuron_9",
    "q_net.0_neuron_2",
    "q_net.2_neuron_6",
    "q_net.2_neuron_43",
    "q_net.2_neuron_52",
    "q_net.2_neuron_27",
    "q_net.0_neuron_27",
    "q_net.0_neuron_60",
    "q_net.2_neuron_19",
    "q_net.2_neuron_35",
    "q_net.2_neuron_36",
    "q_net.0_neuron_13",
    "q_net.2_neuron_38",
    "q_net.2_neuron_15",
    "q_net.2_neuron_55",
    "q_net.2_neuron_23",
    "q_net.0_neuron_17",
    "q_net.2_neuron_1",
    "q_net.0_neuron_44",
    "q_net.0_neuron_12",
    "q_net.2_neuron_57",
    "q_net.0_neuron_29",
    "q_net.0_neuron_54"
  ],
  "patch_config": {
    "q_net.2": [
      21,
      30,
      13,
      6,
      43,
      52,
      27,
      19,
      35,
      36,
      38,
      15,
      55,
      23,
      1,
      57
    ],
    "q_net.0": [
      24,
      47,
      46,
      20,
      9,
      2,
      27,
      60,
      13,
      17,
      44,
      12,
      29,
      54
    ]
  },
  "noising": {
    "metrics": {
      "mean": 0.876786603092996,
      "std": 0.1059168489028506,
      "count": 6,
      "values": [
        0.9464105851664081,
        0.8311315902139165,
        0.9726633609963944,
        0.6615671694357592,
        0.9118527407224806,
        0.9370941720230185
      ]
    },
    "num_results": 6
  },
  "denoising": {
    "metrics": {
      "mean": 0.849820224993883,
      "std": 0.12553259204640915,
      "count": 6,
      "values": [
        0.9044147175536886,
        0.8416250138892127,
        0.9793096858013525,
        0.5923027393300082,
        0.9410749978375502,
        0.8401941955514863
      ]
    },
    "num_results": 6
  },
  "target_metric_score": 0.876786603092996,
  "timestamp": "2025-05-30T17:14:18.884541"
}