{
  "experiment_name": "candidate_q_net_2_neuron_41",
  "coalition_neurons": [
    "q_net.2_neuron_21",
    "q_net.2_neuron_30",
    "q_net.0_neuron_24",
    "q_net.0_neuron_2",
    "q_net.2_neuron_36",
    "q_net.2_neuron_15",
    "q_net.2_neuron_43",
    "q_net.2_neuron_13",
    "q_net.0_neuron_18",
    "q_net.0_neuron_46",
    "q_net.2_neuron_6",
    "q_net.0_neuron_27",
    "q_net.2_neuron_19",
    "q_net.0_neuron_20",
    "q_net.0_neuron_62",
    "q_net.2_neuron_55",
    "q_net.0_neuron_8",
    "q_net.0_neuron_47",
    "q_net.0_neuron_56",
    "q_net.2_neuron_41"
  ],
  "patch_config": {
    "q_net.2": [
      21,
      30,
      36,
      15,
      43,
      13,
      6,
      19,
      55,
      41
    ],
    "q_net.0": [
      24,
      2,
      18,
      46,
      27,
      20,
      62,
      8,
      47,
      56
    ]
  },
  "noising": {
    "metrics": {
      "mean": 0.8971611742172283,
      "std": 0.13551890679845705,
      "count": 6,
      "values": [
        0.9633253544855708,
        0.9897849870377473,
        0.9686180858196598,
        0.5999674463848998,
        0.9586007481194974,
        0.902670423455994
      ]
    },
    "num_results": 6
  },
  "denoising": {
    "metrics": {
      "mean": 0.8825280594204906,
      "std": 0.1556109513166043,
      "count": 6,
      "values": [
        0.9496762697514302,
        0.9164190028692312,
        0.931516153362177,
        0.5384504712773392,
        0.976893953404218,
        0.9822125058585487
      ]
    },
    "num_results": 6
  },
  "target_metric_score": 0.8971611742172283,
  "timestamp": "2025-05-30T22:48:06.561311"
}