{
  "experiment_name": "candidate_q_net_2_neuron_45",
  "coalition_neurons": [
    "q_net.2_neuron_21",
    "q_net.2_neuron_30",
    "q_net.0_neuron_24",
    "q_net.0_neuron_2",
    "q_net.2_neuron_36",
    "q_net.2_neuron_15",
    "q_net.2_neuron_43",
    "q_net.2_neuron_13",
    "q_net.0_neuron_18",
    "q_net.0_neuron_46",
    "q_net.2_neuron_6",
    "q_net.0_neuron_27",
    "q_net.2_neuron_19",
    "q_net.0_neuron_20",
    "q_net.0_neuron_62",
    "q_net.2_neuron_55",
    "q_net.0_neuron_8",
    "q_net.0_neuron_47",
    "q_net.0_neuron_56",
    "q_net.0_neuron_9",
    "q_net.2_neuron_27",
    "q_net.2_neuron_38",
    "q_net.2_neuron_41",
    "q_net.2_neuron_57",
    "q_net.0_neuron_38",
    "q_net.0_neuron_12",
    "q_net.2_neuron_45"
  ],
  "patch_config": {
    "q_net.2": [
      21,
      30,
      36,
      15,
      43,
      13,
      6,
      19,
      55,
      27,
      38,
      41,
      57,
      45
    ],
    "q_net.0": [
      24,
      2,
      18,
      46,
      27,
      20,
      62,
      8,
      47,
      56,
      9,
      38,
      12
    ]
  },
  "noising": {
    "metrics": {
      "mean": 0.8611088784962683,
      "std": 0.12015325932061645,
      "count": 6,
      "values": [
        0.9042766755091879,
        0.8659793160227302,
        0.9603943895420988,
        0.606718671746383,
        0.9617061661950058,
        0.8675780519622045
      ]
    },
    "num_results": 6
  },
  "denoising": {
    "metrics": {
      "mean": 0.8783397674492991,
      "std": 0.1345697885265984,
      "count": 6,
      "values": [
        0.9675532175716166,
        0.943194006982504,
        0.995453051704925,
        0.5961004231030793,
        0.9229415979058013,
        0.8447963074278687
      ]
    },
    "num_results": 6
  },
  "target_metric_score": 0.8783397674492991,
  "timestamp": "2025-05-31T15:21:10.636871"
}