{
  "experiment_name": "candidate_q_net_2_neuron_22",
  "coalition_neurons": [
    "q_net.2_neuron_21",
    "q_net.2_neuron_30",
    "q_net.0_neuron_24",
    "q_net.0_neuron_2",
    "q_net.2_neuron_36",
    "q_net.2_neuron_15",
    "q_net.2_neuron_43",
    "q_net.2_neuron_13",
    "q_net.0_neuron_18",
    "q_net.0_neuron_46",
    "q_net.2_neuron_6",
    "q_net.0_neuron_27",
    "q_net.2_neuron_19",
    "q_net.0_neuron_20",
    "q_net.0_neuron_62",
    "q_net.2_neuron_55",
    "q_net.0_neuron_8",
    "q_net.0_neuron_47",
    "q_net.0_neuron_56",
    "q_net.0_neuron_9",
    "q_net.2_neuron_27",
    "q_net.2_neuron_38",
    "q_net.2_neuron_41",
    "q_net.2_neuron_22"
  ],
  "patch_config": {
    "q_net.2": [
      21,
      30,
      36,
      15,
      43,
      13,
      6,
      19,
      55,
      27,
      38,
      41,
      22
    ],
    "q_net.0": [
      24,
      2,
      18,
      46,
      27,
      20,
      62,
      8,
      47,
      56,
      9
    ]
  },
  "noising": {
    "metrics": {
      "mean": 0.8844531006344173,
      "std": 0.1404988088413587,
      "count": 6,
      "values": [
        0.9560757183267367,
        0.8795999942423348,
        0.9979879596978865,
        0.5871834773193734,
        0.993858763846301,
        0.8920126903738714
      ]
    },
    "num_results": 6
  },
  "denoising": {
    "metrics": {
      "mean": 0.8813185878853876,
      "std": 0.15031523585426718,
      "count": 6,
      "values": [
        0.9978836270802957,
        0.9546584884042187,
        0.9561845327655729,
        0.5723281826668205,
        0.9887049809491479,
        0.8181517154462709
      ]
    },
    "num_results": 6
  },
  "target_metric_score": 0.8844531006344173,
  "timestamp": "2025-05-30T23:33:06.835892"
}