{
  "experiment_name": "candidate_q_net_2_neuron_43",
  "coalition_neurons": [
    "q_net.2_neuron_21",
    "q_net.2_neuron_30",
    "q_net.2_neuron_57",
    "q_net.0_neuron_2",
    "q_net.2_neuron_6",
    "q_net.2_neuron_13",
    "q_net.0_neuron_9",
    "q_net.0_neuron_27",
    "q_net.0_neuron_54",
    "q_net.0_neuron_20",
    "q_net.0_neuron_13",
    "q_net.2_neuron_55",
    "q_net.0_neuron_47",
    "q_net.0_neuron_46",
    "q_net.2_neuron_27",
    "q_net.2_neuron_38",
    "q_net.0_neuron_24",
    "q_net.2_neuron_43"
  ],
  "patch_config": {
    "q_net.2": [
      21,
      30,
      57,
      6,
      13,
      55,
      27,
      38,
      43
    ],
    "q_net.0": [
      2,
      9,
      27,
      54,
      20,
      13,
      47,
      46,
      24
    ]
  },
  "noising": {
    "metrics": {
      "mean": 0.9254308499833575,
      "std": 0.037689397284093124,
      "count": 6,
      "values": [
        0.979676708269793,
        0.8856219829973765,
        0.9745803572025304,
        0.8981531433278735,
        0.8978776921566894,
        0.9166752159458811
      ]
    },
    "num_results": 6
  },
  "denoising": {
    "metrics": {
      "mean": 0.8981612449129331,
      "std": 0.08264097860414946,
      "count": 6,
      "values": [
        0.9968678228953343,
        0.9242079096465027,
        0.9653646103055497,
        0.7675230269917942,
        0.9270552277271742,
        0.8079488719112436
      ]
    },
    "num_results": 6
  },
  "target_metric_score": 0.9117960474481452,
  "timestamp": "2025-05-30T23:15:25.032586"
}