{
  "experiment_name": "candidate_q_net_0_neuron_60",
  "coalition_neurons": [
    "q_net.2_neuron_21",
    "q_net.2_neuron_30",
    "q_net.0_neuron_24",
    "q_net.2_neuron_13",
    "q_net.0_neuron_47",
    "q_net.0_neuron_46",
    "q_net.0_neuron_20",
    "q_net.0_neuron_9",
    "q_net.0_neuron_2",
    "q_net.0_neuron_60"
  ],
  "patch_config": {
    "q_net.2": [
      21,
      30,
      13
    ],
    "q_net.0": [
      24,
      47,
      46,
      20,
      9,
      2,
      60
    ]
  },
  "noising": {
    "metrics": {
      "mean": 0.911883394177837,
      "std": 0.047661930358903655,
      "count": 6,
      "values": [
        0.9469999558816546,
        0.8742793170609933,
        0.8977403861280925,
        0.8582960965938082,
        0.8948107764743835,
        0.9991738329280899
      ]
    },
    "num_results": 6
  },
  "denoising": {
    "metrics": {
      "mean": 0.862131988847989,
      "std": 0.08443698377856798,
      "count": 6,
      "values": [
        0.835617754453501,
        0.9887909674575391,
        0.8194948488172796,
        0.7483898078650824,
        0.9598759626171363,
        0.8206225918773965
      ]
    },
    "num_results": 6
  },
  "target_metric_score": 0.911883394177837,
  "timestamp": "2025-05-30T17:14:16.013218"
}