{
  "experiment_name": "candidate_q_net_0_neuron_16",
  "coalition_neurons": [
    "q_net.2_neuron_21",
    "q_net.2_neuron_30",
    "q_net.0_neuron_24",
    "q_net.2_neuron_13",
    "q_net.0_neuron_47",
    "q_net.0_neuron_46",
    "q_net.0_neuron_20",
    "q_net.0_neuron_9",
    "q_net.0_neuron_2",
    "q_net.2_neuron_6",
    "q_net.2_neuron_43",
    "q_net.2_neuron_52",
    "q_net.2_neuron_27",
    "q_net.0_neuron_27",
    "q_net.0_neuron_60",
    "q_net.2_neuron_19",
    "q_net.2_neuron_35",
    "q_net.2_neuron_36",
    "q_net.0_neuron_13",
    "q_net.2_neuron_38",
    "q_net.2_neuron_15",
    "q_net.2_neuron_55",
    "q_net.2_neuron_23",
    "q_net.0_neuron_17",
    "q_net.2_neuron_1",
    "q_net.0_neuron_16"
  ],
  "patch_config": {
    "q_net.2": [
      21,
      30,
      13,
      6,
      43,
      52,
      27,
      19,
      35,
      36,
      38,
      15,
      55,
      23,
      1
    ],
    "q_net.0": [
      24,
      47,
      46,
      20,
      9,
      2,
      27,
      60,
      13,
      17,
      16
    ]
  },
  "noising": {
    "metrics": {
      "mean": 0.8855431139180953,
      "std": 0.14801861844077718,
      "count": 6,
      "values": [
        0.9617561006915356,
        0.9798614560957888,
        0.9706039361395449,
        0.5661838018082119,
        0.9698378587094949,
        0.8650155300639958
      ]
    },
    "num_results": 6
  },
  "denoising": {
    "metrics": {
      "mean": 0.8826140955903683,
      "std": 0.16896734925844012,
      "count": 6,
      "values": [
        0.9344170519236322,
        0.980355464749121,
        0.9421320717179805,
        0.5067973034546398,
        0.9797515802266058,
        0.952231101470231
      ]
    },
    "num_results": 6
  },
  "target_metric_score": 0.8855431139180953,
  "timestamp": "2025-05-30T17:14:18.279064"
}