{
  "experiment_name": "candidate_q_net_2_neuron_7",
  "coalition_neurons": [
    "q_net.2_neuron_21",
    "q_net.2_neuron_30",
    "q_net.0_neuron_24",
    "q_net.0_neuron_2",
    "q_net.2_neuron_36",
    "q_net.2_neuron_15",
    "q_net.2_neuron_43",
    "q_net.2_neuron_13",
    "q_net.0_neuron_18",
    "q_net.0_neuron_46",
    "q_net.2_neuron_6",
    "q_net.0_neuron_27",
    "q_net.2_neuron_19",
    "q_net.0_neuron_20",
    "q_net.0_neuron_62",
    "q_net.2_neuron_55",
    "q_net.0_neuron_8",
    "q_net.0_neuron_47",
    "q_net.0_neuron_56",
    "q_net.0_neuron_9",
    "q_net.2_neuron_27",
    "q_net.2_neuron_38",
    "q_net.2_neuron_41",
    "q_net.2_neuron_57",
    "q_net.0_neuron_38",
    "q_net.0_neuron_12",
    "q_net.2_neuron_35",
    "q_net.2_neuron_52",
    "q_net.2_neuron_7"
  ],
  "patch_config": {
    "q_net.2": [
      21,
      30,
      36,
      15,
      43,
      13,
      6,
      19,
      55,
      27,
      38,
      41,
      57,
      35,
      52,
      7
    ],
    "q_net.0": [
      24,
      2,
      18,
      46,
      27,
      20,
      62,
      8,
      47,
      56,
      9,
      38,
      12
    ]
  },
  "noising": {
    "metrics": {
      "mean": 0.8787364602086744,
      "std": 0.13961091063710815,
      "count": 6,
      "values": [
        0.9749551828786719,
        0.8993835034503471,
        0.9353934189006402,
        0.5772827582373521,
        0.9926788552648738,
        0.8927250425201607
      ]
    },
    "num_results": 6
  },
  "denoising": {
    "metrics": {
      "mean": 0.8695457314127503,
      "std": 0.14419436578356623,
      "count": 6,
      "values": [
        0.8601278968056151,
        0.9923817515806893,
        0.9672819429941883,
        0.569619610349664,
        0.9692780144353498,
        0.8585851723109951
      ]
    },
    "num_results": 6
  },
  "target_metric_score": 0.8787364602086744,
  "timestamp": "2025-05-30T23:33:09.357397"
}