{
  "experiment_name": "candidate_q_net_0_neuron_14",
  "coalition_neurons": [
    "q_net.2_neuron_21",
    "q_net.2_neuron_30",
    "q_net.0_neuron_24",
    "q_net.0_neuron_2",
    "q_net.2_neuron_36",
    "q_net.2_neuron_15",
    "q_net.2_neuron_43",
    "q_net.2_neuron_13",
    "q_net.0_neuron_18",
    "q_net.0_neuron_46",
    "q_net.2_neuron_6",
    "q_net.0_neuron_27",
    "q_net.2_neuron_19",
    "q_net.0_neuron_20",
    "q_net.0_neuron_62",
    "q_net.2_neuron_55",
    "q_net.0_neuron_8",
    "q_net.0_neuron_47",
    "q_net.0_neuron_56",
    "q_net.0_neuron_9",
    "q_net.2_neuron_27",
    "q_net.2_neuron_38",
    "q_net.2_neuron_41",
    "q_net.2_neuron_57",
    "q_net.0_neuron_38",
    "q_net.0_neuron_12",
    "q_net.2_neuron_35",
    "q_net.0_neuron_14"
  ],
  "patch_config": {
    "q_net.2": [
      21,
      30,
      36,
      15,
      43,
      13,
      6,
      19,
      55,
      27,
      38,
      41,
      57,
      35
    ],
    "q_net.0": [
      24,
      2,
      18,
      46,
      27,
      20,
      62,
      8,
      47,
      56,
      9,
      38,
      12,
      14
    ]
  },
  "noising": {
    "metrics": {
      "mean": 0.8292893597994984,
      "std": 0.13069391051954202,
      "count": 6,
      "values": [
        0.9631279148072761,
        0.929755986815265,
        0.807159170399869,
        0.5792292882623976,
        0.9215178572177384,
        0.7749459412944438
      ]
    },
    "num_results": 6
  },
  "denoising": {
    "metrics": {
      "mean": 0.8358580954024686,
      "std": 0.14066007033909625,
      "count": 6,
      "values": [
        0.9974764638865666,
        0.9638574597449783,
        0.8324486667356616,
        0.5782429824760669,
        0.8901954641142167,
        0.7529275354573217
      ]
    },
    "num_results": 6
  },
  "target_metric_score": 0.8358580954024686,
  "timestamp": "2025-05-30T22:48:10.229324"
}