{
  "experiment_name": "candidate_q_net_2_neuron_3",
  "coalition_neurons": [
    "q_net.2_neuron_21",
    "q_net.2_neuron_30",
    "q_net.0_neuron_24",
    "q_net.0_neuron_2",
    "q_net.2_neuron_36",
    "q_net.2_neuron_15",
    "q_net.2_neuron_43",
    "q_net.2_neuron_13",
    "q_net.0_neuron_18",
    "q_net.0_neuron_46",
    "q_net.2_neuron_6",
    "q_net.0_neuron_27",
    "q_net.2_neuron_19",
    "q_net.0_neuron_20",
    "q_net.0_neuron_62",
    "q_net.2_neuron_55",
    "q_net.0_neuron_8",
    "q_net.0_neuron_47",
    "q_net.0_neuron_56",
    "q_net.0_neuron_9",
    "q_net.2_neuron_27",
    "q_net.2_neuron_38",
    "q_net.2_neuron_41",
    "q_net.2_neuron_3"
  ],
  "patch_config": {
    "q_net.2": [
      21,
      30,
      36,
      15,
      43,
      13,
      6,
      19,
      55,
      27,
      38,
      41,
      3
    ],
    "q_net.0": [
      24,
      2,
      18,
      46,
      27,
      20,
      62,
      8,
      47,
      56,
      9
    ]
  },
  "noising": {
    "metrics": {
      "mean": 0.8601075113355927,
      "std": 0.13587715171045062,
      "count": 6,
      "values": [
        0.8908321439934095,
        0.9922785948467789,
        0.9283038893086369,
        0.5783569479561697,
        0.9447879784064734,
        0.8260855135020879
      ]
    },
    "num_results": 6
  },
  "denoising": {
    "metrics": {
      "mean": 0.845808148483238,
      "std": 0.14141423624266997,
      "count": 6,
      "values": [
        0.9284816990483227,
        0.9164421287769242,
        0.9736810811219345,
        0.5645308608173643,
        0.9255291342414115,
        0.7661839868934708
      ]
    },
    "num_results": 6
  },
  "target_metric_score": 0.8601075113355927,
  "timestamp": "2025-05-31T15:21:09.555252"
}