{
  "experiment_name": "candidate_q_net_2_neuron_61",
  "coalition_neurons": [
    "q_net.2_neuron_21",
    "q_net.2_neuron_30",
    "q_net.0_neuron_24",
    "q_net.2_neuron_13",
    "q_net.0_neuron_47",
    "q_net.0_neuron_46",
    "q_net.2_neuron_61"
  ],
  "patch_config": {
    "q_net.2": [
      21,
      30,
      13,
      61
    ],
    "q_net.0": [
      24,
      47,
      46
    ]
  },
  "noising": {
    "metrics": {
      "mean": 0.7943432821836153,
      "std": 0.034797863037938075,
      "count": 6,
      "values": [
        0.7617465380632464,
        0.7911583602502563,
        0.754367781152606,
        0.7892443702599373,
        0.860264103364986,
        0.8092785400106595
      ]
    },
    "num_results": 6
  },
  "denoising": {
    "metrics": {
      "mean": 0.7651476131164129,
      "std": 0.0871999268749262,
      "count": 6,
      "values": [
        0.6853058697283727,
        0.7960979406359711,
        0.7095626229627858,
        0.7561537048272526,
        0.9416366827123172,
        0.7021288578317779
      ]
    },
    "num_results": 6
  },
  "target_metric_score": 0.7943432821836153,
  "timestamp": "2025-05-30T17:14:15.621996"
}