{
  "experiment_name": "candidate_q_net_0_neuron_26",
  "coalition_neurons": [
    "q_net.2_neuron_21",
    "q_net.2_neuron_30",
    "q_net.0_neuron_24",
    "q_net.0_neuron_2",
    "q_net.2_neuron_36",
    "q_net.2_neuron_15",
    "q_net.2_neuron_43",
    "q_net.2_neuron_13",
    "q_net.0_neuron_18",
    "q_net.0_neuron_46",
    "q_net.2_neuron_6",
    "q_net.0_neuron_27",
    "q_net.2_neuron_19",
    "q_net.0_neuron_20",
    "q_net.0_neuron_62",
    "q_net.2_neuron_55",
    "q_net.0_neuron_8",
    "q_net.0_neuron_47",
    "q_net.0_neuron_26"
  ],
  "patch_config": {
    "q_net.2": [
      21,
      30,
      36,
      15,
      43,
      13,
      6,
      19,
      55
    ],
    "q_net.0": [
      24,
      2,
      18,
      46,
      27,
      20,
      62,
      8,
      47,
      26
    ]
  },
  "noising": {
    "metrics": {
      "mean": 0.797858204991985,
      "std": 0.06140098891399707,
      "count": 6,
      "values": [
        0.8717194659808887,
        0.790289948353635,
        0.7990644818102121,
        0.8191478551969764,
        0.8331860159203106,
        0.6737414626898875
      ]
    },
    "num_results": 6
  },
  "denoising": {
    "metrics": {
      "mean": 0.7906512087454032,
      "std": 0.06847804102080784,
      "count": 6,
      "values": [
        0.8485525598533864,
        0.8319959590581705,
        0.8255305930306645,
        0.7754987393602524,
        0.8164584274671438,
        0.6458709737028014
      ]
    },
    "num_results": 6
  },
  "target_metric_score": 0.797858204991985,
  "timestamp": "2025-05-30T23:33:04.945946"
}