{
  "experiment_name": "candidate_q_net_0_neuron_54",
  "coalition_neurons": [
    "q_net.2_neuron_21",
    "q_net.2_neuron_30",
    "q_net.0_neuron_24",
    "q_net.0_neuron_2",
    "q_net.2_neuron_36",
    "q_net.2_neuron_15",
    "q_net.2_neuron_43",
    "q_net.2_neuron_13",
    "q_net.0_neuron_18",
    "q_net.0_neuron_46",
    "q_net.2_neuron_6",
    "q_net.0_neuron_27",
    "q_net.2_neuron_19",
    "q_net.0_neuron_20",
    "q_net.0_neuron_62",
    "q_net.2_neuron_55",
    "q_net.0_neuron_8",
    "q_net.0_neuron_47",
    "q_net.0_neuron_56",
    "q_net.0_neuron_9",
    "q_net.2_neuron_27",
    "q_net.2_neuron_38",
    "q_net.2_neuron_41",
    "q_net.2_neuron_57",
    "q_net.0_neuron_38",
    "q_net.0_neuron_12",
    "q_net.0_neuron_54"
  ],
  "patch_config": {
    "q_net.2": [
      21,
      30,
      36,
      15,
      43,
      13,
      6,
      19,
      55,
      27,
      38,
      41,
      57
    ],
    "q_net.0": [
      24,
      2,
      18,
      46,
      27,
      20,
      62,
      8,
      47,
      56,
      9,
      38,
      12,
      54
    ]
  },
  "noising": {
    "metrics": {
      "mean": 0.8685691599654587,
      "std": 0.11753099017873837,
      "count": 6,
      "values": [
        0.9448047996600489,
        0.9075435294085297,
        0.904974541120814,
        0.6087040345356304,
        0.943140175226251,
        0.9022478798414781
      ]
    },
    "num_results": 6
  },
  "denoising": {
    "metrics": {
      "mean": 0.8834992477495739,
      "std": 0.13591611342276405,
      "count": 6,
      "values": [
        0.9895355934788643,
        0.9899651920374161,
        0.9544239146398138,
        0.598045100006111,
        0.914042504782623,
        0.8549831815526154
      ]
    },
    "num_results": 6
  },
  "target_metric_score": 0.8834992477495739,
  "timestamp": "2025-05-31T15:21:10.538926"
}