{
  "experiment_name": "candidate_q_net_2_neuron_52",
  "coalition_neurons": [
    "q_net.2_neuron_21",
    "q_net.2_neuron_30",
    "q_net.0_neuron_24",
    "q_net.0_neuron_2",
    "q_net.2_neuron_36",
    "q_net.2_neuron_15",
    "q_net.2_neuron_43",
    "q_net.2_neuron_13",
    "q_net.0_neuron_18",
    "q_net.0_neuron_46",
    "q_net.2_neuron_6",
    "q_net.0_neuron_27",
    "q_net.2_neuron_19",
    "q_net.0_neuron_20",
    "q_net.0_neuron_62",
    "q_net.2_neuron_55",
    "q_net.0_neuron_8",
    "q_net.0_neuron_47",
    "q_net.0_neuron_56",
    "q_net.0_neuron_9",
    "q_net.2_neuron_27",
    "q_net.2_neuron_38",
    "q_net.2_neuron_41",
    "q_net.2_neuron_57",
    "q_net.0_neuron_38",
    "q_net.0_neuron_12",
    "q_net.2_neuron_35",
    "q_net.2_neuron_52"
  ],
  "patch_config": {
    "q_net.2": [
      21,
      30,
      36,
      15,
      43,
      13,
      6,
      19,
      55,
      27,
      38,
      41,
      57,
      35,
      52
    ],
    "q_net.0": [
      24,
      2,
      18,
      46,
      27,
      20,
      62,
      8,
      47,
      56,
      9,
      38,
      12
    ]
  },
  "noising": {
    "metrics": {
      "mean": 0.9179232452824427,
      "std": 0.14096007055628457,
      "count": 6,
      "values": [
        0.988472426840968,
        0.9941054684337718,
        0.9403430782793396,
        0.6056151814175921,
        0.9807948592915362,
        0.9982084574314483
      ]
    },
    "num_results": 6
  },
  "denoising": {
    "metrics": {
      "mean": 0.8736661471137902,
      "std": 0.12821306257218554,
      "count": 6,
      "values": [
        0.8801370422131609,
        0.8948584408862945,
        0.9722412988940324,
        0.5963649352019835,
        0.941531668798042,
        0.9568634966892281
      ]
    },
    "num_results": 6
  },
  "target_metric_score": 0.9179232452824427,
  "timestamp": "2025-05-30T23:33:08.901678"
}