{
  "experiment_name": "candidate_q_net_2_neuron_0",
  "coalition_neurons": [
    "q_net.2_neuron_21",
    "q_net.2_neuron_30",
    "q_net.0_neuron_24",
    "q_net.0_neuron_2",
    "q_net.2_neuron_36",
    "q_net.2_neuron_15",
    "q_net.2_neuron_43",
    "q_net.2_neuron_13",
    "q_net.0_neuron_18",
    "q_net.0_neuron_46",
    "q_net.2_neuron_6",
    "q_net.0_neuron_27",
    "q_net.2_neuron_19",
    "q_net.0_neuron_20",
    "q_net.0_neuron_62",
    "q_net.2_neuron_55",
    "q_net.0_neuron_8",
    "q_net.0_neuron_47",
    "q_net.0_neuron_56",
    "q_net.0_neuron_9",
    "q_net.2_neuron_27",
    "q_net.2_neuron_38",
    "q_net.2_neuron_41",
    "q_net.2_neuron_57",
    "q_net.0_neuron_38",
    "q_net.0_neuron_12",
    "q_net.2_neuron_0"
  ],
  "patch_config": {
    "q_net.2": [
      21,
      30,
      36,
      15,
      43,
      13,
      6,
      19,
      55,
      27,
      38,
      41,
      57,
      0
    ],
    "q_net.0": [
      24,
      2,
      18,
      46,
      27,
      20,
      62,
      8,
      47,
      56,
      9,
      38,
      12
    ]
  },
  "noising": {
    "metrics": {
      "mean": 0.9078177349129208,
      "std": 0.13532538222434565,
      "count": 6,
      "values": [
        0.9934548989626607,
        0.9564762084094911,
        0.9523051636119729,
        0.6066499697473875,
        0.9707739130987391,
        0.9672462556472735
      ]
    },
    "num_results": 6
  },
  "denoising": {
    "metrics": {
      "mean": 0.8721858806198485,
      "std": 0.11918531651053345,
      "count": 6,
      "values": [
        0.841001056460069,
        0.9304154589112454,
        0.9875377873114397,
        0.623415390514134,
        0.9224448197240505,
        0.9283007707981521
      ]
    },
    "num_results": 6
  },
  "target_metric_score": 0.9078177349129208,
  "timestamp": "2025-05-31T15:21:10.851214"
}