{
  "experiment_name": "candidate_q_net_0_neuron_56",
  "coalition_neurons": [
    "q_net.2_neuron_21",
    "q_net.2_neuron_30",
    "q_net.2_neuron_57",
    "q_net.0_neuron_2",
    "q_net.2_neuron_6",
    "q_net.2_neuron_13",
    "q_net.0_neuron_9",
    "q_net.0_neuron_27",
    "q_net.0_neuron_54",
    "q_net.0_neuron_20",
    "q_net.0_neuron_13",
    "q_net.2_neuron_55",
    "q_net.0_neuron_47",
    "q_net.0_neuron_46",
    "q_net.2_neuron_27",
    "q_net.2_neuron_38",
    "q_net.0_neuron_24",
    "q_net.0_neuron_16",
    "q_net.2_neuron_0",
    "q_net.0_neuron_12",
    "q_net.2_neuron_43",
    "q_net.2_neuron_19",
    "q_net.2_neuron_32",
    "q_net.0_neuron_6",
    "q_net.0_neuron_8",
    "q_net.0_neuron_56"
  ],
  "patch_config": {
    "q_net.2": [
      21,
      30,
      57,
      6,
      13,
      55,
      27,
      38,
      0,
      43,
      19,
      32
    ],
    "q_net.0": [
      2,
      9,
      27,
      54,
      20,
      13,
      47,
      46,
      24,
      16,
      12,
      6,
      8,
      56
    ]
  },
  "noising": {
    "metrics": {
      "mean": 0.8998534834475964,
      "std": 0.13106549925703562,
      "count": 6,
      "values": [
        0.9746048352338355,
        0.9774667919183078,
        0.9372984547234459,
        0.6098087752624963,
        0.9712525444114819,
        0.9286894991360108
      ]
    },
    "num_results": 6
  },
  "denoising": {
    "metrics": {
      "mean": 0.9010892532157855,
      "std": 0.14250559177916902,
      "count": 6,
      "values": [
        0.9212547886927922,
        0.9691274961978261,
        0.9400791982993871,
        0.5880154693647639,
        0.9942555998395002,
        0.9938029669004436
      ]
    },
    "num_results": 6
  },
  "target_metric_score": 0.900471368331691,
  "timestamp": "2025-05-30T23:15:27.997903"
}