{
  "experiment_name": "candidate_q_net_2_neuron_16",
  "coalition_neurons": [
    "q_net.2_neuron_21",
    "q_net.2_neuron_30",
    "q_net.0_neuron_24",
    "q_net.0_neuron_2",
    "q_net.2_neuron_36",
    "q_net.2_neuron_15",
    "q_net.2_neuron_43",
    "q_net.2_neuron_13",
    "q_net.0_neuron_18",
    "q_net.0_neuron_46",
    "q_net.2_neuron_6",
    "q_net.0_neuron_27",
    "q_net.2_neuron_19",
    "q_net.0_neuron_20",
    "q_net.0_neuron_62",
    "q_net.2_neuron_55",
    "q_net.0_neuron_8",
    "q_net.0_neuron_47",
    "q_net.0_neuron_56",
    "q_net.0_neuron_9",
    "q_net.2_neuron_16"
  ],
  "patch_config": {
    "q_net.2": [
      21,
      30,
      36,
      15,
      43,
      13,
      6,
      19,
      55,
      16
    ],
    "q_net.0": [
      24,
      2,
      18,
      46,
      27,
      20,
      62,
      8,
      47,
      56,
      9
    ]
  },
  "noising": {
    "metrics": {
      "mean": 0.8915335933112223,
      "std": 0.11928805816630925,
      "count": 6,
      "values": [
        0.8798388319787374,
        0.9743283381878717,
        0.9869062812022426,
        0.6375113462333308,
        0.9568767839599887,
        0.9137399783051624
      ]
    },
    "num_results": 6
  },
  "denoising": {
    "metrics": {
      "mean": 0.8338234164963815,
      "std": 0.13390380962661277,
      "count": 6,
      "values": [
        0.8519591099788238,
        0.8789791986184755,
        0.9607819496350063,
        0.5570210478703166,
        0.9431668252415781,
        0.8110323676340881
      ]
    },
    "num_results": 6
  },
  "target_metric_score": 0.8915335933112223,
  "timestamp": "2025-05-30T22:48:06.973762"
}