{
  "experiment_name": "candidate_q_net_2_neuron_61",
  "coalition_neurons": [
    "q_net.2_neuron_21",
    "q_net.2_neuron_30",
    "q_net.0_neuron_24",
    "q_net.0_neuron_2",
    "q_net.2_neuron_36",
    "q_net.2_neuron_15",
    "q_net.2_neuron_43",
    "q_net.2_neuron_13",
    "q_net.0_neuron_18",
    "q_net.0_neuron_46",
    "q_net.2_neuron_6",
    "q_net.0_neuron_27",
    "q_net.2_neuron_19",
    "q_net.0_neuron_20",
    "q_net.0_neuron_62",
    "q_net.2_neuron_55",
    "q_net.0_neuron_8",
    "q_net.0_neuron_47",
    "q_net.0_neuron_56",
    "q_net.0_neuron_9",
    "q_net.2_neuron_27",
    "q_net.2_neuron_38",
    "q_net.2_neuron_41",
    "q_net.2_neuron_61"
  ],
  "patch_config": {
    "q_net.2": [
      21,
      30,
      36,
      15,
      43,
      13,
      6,
      19,
      55,
      27,
      38,
      41,
      61
    ],
    "q_net.0": [
      24,
      2,
      18,
      46,
      27,
      20,
      62,
      8,
      47,
      56,
      9
    ]
  },
  "noising": {
    "metrics": {
      "mean": 0.8811661738431441,
      "std": 0.13249231575052342,
      "count": 6,
      "values": [
        0.9097747621834914,
        0.9239569115412073,
        0.9447675005175254,
        0.5907251600584961,
        0.992005983528389,
        0.9257667252297547
      ]
    },
    "num_results": 6
  },
  "denoising": {
    "metrics": {
      "mean": 0.8890596193030452,
      "std": 0.14891819916107715,
      "count": 6,
      "values": [
        0.9503583057033298,
        0.9950326203269219,
        0.9941133615815282,
        0.5761969866267043,
        0.9738690072877049,
        0.8447874342920818
      ]
    },
    "num_results": 6
  },
  "target_metric_score": 0.8890596193030452,
  "timestamp": "2025-05-30T23:33:06.677685"
}