{
  "experiment_name": "candidate_q_net_2_neuron_10",
  "coalition_neurons": [
    "q_net.2_neuron_21",
    "q_net.2_neuron_30",
    "q_net.0_neuron_24",
    "q_net.0_neuron_2",
    "q_net.2_neuron_36",
    "q_net.2_neuron_15",
    "q_net.2_neuron_43",
    "q_net.2_neuron_13",
    "q_net.0_neuron_18",
    "q_net.0_neuron_46",
    "q_net.2_neuron_6",
    "q_net.0_neuron_27",
    "q_net.2_neuron_19",
    "q_net.0_neuron_20",
    "q_net.0_neuron_62",
    "q_net.2_neuron_55",
    "q_net.0_neuron_8",
    "q_net.0_neuron_47",
    "q_net.0_neuron_56",
    "q_net.0_neuron_9",
    "q_net.2_neuron_27",
    "q_net.2_neuron_38",
    "q_net.2_neuron_41",
    "q_net.2_neuron_10"
  ],
  "patch_config": {
    "q_net.2": [
      21,
      30,
      36,
      15,
      43,
      13,
      6,
      19,
      55,
      27,
      38,
      41,
      10
    ],
    "q_net.0": [
      24,
      2,
      18,
      46,
      27,
      20,
      62,
      8,
      47,
      56,
      9
    ]
  },
  "noising": {
    "metrics": {
      "mean": 0.8383270793900565,
      "std": 0.16970126329464078,
      "count": 6,
      "values": [
        0.9879069451481954,
        0.8191246892318765,
        0.9612219000569401,
        0.5032629909254401,
        0.9775393413542975,
        0.7809066096235884
      ]
    },
    "num_results": 6
  },
  "denoising": {
    "metrics": {
      "mean": 0.8327097544596552,
      "std": 0.17567650043861252,
      "count": 6,
      "values": [
        0.946698547429909,
        0.8898722188772464,
        0.9910875254108803,
        0.49533388353971797,
        0.9590578903655002,
        0.7142084611346775
      ]
    },
    "num_results": 6
  },
  "target_metric_score": 0.8383270793900565,
  "timestamp": "2025-05-31T15:21:09.514529"
}