{
  "experiment_name": "candidate_q_net_2_neuron_40",
  "coalition_neurons": [
    "q_net.2_neuron_21",
    "q_net.2_neuron_30",
    "q_net.0_neuron_24",
    "q_net.0_neuron_2",
    "q_net.2_neuron_36",
    "q_net.2_neuron_15",
    "q_net.2_neuron_40"
  ],
  "patch_config": {
    "q_net.2": [
      21,
      30,
      36,
      15,
      40
    ],
    "q_net.0": [
      24,
      2
    ]
  },
  "noising": {
    "metrics": {
      "mean": 0.8551893742598523,
      "std": 0.12835209236764702,
      "count": 6,
      "values": [
        0.9258911522301082,
        0.9285545208106644,
        0.8457771479480632,
        0.5807914416436851,
        0.8843334188317226,
        0.9657885640948703
      ]
    },
    "num_results": 6
  },
  "denoising": {
    "metrics": {
      "mean": 0.8252169111314877,
      "std": 0.12118935463051045,
      "count": 6,
      "values": [
        0.8532201700185895,
        0.9589205085565528,
        0.8421306475419106,
        0.568438536627987,
        0.8739081915109914,
        0.8546834125328944
      ]
    },
    "num_results": 6
  },
  "target_metric_score": 0.8551893742598523,
  "timestamp": "2025-05-30T22:48:02.200554"
}