{
  "experiment_name": "candidate_q_net_0_neuron_54",
  "coalition_neurons": [
    "q_net.2_neuron_21",
    "q_net.2_neuron_30",
    "q_net.0_neuron_24",
    "q_net.2_neuron_13",
    "q_net.0_neuron_47",
    "q_net.0_neuron_46",
    "q_net.0_neuron_20",
    "q_net.0_neuron_9",
    "q_net.0_neuron_2",
    "q_net.2_neuron_6",
    "q_net.2_neuron_43",
    "q_net.0_neuron_54"
  ],
  "patch_config": {
    "q_net.2": [
      21,
      30,
      13,
      6,
      43
    ],
    "q_net.0": [
      24,
      47,
      46,
      20,
      9,
      2,
      54
    ]
  },
  "noising": {
    "metrics": {
      "mean": 0.87644497248403,
      "std": 0.08362119041349142,
      "count": 6,
      "values": [
        0.7541442252946094,
        0.8801270234182896,
        0.9390730449972973,
        0.9941777907377274,
        0.7851807903483531,
        0.9059669601079025
      ]
    },
    "num_results": 6
  },
  "denoising": {
    "metrics": {
      "mean": 0.8438205512920183,
      "std": 0.09526024430724343,
      "count": 6,
      "values": [
        0.6570565776135646,
        0.9393412197903,
        0.8917577250065111,
        0.9192027680304617,
        0.8589852012556469,
        0.7965798160556256
      ]
    },
    "num_results": 6
  },
  "target_metric_score": 0.87644497248403,
  "timestamp": "2025-05-30T17:14:16.247815"
}