{
  "experiment_name": "candidate_q_net_2_neuron_44",
  "coalition_neurons": [
    "q_net.2_neuron_21",
    "q_net.2_neuron_30",
    "q_net.0_neuron_24",
    "q_net.0_neuron_2",
    "q_net.2_neuron_36",
    "q_net.2_neuron_15",
    "q_net.2_neuron_43",
    "q_net.2_neuron_13",
    "q_net.0_neuron_18",
    "q_net.0_neuron_46",
    "q_net.2_neuron_6",
    "q_net.0_neuron_27",
    "q_net.2_neuron_19",
    "q_net.0_neuron_20",
    "q_net.0_neuron_62",
    "q_net.2_neuron_55",
    "q_net.0_neuron_8",
    "q_net.0_neuron_47",
    "q_net.0_neuron_56",
    "q_net.0_neuron_9",
    "q_net.2_neuron_27",
    "q_net.2_neuron_38",
    "q_net.2_neuron_41",
    "q_net.2_neuron_57",
    "q_net.0_neuron_38",
    "q_net.0_neuron_12",
    "q_net.2_neuron_44"
  ],
  "patch_config": {
    "q_net.2": [
      21,
      30,
      36,
      15,
      43,
      13,
      6,
      19,
      55,
      27,
      38,
      41,
      57,
      44
    ],
    "q_net.0": [
      24,
      2,
      18,
      46,
      27,
      20,
      62,
      8,
      47,
      56,
      9,
      38,
      12
    ]
  },
  "noising": {
    "metrics": {
      "mean": 0.8786826185580848,
      "std": 0.1668944965403922,
      "count": 6,
      "values": [
        0.9846697272683779,
        0.9424310875966923,
        0.9613420489157207,
        0.5158986629364518,
        0.9942420804503911,
        0.8735121041808758
      ]
    },
    "num_results": 6
  },
  "denoising": {
    "metrics": {
      "mean": 0.8580441275425591,
      "std": 0.15954345039165,
      "count": 6,
      "values": [
        0.8781531408559533,
        0.9453556738798998,
        0.9970068049820414,
        0.5220236084136267,
        0.9678979923814383,
        0.8378275447423948
      ]
    },
    "num_results": 6
  },
  "target_metric_score": 0.8786826185580848,
  "timestamp": "2025-05-30T23:33:08.691386"
}