{
  "experiment_name": "candidate_q_net_2_neuron_3",
  "coalition_neurons": [
    "q_net.2_neuron_21",
    "q_net.2_neuron_30",
    "q_net.0_neuron_24",
    "q_net.0_neuron_2",
    "q_net.2_neuron_36",
    "q_net.2_neuron_15",
    "q_net.2_neuron_43",
    "q_net.2_neuron_13",
    "q_net.0_neuron_18",
    "q_net.0_neuron_46",
    "q_net.2_neuron_3"
  ],
  "patch_config": {
    "q_net.2": [
      21,
      30,
      36,
      15,
      43,
      13,
      3
    ],
    "q_net.0": [
      24,
      2,
      18,
      46
    ]
  },
  "noising": {
    "metrics": {
      "mean": 0.7821288753922507,
      "std": 0.09344817525130278,
      "count": 6,
      "values": [
        0.6556175885556652,
        0.9468873105461731,
        0.8083625771602718,
        0.821195558517267,
        0.701463393369401,
        0.7592468242047259
      ]
    },
    "num_results": 6
  },
  "denoising": {
    "metrics": {
      "mean": 0.7642208075106828,
      "std": 0.08639806597672495,
      "count": 6,
      "values": [
        0.6162577873712032,
        0.906712811334064,
        0.8019840754611802,
        0.7765397793995101,
        0.7449006804579719,
        0.7389297110401681
      ]
    },
    "num_results": 6
  },
  "target_metric_score": 0.7821288753922507,
  "timestamp": "2025-05-30T23:33:01.921056"
}