{
  "experiment_name": "candidate_q_net_0_neuron_40",
  "coalition_neurons": [
    "q_net.2_neuron_21",
    "q_net.2_neuron_30",
    "q_net.0_neuron_24",
    "q_net.2_neuron_13",
    "q_net.0_neuron_47",
    "q_net.0_neuron_46",
    "q_net.0_neuron_20",
    "q_net.0_neuron_9",
    "q_net.0_neuron_2",
    "q_net.2_neuron_6",
    "q_net.2_neuron_43",
    "q_net.2_neuron_52",
    "q_net.2_neuron_27",
    "q_net.0_neuron_27",
    "q_net.0_neuron_60",
    "q_net.2_neuron_19",
    "q_net.2_neuron_35",
    "q_net.2_neuron_36",
    "q_net.0_neuron_13",
    "q_net.2_neuron_38",
    "q_net.2_neuron_15",
    "q_net.0_neuron_40"
  ],
  "patch_config": {
    "q_net.2": [
      21,
      30,
      13,
      6,
      43,
      52,
      27,
      19,
      35,
      36,
      38,
      15
    ],
    "q_net.0": [
      24,
      47,
      46,
      20,
      9,
      2,
      27,
      60,
      13,
      40
    ]
  },
  "noising": {
    "metrics": {
      "mean": 0.9018742380343895,
      "std": 0.05831754575962391,
      "count": 6,
      "values": [
        0.9525320062971643,
        0.9557796913258949,
        0.8923455213840031,
        0.8014541519002967,
        0.8558632449266006,
        0.9532708123723777
      ]
    },
    "num_results": 6
  },
  "denoising": {
    "metrics": {
      "mean": 0.8766989017733132,
      "std": 0.07801469383553523,
      "count": 6,
      "values": [
        0.8976782409367638,
        0.9159772825306648,
        0.9396263041078966,
        0.71083546386843,
        0.8652236302466741,
        0.9308524889494508
      ]
    },
    "num_results": 6
  },
  "target_metric_score": 0.9018742380343895,
  "timestamp": "2025-05-30T17:14:17.792772"
}