{
  "experiment_name": "candidate_q_net_0_neuron_27",
  "coalition_neurons": [
    "q_net.2_neuron_21",
    "q_net.2_neuron_30",
    "q_net.0_neuron_24",
    "q_net.0_neuron_2",
    "q_net.2_neuron_36",
    "q_net.2_neuron_15",
    "q_net.2_neuron_43",
    "q_net.0_neuron_27"
  ],
  "patch_config": {
    "q_net.2": [
      21,
      30,
      36,
      15,
      43
    ],
    "q_net.0": [
      24,
      2,
      27
    ]
  },
  "noising": {
    "metrics": {
      "mean": 0.8497145484949372,
      "std": 0.0916273639812673,
      "count": 6,
      "values": [
        0.7453456510420599,
        0.8712444939485398,
        0.9354396649687138,
        0.7563416342039608,
        0.9920553358567573,
        0.7978605109495922
      ]
    },
    "num_results": 6
  },
  "denoising": {
    "metrics": {
      "mean": 0.8150667218053617,
      "std": 0.10013462961832775,
      "count": 6,
      "values": [
        0.7792173622907419,
        0.8126891012880825,
        0.8670992063154972,
        0.6738155422074656,
        0.9973019203247512,
        0.7602771984056316
      ]
    },
    "num_results": 6
  },
  "target_metric_score": 0.8497145484949372,
  "timestamp": "2025-05-31T15:21:02.781973"
}