{
  "experiment_name": "candidate_q_net_0_neuron_7",
  "coalition_neurons": [
    "q_net.2_neuron_21",
    "q_net.2_neuron_30",
    "q_net.0_neuron_24",
    "q_net.0_neuron_2",
    "q_net.2_neuron_36",
    "q_net.2_neuron_15",
    "q_net.2_neuron_43",
    "q_net.2_neuron_13",
    "q_net.0_neuron_18",
    "q_net.0_neuron_46",
    "q_net.2_neuron_6",
    "q_net.0_neuron_27",
    "q_net.2_neuron_19",
    "q_net.0_neuron_20",
    "q_net.0_neuron_62",
    "q_net.2_neuron_55",
    "q_net.0_neuron_8",
    "q_net.0_neuron_47",
    "q_net.0_neuron_56",
    "q_net.0_neuron_9",
    "q_net.0_neuron_7"
  ],
  "patch_config": {
    "q_net.2": [
      21,
      30,
      36,
      15,
      43,
      13,
      6,
      19,
      55
    ],
    "q_net.0": [
      24,
      2,
      18,
      46,
      27,
      20,
      62,
      8,
      47,
      56,
      9,
      7
    ]
  },
  "noising": {
    "metrics": {
      "mean": 0.9109557587286399,
      "std": 0.1320295571147562,
      "count": 6,
      "values": [
        0.9108235644493243,
        0.9902318493993065,
        0.9902051471499382,
        0.6222236966957249,
        0.9670328415367508,
        0.9852174531407939
      ]
    },
    "num_results": 6
  },
  "denoising": {
    "metrics": {
      "mean": 0.856434539335326,
      "std": 0.13016099248709712,
      "count": 6,
      "values": [
        0.8789998392222979,
        0.8930062657301101,
        0.9576722867812331,
        0.5764302543675283,
        0.9609568377912912,
        0.8715417521194964
      ]
    },
    "num_results": 6
  },
  "target_metric_score": 0.9109557587286399,
  "timestamp": "2025-05-30T22:48:07.074846"
}