{
  "experiment_name": "candidate_q_net_0_neuron_5",
  "coalition_neurons": [
    "q_net.2_neuron_21",
    "q_net.2_neuron_30",
    "q_net.0_neuron_24",
    "q_net.0_neuron_2",
    "q_net.2_neuron_36",
    "q_net.2_neuron_15",
    "q_net.2_neuron_43",
    "q_net.2_neuron_13",
    "q_net.0_neuron_18",
    "q_net.0_neuron_46",
    "q_net.2_neuron_6",
    "q_net.0_neuron_27",
    "q_net.2_neuron_19",
    "q_net.0_neuron_20",
    "q_net.0_neuron_62",
    "q_net.2_neuron_55",
    "q_net.0_neuron_8",
    "q_net.0_neuron_47",
    "q_net.0_neuron_56",
    "q_net.0_neuron_9",
    "q_net.2_neuron_27",
    "q_net.2_neuron_38",
    "q_net.2_neuron_41",
    "q_net.2_neuron_57",
    "q_net.0_neuron_38",
    "q_net.0_neuron_5"
  ],
  "patch_config": {
    "q_net.2": [
      21,
      30,
      36,
      15,
      43,
      13,
      6,
      19,
      55,
      27,
      38,
      41,
      57
    ],
    "q_net.0": [
      24,
      2,
      18,
      46,
      27,
      20,
      62,
      8,
      47,
      56,
      9,
      38,
      5
    ]
  },
  "noising": {
    "metrics": {
      "mean": 0.891540124045465,
      "std": 0.12326847100949197,
      "count": 6,
      "values": [
        0.9904871414117039,
        0.8613656902701338,
        0.9908185389216452,
        0.6425613085438867,
        0.98371658885657,
        0.8802914762688507
      ]
    },
    "num_results": 6
  },
  "denoising": {
    "metrics": {
      "mean": 0.8654171465508411,
      "std": 0.11716215362257318,
      "count": 6,
      "values": [
        0.9133731472245085,
        0.9102976107435462,
        0.9632163446345366,
        0.6328579480905108,
        0.9685997511812616,
        0.8041580774306836
      ]
    },
    "num_results": 6
  },
  "target_metric_score": 0.891540124045465,
  "timestamp": "2025-05-31T15:21:10.096579"
}