{
  "experiment_name": "candidate_q_net_0_neuron_40",
  "coalition_neurons": [
    "q_net.2_neuron_21",
    "q_net.2_neuron_30",
    "q_net.0_neuron_24",
    "q_net.0_neuron_2",
    "q_net.2_neuron_36",
    "q_net.0_neuron_40"
  ],
  "patch_config": {
    "q_net.2": [
      21,
      30,
      36
    ],
    "q_net.0": [
      24,
      2,
      40
    ]
  },
  "noising": {
    "metrics": {
      "mean": 0.7917528143903735,
      "std": 0.07816908825701388,
      "count": 6,
      "values": [
        0.8698728788690876,
        0.6593680272550277,
        0.8362708202197804,
        0.8707982197374011,
        0.7917645343797295,
        0.7224424058812142
      ]
    },
    "num_results": 6
  },
  "denoising": {
    "metrics": {
      "mean": 0.8632015290932592,
      "std": 0.0508079727737351,
      "count": 6,
      "values": [
        0.90781911894339,
        0.7998026313172923,
        0.9008970895441855,
        0.9288348422011584,
        0.8115544190511632,
        0.8303010735023664
      ]
    },
    "num_results": 6
  },
  "target_metric_score": 0.8632015290932592,
  "timestamp": "2025-05-30T22:48:01.908179"
}