{
  "experiment_name": "candidate_q_net_2_neuron_52",
  "coalition_neurons": [
    "q_net.2_neuron_21",
    "q_net.2_neuron_30",
    "q_net.0_neuron_24",
    "q_net.2_neuron_13",
    "q_net.0_neuron_47",
    "q_net.0_neuron_46",
    "q_net.0_neuron_20",
    "q_net.2_neuron_52"
  ],
  "patch_config": {
    "q_net.2": [
      21,
      30,
      13,
      52
    ],
    "q_net.0": [
      24,
      47,
      46,
      20
    ]
  },
  "noising": {
    "metrics": {
      "mean": 0.8626800141509711,
      "std": 0.0841936551239457,
      "count": 6,
      "values": [
        0.7183926120662765,
        0.8131413801886227,
        0.8704101201007097,
        0.9626539706029366,
        0.8533222302677393,
        0.9581597716795416
      ]
    },
    "num_results": 6
  },
  "denoising": {
    "metrics": {
      "mean": 0.7962778508452332,
      "std": 0.08003668687908252,
      "count": 6,
      "values": [
        0.6748565165339124,
        0.8064295920530966,
        0.755847056751076,
        0.8692416633131131,
        0.9178986094889965,
        0.7533936669312045
      ]
    },
    "num_results": 6
  },
  "target_metric_score": 0.8626800141509711,
  "timestamp": "2025-05-30T17:14:15.725931"
}