{
  "experiment_name": "candidate_q_net_2_neuron_10",
  "coalition_neurons": [
    "q_net.2_neuron_21",
    "q_net.2_neuron_30",
    "q_net.0_neuron_24",
    "q_net.0_neuron_2",
    "q_net.2_neuron_36",
    "q_net.2_neuron_15",
    "q_net.2_neuron_43",
    "q_net.2_neuron_13",
    "q_net.0_neuron_18",
    "q_net.0_neuron_46",
    "q_net.2_neuron_6",
    "q_net.0_neuron_27",
    "q_net.2_neuron_19",
    "q_net.0_neuron_20",
    "q_net.0_neuron_62",
    "q_net.2_neuron_55",
    "q_net.0_neuron_8",
    "q_net.0_neuron_47",
    "q_net.0_neuron_56",
    "q_net.0_neuron_9",
    "q_net.2_neuron_10"
  ],
  "patch_config": {
    "q_net.2": [
      21,
      30,
      36,
      15,
      43,
      13,
      6,
      19,
      55,
      10
    ],
    "q_net.0": [
      24,
      2,
      18,
      46,
      27,
      20,
      62,
      8,
      47,
      56,
      9
    ]
  },
  "noising": {
    "metrics": {
      "mean": 0.8222274171039419,
      "std": 0.12170637030814307,
      "count": 6,
      "values": [
        0.8593043363961653,
        0.8288797540808432,
        0.9597219156562645,
        0.5856641088682688,
        0.9242528354545677,
        0.7755415521675412
      ]
    },
    "num_results": 6
  },
  "denoising": {
    "metrics": {
      "mean": 0.8074869468415468,
      "std": 0.15805695646625903,
      "count": 6,
      "values": [
        0.8319680780768839,
        0.9053004858428957,
        0.9869533478955267,
        0.5171680874443236,
        0.9093913568988179,
        0.6941403248908322
      ]
    },
    "num_results": 6
  },
  "target_metric_score": 0.8222274171039419,
  "timestamp": "2025-05-30T22:48:06.980695"
}