{
  "experiment_name": "candidate_q_net_0_neuron_38",
  "coalition_neurons": [
    "q_net.2_neuron_21",
    "q_net.2_neuron_30",
    "q_net.0_neuron_24",
    "q_net.0_neuron_2",
    "q_net.2_neuron_36",
    "q_net.2_neuron_15",
    "q_net.2_neuron_43",
    "q_net.2_neuron_13",
    "q_net.0_neuron_18",
    "q_net.0_neuron_46",
    "q_net.2_neuron_6",
    "q_net.0_neuron_27",
    "q_net.2_neuron_19",
    "q_net.0_neuron_20",
    "q_net.0_neuron_62",
    "q_net.2_neuron_55",
    "q_net.0_neuron_38"
  ],
  "patch_config": {
    "q_net.2": [
      21,
      30,
      36,
      15,
      43,
      13,
      6,
      19,
      55
    ],
    "q_net.0": [
      24,
      2,
      18,
      46,
      27,
      20,
      62,
      38
    ]
  },
  "noising": {
    "metrics": {
      "mean": 0.9177388996505228,
      "std": 0.05647339498077467,
      "count": 6,
      "values": [
        0.9764629751923808,
        0.8977335137732977,
        0.9839410915046848,
        0.817208349506569,
        0.8956946243073363,
        0.9353928436188682
      ]
    },
    "num_results": 6
  },
  "denoising": {
    "metrics": {
      "mean": 0.8828545598514994,
      "std": 0.08204590555781069,
      "count": 6,
      "values": [
        0.9598838018758847,
        0.9084448853942871,
        0.9417202104506416,
        0.7128046295955353,
        0.9134237384264636,
        0.8608500933661842
      ]
    },
    "num_results": 6
  },
  "target_metric_score": 0.9177388996505228,
  "timestamp": "2025-05-30T23:33:04.221867"
}