{
  "experiment_name": "candidate_q_net_0_neuron_62",
  "coalition_neurons": [
    "q_net.2_neuron_21",
    "q_net.2_neuron_30",
    "q_net.0_neuron_24",
    "q_net.2_neuron_13",
    "q_net.0_neuron_47",
    "q_net.0_neuron_46",
    "q_net.0_neuron_20",
    "q_net.0_neuron_9",
    "q_net.0_neuron_2",
    "q_net.2_neuron_6",
    "q_net.2_neuron_43",
    "q_net.2_neuron_52",
    "q_net.2_neuron_27",
    "q_net.0_neuron_27",
    "q_net.0_neuron_60",
    "q_net.2_neuron_19",
    "q_net.2_neuron_35",
    "q_net.2_neuron_36",
    "q_net.0_neuron_13",
    "q_net.2_neuron_38",
    "q_net.2_neuron_15",
    "q_net.2_neuron_55",
    "q_net.2_neuron_23",
    "q_net.0_neuron_17",
    "q_net.0_neuron_62"
  ],
  "patch_config": {
    "q_net.2": [
      21,
      30,
      13,
      6,
      43,
      52,
      27,
      19,
      35,
      36,
      38,
      15,
      55,
      23
    ],
    "q_net.0": [
      24,
      47,
      46,
      20,
      9,
      2,
      27,
      60,
      13,
      17,
      62
    ]
  },
  "noising": {
    "metrics": {
      "mean": 0.899232822641582,
      "std": 0.10299923222573376,
      "count": 6,
      "values": [
        0.9765579684445007,
        0.9679089906626916,
        0.9139865417833007,
        0.6800036677376549,
        0.8899422912227871,
        0.9669974759985575
      ]
    },
    "num_results": 6
  },
  "denoising": {
    "metrics": {
      "mean": 0.8866034246416853,
      "std": 0.1305814996802787,
      "count": 6,
      "values": [
        0.9513237871104724,
        0.9954634170516523,
        0.9413754205159945,
        0.6009966687305816,
        0.9206951069669341,
        0.9097661474744763
      ]
    },
    "num_results": 6
  },
  "target_metric_score": 0.899232822641582,
  "timestamp": "2025-05-30T17:14:18.134197"
}