{
  "experiment_name": "candidate_q_net_2_neuron_44",
  "coalition_neurons": [
    "q_net.2_neuron_21",
    "q_net.2_neuron_30",
    "q_net.0_neuron_24",
    "q_net.0_neuron_2",
    "q_net.2_neuron_36",
    "q_net.2_neuron_15",
    "q_net.2_neuron_43",
    "q_net.2_neuron_13",
    "q_net.0_neuron_18",
    "q_net.2_neuron_44"
  ],
  "patch_config": {
    "q_net.2": [
      21,
      30,
      36,
      15,
      43,
      13,
      44
    ],
    "q_net.0": [
      24,
      2,
      18
    ]
  },
  "noising": {
    "metrics": {
      "mean": 0.8548812036760652,
      "std": 0.10039773264887523,
      "count": 6,
      "values": [
        0.8799033438328564,
        0.9544114002385525,
        0.9328721057716887,
        0.662977990133514,
        0.908636700152683,
        0.7904856819270967
      ]
    },
    "num_results": 6
  },
  "denoising": {
    "metrics": {
      "mean": 0.8455683166096679,
      "std": 0.11771325825670814,
      "count": 6,
      "values": [
        0.7808301061301357,
        0.9469719540768001,
        0.9267189781127796,
        0.6150909915968608,
        0.9380460586429432,
        0.8657518110984884
      ]
    },
    "num_results": 6
  },
  "target_metric_score": 0.8548812036760652,
  "timestamp": "2025-05-30T22:48:03.270334"
}