{
  "experiment_name": "candidate_q_net_0_neuron_33",
  "coalition_neurons": [
    "q_net.2_neuron_21",
    "q_net.2_neuron_30",
    "q_net.0_neuron_24",
    "q_net.2_neuron_13",
    "q_net.0_neuron_47",
    "q_net.0_neuron_46",
    "q_net.0_neuron_20",
    "q_net.0_neuron_9",
    "q_net.0_neuron_2",
    "q_net.2_neuron_6",
    "q_net.2_neuron_43",
    "q_net.2_neuron_52",
    "q_net.2_neuron_27",
    "q_net.0_neuron_27",
    "q_net.0_neuron_60",
    "q_net.2_neuron_19",
    "q_net.2_neuron_35",
    "q_net.2_neuron_36",
    "q_net.0_neuron_13",
    "q_net.2_neuron_38",
    "q_net.2_neuron_15",
    "q_net.0_neuron_33"
  ],
  "patch_config": {
    "q_net.2": [
      21,
      30,
      13,
      6,
      43,
      52,
      27,
      19,
      35,
      36,
      38,
      15
    ],
    "q_net.0": [
      24,
      47,
      46,
      20,
      9,
      2,
      27,
      60,
      13,
      33
    ]
  },
  "noising": {
    "metrics": {
      "mean": 0.8632594892680254,
      "std": 0.09987661698766746,
      "count": 6,
      "values": [
        0.9767543806203587,
        0.7208771593254308,
        0.9443225228059888,
        0.7446111597295473,
        0.9403151431379995,
        0.8526765699888275
      ]
    },
    "num_results": 6
  },
  "denoising": {
    "metrics": {
      "mean": 0.8319140176294636,
      "std": 0.12172530012983517,
      "count": 6,
      "values": [
        0.951804138006667,
        0.7438079636967876,
        0.9088023106899202,
        0.6523498490205075,
        0.9815922509889058,
        0.7531275933739938
      ]
    },
    "num_results": 6
  },
  "target_metric_score": 0.8632594892680254,
  "timestamp": "2025-05-30T17:14:17.756190"
}