{
  "experiment_name": "candidate_q_net_0_neuron_9",
  "coalition_neurons": [
    "q_net.2_neuron_21",
    "q_net.2_neuron_30",
    "q_net.0_neuron_24",
    "q_net.0_neuron_2",
    "q_net.2_neuron_36",
    "q_net.2_neuron_15",
    "q_net.2_neuron_43",
    "q_net.0_neuron_9"
  ],
  "patch_config": {
    "q_net.2": [
      21,
      30,
      36,
      15,
      43
    ],
    "q_net.0": [
      24,
      2,
      9
    ]
  },
  "noising": {
    "metrics": {
      "mean": 0.8602050960107758,
      "std": 0.13106596478964647,
      "count": 6,
      "values": [
        0.580297674987917,
        0.947908198909893,
        0.9825820997278352,
        0.8978193051188275,
        0.86856818969254,
        0.8840551076276418
      ]
    },
    "num_results": 6
  },
  "denoising": {
    "metrics": {
      "mean": 0.8605623044959905,
      "std": 0.07428608814374074,
      "count": 6,
      "values": [
        0.7472463826523192,
        0.8513730770348309,
        0.9970995977189399,
        0.843203398138082,
        0.837363067583174,
        0.8870883038485975
      ]
    },
    "num_results": 6
  },
  "target_metric_score": 0.8605623044959905,
  "timestamp": "2025-05-31T15:21:02.823717"
}