{
  "experiment_name": "candidate_q_net_0_neuron_54",
  "coalition_neurons": [
    "q_net.2_neuron_21",
    "q_net.2_neuron_30",
    "q_net.0_neuron_24",
    "q_net.2_neuron_13",
    "q_net.0_neuron_47",
    "q_net.0_neuron_46",
    "q_net.0_neuron_20",
    "q_net.0_neuron_9",
    "q_net.0_neuron_2",
    "q_net.2_neuron_6",
    "q_net.2_neuron_43",
    "q_net.2_neuron_52",
    "q_net.2_neuron_27",
    "q_net.0_neuron_27",
    "q_net.0_neuron_60",
    "q_net.2_neuron_19",
    "q_net.2_neuron_35",
    "q_net.2_neuron_36",
    "q_net.0_neuron_13",
    "q_net.2_neuron_38",
    "q_net.2_neuron_15",
    "q_net.2_neuron_55",
    "q_net.2_neuron_23",
    "q_net.0_neuron_17",
    "q_net.0_neuron_54"
  ],
  "patch_config": {
    "q_net.2": [
      21,
      30,
      13,
      6,
      43,
      52,
      27,
      19,
      35,
      36,
      38,
      15,
      55,
      23
    ],
    "q_net.0": [
      24,
      47,
      46,
      20,
      9,
      2,
      27,
      60,
      13,
      17,
      54
    ]
  },
  "noising": {
    "metrics": {
      "mean": 0.893051319372414,
      "std": 0.10213607621299506,
      "count": 6,
      "values": [
        0.9039109797285412,
        0.9408807216319168,
        0.9431560959471937,
        0.6711342457466576,
        0.9177619149833673,
        0.9814639581968071
      ]
    },
    "num_results": 6
  },
  "denoising": {
    "metrics": {
      "mean": 0.8709994344848889,
      "std": 0.13522541653985523,
      "count": 6,
      "values": [
        0.856892962308148,
        0.977209211434858,
        0.9884648603417735,
        0.5919587556710308,
        0.951347730905099,
        0.8601230862484244
      ]
    },
    "num_results": 6
  },
  "target_metric_score": 0.893051319372414,
  "timestamp": "2025-05-30T17:14:18.119477"
}