{
  "experiment_name": "candidate_q_net_0_neuron_18",
  "coalition_neurons": [
    "q_net.2_neuron_21",
    "q_net.2_neuron_30",
    "q_net.0_neuron_24",
    "q_net.0_neuron_18"
  ],
  "patch_config": {
    "q_net.2": [
      21,
      30
    ],
    "q_net.0": [
      24,
      18
    ]
  },
  "noising": {
    "metrics": {
      "mean": 0.8496349355535195,
      "std": 0.13874840039068534,
      "count": 6,
      "values": [
        0.8712484816075546,
        0.7594066945703926,
        0.9911511339855223,
        0.9186886420268443,
        0.9684302754309118,
        0.5888843856998918
      ]
    },
    "num_results": 6
  },
  "denoising": {
    "metrics": {
      "mean": 0.8555086272151627,
      "std": 0.14238120574225885,
      "count": 6,
      "values": [
        0.9978043918694278,
        0.769146475244173,
        0.9985970198639412,
        0.7847571996926952,
        0.9648974250923397,
        0.6178492515283985
      ]
    },
    "num_results": 6
  },
  "target_metric_score": 0.8555086272151627,
  "timestamp": "2025-05-30T23:32:58.960030"
}