{
  "experiment_name": "candidate_q_net_0_neuron_52",
  "coalition_neurons": [
    "q_net.2_neuron_21",
    "q_net.2_neuron_30",
    "q_net.0_neuron_24",
    "q_net.0_neuron_2",
    "q_net.2_neuron_36",
    "q_net.2_neuron_15",
    "q_net.2_neuron_43",
    "q_net.2_neuron_13",
    "q_net.0_neuron_18",
    "q_net.0_neuron_46",
    "q_net.2_neuron_6",
    "q_net.0_neuron_27",
    "q_net.2_neuron_19",
    "q_net.0_neuron_20",
    "q_net.0_neuron_62",
    "q_net.2_neuron_55",
    "q_net.0_neuron_8",
    "q_net.0_neuron_47",
    "q_net.0_neuron_56",
    "q_net.0_neuron_9",
    "q_net.2_neuron_27",
    "q_net.2_neuron_38",
    "q_net.2_neuron_41",
    "q_net.2_neuron_57",
    "q_net.0_neuron_38",
    "q_net.0_neuron_12",
    "q_net.2_neuron_35",
    "q_net.0_neuron_52"
  ],
  "patch_config": {
    "q_net.2": [
      21,
      30,
      36,
      15,
      43,
      13,
      6,
      19,
      55,
      27,
      38,
      41,
      57,
      35
    ],
    "q_net.0": [
      24,
      2,
      18,
      46,
      27,
      20,
      62,
      8,
      47,
      56,
      9,
      38,
      12,
      52
    ]
  },
  "noising": {
    "metrics": {
      "mean": 0.8892823982361991,
      "std": 0.13550156364014526,
      "count": 6,
      "values": [
        0.9931158892769795,
        0.9682023155509789,
        0.9403430782793396,
        0.6052649389781475,
        0.9800384660411994,
        0.848729701290549
      ]
    },
    "num_results": 6
  },
  "denoising": {
    "metrics": {
      "mean": 0.8547296622208566,
      "std": 0.12431105614114675,
      "count": 6,
      "values": [
        0.8593500482829312,
        0.9199820549451093,
        0.9736000012777213,
        0.5960481495740964,
        0.9394393729060875,
        0.8399583463391941
      ]
    },
    "num_results": 6
  },
  "target_metric_score": 0.8892823982361991,
  "timestamp": "2025-05-31T15:21:11.359129"
}