{
  "experiment_name": "candidate_q_net_0_neuron_3",
  "coalition_neurons": [
    "q_net.2_neuron_21",
    "q_net.2_neuron_30",
    "q_net.0_neuron_24",
    "q_net.0_neuron_2",
    "q_net.2_neuron_36",
    "q_net.2_neuron_15",
    "q_net.2_neuron_43",
    "q_net.2_neuron_13",
    "q_net.0_neuron_18",
    "q_net.0_neuron_46",
    "q_net.2_neuron_6",
    "q_net.0_neuron_27",
    "q_net.2_neuron_19",
    "q_net.0_neuron_20",
    "q_net.0_neuron_62",
    "q_net.2_neuron_55",
    "q_net.0_neuron_3"
  ],
  "patch_config": {
    "q_net.2": [
      21,
      30,
      36,
      15,
      43,
      13,
      6,
      19,
      55
    ],
    "q_net.0": [
      24,
      2,
      18,
      46,
      27,
      20,
      62,
      3
    ]
  },
  "noising": {
    "metrics": {
      "mean": 0.7994050304576267,
      "std": 0.07374854970132015,
      "count": 6,
      "values": [
        0.8024897055892259,
        0.751944552824062,
        0.9547266971508751,
        0.7628881855346701,
        0.7949238354913721,
        0.7294572061555548
      ]
    },
    "num_results": 6
  },
  "denoising": {
    "metrics": {
      "mean": 0.8488735711823816,
      "std": 0.0817218108269608,
      "count": 6,
      "values": [
        0.9076193951587144,
        0.7902363763417526,
        0.9742682476055983,
        0.8820284994951713,
        0.8129727975331094,
        0.7261161109599433
      ]
    },
    "num_results": 6
  },
  "target_metric_score": 0.8488735711823816,
  "timestamp": "2025-05-30T22:48:05.463986"
}