{
  "experiment_name": "candidate_q_net_2_neuron_55",
  "coalition_neurons": [
    "q_net.2_neuron_21",
    "q_net.2_neuron_30",
    "q_net.0_neuron_24",
    "q_net.2_neuron_13",
    "q_net.0_neuron_47",
    "q_net.0_neuron_46",
    "q_net.0_neuron_20",
    "q_net.0_neuron_9",
    "q_net.0_neuron_2",
    "q_net.2_neuron_6",
    "q_net.2_neuron_43",
    "q_net.2_neuron_52",
    "q_net.2_neuron_27",
    "q_net.0_neuron_27",
    "q_net.0_neuron_60",
    "q_net.2_neuron_19",
    "q_net.2_neuron_35",
    "q_net.2_neuron_36",
    "q_net.0_neuron_13",
    "q_net.2_neuron_38",
    "q_net.2_neuron_55"
  ],
  "patch_config": {
    "q_net.2": [
      21,
      30,
      13,
      6,
      43,
      52,
      27,
      19,
      35,
      36,
      38,
      55
    ],
    "q_net.0": [
      24,
      47,
      46,
      20,
      9,
      2,
      27,
      60,
      13
    ]
  },
  "noising": {
    "metrics": {
      "mean": 0.9126066779603031,
      "std": 0.06177992799374439,
      "count": 6,
      "values": [
        0.9897654125689015,
        0.8187572214520922,
        0.987431427077121,
        0.875410024873515,
        0.9237926128635642,
        0.8804833689266252
      ]
    },
    "num_results": 6
  },
  "denoising": {
    "metrics": {
      "mean": 0.8811554294511795,
      "std": 0.08349782144450402,
      "count": 6,
      "values": [
        0.945446321775411,
        0.8408632196841856,
        0.9751213510961672,
        0.7599421850790063,
        0.9619852235856761,
        0.8035742754866304
      ]
    },
    "num_results": 6
  },
  "target_metric_score": 0.9126066779603031,
  "timestamp": "2025-05-30T17:14:17.499671"
}