{
  "experiment_name": "candidate_q_net_0_neuron_18",
  "coalition_neurons": [
    "q_net.2_neuron_21",
    "q_net.2_neuron_30",
    "q_net.2_neuron_57",
    "q_net.0_neuron_2",
    "q_net.2_neuron_6",
    "q_net.2_neuron_13",
    "q_net.0_neuron_9",
    "q_net.0_neuron_27",
    "q_net.0_neuron_54",
    "q_net.0_neuron_20",
    "q_net.0_neuron_13",
    "q_net.2_neuron_55",
    "q_net.0_neuron_47",
    "q_net.0_neuron_46",
    "q_net.2_neuron_27",
    "q_net.2_neuron_38",
    "q_net.0_neuron_24",
    "q_net.0_neuron_16",
    "q_net.2_neuron_0",
    "q_net.0_neuron_12",
    "q_net.2_neuron_43",
    "q_net.2_neuron_19",
    "q_net.2_neuron_32",
    "q_net.0_neuron_6",
    "q_net.0_neuron_8",
    "q_net.0_neuron_18"
  ],
  "patch_config": {
    "q_net.2": [
      21,
      30,
      57,
      6,
      13,
      55,
      27,
      38,
      0,
      43,
      19,
      32
    ],
    "q_net.0": [
      2,
      9,
      27,
      54,
      20,
      13,
      47,
      46,
      24,
      16,
      12,
      6,
      8,
      18
    ]
  },
  "noising": {
    "metrics": {
      "mean": 0.9001257649345963,
      "std": 0.06812762040187209,
      "count": 6,
      "values": [
        0.958656673170241,
        0.8815976668126657,
        0.9430905344182943,
        0.7750790510609151,
        0.8677279879550153,
        0.974602676190447
      ]
    },
    "num_results": 6
  },
  "denoising": {
    "metrics": {
      "mean": 0.9090725280242351,
      "std": 0.06375888019040944,
      "count": 6,
      "values": [
        0.9820240599724541,
        0.9329853543882618,
        0.9419574446088063,
        0.7773516546570216,
        0.9044160883048223,
        0.9157005662140448
      ]
    },
    "num_results": 6
  },
  "target_metric_score": 0.9045991464794156,
  "timestamp": "2025-05-30T23:15:27.847864"
}