{
  "experiment_name": "candidate_q_net_2_neuron_40",
  "coalition_neurons": [
    "q_net.2_neuron_21",
    "q_net.2_neuron_30",
    "q_net.0_neuron_24",
    "q_net.0_neuron_2",
    "q_net.2_neuron_36",
    "q_net.2_neuron_15",
    "q_net.2_neuron_43",
    "q_net.2_neuron_13",
    "q_net.0_neuron_18",
    "q_net.0_neuron_46",
    "q_net.2_neuron_6",
    "q_net.0_neuron_27",
    "q_net.2_neuron_19",
    "q_net.0_neuron_20",
    "q_net.0_neuron_62",
    "q_net.2_neuron_55",
    "q_net.0_neuron_8",
    "q_net.0_neuron_47",
    "q_net.0_neuron_56",
    "q_net.0_neuron_9",
    "q_net.2_neuron_27",
    "q_net.2_neuron_40"
  ],
  "patch_config": {
    "q_net.2": [
      21,
      30,
      36,
      15,
      43,
      13,
      6,
      19,
      55,
      27,
      40
    ],
    "q_net.0": [
      24,
      2,
      18,
      46,
      27,
      20,
      62,
      8,
      47,
      56,
      9
    ]
  },
  "noising": {
    "metrics": {
      "mean": 0.9001564681148406,
      "std": 0.12060429951882777,
      "count": 6,
      "values": [
        0.9804523727285132,
        0.9273510952190227,
        0.907228363066032,
        0.6377428127689795,
        0.9630260611820096,
        0.9851381037244868
      ]
    },
    "num_results": 6
  },
  "denoising": {
    "metrics": {
      "mean": 0.8804367570743659,
      "std": 0.14159614074894475,
      "count": 6,
      "values": [
        0.9801293212528429,
        0.9803252481522147,
        0.8719933223183659,
        0.5776163378325145,
        0.9707198664783218,
        0.9018364464119353
      ]
    },
    "num_results": 6
  },
  "target_metric_score": 0.9001564681148406,
  "timestamp": "2025-05-30T22:48:07.210422"
}