{
  "experiment_name": "candidate_q_net_0_neuron_47",
  "coalition_neurons": [
    "q_net.2_neuron_21",
    "q_net.2_neuron_30",
    "q_net.0_neuron_24",
    "q_net.0_neuron_2",
    "q_net.2_neuron_36",
    "q_net.2_neuron_15",
    "q_net.2_neuron_43",
    "q_net.2_neuron_13",
    "q_net.0_neuron_18",
    "q_net.0_neuron_46",
    "q_net.2_neuron_6",
    "q_net.0_neuron_27",
    "q_net.2_neuron_19",
    "q_net.0_neuron_20",
    "q_net.0_neuron_62",
    "q_net.2_neuron_55",
    "q_net.0_neuron_47"
  ],
  "patch_config": {
    "q_net.2": [
      21,
      30,
      36,
      15,
      43,
      13,
      6,
      19,
      55
    ],
    "q_net.0": [
      24,
      2,
      18,
      46,
      27,
      20,
      62,
      47
    ]
  },
  "noising": {
    "metrics": {
      "mean": 0.9009052129548114,
      "std": 0.04861802295436119,
      "count": 6,
      "values": [
        0.9614822637475693,
        0.8808921431500082,
        0.9435000851182952,
        0.8119356469934689,
        0.917326890910608,
        0.8902942478089185
      ]
    },
    "num_results": 6
  },
  "denoising": {
    "metrics": {
      "mean": 0.8816735037333627,
      "std": 0.07054801622132673,
      "count": 6,
      "values": [
        0.9651092243411103,
        0.8940689567652953,
        0.9562520716969576,
        0.7689600381802381,
        0.8903503612170347,
        0.8153003701995405
      ]
    },
    "num_results": 6
  },
  "target_metric_score": 0.9009052129548114,
  "timestamp": "2025-05-30T23:33:03.867372"
}