{
  "experiment_name": "candidate_q_net_0_neuron_40",
  "coalition_neurons": [
    "q_net.2_neuron_21",
    "q_net.2_neuron_30",
    "q_net.0_neuron_24",
    "q_net.0_neuron_2",
    "q_net.2_neuron_36",
    "q_net.2_neuron_15",
    "q_net.2_neuron_43",
    "q_net.2_neuron_13",
    "q_net.0_neuron_18",
    "q_net.0_neuron_46",
    "q_net.2_neuron_6",
    "q_net.0_neuron_27",
    "q_net.2_neuron_19",
    "q_net.0_neuron_20",
    "q_net.0_neuron_62",
    "q_net.2_neuron_55",
    "q_net.0_neuron_40"
  ],
  "patch_config": {
    "q_net.2": [
      21,
      30,
      36,
      15,
      43,
      13,
      6,
      19,
      55
    ],
    "q_net.0": [
      24,
      2,
      18,
      46,
      27,
      20,
      62,
      40
    ]
  },
  "noising": {
    "metrics": {
      "mean": 0.8916156862160253,
      "std": 0.0365311339697832,
      "count": 6,
      "values": [
        0.9323402727563679,
        0.8977335137732977,
        0.8979134385980075,
        0.844012851570332,
        0.8441804771234603,
        0.9335135634746857
      ]
    },
    "num_results": 6
  },
  "denoising": {
    "metrics": {
      "mean": 0.8902342969988603,
      "std": 0.07507601369418349,
      "count": 6,
      "values": [
        0.9779819640859163,
        0.9084448853942871,
        0.9864020779394538,
        0.7803165710812799,
        0.8339853509829263,
        0.8542749325092989
      ]
    },
    "num_results": 6
  },
  "target_metric_score": 0.8916156862160253,
  "timestamp": "2025-05-30T23:33:04.056443"
}