{
  "experiment_name": "candidate_q_net_2_neuron_41",
  "coalition_neurons": [
    "q_net.2_neuron_21",
    "q_net.2_neuron_30",
    "q_net.0_neuron_24",
    "q_net.0_neuron_2",
    "q_net.2_neuron_36",
    "q_net.2_neuron_15",
    "q_net.2_neuron_43",
    "q_net.2_neuron_13",
    "q_net.0_neuron_18",
    "q_net.0_neuron_46",
    "q_net.2_neuron_6",
    "q_net.0_neuron_27",
    "q_net.2_neuron_19",
    "q_net.0_neuron_20",
    "q_net.0_neuron_62",
    "q_net.2_neuron_55",
    "q_net.0_neuron_8",
    "q_net.2_neuron_41"
  ],
  "patch_config": {
    "q_net.2": [
      21,
      30,
      36,
      15,
      43,
      13,
      6,
      19,
      55,
      41
    ],
    "q_net.0": [
      24,
      2,
      18,
      46,
      27,
      20,
      62,
      8
    ]
  },
  "noising": {
    "metrics": {
      "mean": 0.9015458222296516,
      "std": 0.09066657679786433,
      "count": 6,
      "values": [
        0.971340246108058,
        0.9787192052405393,
        0.9580656601905156,
        0.7213535077030622,
        0.9256785828240018,
        0.8541177313117321
      ]
    },
    "num_results": 6
  },
  "denoising": {
    "metrics": {
      "mean": 0.913270631415251,
      "std": 0.10693635050135326,
      "count": 6,
      "values": [
        0.9616043376389722,
        0.9494333741729257,
        0.9654066707699895,
        0.6752545335537934,
        0.9488088945254564,
        0.9791159778303691
      ]
    },
    "num_results": 6
  },
  "target_metric_score": 0.913270631415251,
  "timestamp": "2025-05-30T23:33:04.481701"
}