{
  "experiment_name": "candidate_q_net_0_neuron_9",
  "coalition_neurons": [
    "q_net.2_neuron_21",
    "q_net.2_neuron_30",
    "q_net.0_neuron_24",
    "q_net.0_neuron_2",
    "q_net.2_neuron_36",
    "q_net.2_neuron_15",
    "q_net.2_neuron_43",
    "q_net.2_neuron_13",
    "q_net.0_neuron_18",
    "q_net.0_neuron_46",
    "q_net.2_neuron_6",
    "q_net.0_neuron_27",
    "q_net.2_neuron_19",
    "q_net.0_neuron_20",
    "q_net.0_neuron_62",
    "q_net.0_neuron_9"
  ],
  "patch_config": {
    "q_net.2": [
      21,
      30,
      36,
      15,
      43,
      13,
      6,
      19
    ],
    "q_net.0": [
      24,
      2,
      18,
      46,
      27,
      20,
      62,
      9
    ]
  },
  "noising": {
    "metrics": {
      "mean": 0.9104128105232302,
      "std": 0.04395326796353393,
      "count": 6,
      "values": [
        0.8798165944540652,
        0.9229352064543781,
        0.9680410899269525,
        0.8726138640576344,
        0.855929644429285,
        0.9631404638170662
      ]
    },
    "num_results": 6
  },
  "denoising": {
    "metrics": {
      "mean": 0.8896769359824135,
      "std": 0.06213473762911157,
      "count": 6,
      "values": [
        0.8695907355245122,
        0.9755677998242704,
        0.9483860768744895,
        0.7813693857473496,
        0.8754481341473039,
        0.8876994837765556
      ]
    },
    "num_results": 6
  },
  "target_metric_score": 0.9104128105232302,
  "timestamp": "2025-05-30T22:48:05.023763"
}