{
  "experiment_name": "candidate_q_net_2_neuron_22",
  "coalition_neurons": [
    "q_net.2_neuron_21",
    "q_net.2_neuron_30",
    "q_net.0_neuron_24",
    "q_net.0_neuron_2",
    "q_net.2_neuron_36",
    "q_net.2_neuron_15",
    "q_net.2_neuron_43",
    "q_net.2_neuron_13",
    "q_net.0_neuron_18",
    "q_net.0_neuron_46",
    "q_net.2_neuron_6",
    "q_net.0_neuron_27",
    "q_net.2_neuron_19",
    "q_net.0_neuron_20",
    "q_net.0_neuron_62",
    "q_net.2_neuron_55",
    "q_net.2_neuron_22"
  ],
  "patch_config": {
    "q_net.2": [
      21,
      30,
      36,
      15,
      43,
      13,
      6,
      19,
      55,
      22
    ],
    "q_net.0": [
      24,
      2,
      18,
      46,
      27,
      20,
      62
    ]
  },
  "noising": {
    "metrics": {
      "mean": 0.8917997468484629,
      "std": 0.07363824808692275,
      "count": 6,
      "values": [
        0.9781795741655407,
        0.8117314593780067,
        0.9821806129456235,
        0.803850534327187,
        0.9243141746376226,
        0.850542125636796
      ]
    },
    "num_results": 6
  },
  "denoising": {
    "metrics": {
      "mean": 0.8673908099364405,
      "std": 0.09022273454786738,
      "count": 6,
      "values": [
        0.9939453455467445,
        0.8190579014505696,
        0.9151328333747994,
        0.7355879651272751,
        0.9438644404399427,
        0.7967563736793114
      ]
    },
    "num_results": 6
  },
  "target_metric_score": 0.8917997468484629,
  "timestamp": "2025-05-30T23:33:04.124594"
}