{
  "experiment_name": "candidate_q_net_2_neuron_35",
  "coalition_neurons": [
    "q_net.2_neuron_21",
    "q_net.2_neuron_30",
    "q_net.0_neuron_24",
    "q_net.2_neuron_13",
    "q_net.0_neuron_47",
    "q_net.0_neuron_46",
    "q_net.0_neuron_20",
    "q_net.0_neuron_9",
    "q_net.0_neuron_2",
    "q_net.2_neuron_6",
    "q_net.2_neuron_43",
    "q_net.2_neuron_52",
    "q_net.2_neuron_27",
    "q_net.0_neuron_27",
    "q_net.2_neuron_35"
  ],
  "patch_config": {
    "q_net.2": [
      21,
      30,
      13,
      6,
      43,
      52,
      27,
      35
    ],
    "q_net.0": [
      24,
      47,
      46,
      20,
      9,
      2,
      27
    ]
  },
  "noising": {
    "metrics": {
      "mean": 0.9033714031732543,
      "std": 0.09478791742667436,
      "count": 6,
      "values": [
        0.836757875474187,
        0.9783411631177833,
        0.9919914741617125,
        0.7281868050524898,
        0.9760109026095701,
        0.9089401986237834
      ]
    },
    "num_results": 6
  },
  "denoising": {
    "metrics": {
      "mean": 0.8780708595636001,
      "std": 0.10163352948236709,
      "count": 6,
      "values": [
        0.8605453763915235,
        0.9072336264750261,
        0.9905962467431834,
        0.6731245074609198,
        0.9564802275803641,
        0.8804451727305832
      ]
    },
    "num_results": 6
  },
  "target_metric_score": 0.9033714031732543,
  "timestamp": "2025-05-30T17:14:16.672355"
}