{
  "experiment_name": "candidate_q_net_0_neuron_12",
  "coalition_neurons": [
    "q_net.2_neuron_21",
    "q_net.2_neuron_30",
    "q_net.0_neuron_24",
    "q_net.2_neuron_13",
    "q_net.0_neuron_47",
    "q_net.0_neuron_46",
    "q_net.0_neuron_20",
    "q_net.0_neuron_9",
    "q_net.0_neuron_12"
  ],
  "patch_config": {
    "q_net.2": [
      21,
      30,
      13
    ],
    "q_net.0": [
      24,
      47,
      46,
      20,
      9,
      12
    ]
  },
  "noising": {
    "metrics": {
      "mean": 0.8889663776716273,
      "std": 0.08086079791239023,
      "count": 6,
      "values": [
        0.980368016353921,
        0.8810023681850213,
        0.7428370577183527,
        0.9725809858444929,
        0.8449708933573931,
        0.9120389445705829
      ]
    },
    "num_results": 6
  },
  "denoising": {
    "metrics": {
      "mean": 0.8466543222845009,
      "std": 0.06229730331585711,
      "count": 6,
      "values": [
        0.8290975331037329,
        0.9050206599326356,
        0.7339384372018574,
        0.9222789010145863,
        0.8209205968796456,
        0.8686698055745475
      ]
    },
    "num_results": 6
  },
  "target_metric_score": 0.8889663776716273,
  "timestamp": "2025-05-30T17:14:15.814585"
}