{
  "experiment_name": "candidate_q_net_2_neuron_44",
  "coalition_neurons": [
    "q_net.2_neuron_21",
    "q_net.2_neuron_30",
    "q_net.0_neuron_24",
    "q_net.0_neuron_2",
    "q_net.2_neuron_36",
    "q_net.2_neuron_15",
    "q_net.2_neuron_43",
    "q_net.2_neuron_13",
    "q_net.0_neuron_18",
    "q_net.0_neuron_46",
    "q_net.2_neuron_6",
    "q_net.0_neuron_27",
    "q_net.2_neuron_19",
    "q_net.0_neuron_20",
    "q_net.0_neuron_62",
    "q_net.2_neuron_44"
  ],
  "patch_config": {
    "q_net.2": [
      21,
      30,
      36,
      15,
      43,
      13,
      6,
      19,
      44
    ],
    "q_net.0": [
      24,
      2,
      18,
      46,
      27,
      20,
      62
    ]
  },
  "noising": {
    "metrics": {
      "mean": 0.8963633879828398,
      "std": 0.0909799873963542,
      "count": 6,
      "values": [
        0.9896224560043507,
        0.9405851114466964,
        0.9817183619906279,
        0.7230011289850389,
        0.886586175007614,
        0.85666709446271
      ]
    },
    "num_results": 6
  },
  "denoising": {
    "metrics": {
      "mean": 0.8700132847304601,
      "std": 0.11355963885438367,
      "count": 6,
      "values": [
        0.9780536138891995,
        0.9540342082490648,
        0.9408804198122275,
        0.6566228427493033,
        0.9038014870944757,
        0.7866871365884892
      ]
    },
    "num_results": 6
  },
  "target_metric_score": 0.8963633879828398,
  "timestamp": "2025-05-30T23:33:03.745620"
}