{
  "experiment_name": "candidate_q_net_2_neuron_61",
  "coalition_neurons": [
    "q_net.2_neuron_21",
    "q_net.2_neuron_30",
    "q_net.0_neuron_24",
    "q_net.2_neuron_13",
    "q_net.0_neuron_47",
    "q_net.0_neuron_46",
    "q_net.0_neuron_20",
    "q_net.0_neuron_9",
    "q_net.0_neuron_2",
    "q_net.2_neuron_6",
    "q_net.2_neuron_43",
    "q_net.2_neuron_61"
  ],
  "patch_config": {
    "q_net.2": [
      21,
      30,
      13,
      6,
      43,
      61
    ],
    "q_net.0": [
      24,
      47,
      46,
      20,
      9,
      2
    ]
  },
  "noising": {
    "metrics": {
      "mean": 0.8812481428441559,
      "std": 0.03286153648637259,
      "count": 6,
      "values": [
        0.8861448827411427,
        0.858910788442661,
        0.88978501257619,
        0.9262954408715958,
        0.8231699130318899,
        0.903182819401456
      ]
    },
    "num_results": 6
  },
  "denoising": {
    "metrics": {
      "mean": 0.8294383212070121,
      "std": 0.04341415631131125,
      "count": 6,
      "values": [
        0.7798360585904056,
        0.8929617472469673,
        0.8184634465475317,
        0.8316788392273378,
        0.8751885028066091,
        0.7785013328232204
      ]
    },
    "num_results": 6
  },
  "target_metric_score": 0.8812481428441559,
  "timestamp": "2025-05-30T17:14:16.294684"
}