{
  "experiment_name": "candidate_q_net_0_neuron_18",
  "coalition_neurons": [
    "q_net.2_neuron_21",
    "q_net.2_neuron_30",
    "q_net.0_neuron_24",
    "q_net.2_neuron_13",
    "q_net.0_neuron_47",
    "q_net.0_neuron_46",
    "q_net.0_neuron_20",
    "q_net.0_neuron_9",
    "q_net.0_neuron_2",
    "q_net.2_neuron_6",
    "q_net.2_neuron_43",
    "q_net.2_neuron_52",
    "q_net.2_neuron_27",
    "q_net.0_neuron_27",
    "q_net.0_neuron_60",
    "q_net.2_neuron_19",
    "q_net.2_neuron_35",
    "q_net.0_neuron_18"
  ],
  "patch_config": {
    "q_net.2": [
      21,
      30,
      13,
      6,
      43,
      52,
      27,
      19,
      35
    ],
    "q_net.0": [
      24,
      47,
      46,
      20,
      9,
      2,
      27,
      60,
      18
    ]
  },
  "noising": {
    "metrics": {
      "mean": 0.9104561259533326,
      "std": 0.07353732490982193,
      "count": 6,
      "values": [
        0.9415721136176598,
        0.8609469840831117,
        0.9980535560186636,
        0.7845272143208573,
        0.9829026043826239,
        0.8947342832970799
      ]
    },
    "num_results": 6
  },
  "denoising": {
    "metrics": {
      "mean": 0.892409197990058,
      "std": 0.10051604576047207,
      "count": 6,
      "values": [
        0.9771035646236601,
        0.88364334101252,
        0.9964937528949006,
        0.721422449790071,
        0.9693210879233133,
        0.8064709916958835
      ]
    },
    "num_results": 6
  },
  "target_metric_score": 0.9104561259533326,
  "timestamp": "2025-05-30T17:14:17.144393"
}