{
  "experiment_name": "candidate_q_net_0_neuron_40",
  "coalition_neurons": [
    "q_net.2_neuron_21",
    "q_net.2_neuron_30",
    "q_net.0_neuron_24",
    "q_net.2_neuron_13",
    "q_net.0_neuron_47",
    "q_net.0_neuron_46",
    "q_net.0_neuron_20",
    "q_net.0_neuron_9",
    "q_net.0_neuron_2",
    "q_net.2_neuron_6",
    "q_net.2_neuron_43",
    "q_net.2_neuron_52",
    "q_net.2_neuron_27",
    "q_net.0_neuron_27",
    "q_net.0_neuron_60",
    "q_net.2_neuron_19",
    "q_net.2_neuron_35",
    "q_net.2_neuron_36",
    "q_net.0_neuron_13",
    "q_net.2_neuron_38",
    "q_net.2_neuron_15",
    "q_net.2_neuron_55",
    "q_net.2_neuron_23",
    "q_net.0_neuron_40"
  ],
  "patch_config": {
    "q_net.2": [
      21,
      30,
      13,
      6,
      43,
      52,
      27,
      19,
      35,
      36,
      38,
      15,
      55,
      23
    ],
    "q_net.0": [
      24,
      47,
      46,
      20,
      9,
      2,
      27,
      60,
      13,
      40
    ]
  },
  "noising": {
    "metrics": {
      "mean": 0.9079283681201976,
      "std": 0.08602236687440669,
      "count": 6,
      "values": [
        0.9443781794393031,
        0.9654550276015561,
        0.914657106057647,
        0.7240231550484715,
        0.9146453038364137,
        0.9844114367377937
      ]
    },
    "num_results": 6
  },
  "denoising": {
    "metrics": {
      "mean": 0.8871881666124705,
      "std": 0.11121814936164748,
      "count": 6,
      "values": [
        0.9078385013859411,
        0.9981579034607072,
        0.9599681557454378,
        0.6525922491197804,
        0.9208343490455644,
        0.8837378409173917
      ]
    },
    "num_results": 6
  },
  "target_metric_score": 0.9079283681201976,
  "timestamp": "2025-05-30T17:14:18.083059"
}