{
  "experiment_name": "candidate_q_net_2_neuron_5",
  "coalition_neurons": [
    "q_net.2_neuron_21",
    "q_net.2_neuron_30",
    "q_net.0_neuron_24",
    "q_net.2_neuron_13",
    "q_net.0_neuron_47",
    "q_net.0_neuron_46",
    "q_net.0_neuron_20",
    "q_net.0_neuron_9",
    "q_net.0_neuron_2",
    "q_net.2_neuron_6",
    "q_net.2_neuron_43",
    "q_net.2_neuron_52",
    "q_net.2_neuron_27",
    "q_net.0_neuron_27",
    "q_net.0_neuron_60",
    "q_net.2_neuron_19",
    "q_net.2_neuron_35",
    "q_net.2_neuron_36",
    "q_net.0_neuron_13",
    "q_net.2_neuron_38",
    "q_net.2_neuron_15",
    "q_net.2_neuron_55",
    "q_net.2_neuron_23",
    "q_net.0_neuron_17",
    "q_net.2_neuron_1",
    "q_net.0_neuron_44",
    "q_net.0_neuron_12",
    "q_net.2_neuron_57",
    "q_net.2_neuron_5"
  ],
  "patch_config": {
    "q_net.2": [
      21,
      30,
      13,
      6,
      43,
      52,
      27,
      19,
      35,
      36,
      38,
      15,
      55,
      23,
      1,
      57,
      5
    ],
    "q_net.0": [
      24,
      47,
      46,
      20,
      9,
      2,
      27,
      60,
      13,
      17,
      44,
      12
    ]
  },
  "noising": {
    "metrics": {
      "mean": 0.8499872508692254,
      "std": 0.09868147024633833,
      "count": 6,
      "values": [
        0.9572630010715545,
        0.8239989946098547,
        0.9083148049462627,
        0.6478859125915077,
        0.8859946714759641,
        0.8764661205202083
      ]
    },
    "num_results": 6
  },
  "denoising": {
    "metrics": {
      "mean": 0.8506275523349208,
      "std": 0.130162871450357,
      "count": 6,
      "values": [
        0.9955944334804266,
        0.8482609632223683,
        0.9393968896616623,
        0.586170603051489,
        0.9008489691144115,
        0.8334934554791669
      ]
    },
    "num_results": 6
  },
  "target_metric_score": 0.8506275523349208,
  "timestamp": "2025-05-30T17:14:18.818131"
}