{
  "experiment_name": "candidate_q_net_0_neuron_29",
  "coalition_neurons": [
    "q_net.2_neuron_21",
    "q_net.2_neuron_30",
    "q_net.0_neuron_24",
    "q_net.0_neuron_2",
    "q_net.2_neuron_36",
    "q_net.2_neuron_15",
    "q_net.2_neuron_43",
    "q_net.2_neuron_13",
    "q_net.0_neuron_18",
    "q_net.0_neuron_46",
    "q_net.2_neuron_6",
    "q_net.0_neuron_27",
    "q_net.2_neuron_19",
    "q_net.0_neuron_29"
  ],
  "patch_config": {
    "q_net.2": [
      21,
      30,
      36,
      15,
      43,
      13,
      6,
      19
    ],
    "q_net.0": [
      24,
      2,
      18,
      46,
      27,
      29
    ]
  },
  "noising": {
    "metrics": {
      "mean": 0.9069437989165117,
      "std": 0.059873796181247885,
      "count": 6,
      "values": [
        0.9760529606286756,
        0.8778246640101568,
        0.8873698964279308,
        0.8098442652262592,
        0.9848683207503467,
        0.9057026864557013
      ]
    },
    "num_results": 6
  },
  "denoising": {
    "metrics": {
      "mean": 0.8867181197009729,
      "std": 0.08825500384250673,
      "count": 6,
      "values": [
        0.9873638031099287,
        0.9125723389182858,
        0.8385791972887369,
        0.7344038243366349,
        0.9856791831579536,
        0.8617103713942977
      ]
    },
    "num_results": 6
  },
  "target_metric_score": 0.9069437989165117,
  "timestamp": "2025-05-30T22:48:04.574151"
}