{
  "experiment_name": "candidate_q_net_2_neuron_19",
  "coalition_neurons": [
    "q_net.2_neuron_21",
    "q_net.2_neuron_30",
    "q_net.0_neuron_24",
    "q_net.0_neuron_2",
    "q_net.2_neuron_36",
    "q_net.2_neuron_15",
    "q_net.2_neuron_43",
    "q_net.2_neuron_19"
  ],
  "patch_config": {
    "q_net.2": [
      21,
      30,
      36,
      15,
      43,
      19
    ],
    "q_net.0": [
      24,
      2
    ]
  },
  "noising": {
    "metrics": {
      "mean": 0.8764240600728684,
      "std": 0.09314990105094322,
      "count": 6,
      "values": [
        0.6879952563930004,
        0.927115085532218,
        0.985183946472158,
        0.8508979787289186,
        0.900451530203582,
        0.9069005631073335
      ]
    },
    "num_results": 6
  },
  "denoising": {
    "metrics": {
      "mean": 0.8807131516207526,
      "std": 0.14005751212326883,
      "count": 6,
      "values": [
        0.5910789590395151,
        0.969143254714944,
        0.9909674131027748,
        0.8298561346709278,
        0.9272058942477734,
        0.9760272539485803
      ]
    },
    "num_results": 6
  },
  "target_metric_score": 0.8807131516207526,
  "timestamp": "2025-05-31T15:21:02.854481"
}