{
  "experiment_name": "candidate_q_net_0_neuron_14",
  "coalition_neurons": [
    "q_net.2_neuron_21",
    "q_net.2_neuron_30",
    "q_net.0_neuron_24",
    "q_net.0_neuron_2",
    "q_net.2_neuron_36",
    "q_net.2_neuron_15",
    "q_net.2_neuron_43",
    "q_net.2_neuron_13",
    "q_net.0_neuron_18",
    "q_net.0_neuron_46",
    "q_net.2_neuron_6",
    "q_net.0_neuron_14"
  ],
  "patch_config": {
    "q_net.2": [
      21,
      30,
      36,
      15,
      43,
      13,
      6
    ],
    "q_net.0": [
      24,
      2,
      18,
      46,
      14
    ]
  },
  "noising": {
    "metrics": {
      "mean": 0.6779723250456305,
      "std": 0.14547342008494882,
      "count": 6,
      "values": [
        0.44313302984963454,
        0.9287536274346408,
        0.647587335577317,
        0.7480639985494548,
        0.6779855512894831,
        0.6223104075732526
      ]
    },
    "num_results": 6
  },
  "denoising": {
    "metrics": {
      "mean": 0.7076047901599467,
      "std": 0.14406883241748747,
      "count": 6,
      "values": [
        0.480103639310247,
        0.9692592833162526,
        0.7128685479509387,
        0.7376154101463095,
        0.6949892875448309,
        0.6507925726911019
      ]
    },
    "num_results": 6
  },
  "target_metric_score": 0.7076047901599467,
  "timestamp": "2025-05-30T23:33:02.283822"
}