{
  "experiment_name": "candidate_q_net_2_neuron_3",
  "coalition_neurons": [
    "q_net.2_neuron_21",
    "q_net.2_neuron_30",
    "q_net.0_neuron_24",
    "q_net.0_neuron_2",
    "q_net.2_neuron_36",
    "q_net.2_neuron_15",
    "q_net.2_neuron_43",
    "q_net.2_neuron_13",
    "q_net.0_neuron_18",
    "q_net.0_neuron_46",
    "q_net.2_neuron_6",
    "q_net.0_neuron_27",
    "q_net.2_neuron_19",
    "q_net.0_neuron_20",
    "q_net.0_neuron_62",
    "q_net.2_neuron_55",
    "q_net.0_neuron_8",
    "q_net.0_neuron_47",
    "q_net.0_neuron_56",
    "q_net.2_neuron_3"
  ],
  "patch_config": {
    "q_net.2": [
      21,
      30,
      36,
      15,
      43,
      13,
      6,
      19,
      55,
      3
    ],
    "q_net.0": [
      24,
      2,
      18,
      46,
      27,
      20,
      62,
      8,
      47,
      56
    ]
  },
  "noising": {
    "metrics": {
      "mean": 0.8620976534708675,
      "std": 0.11599548795855935,
      "count": 6,
      "values": [
        0.9193169681597779,
        0.9536778234213119,
        0.9342854240375331,
        0.6224759573148975,
        0.9273858002202785,
        0.8154439476714065
      ]
    },
    "num_results": 6
  },
  "denoising": {
    "metrics": {
      "mean": 0.8363551342295906,
      "std": 0.14151636824899025,
      "count": 6,
      "values": [
        0.939737462458828,
        0.8854604734728841,
        0.973544005327288,
        0.5579496007735498,
        0.903754245287757,
        0.7576850180572356
      ]
    },
    "num_results": 6
  },
  "target_metric_score": 0.8620976534708675,
  "timestamp": "2025-05-30T22:48:06.673964"
}