{
  "experiment_name": "candidate_q_net_2_neuron_45",
  "coalition_neurons": [
    "q_net.2_neuron_21",
    "q_net.2_neuron_30",
    "q_net.0_neuron_24",
    "q_net.2_neuron_45"
  ],
  "patch_config": {
    "q_net.2": [
      21,
      30,
      45
    ],
    "q_net.0": [
      24
    ]
  },
  "noising": {
    "metrics": {
      "mean": 0.8416630553802708,
      "std": 0.1442785731793871,
      "count": 6,
      "values": [
        0.9880905144180143,
        0.6952077928539209,
        0.9682710266554106,
        0.7230756532857866,
        0.9987306395047281,
        0.6766027055637645
      ]
    },
    "num_results": 6
  },
  "denoising": {
    "metrics": {
      "mean": 0.8015687589239143,
      "std": 0.13980262290501155,
      "count": 6,
      "values": [
        0.8999928591041289,
        0.7280411992628797,
        0.9594954726704996,
        0.5896721938799984,
        0.9424212977337325,
        0.6897895308922468
      ]
    },
    "num_results": 6
  },
  "target_metric_score": 0.8416630553802708,
  "timestamp": "2025-05-30T22:48:01.216288"
}