{
  "experiment_name": "candidate_q_net_2_neuron_1",
  "coalition_neurons": [
    "q_net.2_neuron_21",
    "q_net.2_neuron_30",
    "q_net.0_neuron_24",
    "q_net.0_neuron_2",
    "q_net.2_neuron_36",
    "q_net.2_neuron_15",
    "q_net.2_neuron_43",
    "q_net.2_neuron_13",
    "q_net.0_neuron_18",
    "q_net.0_neuron_46",
    "q_net.2_neuron_6",
    "q_net.0_neuron_27",
    "q_net.2_neuron_19",
    "q_net.0_neuron_20",
    "q_net.0_neuron_62",
    "q_net.2_neuron_55",
    "q_net.0_neuron_8",
    "q_net.0_neuron_47",
    "q_net.2_neuron_1"
  ],
  "patch_config": {
    "q_net.2": [
      21,
      30,
      36,
      15,
      43,
      13,
      6,
      19,
      55,
      1
    ],
    "q_net.0": [
      24,
      2,
      18,
      46,
      27,
      20,
      62,
      8,
      47
    ]
  },
  "noising": {
    "metrics": {
      "mean": 0.8884966067862702,
      "std": 0.05183249984878969,
      "count": 6,
      "values": [
        0.9576883106203369,
        0.909117677689365,
        0.9089537799009851,
        0.7884180502554141,
        0.8688960470946362,
        0.8979057751568839
      ]
    },
    "num_results": 6
  },
  "denoising": {
    "metrics": {
      "mean": 0.8807955131264597,
      "std": 0.08368894907149138,
      "count": 6,
      "values": [
        0.9614995989900987,
        0.9767449261629569,
        0.9359087200097836,
        0.7486585017506642,
        0.8515100167506066,
        0.8104513150946475
      ]
    },
    "num_results": 6
  },
  "target_metric_score": 0.8884966067862702,
  "timestamp": "2025-05-30T22:48:06.121708"
}