{
  "experiment_name": "candidate_q_net_2_neuron_22",
  "coalition_neurons": [
    "q_net.2_neuron_21",
    "q_net.2_neuron_30",
    "q_net.0_neuron_24",
    "q_net.0_neuron_2",
    "q_net.2_neuron_36",
    "q_net.2_neuron_15",
    "q_net.2_neuron_43",
    "q_net.2_neuron_13",
    "q_net.0_neuron_18",
    "q_net.0_neuron_46",
    "q_net.2_neuron_6",
    "q_net.0_neuron_27",
    "q_net.2_neuron_19",
    "q_net.0_neuron_20",
    "q_net.0_neuron_62",
    "q_net.2_neuron_55",
    "q_net.0_neuron_8",
    "q_net.2_neuron_22"
  ],
  "patch_config": {
    "q_net.2": [
      21,
      30,
      36,
      15,
      43,
      13,
      6,
      19,
      55,
      22
    ],
    "q_net.0": [
      24,
      2,
      18,
      46,
      27,
      20,
      62,
      8
    ]
  },
  "noising": {
    "metrics": {
      "mean": 0.8955853941338425,
      "std": 0.05605189830729439,
      "count": 6,
      "values": [
        0.9781795741655407,
        0.8854872452637308,
        0.9405615886966049,
        0.8002566895148828,
        0.86760900592705,
        0.9014182612352459
      ]
    },
    "num_results": 6
  },
  "denoising": {
    "metrics": {
      "mean": 0.8921589235079325,
      "std": 0.09270423919466744,
      "count": 6,
      "values": [
        0.9939453455467445,
        0.938381185846154,
        0.9837565911661685,
        0.7339673980626535,
        0.8856465690911874,
        0.8172564513346867
      ]
    },
    "num_results": 6
  },
  "target_metric_score": 0.8955853941338425,
  "timestamp": "2025-05-30T23:33:04.534967"
}