{
  "experiment_name": "candidate_q_net_2_neuron_63",
  "coalition_neurons": [
    "q_net.2_neuron_21",
    "q_net.2_neuron_30",
    "q_net.0_neuron_24",
    "q_net.0_neuron_2",
    "q_net.2_neuron_36",
    "q_net.2_neuron_15",
    "q_net.2_neuron_43",
    "q_net.2_neuron_13",
    "q_net.0_neuron_18",
    "q_net.0_neuron_46",
    "q_net.2_neuron_6",
    "q_net.0_neuron_27",
    "q_net.2_neuron_19",
    "q_net.0_neuron_20",
    "q_net.0_neuron_62",
    "q_net.2_neuron_55",
    "q_net.0_neuron_8",
    "q_net.0_neuron_47",
    "q_net.0_neuron_56",
    "q_net.0_neuron_9",
    "q_net.2_neuron_27",
    "q_net.2_neuron_38",
    "q_net.2_neuron_41",
    "q_net.2_neuron_57",
    "q_net.0_neuron_38",
    "q_net.0_neuron_12",
    "q_net.2_neuron_35",
    "q_net.2_neuron_63"
  ],
  "patch_config": {
    "q_net.2": [
      21,
      30,
      36,
      15,
      43,
      13,
      6,
      19,
      55,
      27,
      38,
      41,
      57,
      35,
      63
    ],
    "q_net.0": [
      24,
      2,
      18,
      46,
      27,
      20,
      62,
      8,
      47,
      56,
      9,
      38,
      12
    ]
  },
  "noising": {
    "metrics": {
      "mean": 0.861031284275129,
      "std": 0.12629146630888513,
      "count": 6,
      "values": [
        0.9544755980745118,
        0.8675394799071764,
        0.9094353505416451,
        0.5999403205746308,
        0.9883105516719979,
        0.8464864048808116
      ]
    },
    "num_results": 6
  },
  "denoising": {
    "metrics": {
      "mean": 0.8655024222853873,
      "std": 0.1312876625294578,
      "count": 6,
      "values": [
        0.9320090744562128,
        0.9608914366026946,
        0.9406748700148204,
        0.5912980098961591,
        0.9487543953420946,
        0.8193867474003423
      ]
    },
    "num_results": 6
  },
  "target_metric_score": 0.8655024222853873,
  "timestamp": "2025-05-30T23:33:09.038729"
}