{
  "experiment_name": "candidate_q_net_2_neuron_43",
  "coalition_neurons": [
    "q_net.2_neuron_21",
    "q_net.2_neuron_30",
    "q_net.0_neuron_24",
    "q_net.0_neuron_2",
    "q_net.2_neuron_36",
    "q_net.2_neuron_43"
  ],
  "patch_config": {
    "q_net.2": [
      21,
      30,
      36,
      43
    ],
    "q_net.0": [
      24,
      2
    ]
  },
  "noising": {
    "metrics": {
      "mean": 0.8439813375990708,
      "std": 0.13308740549603582,
      "count": 6,
      "values": [
        0.9783089954433648,
        0.6093147881389862,
        0.8985035412361695,
        0.9097669954180359,
        0.9472696044116472,
        0.7207241009462221
      ]
    },
    "num_results": 6
  },
  "denoising": {
    "metrics": {
      "mean": 0.8768639128741068,
      "std": 0.08014300820102575,
      "count": 6,
      "values": [
        0.849439992973107,
        0.7409803226793135,
        0.8922366062330569,
        0.9584570445793507,
        0.9815421699883295,
        0.8385273407914832
      ]
    },
    "num_results": 6
  },
  "target_metric_score": 0.8768639128741068,
  "timestamp": "2025-05-31T15:21:02.245609"
}