{
  "experiment_name": "candidate_q_net_0_neuron_17",
  "coalition_neurons": [
    "q_net.2_neuron_21",
    "q_net.2_neuron_30",
    "q_net.0_neuron_24",
    "q_net.2_neuron_13",
    "q_net.0_neuron_47",
    "q_net.0_neuron_46",
    "q_net.0_neuron_20",
    "q_net.0_neuron_9",
    "q_net.0_neuron_2",
    "q_net.2_neuron_6",
    "q_net.2_neuron_43",
    "q_net.2_neuron_52",
    "q_net.2_neuron_27",
    "q_net.0_neuron_27",
    "q_net.0_neuron_60",
    "q_net.2_neuron_19",
    "q_net.2_neuron_35",
    "q_net.2_neuron_36",
    "q_net.0_neuron_13",
    "q_net.2_neuron_38",
    "q_net.2_neuron_15",
    "q_net.0_neuron_17"
  ],
  "patch_config": {
    "q_net.2": [
      21,
      30,
      13,
      6,
      43,
      52,
      27,
      19,
      35,
      36,
      38,
      15
    ],
    "q_net.0": [
      24,
      47,
      46,
      20,
      9,
      2,
      27,
      60,
      13,
      17
    ]
  },
  "noising": {
    "metrics": {
      "mean": 0.8954396680071653,
      "std": 0.08409340909395917,
      "count": 6,
      "values": [
        0.9953706771408335,
        0.9346755977189947,
        0.942848663346718,
        0.7280506288895873,
        0.8707834812726388,
        0.9009089596742202
      ]
    },
    "num_results": 6
  },
  "denoising": {
    "metrics": {
      "mean": 0.8862102994540716,
      "std": 0.11776955505388892,
      "count": 6,
      "values": [
        0.9366329780530224,
        0.8966549279893671,
        0.9810311372349487,
        0.631392134466797,
        0.9063661027811026,
        0.9651845161991914
      ]
    },
    "num_results": 6
  },
  "target_metric_score": 0.8954396680071653,
  "timestamp": "2025-05-30T17:14:17.726517"
}