{
  "experiment_name": "candidate_q_net_0_neuron_56",
  "coalition_neurons": [
    "q_net.2_neuron_21",
    "q_net.2_neuron_30",
    "q_net.2_neuron_57",
    "q_net.0_neuron_2",
    "q_net.2_neuron_6",
    "q_net.2_neuron_13",
    "q_net.0_neuron_9",
    "q_net.0_neuron_27",
    "q_net.0_neuron_54",
    "q_net.0_neuron_20",
    "q_net.0_neuron_13",
    "q_net.2_neuron_55",
    "q_net.0_neuron_47",
    "q_net.0_neuron_46",
    "q_net.2_neuron_27",
    "q_net.2_neuron_38",
    "q_net.0_neuron_24",
    "q_net.0_neuron_16",
    "q_net.2_neuron_0",
    "q_net.0_neuron_12",
    "q_net.2_neuron_43",
    "q_net.2_neuron_19",
    "q_net.2_neuron_32",
    "q_net.0_neuron_6",
    "q_net.0_neuron_8",
    "q_net.0_neuron_32",
    "q_net.0_neuron_5",
    "q_net.0_neuron_56"
  ],
  "patch_config": {
    "q_net.2": [
      21,
      30,
      57,
      6,
      13,
      55,
      27,
      38,
      0,
      43,
      19,
      32
    ],
    "q_net.0": [
      2,
      9,
      27,
      54,
      20,
      13,
      47,
      46,
      24,
      16,
      12,
      6,
      8,
      32,
      5,
      56
    ]
  },
  "noising": {
    "metrics": {
      "mean": 0.8552845855912753,
      "std": 0.12042296389943491,
      "count": 6,
      "values": [
        0.9581208764649974,
        0.8228260934714651,
        0.8794110141698994,
        0.6091615775466679,
        0.9680299881670817,
        0.8941579637275403
      ]
    },
    "num_results": 6
  },
  "denoising": {
    "metrics": {
      "mean": 0.8508779654971282,
      "std": 0.1104805218196727,
      "count": 6,
      "values": [
        0.896270148247656,
        0.8499483622138855,
        0.8816564444595025,
        0.6309325736629896,
        0.9986668526438374,
        0.8477934117548985
      ]
    },
    "num_results": 6
  },
  "target_metric_score": 0.8530812755442018,
  "timestamp": "2025-05-30T23:15:28.727887"
}