{
  "model.buffer_size": 302788,
  "model.learning_starts": 41839,
  "model.batch_size": 122,
  "model.learning_rate": 0.000990961145142181,
  "model.gamma": 0.8883971445022644,
  "model.train_freq": 38,
  "model.target_update_interval": 2284,
  "model.exploration_fraction": 0.6281106317780669,
  "model.exploration_final_eps": 0.013680344164844647
}