{
  "model.buffer_size": 205571,
  "model.learning_starts": 190561,
  "model.batch_size": 97,
  "model.learning_rate": 3.5096636670729426e-05,
  "model.gamma": 0.7814761808544596,
  "model.train_freq": 573,
  "model.target_update_interval": 1946,
  "model.exploration_fraction": 0.8001578053102025,
  "model.exploration_final_eps": 0.011982357056870886
}