{
  "experiment_name": "candidate_q_net_2_neuron_35",
  "coalition_neurons": [
    "q_net.0_neuron_33",
    "q_net.0_neuron_7",
    "q_net.0_neuron_45",
    "q_net.0_neuron_20",
    "q_net.2_neuron_59",
    "q_net.2_neuron_62",
    "q_net.0_neuron_14",
    "q_net.0_neuron_40",
    "q_net.0_neuron_9",
    "q_net.0_neuron_35",
    "q_net.0_neuron_18",
    "q_net.0_neuron_57",
    "q_net.0_neuron_15",
    "q_net.0_neuron_4",
    "q_net.0_neuron_16",
    "q_net.2_neuron_48",
    "q_net.2_neuron_41",
    "q_net.2_neuron_35"
  ],
  "patch_config": {
    "q_net.0": [
      33,
      7,
      45,
      20,
      14,
      40,
      9,
      35,
      18,
      57,
      15,
      4,
      16
    ],
    "q_net.2": [
      59,
      62,
      48,
      41,
      35
    ]
  },
  "noising": {
    "metrics": {
      "mean": 0.017816398292779922,
      "std": 0.008713547047725529,
      "count": 32,
      "values": [
        0.014577627182006836,
        0.01168331503868103,
        0.024952799081802368,
        0.023539811372756958,
        0.023194491863250732,
        0.005837619304656982,
        0.027017414569854736,
        0.035201847553253174,
        0.01572743058204651,
        0.02030166983604431,
        0.009938716888427734,
        0.027845561504364014,
        0.013119220733642578,
        0.020186960697174072,
        0.022970616817474365,
        0.01589888334274292,
        0.023560136556625366,
        0.03896641731262207,
        0.02323564887046814,
        0.014641731977462769,
        0.021930813789367676,
        0.02872687578201294,
        0.0034404098987579346,
        0.013768017292022705,
        0.015571266412734985,
        0.002958536148071289,
        0.005751758813858032,
        0.020076513290405273,
        0.018185973167419434,
        0.0059913694858551025,
        0.0128803551197052,
        0.008444935083389282
      ]
    },
    "num_results": 32
  },
  "denoising": {
    "metrics": {
      "mean": 0.017744760029017925,
      "std": 0.008150307070667195,
      "count": 32,
      "values": [
        0.014355570077896118,
        0.01168331503868103,
        0.026474952697753906,
        0.023545950651168823,
        0.023952126502990723,
        0.00626140832901001,
        0.02701747417449951,
        0.03424018621444702,
        0.015727460384368896,
        0.02030166983604431,
        0.016713768243789673,
        0.02801266312599182,
        0.013119280338287354,
        0.020182311534881592,
        0.02278551459312439,
        0.01650172472000122,
        0.023516714572906494,
        0.03240466117858887,
        0.023543059825897217,
        0.011835604906082153,
        0.02192389965057373,
        0.02872687578201294,
        0.0034309029579162598,
        0.013626188039779663,
        0.013690948486328125,
        0.0036441683769226074,
        0.005695551633834839,
        0.020068466663360596,
        0.010106414556503296,
        0.00586169958114624,
        0.01306307315826416,
        0.01581871509552002
      ]
    },
    "num_results": 32
  },
  "target_metric_score": 0.017816398292779922,
  "timestamp": "2025-06-04T19:30:01.413137"
}