{
  "experiment_name": "candidate_q_net_2_neuron_6",
  "coalition_neurons": [
    "q_net.0_neuron_33",
    "q_net.0_neuron_7",
    "q_net.0_neuron_45",
    "q_net.0_neuron_20",
    "q_net.2_neuron_59",
    "q_net.2_neuron_62",
    "q_net.0_neuron_14",
    "q_net.0_neuron_40",
    "q_net.0_neuron_9",
    "q_net.0_neuron_35",
    "q_net.0_neuron_18",
    "q_net.0_neuron_57",
    "q_net.0_neuron_15",
    "q_net.0_neuron_4",
    "q_net.0_neuron_16",
    "q_net.2_neuron_48",
    "q_net.2_neuron_41",
    "q_net.0_neuron_3",
    "q_net.2_neuron_63",
    "q_net.0_neuron_42",
    "q_net.0_neuron_55",
    "q_net.2_neuron_16",
    "q_net.2_neuron_6"
  ],
  "patch_config": {
    "q_net.0": [
      33,
      7,
      45,
      20,
      14,
      40,
      9,
      35,
      18,
      57,
      15,
      4,
      16,
      3,
      42,
      55
    ],
    "q_net.2": [
      59,
      62,
      48,
      41,
      63,
      16,
      6
    ]
  },
  "noising": {
    "metrics": {
      "mean": 0.018472252413630486,
      "std": 0.008388524297793987,
      "count": 32,
      "values": [
        0.015246570110321045,
        0.011713802814483643,
        0.024906694889068604,
        0.023861587047576904,
        0.024133950471878052,
        0.0072983503341674805,
        0.0274619460105896,
        0.03370675444602966,
        0.016868293285369873,
        0.02000635862350464,
        0.007838428020477295,
        0.026181310415267944,
        0.012121737003326416,
        0.019570261240005493,
        0.02445569634437561,
        0.02754908800125122,
        0.024795442819595337,
        0.03816041350364685,
        0.023947864770889282,
        0.01608535647392273,
        0.02155888080596924,
        0.02879154682159424,
        0.006466418504714966,
        0.013533800840377808,
        0.015255510807037354,
        0.004283487796783447,
        0.00910612940788269,
        0.02054065465927124,
        0.017373621463775635,
        0.010139554738998413,
        0.01220211386680603,
        0.005950450897216797
      ]
    },
    "num_results": 32
  },
  "denoising": {
    "metrics": {
      "mean": 0.01885132770985365,
      "std": 0.007540370414145489,
      "count": 32,
      "values": [
        0.015028387308120728,
        0.01171383261680603,
        0.02637353539466858,
        0.02390459179878235,
        0.024895697832107544,
        0.007617175579071045,
        0.027461975812911987,
        0.03389433026313782,
        0.017053693532943726,
        0.020006299018859863,
        0.018026024103164673,
        0.026408225297927856,
        0.012121796607971191,
        0.019657403230667114,
        0.02424117922782898,
        0.026914745569229126,
        0.024752020835876465,
        0.03307908773422241,
        0.024394303560256958,
        0.012795895338058472,
        0.021552562713623047,
        0.02879154682159424,
        0.006472378969192505,
        0.01378735899925232,
        0.01539495587348938,
        0.008679777383804321,
        0.008191615343093872,
        0.020532459020614624,
        0.011317551136016846,
        0.010096937417984009,
        0.012448430061340332,
        0.015636712312698364
      ]
    },
    "num_results": 32
  },
  "target_metric_score": 0.01885132770985365,
  "timestamp": "2025-06-04T19:30:10.425048"
}