{
  "experiment_name": "candidate_q_net_0_neuron_47",
  "coalition_neurons": [
    "q_net.0_neuron_33",
    "q_net.0_neuron_7",
    "q_net.0_neuron_45",
    "q_net.0_neuron_47"
  ],
  "patch_config": {
    "q_net.0": [
      33,
      7,
      45,
      47
    ]
  },
  "noising": {
    "metrics": {
      "mean": 0.009339291602373123,
      "std": 0.004841465400023315,
      "count": 32,
      "values": [
        0.00706365704536438,
        0.006990194320678711,
        0.013503998517990112,
        0.012708902359008789,
        0.014045864343643188,
        0.008410811424255371,
        0.016190707683563232,
        0.012863397598266602,
        0.007526099681854248,
        0.011849641799926758,
        0.00038942694664001465,
        0.015550583600997925,
        0.005650937557220459,
        0.0099448561668396,
        0.013464421033859253,
        0.014401882886886597,
        0.01373976469039917,
        0.014739036560058594,
        0.013421118259429932,
        0.007723182439804077,
        0.011600017547607422,
        0.016930073499679565,
        0.00036388635635375977,
        0.007719755172729492,
        0.004086613655090332,
        0.0005435943603515625,
        0.004632800817489624,
        0.011890947818756104,
        0.0017498433589935303,
        0.007729977369308472,
        0.007911264896392822,
        0.003520071506500244
      ]
    },
    "num_results": 32
  },
  "denoising": {
    "metrics": {
      "mean": 0.010268780402839184,
      "std": 0.004794961716233761,
      "count": 32,
      "values": [
        0.006892770528793335,
        0.0070085227489471436,
        0.013796389102935791,
        0.012703627347946167,
        0.014567911624908447,
        0.008596301078796387,
        0.016190767288208008,
        0.01721733808517456,
        0.006619840860366821,
        0.01184961199760437,
        0.009485512971878052,
        0.015153467655181885,
        0.005729973316192627,
        0.010417252779006958,
        0.013004302978515625,
        0.015004783868789673,
        0.013793140649795532,
        0.020410865545272827,
        0.014122575521469116,
        0.007117778062820435,
        0.011599987745285034,
        0.016873687505722046,
        0.00036391615867614746,
        0.008556127548217773,
        0.0043017566204071045,
        0.0007930994033813477,
        0.004377454519271851,
        0.011890947818756104,
        0.004001706838607788,
        0.007685542106628418,
        0.008104056119918823,
        0.010369956493377686
      ]
    },
    "num_results": 32
  },
  "target_metric_score": 0.010268780402839184,
  "timestamp": "2025-06-04T19:29:39.100123"
}