{
  "experiment_name": "candidate_q_net_2_neuron_0",
  "coalition_neurons": [
    "q_net.0_neuron_33",
    "q_net.0_neuron_7",
    "q_net.0_neuron_45",
    "q_net.0_neuron_20",
    "q_net.2_neuron_59",
    "q_net.2_neuron_62",
    "q_net.0_neuron_14",
    "q_net.0_neuron_40",
    "q_net.0_neuron_9",
    "q_net.0_neuron_35",
    "q_net.0_neuron_18",
    "q_net.0_neuron_57",
    "q_net.0_neuron_15",
    "q_net.0_neuron_4",
    "q_net.0_neuron_16",
    "q_net.2_neuron_48",
    "q_net.2_neuron_41",
    "q_net.0_neuron_3",
    "q_net.2_neuron_63",
    "q_net.0_neuron_42",
    "q_net.0_neuron_55",
    "q_net.2_neuron_0"
  ],
  "patch_config": {
    "q_net.0": [
      33,
      7,
      45,
      20,
      14,
      40,
      9,
      35,
      18,
      57,
      15,
      4,
      16,
      3,
      42,
      55
    ],
    "q_net.2": [
      59,
      62,
      48,
      41,
      63,
      0
    ]
  },
  "noising": {
    "metrics": {
      "mean": 0.018038932234048843,
      "std": 0.008651791865688313,
      "count": 32,
      "values": [
        0.015715599060058594,
        0.009011179208755493,
        0.025303781032562256,
        0.02403658628463745,
        0.02371835708618164,
        0.008340656757354736,
        0.02688249945640564,
        0.03436923027038574,
        0.0168493390083313,
        0.018650054931640625,
        0.005810588598251343,
        0.025916993618011475,
        0.010695159435272217,
        0.018172115087509155,
        0.024614661931991577,
        0.027934640645980835,
        0.024606972932815552,
        0.03873109817504883,
        0.024508655071258545,
        0.01332104206085205,
        0.019597649574279785,
        0.028364598751068115,
        0.007916510105133057,
        0.010722875595092773,
        0.014220207929611206,
        0.005209922790527344,
        0.010281533002853394,
        0.018927454948425293,
        0.01735740900039673,
        0.01211664080619812,
        0.01261281967163086,
        0.0027289986610412598
      ]
    },
    "num_results": 32
  },
  "denoising": {
    "metrics": {
      "mean": 0.018508347682654858,
      "std": 0.007516531477588732,
      "count": 32,
      "values": [
        0.015497416257858276,
        0.00901120901107788,
        0.02677065134048462,
        0.024079620838165283,
        0.024480104446411133,
        0.0086594820022583,
        0.026882529258728027,
        0.033780306577682495,
        0.01703476905822754,
        0.018650025129318237,
        0.01648649573326111,
        0.026143878698349,
        0.01069524884223938,
        0.018259257078170776,
        0.02461463212966919,
        0.02730029821395874,
        0.02456355094909668,
        0.03284606337547302,
        0.02495509386062622,
        0.011567533016204834,
        0.019591301679611206,
        0.028364598751068115,
        0.007922470569610596,
        0.010976433753967285,
        0.01639428734779358,
        0.008750587701797485,
        0.009366989135742188,
        0.01891922950744629,
        0.01131698489189148,
        0.012073993682861328,
        0.012859135866165161,
        0.01345294713973999
      ]
    },
    "num_results": 32
  },
  "target_metric_score": 0.018508347682654858,
  "timestamp": "2025-06-04T19:30:08.046371"
}