{
  "experiment_name": "candidate_q_net_0_neuron_31",
  "coalition_neurons": [
    "q_net.0_neuron_33",
    "q_net.0_neuron_7",
    "q_net.0_neuron_45",
    "q_net.0_neuron_20",
    "q_net.2_neuron_59",
    "q_net.2_neuron_62",
    "q_net.0_neuron_14",
    "q_net.0_neuron_40",
    "q_net.0_neuron_9",
    "q_net.0_neuron_35",
    "q_net.0_neuron_18",
    "q_net.0_neuron_57",
    "q_net.0_neuron_15",
    "q_net.0_neuron_4",
    "q_net.0_neuron_16",
    "q_net.2_neuron_48",
    "q_net.2_neuron_41",
    "q_net.0_neuron_31"
  ],
  "patch_config": {
    "q_net.0": [
      33,
      7,
      45,
      20,
      14,
      40,
      9,
      35,
      18,
      57,
      15,
      4,
      16,
      31
    ],
    "q_net.2": [
      59,
      62,
      48,
      41
    ]
  },
  "noising": {
    "metrics": {
      "mean": 0.017840799875557423,
      "std": 0.008677307624831432,
      "count": 32,
      "values": [
        0.013076245784759521,
        0.014821797609329224,
        0.024952799081802368,
        0.023539811372756958,
        0.023194491863250732,
        0.006210416555404663,
        0.026425987482070923,
        0.03498649597167969,
        0.017658650875091553,
        0.020951181650161743,
        0.008695542812347412,
        0.028848975896835327,
        0.013293087482452393,
        0.02057492733001709,
        0.022237658500671387,
        0.01589888334274292,
        0.023560136556625366,
        0.03873491287231445,
        0.019634157419204712,
        0.016308635473251343,
        0.022145748138427734,
        0.02872687578201294,
        0.0034404098987579346,
        0.016931623220443726,
        0.015273034572601318,
        0.0035722851753234863,
        0.00431862473487854,
        0.019565343856811523,
        0.017907381057739258,
        0.0059913694858551025,
        0.01178896427154541,
        0.007639139890670776
      ]
    },
    "num_results": 32
  },
  "denoising": {
    "metrics": {
      "mean": 0.01810608711093664,
      "std": 0.008279194007197045,
      "count": 32,
      "values": [
        0.012832731008529663,
        0.014821797609329224,
        0.026474952697753906,
        0.023545950651168823,
        0.023952126502990723,
        0.006634235382080078,
        0.02642601728439331,
        0.03536945581436157,
        0.017844080924987793,
        0.020951181650161743,
        0.0191209614276886,
        0.029016077518463135,
        0.013293147087097168,
        0.02057024836540222,
        0.022039741277694702,
        0.01650172472000122,
        0.023516714572906494,
        0.033618807792663574,
        0.020730555057525635,
        0.013502538204193115,
        0.02213883399963379,
        0.02872687578201294,
        0.0034309029579162598,
        0.016789793968200684,
        0.015254974365234375,
        0.0015378594398498535,
        0.0044488608837127686,
        0.019558429718017578,
        0.011567533016204834,
        0.00586169958114624,
        0.01193690299987793,
        0.017379075288772583
      ]
    },
    "num_results": 32
  },
  "target_metric_score": 0.01810608711093664,
  "timestamp": "2025-06-04T19:30:01.809346"
}