{
  "experiment_name": "candidate_q_net_0_neuron_34",
  "coalition_neurons": [
    "q_net.0_neuron_33",
    "q_net.0_neuron_7",
    "q_net.0_neuron_45",
    "q_net.0_neuron_20",
    "q_net.2_neuron_59",
    "q_net.2_neuron_62",
    "q_net.0_neuron_14",
    "q_net.0_neuron_40",
    "q_net.0_neuron_9",
    "q_net.0_neuron_35",
    "q_net.0_neuron_18",
    "q_net.0_neuron_57",
    "q_net.0_neuron_15",
    "q_net.0_neuron_4",
    "q_net.0_neuron_16",
    "q_net.0_neuron_34"
  ],
  "patch_config": {
    "q_net.0": [
      33,
      7,
      45,
      20,
      14,
      40,
      9,
      35,
      18,
      57,
      15,
      4,
      16,
      34
    ],
    "q_net.2": [
      59,
      62
    ]
  },
  "noising": {
    "metrics": {
      "mean": 0.017378520220518112,
      "std": 0.00815787836041074,
      "count": 32,
      "values": [
        0.01309230923652649,
        0.010520845651626587,
        0.023508310317993164,
        0.02265027165412903,
        0.020815670490264893,
        0.009490430355072021,
        0.02725490927696228,
        0.03313940763473511,
        0.01755461096763611,
        0.019958794116973877,
        0.007287085056304932,
        0.02665942907333374,
        0.012983620166778564,
        0.019136905670166016,
        0.023296594619750977,
        0.015402019023895264,
        0.022276073694229126,
        0.03686630725860596,
        0.02238696813583374,
        0.01289406418800354,
        0.022166788578033447,
        0.028069257736206055,
        0.0033637583255767822,
        0.013039559125900269,
        0.015832632780075073,
        0.003656446933746338,
        0.008228927850723267,
        0.020223557949066162,
        0.017636418342590332,
        0.006497710943222046,
        0.012840628623962402,
        0.007382333278656006
      ]
    },
    "num_results": 32
  },
  "denoising": {
    "metrics": {
      "mean": 0.017510556615889072,
      "std": 0.007360416514438746,
      "count": 32,
      "values": [
        0.01293233036994934,
        0.010520875453948975,
        0.025068819522857666,
        0.022871851921081543,
        0.021579265594482422,
        0.009897351264953613,
        0.027254968881607056,
        0.03191015124320984,
        0.01645374298095703,
        0.01995876431465149,
        0.01579180359840393,
        0.026735961437225342,
        0.01298367977142334,
        0.019132256507873535,
        0.023122072219848633,
        0.016004860401153564,
        0.022232651710510254,
        0.03072980046272278,
        0.022993355989456177,
        0.0100879967212677,
        0.022159844636917114,
        0.028069257736206055,
        0.0033552348613739014,
        0.012908875942230225,
        0.013367444276809692,
        0.00693058967590332,
        0.008450686931610107,
        0.020215511322021484,
        0.010526031255722046,
        0.006367415189743042,
        0.013027071952819824,
        0.016697287559509277
      ]
    },
    "num_results": 32
  },
  "target_metric_score": 0.017510556615889072,
  "timestamp": "2025-06-04T19:29:58.591667"
}