{
  "experiment_name": "candidate_q_net_2_neuron_35",
  "coalition_neurons": [
    "q_net.0_neuron_33",
    "q_net.0_neuron_7",
    "q_net.0_neuron_45",
    "q_net.0_neuron_20",
    "q_net.2_neuron_59",
    "q_net.2_neuron_62",
    "q_net.0_neuron_14",
    "q_net.0_neuron_40",
    "q_net.0_neuron_9",
    "q_net.0_neuron_35",
    "q_net.0_neuron_18",
    "q_net.0_neuron_57",
    "q_net.0_neuron_15",
    "q_net.0_neuron_4",
    "q_net.0_neuron_16",
    "q_net.2_neuron_48",
    "q_net.2_neuron_41",
    "q_net.0_neuron_3",
    "q_net.2_neuron_63",
    "q_net.0_neuron_42",
    "q_net.0_neuron_55",
    "q_net.2_neuron_16",
    "q_net.0_neuron_8",
    "q_net.0_neuron_6",
    "q_net.0_neuron_47",
    "q_net.2_neuron_23",
    "q_net.0_neuron_27",
    "q_net.2_neuron_50",
    "q_net.2_neuron_60",
    "q_net.2_neuron_35"
  ],
  "patch_config": {
    "q_net.0": [
      33,
      7,
      45,
      20,
      14,
      40,
      9,
      35,
      18,
      57,
      15,
      4,
      16,
      3,
      42,
      55,
      8,
      6,
      47,
      27
    ],
    "q_net.2": [
      59,
      62,
      48,
      41,
      63,
      16,
      23,
      50,
      60,
      35
    ]
  },
  "noising": {
    "metrics": {
      "mean": 0.01653567422181368,
      "std": 0.008847362628150241,
      "count": 32,
      "values": [
        0.012515783309936523,
        0.0030156970024108887,
        0.021859318017959595,
        0.02211645245552063,
        0.02011147141456604,
        0.006992608308792114,
        0.025484204292297363,
        0.0316653847694397,
        0.01379084587097168,
        0.017453938722610474,
        0.0038087964057922363,
        0.024915963411331177,
        0.017015695571899414,
        0.015171796083450317,
        0.024905741214752197,
        0.02653259038925171,
        0.023203760385513306,
        0.037562161684036255,
        0.02400842308998108,
        0.009507507085800171,
        0.020066112279891968,
        0.029094427824020386,
        0.012843012809753418,
        0.005298972129821777,
        0.009252071380615234,
        0.004923403263092041,
        0.008519798517227173,
        0.01740133762359619,
        0.013821810483932495,
        0.015003234148025513,
        0.008715629577636719,
        0.0025636255741119385
      ]
    },
    "num_results": 32
  },
  "denoising": {
    "metrics": {
      "mean": 0.016495373100042343,
      "std": 0.008020225022748085,
      "count": 32,
      "values": [
        0.012305915355682373,
        0.0030156970024108887,
        0.022980332374572754,
        0.021810531616210938,
        0.020364195108413696,
        0.007135987281799316,
        0.02548423409461975,
        0.03019857406616211,
        0.01379084587097168,
        0.017453908920288086,
        0.012457311153411865,
        0.02532750368118286,
        0.017015784978866577,
        0.015193462371826172,
        0.02499467134475708,
        0.02700236439704895,
        0.023160338401794434,
        0.029322326183319092,
        0.023793727159500122,
        0.008031755685806274,
        0.02006247639656067,
        0.029094427824020386,
        0.012848377227783203,
        0.005398690700531006,
        0.01179543137550354,
        0.003460913896560669,
        0.007992595434188843,
        0.017394721508026123,
        0.006254464387893677,
        0.014984458684921265,
        0.00894010066986084,
        0.008785814046859741
      ]
    },
    "num_results": 32
  },
  "target_metric_score": 0.01653567422181368,
  "timestamp": "2025-06-04T19:30:22.227832"
}