{
  "experiment_name": "candidate_q_net_2_neuron_38",
  "coalition_neurons": [
    "q_net.0_neuron_33",
    "q_net.0_neuron_7",
    "q_net.0_neuron_45",
    "q_net.0_neuron_20",
    "q_net.2_neuron_59",
    "q_net.2_neuron_62",
    "q_net.0_neuron_14",
    "q_net.0_neuron_40",
    "q_net.0_neuron_9",
    "q_net.0_neuron_35",
    "q_net.0_neuron_18",
    "q_net.0_neuron_57",
    "q_net.0_neuron_15",
    "q_net.0_neuron_4",
    "q_net.0_neuron_16",
    "q_net.2_neuron_48",
    "q_net.2_neuron_41",
    "q_net.0_neuron_3",
    "q_net.2_neuron_63",
    "q_net.0_neuron_42",
    "q_net.0_neuron_55",
    "q_net.2_neuron_16",
    "q_net.0_neuron_8",
    "q_net.0_neuron_6",
    "q_net.2_neuron_38"
  ],
  "patch_config": {
    "q_net.0": [
      33,
      7,
      45,
      20,
      14,
      40,
      9,
      35,
      18,
      57,
      15,
      4,
      16,
      3,
      42,
      55,
      8,
      6
    ],
    "q_net.2": [
      59,
      62,
      48,
      41,
      63,
      16,
      38
    ]
  },
  "noising": {
    "metrics": {
      "mean": 0.01838712301105261,
      "std": 0.008176979295982297,
      "count": 32,
      "values": [
        0.015836328268051147,
        0.011489808559417725,
        0.02420458197593689,
        0.023817509412765503,
        0.023688465356826782,
        0.007863402366638184,
        0.02836647629737854,
        0.031632840633392334,
        0.015689104795455933,
        0.019989728927612305,
        0.0066765546798706055,
        0.02550715208053589,
        0.01808643341064453,
        0.018966466188430786,
        0.02462497353553772,
        0.02634352445602417,
        0.024846762418746948,
        0.03847318887710571,
        0.025952547788619995,
        0.015512049198150635,
        0.021799713373184204,
        0.02601492404937744,
        0.006203651428222656,
        0.013338923454284668,
        0.01355278491973877,
        0.0048944950103759766,
        0.010502338409423828,
        0.02030321955680847,
        0.01635688543319702,
        0.008952468633651733,
        0.013286590576171875,
        0.005614042282104492
      ]
    },
    "num_results": 32
  },
  "denoising": {
    "metrics": {
      "mean": 0.018974630162119865,
      "std": 0.007086592722764214,
      "count": 32,
      "values": [
        0.015626490116119385,
        0.011489808559417725,
        0.025671452283859253,
        0.023860543966293335,
        0.024450182914733887,
        0.008098423480987549,
        0.028366506099700928,
        0.03131398558616638,
        0.015874505043029785,
        0.01998966932296753,
        0.019519686698913574,
        0.0259111225605011,
        0.018086493015289307,
        0.019049853086471558,
        0.024418622255325317,
        0.02603432536125183,
        0.024803340435028076,
        0.03266751766204834,
        0.025710761547088623,
        0.012230902910232544,
        0.02179279923439026,
        0.02601492404937744,
        0.0062094926834106445,
        0.013597726821899414,
        0.0168229341506958,
        0.008769512176513672,
        0.0092029869556427,
        0.020295262336730957,
        0.01309669017791748,
        0.008909821510314941,
        0.013630151748657227,
        0.01567167043685913
      ]
    },
    "num_results": 32
  },
  "target_metric_score": 0.018974630162119865,
  "timestamp": "2025-06-04T19:30:13.886658"
}