{
  "experiment_name": "candidate_q_net_0_neuron_59",
  "coalition_neurons": [
    "q_net.0_neuron_33",
    "q_net.0_neuron_7",
    "q_net.0_neuron_45",
    "q_net.0_neuron_59"
  ],
  "patch_config": {
    "q_net.0": [
      33,
      7,
      45,
      59
    ]
  },
  "noising": {
    "metrics": {
      "mean": 0.008497624658048153,
      "std": 0.004130433048793477,
      "count": 32,
      "values": [
        0.006860911846160889,
        0.008928537368774414,
        0.00753667950630188,
        0.006329566240310669,
        0.008216023445129395,
        0.007045269012451172,
        0.011264204978942871,
        0.013709425926208496,
        0.003225564956665039,
        0.013247668743133545,
        0.0038453638553619385,
        0.015096515417098999,
        0.005949199199676514,
        0.013693511486053467,
        0.0066099464893341064,
        0.008969485759735107,
        0.01311686635017395,
        0.014802813529968262,
        0.013003915548324585,
        0.011955678462982178,
        0.012678682804107666,
        0.014575839042663574,
        0.005215048789978027,
        0.009332418441772461,
        0.003966659307479858,
        0.0037010908126831055,
        4.7266483306884766e-05,
        0.00941738486289978,
        0.0014247298240661621,
        0.005753546953201294,
        0.00769805908203125,
        0.0047061145305633545
      ]
    },
    "num_results": 32
  },
  "denoising": {
    "metrics": {
      "mean": 0.009555262513458729,
      "std": 0.004425400659871334,
      "count": 32,
      "values": [
        0.006676524877548218,
        0.008928537368774414,
        0.007821112871170044,
        0.006141781806945801,
        0.00875595211982727,
        0.006972163915634155,
        0.011264204978942871,
        0.016827881336212158,
        0.003115415573120117,
        0.01324760913848877,
        0.014106065034866333,
        0.014794915914535522,
        0.005975544452667236,
        0.014165937900543213,
        0.006413012742996216,
        0.009572327136993408,
        0.013226449489593506,
        0.020189940929412842,
        0.013692885637283325,
        0.00972825288772583,
        0.012678653001785278,
        0.014575839042663574,
        0.005215078592300415,
        0.010117143392562866,
        0.0043420493602752686,
        0.010637462139129639,
        0.0002632737159729004,
        0.009417414665222168,
        0.0018664300441741943,
        0.00568467378616333,
        0.0078965425491333,
        0.011457324028015137
      ]
    },
    "num_results": 32
  },
  "target_metric_score": 0.009555262513458729,
  "timestamp": "2025-06-04T19:29:38.336801"
}