{
  "experiment_name": "candidate_q_net_0_neuron_4",
  "coalition_neurons": [
    "q_net.0_neuron_33",
    "q_net.0_neuron_7",
    "q_net.0_neuron_45",
    "q_net.0_neuron_20",
    "q_net.2_neuron_59",
    "q_net.2_neuron_62",
    "q_net.0_neuron_14",
    "q_net.0_neuron_4"
  ],
  "patch_config": {
    "q_net.0": [
      33,
      7,
      45,
      20,
      14,
      4
    ],
    "q_net.2": [
      59,
      62
    ]
  },
  "noising": {
    "metrics": {
      "mean": 0.014629758894443512,
      "std": 0.008152546688529265,
      "count": 32,
      "values": [
        0.012395650148391724,
        0.007940798997879028,
        0.02308070659637451,
        0.019814670085906982,
        0.01988920569419861,
        0.007223755121231079,
        0.02102971076965332,
        0.03397732973098755,
        0.013468950986862183,
        0.015606194734573364,
        0.004239082336425781,
        0.025708556175231934,
        0.010613799095153809,
        0.0143851637840271,
        0.01865565776824951,
        0.01549232006072998,
        0.021467894315719604,
        0.03519552946090698,
        0.017803966999053955,
        0.009792715311050415,
        0.015989184379577637,
        0.020638972520828247,
        0.0007224380970001221,
        0.009556859731674194,
        0.012706875801086426,
        0.002309262752532959,
        0.0046080052852630615,
        0.016323596239089966,
        0.0159761905670166,
        0.006324648857116699,
        0.0112379789352417,
        0.003976613283157349
      ]
    },
    "num_results": 32
  },
  "denoising": {
    "metrics": {
      "mean": 0.01449265144765377,
      "std": 0.006933708451676855,
      "count": 32,
      "values": [
        0.01240721344947815,
        0.007940798997879028,
        0.023570090532302856,
        0.019632726907730103,
        0.020149797201156616,
        0.00736081600189209,
        0.021029740571975708,
        0.02799627184867859,
        0.012506544589996338,
        0.015606164932250977,
        0.01065114140510559,
        0.02546963095664978,
        0.01031145453453064,
        0.014782696962356567,
        0.018195509910583496,
        0.01609516143798828,
        0.021421313285827637,
        0.02913758158683777,
        0.0175304114818573,
        0.007360011339187622,
        0.01598915457725525,
        0.02063894271850586,
        0.0007224082946777344,
        0.009966552257537842,
        0.01278349757194519,
        0.0032344460487365723,
        0.004738658666610718,
        0.016323596239089966,
        0.010549932718276978,
        0.006255090236663818,
        0.011321216821670532,
        0.012086272239685059
      ]
    },
    "num_results": 32
  },
  "target_metric_score": 0.014629758894443512,
  "timestamp": "2025-06-04T19:29:44.616429"
}