{
  "experiment_name": "candidate_q_net_0_neuron_60",
  "coalition_neurons": [
    "q_net.0_neuron_33",
    "q_net.0_neuron_7",
    "q_net.0_neuron_45",
    "q_net.0_neuron_20",
    "q_net.2_neuron_59",
    "q_net.2_neuron_62",
    "q_net.0_neuron_14",
    "q_net.0_neuron_40",
    "q_net.0_neuron_9",
    "q_net.0_neuron_60"
  ],
  "patch_config": {
    "q_net.0": [
      33,
      7,
      45,
      20,
      14,
      40,
      9,
      60
    ],
    "q_net.2": [
      59,
      62
    ]
  },
  "noising": {
    "metrics": {
      "mean": 0.013728968799114227,
      "std": 0.007290830688834713,
      "count": 32,
      "values": [
        0.012483417987823486,
        0.00655016303062439,
        0.025270819664001465,
        0.021163254976272583,
        0.020524144172668457,
        0.00903940200805664,
        0.02225440740585327,
        0.023113787174224854,
        0.01464030146598816,
        0.01569676399230957,
        0.005456089973449707,
        0.022675663232803345,
        0.009685635566711426,
        0.015022724866867065,
        0.018233418464660645,
        0.014540135860443115,
        0.022507578134536743,
        0.0254480242729187,
        0.019612759351730347,
        0.008245080709457397,
        0.0161626935005188,
        0.022724628448486328,
        0.000486224889755249,
        0.009338706731796265,
        0.008569329977035522,
        0.002157926559448242,
        0.006553024053573608,
        0.01567700505256653,
        0.005813479423522949,
        0.005353003740310669,
        0.01179775595664978,
        0.002529650926589966
      ]
    },
    "num_results": 32
  },
  "denoising": {
    "metrics": {
      "mean": 0.014674325473606586,
      "std": 0.007042797967567632,
      "count": 32,
      "values": [
        0.012633591890335083,
        0.006550192832946777,
        0.02526557445526123,
        0.02119162678718567,
        0.021248281002044678,
        0.00904276967048645,
        0.022254467010498047,
        0.026680678129196167,
        0.01359570026397705,
        0.01569676399230957,
        0.011653363704681396,
        0.022231698036193848,
        0.009144246578216553,
        0.0153292715549469,
        0.01803344488143921,
        0.015143007040023804,
        0.022496283054351807,
        0.028334379196166992,
        0.020738452672958374,
        0.005622118711471558,
        0.01616266369819641,
        0.022724628448486328,
        0.00048619508743286133,
        0.00955188274383545,
        0.013766467571258545,
        0.004765897989273071,
        0.00630602240562439,
        0.01567700505256653,
        0.008266299962997437,
        0.005403399467468262,
        0.01208677887916565,
        0.011495262384414673
      ]
    },
    "num_results": 32
  },
  "target_metric_score": 0.014674325473606586,
  "timestamp": "2025-06-04T19:29:47.972223"
}