{
  "experiment_name": "candidate_q_net_2_neuron_57",
  "coalition_neurons": [
    "q_net.0_neuron_33",
    "q_net.0_neuron_7",
    "q_net.2_neuron_57"
  ],
  "patch_config": {
    "q_net.0": [
      33,
      7
    ],
    "q_net.2": [
      57
    ]
  },
  "noising": {
    "metrics": {
      "mean": 0.006668482907116413,
      "std": 0.003988385456951074,
      "count": 32,
      "values": [
        0.006088286638259888,
        0.006642550230026245,
        0.008584260940551758,
        0.008181512355804443,
        0.010920137166976929,
        0.0004724264144897461,
        0.012916743755340576,
        0.0056171715259552,
        0.00010725855827331543,
        0.012490957975387573,
        0.0027914047241210938,
        0.007533848285675049,
        0.005894839763641357,
        0.008239001035690308,
        0.00944441556930542,
        0.01239725947380066,
        0.008171826601028442,
        0.007198452949523926,
        0.009411811828613281,
        0.007852494716644287,
        0.012713819742202759,
        0.009319961071014404,
        0.0007963478565216064,
        0.0077700018882751465,
        5.924701690673828e-05,
        0.0,
        0.003447204828262329,
        0.012475788593292236,
        0.002157151699066162,
        0.007257550954818726,
        0.00214463472366333,
        0.004293084144592285
      ]
    },
    "num_results": 32
  },
  "denoising": {
    "metrics": {
      "mean": 0.007427971810102463,
      "std": 0.004112477596875912,
      "count": 32,
      "values": [
        0.006088346242904663,
        0.006642580032348633,
        0.008872896432876587,
        0.008100956678390503,
        0.011506050825119019,
        0.0004125833511352539,
        0.012916743755340576,
        0.008255749940872192,
        0.00010722875595092773,
        0.012490898370742798,
        0.010481864213943481,
        0.007467597723007202,
        0.00592118501663208,
        0.008711427450180054,
        0.009341269731521606,
        0.01300010085105896,
        0.008157879114151001,
        0.011895358562469482,
        0.009528905153274536,
        0.007039189338684082,
        0.012713760137557983,
        0.009319961071014404,
        0.0007963180541992188,
        0.008555233478546143,
        0.00091513991355896,
        0.0,
        0.0032649338245391846,
        0.012475758790969849,
        0.002141326665878296,
        0.0072473883628845215,
        0.0021339058876037598,
        0.011192560195922852
      ]
    },
    "num_results": 32
  },
  "target_metric_score": 0.007427971810102463,
  "timestamp": "2025-06-04T19:29:37.928264"
}