{
  "experiment_name": "candidate_q_net_0_neuron_51",
  "coalition_neurons": [
    "q_net.0_neuron_33",
    "q_net.0_neuron_7",
    "q_net.0_neuron_45",
    "q_net.0_neuron_20",
    "q_net.2_neuron_59",
    "q_net.2_neuron_62",
    "q_net.0_neuron_14",
    "q_net.0_neuron_40",
    "q_net.0_neuron_9",
    "q_net.0_neuron_35",
    "q_net.0_neuron_18",
    "q_net.0_neuron_57",
    "q_net.0_neuron_15",
    "q_net.0_neuron_4",
    "q_net.0_neuron_16",
    "q_net.2_neuron_48",
    "q_net.2_neuron_41",
    "q_net.0_neuron_3",
    "q_net.0_neuron_51"
  ],
  "patch_config": {
    "q_net.0": [
      33,
      7,
      45,
      20,
      14,
      40,
      9,
      35,
      18,
      57,
      15,
      4,
      16,
      3,
      51
    ],
    "q_net.2": [
      59,
      62,
      48,
      41
    ]
  },
  "noising": {
    "metrics": {
      "mean": 0.01743093878030777,
      "std": 0.00839976081702226,
      "count": 32,
      "values": [
        0.014993458986282349,
        0.012609213590621948,
        0.025130867958068848,
        0.024037420749664307,
        0.024816840887069702,
        0.005752682685852051,
        0.023765206336975098,
        0.03441724181175232,
        0.015447825193405151,
        0.02039286494255066,
        0.008600175380706787,
        0.025894582271575928,
        0.0107804536819458,
        0.01900660991668701,
        0.024596333503723145,
        0.020298779010772705,
        0.024320125579833984,
        0.038546621799468994,
        0.02381548285484314,
        0.015122383832931519,
        0.02101433277130127,
        0.023958802223205566,
        0.005374431610107422,
        0.014269024133682251,
        0.009327322244644165,
        0.005043625831604004,
        0.005635589361190796,
        0.0197066068649292,
        0.01268833875656128,
        0.00904873013496399,
        0.012054294347763062,
        0.007323771715164185
      ]
    },
    "num_results": 32
  },
  "denoising": {
    "metrics": {
      "mean": 0.01786830835044384,
      "std": 0.007662519496263314,
      "count": 32,
      "values": [
        0.014775246381759644,
        0.012609213590621948,
        0.026622921228408813,
        0.024145811796188354,
        0.025812536478042603,
        0.006215840578079224,
        0.023765236139297485,
        0.033749282360076904,
        0.01557302474975586,
        0.02039283514022827,
        0.01875007152557373,
        0.02612149715423584,
        0.010780513286590576,
        0.01891830563545227,
        0.024399638175964355,
        0.020530104637145996,
        0.024276703596115112,
        0.032965272665023804,
        0.02415996789932251,
        0.012236297130584717,
        0.021008223295211792,
        0.023958802223205566,
        0.00538066029548645,
        0.014521211385726929,
        0.011004865169525146,
        0.009039103984832764,
        0.00522276759147644,
        0.0196988582611084,
        0.0077075958251953125,
        0.00903385877609253,
        0.012300610542297363,
        0.016108989715576172
      ]
    },
    "num_results": 32
  },
  "target_metric_score": 0.01786830835044384,
  "timestamp": "2025-06-04T19:30:02.511516"
}