{
  "experiment_name": "candidate_q_net_2_neuron_59",
  "coalition_neurons": [
    "q_net.0_neuron_33",
    "q_net.0_neuron_7",
    "q_net.0_neuron_45",
    "q_net.0_neuron_20",
    "q_net.2_neuron_59"
  ],
  "patch_config": {
    "q_net.0": [
      33,
      7,
      45,
      20
    ],
    "q_net.2": [
      59
    ]
  },
  "noising": {
    "metrics": {
      "mean": 0.011523188091814518,
      "std": 0.0056654038876662784,
      "count": 32,
      "values": [
        0.008933603763580322,
        0.008704781532287598,
        0.016897469758987427,
        0.015319854021072388,
        0.014926165342330933,
        0.00605088472366333,
        0.01868385076522827,
        0.017380714416503906,
        0.01127353310585022,
        0.0153370201587677,
        0.00325813889503479,
        0.01984068751335144,
        0.011014342308044434,
        0.015131711959838867,
        0.015121638774871826,
        0.013417243957519531,
        0.01581689715385437,
        0.01868760585784912,
        0.015556573867797852,
        0.009515494108200073,
        0.016489773988723755,
        0.019766628742218018,
        0.001229614019393921,
        0.009882479906082153,
        0.006297171115875244,
        0.001167893409729004,
        0.0036366283893585205,
        0.01652371883392334,
        0.003920555114746094,
        0.005751669406890869,
        0.008544296026229858,
        0.004663378000259399
      ]
    },
    "num_results": 32
  },
  "denoising": {
    "metrics": {
      "mean": 0.012451772578060627,
      "std": 0.005705508418414524,
      "count": 32,
      "values": [
        0.008749157190322876,
        0.008704811334609985,
        0.01715296506881714,
        0.015261650085449219,
        0.015507519245147705,
        0.0060607194900512695,
        0.01868388056755066,
        0.02172943949699402,
        0.010289639234542847,
        0.015336990356445312,
        0.010395914316177368,
        0.019436240196228027,
        0.010750919580459595,
        0.015599817037582397,
        0.01466149091720581,
        0.014020085334777832,
        0.015917181968688965,
        0.0244826078414917,
        0.016400903463363647,
        0.007399052381515503,
        0.016489773988723755,
        0.019766628742218018,
        0.0012295842170715332,
        0.010667681694030762,
        0.009332358837127686,
        0.0016520321369171143,
        0.0030025839805603027,
        0.016523689031600952,
        0.006620258092880249,
        0.005682110786437988,
        0.008742809295654297,
        0.012206226587295532
      ]
    },
    "num_results": 32
  },
  "target_metric_score": 0.012451772578060627,
  "timestamp": "2025-06-04T19:29:40.014103"
}