{
  "experiment_name": "candidate_q_net_2_neuron_41",
  "coalition_neurons": [
    "q_net.0_neuron_33",
    "q_net.0_neuron_7",
    "q_net.2_neuron_41"
  ],
  "patch_config": {
    "q_net.0": [
      33,
      7
    ],
    "q_net.2": [
      41
    ]
  },
  "noising": {
    "metrics": {
      "mean": 0.007232353091239929,
      "std": 0.004103173041776122,
      "count": 32,
      "values": [
        0.006294190883636475,
        0.009112298488616943,
        0.00925794243812561,
        0.007977694272994995,
        0.01142573356628418,
        0.000731736421585083,
        0.013167798519134521,
        0.008576422929763794,
        0.0007873773574829102,
        0.013180345296859741,
        0.0027243196964263916,
        0.008195340633392334,
        0.006050407886505127,
        0.008467942476272583,
        0.009289443492889404,
        0.013485968112945557,
        0.007245182991027832,
        0.010540902614593506,
        0.009474128484725952,
        0.009033441543579102,
        0.012568175792694092,
        0.009937405586242676,
        0.0002778172492980957,
        0.009516298770904541,
        0.0008255243301391602,
        0.002068638801574707,
        0.001111537218093872,
        0.01271146535873413,
        0.0035263895988464355,
        0.007046997547149658,
        0.002505064010620117,
        0.004321366548538208
      ]
    },
    "num_results": 32
  },
  "denoising": {
    "metrics": {
      "mean": 0.007712061516940594,
      "std": 0.004317840283354669,
      "count": 32,
      "values": [
        0.006151467561721802,
        0.009112298488616943,
        0.00954657793045044,
        0.007897138595581055,
        0.01201164722442627,
        0.0006719231605529785,
        0.013167798519134521,
        0.008875429630279541,
        0.0007873773574829102,
        0.013180315494537354,
        0.010593771934509277,
        0.008129090070724487,
        0.00607675313949585,
        0.008940368890762329,
        0.00918629765510559,
        0.014088809490203857,
        0.007231265306472778,
        0.01259523630142212,
        0.00959119200706482,
        0.007039964199066162,
        0.012568116188049316,
        0.009937405586242676,
        0.0002778172492980957,
        0.01030150055885315,
        0.0001728832721710205,
        0.00044026970863342285,
        0.0009292662143707275,
        0.01271146535873413,
        0.0036966800689697266,
        0.007036805152893066,
        0.002494305372238159,
        0.011344730854034424
      ]
    },
    "num_results": 32
  },
  "target_metric_score": 0.007712061516940594,
  "timestamp": "2025-06-04T19:29:37.869151"
}