{
  "experiment_name": "candidate_q_net_2_neuron_6",
  "coalition_neurons": [
    "q_net.0_neuron_33",
    "q_net.0_neuron_7",
    "q_net.0_neuron_45",
    "q_net.0_neuron_20",
    "q_net.2_neuron_59",
    "q_net.2_neuron_62",
    "q_net.0_neuron_14",
    "q_net.0_neuron_40",
    "q_net.0_neuron_9",
    "q_net.0_neuron_35",
    "q_net.0_neuron_18",
    "q_net.0_neuron_57",
    "q_net.0_neuron_15",
    "q_net.0_neuron_4",
    "q_net.0_neuron_16",
    "q_net.2_neuron_48",
    "q_net.2_neuron_41",
    "q_net.0_neuron_3",
    "q_net.2_neuron_63",
    "q_net.0_neuron_42",
    "q_net.0_neuron_55",
    "q_net.2_neuron_16",
    "q_net.0_neuron_8",
    "q_net.0_neuron_6",
    "q_net.0_neuron_47",
    "q_net.2_neuron_23",
    "q_net.0_neuron_27",
    "q_net.2_neuron_50",
    "q_net.2_neuron_6"
  ],
  "patch_config": {
    "q_net.0": [
      33,
      7,
      45,
      20,
      14,
      40,
      9,
      35,
      18,
      57,
      15,
      4,
      16,
      3,
      42,
      55,
      8,
      6,
      47,
      27
    ],
    "q_net.2": [
      59,
      62,
      48,
      41,
      63,
      16,
      23,
      50,
      6
    ]
  },
  "noising": {
    "metrics": {
      "mean": 0.016527917236089706,
      "std": 0.008654948595693936,
      "count": 32,
      "values": [
        0.012082397937774658,
        0.005370289087295532,
        0.02129313349723816,
        0.021571964025497437,
        0.019757598638534546,
        0.006521314382553101,
        0.024709731340408325,
        0.031302690505981445,
        0.014982461929321289,
        0.018038153648376465,
        0.002951204776763916,
        0.025495946407318115,
        0.017340540885925293,
        0.01565268635749817,
        0.02419877052307129,
        0.026416122913360596,
        0.022983193397521973,
        0.03720903396606445,
        0.023609250783920288,
        0.01051187515258789,
        0.020376622676849365,
        0.02825874090194702,
        0.013142108917236328,
        0.007532656192779541,
        0.00931781530380249,
        0.0036178231239318848,
        0.007812231779098511,
        0.017428815364837646,
        0.013581633567810059,
        0.01538357138633728,
        0.008366107940673828,
        0.002076864242553711
      ]
    },
    "num_results": 32
  },
  "denoising": {
    "metrics": {
      "mean": 0.016807446256279945,
      "std": 0.0076681835606366355,
      "count": 32,
      "values": [
        0.011872529983520508,
        0.005370289087295532,
        0.022414177656173706,
        0.021266043186187744,
        0.02001035213470459,
        0.006664663553237915,
        0.024709761142730713,
        0.03088235855102539,
        0.015124291181564331,
        0.018038123846054077,
        0.01433512568473816,
        0.025907516479492188,
        0.01734060049057007,
        0.01567438244819641,
        0.02428773045539856,
        0.026885926723480225,
        0.0229397714138031,
        0.03019005060195923,
        0.02339455485343933,
        0.009036123752593994,
        0.020373016595840454,
        0.02825874090194702,
        0.013147443532943726,
        0.0076323747634887695,
        0.012661099433898926,
        0.004396021366119385,
        0.007285088300704956,
        0.017422229051589966,
        0.006380230188369751,
        0.015364795923233032,
        0.00859057903289795,
        0.009982287883758545
      ]
    },
    "num_results": 32
  },
  "target_metric_score": 0.016807446256279945,
  "timestamp": "2025-06-04T19:30:20.920952"
}