{
  "experiment_name": "candidate_q_net_0_neuron_46",
  "coalition_neurons": [
    "q_net.0_neuron_33",
    "q_net.0_neuron_7",
    "q_net.0_neuron_45",
    "q_net.0_neuron_20",
    "q_net.2_neuron_59",
    "q_net.2_neuron_62",
    "q_net.0_neuron_14",
    "q_net.0_neuron_40",
    "q_net.0_neuron_9",
    "q_net.0_neuron_35",
    "q_net.0_neuron_18",
    "q_net.0_neuron_57",
    "q_net.0_neuron_46"
  ],
  "patch_config": {
    "q_net.0": [
      33,
      7,
      45,
      20,
      14,
      40,
      9,
      35,
      18,
      57,
      46
    ],
    "q_net.2": [
      59,
      62
    ]
  },
  "noising": {
    "metrics": {
      "mean": 0.015668833628296852,
      "std": 0.0072064109483403055,
      "count": 32,
      "values": [
        0.012310266494750977,
        0.008749723434448242,
        0.02195453643798828,
        0.02297988533973694,
        0.020564168691635132,
        0.011623382568359375,
        0.02797582745552063,
        0.024566054344177246,
        0.015708178281784058,
        0.014855563640594482,
        0.008354157209396362,
        0.02421712875366211,
        0.008774936199188232,
        0.01702702045440674,
        0.024226129055023193,
        0.01758652925491333,
        0.021889537572860718,
        0.026811659336090088,
        0.023094981908798218,
        0.011074095964431763,
        0.01833498477935791,
        0.02789849042892456,
        0.004303038120269775,
        0.011363565921783447,
        0.01147356629371643,
        0.0031955838203430176,
        0.009136348962783813,
        0.015980124473571777,
        0.009162753820419312,
        0.008735507726669312,
        0.013170450925827026,
        0.0043044984340667725
      ]
    },
    "num_results": 32
  },
  "denoising": {
    "metrics": {
      "mean": 0.016416027210652828,
      "std": 0.007270984976974587,
      "count": 32,
      "values": [
        0.012501031160354614,
        0.00874975323677063,
        0.022925496101379395,
        0.02315598726272583,
        0.021441102027893066,
        0.012180745601654053,
        0.028116583824157715,
        0.029255986213684082,
        0.014828503131866455,
        0.014855533838272095,
        0.01388627290725708,
        0.02401670813560486,
        0.008058130741119385,
        0.017100632190704346,
        0.024292945861816406,
        0.01818937063217163,
        0.021962672472000122,
        0.029436588287353516,
        0.024533838033676147,
        0.007572472095489502,
        0.018334925174713135,
        0.02789849042892456,
        0.004309356212615967,
        0.011471331119537354,
        0.011462122201919556,
        0.006232887506484985,
        0.00914880633354187,
        0.01598009467124939,
        0.008233398199081421,
        0.008557617664337158,
        0.013505160808563232,
        0.013118326663970947
      ]
    },
    "num_results": 32
  },
  "target_metric_score": 0.016416027210652828,
  "timestamp": "2025-06-04T19:29:53.541797"
}