{
  "experiment_name": "candidate_q_net_0_neuron_54",
  "coalition_neurons": [
    "q_net.0_neuron_33",
    "q_net.0_neuron_7",
    "q_net.0_neuron_45",
    "q_net.0_neuron_20",
    "q_net.2_neuron_59",
    "q_net.2_neuron_62",
    "q_net.0_neuron_14",
    "q_net.0_neuron_40",
    "q_net.0_neuron_9",
    "q_net.0_neuron_35",
    "q_net.0_neuron_18",
    "q_net.0_neuron_57",
    "q_net.0_neuron_54"
  ],
  "patch_config": {
    "q_net.0": [
      33,
      7,
      45,
      20,
      14,
      40,
      9,
      35,
      18,
      57,
      54
    ],
    "q_net.2": [
      59,
      62
    ]
  },
  "noising": {
    "metrics": {
      "mean": 0.015143455006182194,
      "std": 0.0070164818879383225,
      "count": 32,
      "values": [
        0.012469083070755005,
        0.010100007057189941,
        0.023277997970581055,
        0.02157863974571228,
        0.021005481481552124,
        0.008348792791366577,
        0.025286614894866943,
        0.02261263132095337,
        0.01561969518661499,
        0.015996158123016357,
        0.009602338075637817,
        0.022704660892486572,
        0.00953596830368042,
        0.01852390170097351,
        0.021353691816329956,
        0.014715641736984253,
        0.021176189184188843,
        0.02599090337753296,
        0.021809369325637817,
        0.013247549533843994,
        0.019294381141662598,
        0.027055203914642334,
        0.0022352933883666992,
        0.012350261211395264,
        0.011396467685699463,
        0.0029331445693969727,
        0.007355183362960815,
        0.0167427659034729,
        0.008002370595932007,
        0.006104797124862671,
        0.01203155517578125,
        0.004133820533752441
      ]
    },
    "num_results": 32
  },
  "denoising": {
    "metrics": {
      "mean": 0.01612385269254446,
      "std": 0.007019126387461208,
      "count": 32,
      "values": [
        0.012683063745498657,
        0.010100007057189941,
        0.02382698655128479,
        0.022017359733581543,
        0.022009342908859253,
        0.008335709571838379,
        0.025661110877990723,
        0.027563244104385376,
        0.014518827199935913,
        0.015996098518371582,
        0.01660764217376709,
        0.022721797227859497,
        0.00919070839881897,
        0.018662482500076294,
        0.021373748779296875,
        0.015309393405914307,
        0.021183103322982788,
        0.029254227876663208,
        0.023322224617004395,
        0.009604781866073608,
        0.01929435133934021,
        0.027055174112319946,
        0.002187579870223999,
        0.012666285037994385,
        0.013478726148605347,
        0.006657510995864868,
        0.006865322589874268,
        0.016742795705795288,
        0.008826583623886108,
        0.005848705768585205,
        0.01233699917793274,
        0.014061391353607178
      ]
    },
    "num_results": 32
  },
  "target_metric_score": 0.01612385269254446,
  "timestamp": "2025-06-04T19:29:52.807075"
}