{
  "experiment_name": "candidate_q_net_0_neuron_2",
  "coalition_neurons": [
    "q_net.0_neuron_33",
    "q_net.0_neuron_7",
    "q_net.0_neuron_45",
    "q_net.0_neuron_20",
    "q_net.0_neuron_2"
  ],
  "patch_config": {
    "q_net.0": [
      33,
      7,
      45,
      20,
      2
    ]
  },
  "noising": {
    "metrics": {
      "mean": 0.009303920902311802,
      "std": 0.005154206615639079,
      "count": 32,
      "values": [
        0.005806654691696167,
        0.006419539451599121,
        0.013283580541610718,
        0.011678338050842285,
        0.012279093265533447,
        0.005218923091888428,
        0.015475809574127197,
        0.01424473524093628,
        0.0065490007400512695,
        0.013888388872146606,
        0.0024878978729248047,
        0.016147911548614502,
        0.009554743766784668,
        0.014458417892456055,
        0.011745095252990723,
        0.012382149696350098,
        0.012936890125274658,
        0.014796257019042969,
        0.010953515768051147,
        0.006244152784347534,
        0.0162774920463562,
        0.017433851957321167,
        0.0023033618927001953,
        0.00810706615447998,
        0.004615902900695801,
        0.0002315044403076172,
        0.000436633825302124,
        0.015100985765457153,
        0.0010564625263214111,
        0.004873037338256836,
        0.0057634711265563965,
        0.0049746036529541016
      ]
    },
    "num_results": 32
  },
  "denoising": {
    "metrics": {
      "mean": 0.010012831538915634,
      "std": 0.005482358385556159,
      "count": 32,
      "values": [
        0.0055976808071136475,
        0.006419539451599121,
        0.013597607612609863,
        0.011520206928253174,
        0.012693554162979126,
        0.005169391632080078,
        0.015475839376449585,
        0.01791512966156006,
        0.0053817033767700195,
        0.013888388872146606,
        0.008931964635848999,
        0.01564386487007141,
        0.009533464908599854,
        0.014883190393447876,
        0.011284977197647095,
        0.012984931468963623,
        0.013023197650909424,
        0.021000564098358154,
        0.011948555707931519,
        0.004408776760101318,
        0.016277432441711426,
        0.017433881759643555,
        0.0023033320903778076,
        0.009212285280227661,
        0.004074990749359131,
        0.0007588863372802734,
        0.00047197937965393066,
        0.015100955963134766,
        0.0009086430072784424,
        0.004805028438568115,
        0.005891382694244385,
        0.011869281530380249
      ]
    },
    "num_results": 32
  },
  "target_metric_score": 0.010012831538915634,
  "timestamp": "2025-06-04T19:29:39.984041"
}