{
  "experiment_name": "candidate_q_net_0_neuron_27",
  "coalition_neurons": [
    "q_net.0_neuron_33",
    "q_net.0_neuron_7",
    "q_net.0_neuron_45",
    "q_net.0_neuron_20",
    "q_net.2_neuron_59",
    "q_net.2_neuron_62",
    "q_net.0_neuron_14",
    "q_net.0_neuron_40",
    "q_net.0_neuron_27"
  ],
  "patch_config": {
    "q_net.0": [
      33,
      7,
      45,
      20,
      14,
      40,
      27
    ],
    "q_net.2": [
      59,
      62
    ]
  },
  "noising": {
    "metrics": {
      "mean": 0.012119396589696407,
      "std": 0.00760040854074364,
      "count": 32,
      "values": [
        0.007717609405517578,
        0.000916600227355957,
        0.02116703987121582,
        0.018450886011123657,
        0.017343789339065552,
        0.0062766969203948975,
        0.0194968581199646,
        0.024077534675598145,
        0.01321953535079956,
        0.014591783285140991,
        0.0015073120594024658,
        0.022608578205108643,
        0.007587015628814697,
        0.012258678674697876,
        0.01915961503982544,
        0.016848385334014893,
        0.020913928747177124,
        0.023807525634765625,
        0.017691820859909058,
        0.0025233030319213867,
        0.014797031879425049,
        0.023295074701309204,
        0.009742170572280884,
        0.0030142366886138916,
        0.0066626667976379395,
        0.00108414888381958,
        0.0033753514289855957,
        0.013333261013031006,
        0.0052912235260009766,
        0.012284338474273682,
        0.006041020154953003,
        0.0007356703281402588
      ]
    },
    "num_results": 32
  },
  "denoising": {
    "metrics": {
      "mean": 0.012446576729416847,
      "std": 0.007618384820827909,
      "count": 32,
      "values": [
        0.007507771253585815,
        0.0009166300296783447,
        0.021472662687301636,
        0.018438339233398438,
        0.017570823431015015,
        0.006075233221054077,
        0.019496917724609375,
        0.026538819074630737,
        0.012118697166442871,
        0.014591753482818604,
        0.00619933009147644,
        0.02210456132888794,
        0.00739210844039917,
        0.012679725885391235,
        0.018665045499801636,
        0.01745125651359558,
        0.02091771364212036,
        0.025024890899658203,
        0.018536120653152466,
        0.0008299648761749268,
        0.014796972274780273,
        0.023295044898986816,
        0.009742200374603271,
        0.0027939677238464355,
        0.009011983871459961,
        0.0004165172576904297,
        0.003207951784133911,
        0.013333290815353394,
        0.0034242868423461914,
        0.012341886758804321,
        0.006056338548660278,
        0.005341649055480957
      ]
    },
    "num_results": 32
  },
  "target_metric_score": 0.012446576729416847,
  "timestamp": "2025-06-04T19:29:45.829128"
}