{
  "experiment_name": "candidate_q_net_2_neuron_38",
  "coalition_neurons": [
    "q_net.0_neuron_33",
    "q_net.0_neuron_7",
    "q_net.0_neuron_45",
    "q_net.0_neuron_20",
    "q_net.2_neuron_59",
    "q_net.2_neuron_62",
    "q_net.0_neuron_14",
    "q_net.0_neuron_40",
    "q_net.0_neuron_9",
    "q_net.0_neuron_35",
    "q_net.0_neuron_18",
    "q_net.0_neuron_57",
    "q_net.0_neuron_15",
    "q_net.0_neuron_4",
    "q_net.0_neuron_16",
    "q_net.2_neuron_48",
    "q_net.2_neuron_41",
    "q_net.0_neuron_3",
    "q_net.2_neuron_63",
    "q_net.0_neuron_42",
    "q_net.0_neuron_55",
    "q_net.2_neuron_16",
    "q_net.0_neuron_8",
    "q_net.0_neuron_6",
    "q_net.0_neuron_47",
    "q_net.2_neuron_23",
    "q_net.2_neuron_38"
  ],
  "patch_config": {
    "q_net.0": [
      33,
      7,
      45,
      20,
      14,
      40,
      9,
      35,
      18,
      57,
      15,
      4,
      16,
      3,
      42,
      55,
      8,
      6,
      47
    ],
    "q_net.2": [
      59,
      62,
      48,
      41,
      63,
      16,
      23,
      38
    ]
  },
  "noising": {
    "metrics": {
      "mean": 0.01828028354793787,
      "std": 0.008232736738805549,
      "count": 32,
      "values": [
        0.015904277563095093,
        0.010402143001556396,
        0.02416914701461792,
        0.02394658327102661,
        0.023693352937698364,
        0.009185761213302612,
        0.02859404683113098,
        0.03113579750061035,
        0.01565849781036377,
        0.019291192293167114,
        0.004427492618560791,
        0.0256497859954834,
        0.01799452304840088,
        0.018104851245880127,
        0.024854958057403564,
        0.026598453521728516,
        0.02503928542137146,
        0.03874310851097107,
        0.02592483162879944,
        0.014761388301849365,
        0.021238118410110474,
        0.0260733962059021,
        0.006973952054977417,
        0.012422531843185425,
        0.01320958137512207,
        0.005426287651062012,
        0.011228829622268677,
        0.01998138427734375,
        0.015610367059707642,
        0.010712295770645142,
        0.013324201107025146,
        0.004688650369644165
      ]
    },
    "num_results": 32
  },
  "denoising": {
    "metrics": {
      "mean": 0.01909030508249998,
      "std": 0.006926333254848301,
      "count": 32,
      "values": [
        0.015708357095718384,
        0.010402172803878784,
        0.025548964738845825,
        0.023941099643707275,
        0.024404555559158325,
        0.00916224718093872,
        0.02859407663345337,
        0.031402140855789185,
        0.01571500301361084,
        0.019291192293167114,
        0.01884913444519043,
        0.026072829961776733,
        0.017994582653045654,
        0.018079787492752075,
        0.02503877878189087,
        0.027068257331848145,
        0.024995863437652588,
        0.03268265724182129,
        0.02567693591117859,
        0.012672483921051025,
        0.02123558521270752,
        0.026073366403579712,
        0.006973981857299805,
        0.012995511293411255,
        0.01691630482673645,
        0.009592235088348389,
        0.01054394245147705,
        0.019976794719696045,
        0.013631075620651245,
        0.010883241891860962,
        0.01366204023361206,
        0.015104562044143677
      ]
    },
    "num_results": 32
  },
  "target_metric_score": 0.01909030508249998,
  "timestamp": "2025-06-04T19:30:17.379956"
}