{
  "experiment_name": "candidate_q_net_0_neuron_44",
  "coalition_neurons": [
    "q_net.0_neuron_33",
    "q_net.0_neuron_7",
    "q_net.0_neuron_45",
    "q_net.0_neuron_20",
    "q_net.2_neuron_59",
    "q_net.2_neuron_62",
    "q_net.0_neuron_14",
    "q_net.0_neuron_44"
  ],
  "patch_config": {
    "q_net.0": [
      33,
      7,
      45,
      20,
      14,
      44
    ],
    "q_net.2": [
      59,
      62
    ]
  },
  "noising": {
    "metrics": {
      "mean": 0.013465420342981815,
      "std": 0.006769764985156277,
      "count": 32,
      "values": [
        0.011867284774780273,
        0.007767975330352783,
        0.022423923015594482,
        0.019157975912094116,
        0.019389629364013672,
        0.007646441459655762,
        0.020990610122680664,
        0.023926198482513428,
        0.014166802167892456,
        0.015344083309173584,
        0.0029930174350738525,
        0.022459447383880615,
        0.009561359882354736,
        0.013998180627822876,
        0.018568187952041626,
        0.015195339918136597,
        0.021103888750076294,
        0.02520960569381714,
        0.01730412244796753,
        0.009608596563339233,
        0.01577174663543701,
        0.022297650575637817,
        0.0006971955299377441,
        0.009585022926330566,
        0.008931100368499756,
        0.005630612373352051,
        0.004905790090560913,
        0.01628100872039795,
        0.007894665002822876,
        0.006251513957977295,
        0.01066666841506958,
        0.0032978057861328125
      ]
    },
    "num_results": 32
  },
  "denoising": {
    "metrics": {
      "mean": 0.014026870019733906,
      "std": 0.006540523628452611,
      "count": 32,
      "values": [
        0.011762112379074097,
        0.007768005132675171,
        0.02261754870414734,
        0.018975824117660522,
        0.019638150930404663,
        0.0074555277824401855,
        0.02099066972732544,
        0.024877697229385376,
        0.013065963983535767,
        0.015344023704528809,
        0.010391861200332642,
        0.021955400705337524,
        0.00926274061203003,
        0.014375150203704834,
        0.018096357583999634,
        0.015798211097717285,
        0.02108854055404663,
        0.027253448963165283,
        0.0180819034576416,
        0.007330268621444702,
        0.015771716833114624,
        0.022297680377960205,
        0.0006971657276153564,
        0.009851068258285522,
        0.011317461729049683,
        0.0030721724033355713,
        0.004882305860519409,
        0.01628100872039795,
        0.00959789752960205,
        0.006203353404998779,
        0.010830283164978027,
        0.011928319931030273
      ]
    },
    "num_results": 32
  },
  "target_metric_score": 0.014026870019733906,
  "timestamp": "2025-06-04T19:29:45.425763"
}