{
  "experiment_name": "candidate_q_net_2_neuron_6",
  "coalition_neurons": [
    "q_net.0_neuron_33",
    "q_net.0_neuron_7",
    "q_net.0_neuron_45",
    "q_net.0_neuron_20",
    "q_net.2_neuron_59",
    "q_net.2_neuron_62",
    "q_net.0_neuron_14",
    "q_net.0_neuron_40",
    "q_net.0_neuron_9",
    "q_net.0_neuron_35",
    "q_net.0_neuron_18",
    "q_net.0_neuron_57",
    "q_net.0_neuron_15",
    "q_net.0_neuron_4",
    "q_net.0_neuron_16",
    "q_net.2_neuron_48",
    "q_net.2_neuron_41",
    "q_net.0_neuron_3",
    "q_net.2_neuron_63",
    "q_net.2_neuron_6"
  ],
  "patch_config": {
    "q_net.0": [
      33,
      7,
      45,
      20,
      14,
      40,
      9,
      35,
      18,
      57,
      15,
      4,
      16,
      3
    ],
    "q_net.2": [
      59,
      62,
      48,
      41,
      63,
      6
    ]
  },
  "noising": {
    "metrics": {
      "mean": 0.018172375857830048,
      "std": 0.008294298439097817,
      "count": 32,
      "values": [
        0.015182524919509888,
        0.012564986944198608,
        0.024762660264968872,
        0.023721396923065186,
        0.02454504370689392,
        0.006147325038909912,
        0.027582883834838867,
        0.034476786851882935,
        0.016695857048034668,
        0.02043512463569641,
        0.009474068880081177,
        0.025692224502563477,
        0.011961102485656738,
        0.019218653440475464,
        0.024244070053100586,
        0.01973360776901245,
        0.024413079023361206,
        0.03874003887176514,
        0.023834675550460815,
        0.015355318784713745,
        0.021399378776550293,
        0.027966409921646118,
        0.00584179162979126,
        0.014035344123840332,
        0.015167385339736938,
        0.004290342330932617,
        0.006985336542129517,
        0.019811034202575684,
        0.017884403467178345,
        0.009469479322433472,
        0.012222886085510254,
        0.007660806179046631
      ]
    },
    "num_results": 32
  },
  "denoising": {
    "metrics": {
      "mean": 0.018527628853917122,
      "std": 0.007437888721051571,
      "count": 32,
      "values": [
        0.014964312314987183,
        0.012565016746520996,
        0.026254713535308838,
        0.02382981777191162,
        0.02554076910018921,
        0.006610512733459473,
        0.027598589658737183,
        0.03356051445007324,
        0.01688125729560852,
        0.020435094833374023,
        0.018652647733688354,
        0.025919109582901,
        0.011961162090301514,
        0.019130349159240723,
        0.024047374725341797,
        0.019964873790740967,
        0.024369657039642334,
        0.03282782435417175,
        0.024179190397262573,
        0.012469232082366943,
        0.021393269300460815,
        0.02796638011932373,
        0.0058479905128479,
        0.01428753137588501,
        0.016275405883789062,
        0.0083865225315094,
        0.00660330057144165,
        0.019803285598754883,
        0.012289732694625854,
        0.009454667568206787,
        0.012469172477722168,
        0.016344845294952393
      ]
    },
    "num_results": 32
  },
  "target_metric_score": 0.018527628853917122,
  "timestamp": "2025-06-04T19:30:05.316347"
}