{
  "experiment_name": "candidate_q_net_2_neuron_15",
  "coalition_neurons": [
    "q_net.0_neuron_33",
    "q_net.0_neuron_7",
    "q_net.0_neuron_45",
    "q_net.0_neuron_20",
    "q_net.2_neuron_59",
    "q_net.2_neuron_62",
    "q_net.0_neuron_14",
    "q_net.0_neuron_40",
    "q_net.0_neuron_9",
    "q_net.2_neuron_15"
  ],
  "patch_config": {
    "q_net.0": [
      33,
      7,
      45,
      20,
      14,
      40,
      9
    ],
    "q_net.2": [
      59,
      62,
      15
    ]
  },
  "noising": {
    "metrics": {
      "mean": 0.013648138381540775,
      "std": 0.007060102881156121,
      "count": 32,
      "values": [
        0.01044541597366333,
        0.007265150547027588,
        0.021673530340194702,
        0.018517732620239258,
        0.019699007272720337,
        0.007512837648391724,
        0.021150588989257812,
        0.026655107736587524,
        0.013314962387084961,
        0.016245871782302856,
        0.0037350058555603027,
        0.021703004837036133,
        0.009982585906982422,
        0.01660516858100891,
        0.016584664583206177,
        0.015008985996246338,
        0.021280914545059204,
        0.02743971347808838,
        0.017209649085998535,
        0.010999172925949097,
        0.017696619033813477,
        0.02262762188911438,
        0.002653837203979492,
        0.009778738021850586,
        0.01037532091140747,
        0.002293705940246582,
        0.0046693384647369385,
        0.01569005846977234,
        0.009954750537872314,
        0.005924254655838013,
        0.010411381721496582,
        0.001635730266571045
      ]
    },
    "num_results": 32
  },
  "denoising": {
    "metrics": {
      "mean": 0.014223896898329258,
      "std": 0.006568823325246752,
      "count": 32,
      "values": [
        0.010691285133361816,
        0.0072651207447052,
        0.022052913904190063,
        0.01865595579147339,
        0.020521581172943115,
        0.007762730121612549,
        0.0211506187915802,
        0.026091396808624268,
        0.012407183647155762,
        0.01624584197998047,
        0.012322574853897095,
        0.021379470825195312,
        0.009829163551330566,
        0.016810595989227295,
        0.01612454652786255,
        0.015611857175827026,
        0.021369129419326782,
        0.027265220880508423,
        0.018439531326293945,
        0.008690178394317627,
        0.0176965594291687,
        0.022627651691436768,
        0.0026538968086242676,
        0.010345637798309326,
        0.013273477554321289,
        0.0023410022258758545,
        0.004753917455673218,
        0.01569005846977234,
        0.007176786661148071,
        0.005883842706680298,
        0.010754793882369995,
        0.011280179023742676
      ]
    },
    "num_results": 32
  },
  "target_metric_score": 0.014223896898329258,
  "timestamp": "2025-06-04T19:29:47.593879"
}