{
  "experiment_name": "candidate_q_net_0_neuron_2",
  "coalition_neurons": [
    "q_net.0_neuron_33",
    "q_net.0_neuron_7",
    "q_net.0_neuron_45",
    "q_net.0_neuron_20",
    "q_net.2_neuron_59",
    "q_net.2_neuron_62",
    "q_net.0_neuron_14",
    "q_net.0_neuron_40",
    "q_net.0_neuron_9",
    "q_net.0_neuron_35",
    "q_net.0_neuron_18",
    "q_net.0_neuron_57",
    "q_net.0_neuron_15",
    "q_net.0_neuron_4",
    "q_net.0_neuron_16",
    "q_net.2_neuron_48",
    "q_net.2_neuron_41",
    "q_net.0_neuron_3",
    "q_net.2_neuron_63",
    "q_net.0_neuron_42",
    "q_net.0_neuron_2"
  ],
  "patch_config": {
    "q_net.0": [
      33,
      7,
      45,
      20,
      14,
      40,
      9,
      35,
      18,
      57,
      15,
      4,
      16,
      3,
      42,
      2
    ],
    "q_net.2": [
      59,
      62,
      48,
      41,
      63
    ]
  },
  "noising": {
    "metrics": {
      "mean": 0.016756330616772175,
      "std": 0.0084286369152754,
      "count": 32,
      "values": [
        0.013099849224090576,
        0.008742094039916992,
        0.023609399795532227,
        0.022006064653396606,
        0.02212199568748474,
        0.004815459251403809,
        0.02519485354423523,
        0.033787935972213745,
        0.013740360736846924,
        0.01963132619857788,
        0.007588863372802734,
        0.024520158767700195,
        0.01332312822341919,
        0.018877655267715454,
        0.021758943796157837,
        0.01872384548187256,
        0.02340635657310486,
        0.038347601890563965,
        0.020532935857772827,
        0.012025773525238037,
        0.022889524698257446,
        0.027410924434661865,
        0.0042043328285217285,
        0.01219189167022705,
        0.012418806552886963,
        0.004842638969421387,
        0.005694776773452759,
        0.020371735095977783,
        0.014629721641540527,
        0.008958667516708374,
        0.009566247463226318,
        0.007168710231781006
      ]
    },
    "num_results": 32
  },
  "denoising": {
    "metrics": {
      "mean": 0.016847838647663593,
      "std": 0.007738752029394987,
      "count": 32,
      "values": [
        0.012889981269836426,
        0.008742094039916992,
        0.02499169111251831,
        0.021947205066680908,
        0.022716820240020752,
        0.00508648157119751,
        0.025194883346557617,
        0.03165668249130249,
        0.013925790786743164,
        0.01963132619857788,
        0.016266226768493652,
        0.02465042471885681,
        0.013323158025741577,
        0.018920868635177612,
        0.0216941237449646,
        0.019326716661453247,
        0.023362934589385986,
        0.031996577978134155,
        0.020296752452850342,
        0.008603423833847046,
        0.022884219884872437,
        0.027410924434661865,
        0.004208952188491821,
        0.012396275997161865,
        0.01134258508682251,
        0.008095473051071167,
        0.004658997058868408,
        0.02036347985267639,
        0.006994873285293579,
        0.008903592824935913,
        0.009796380996704102,
        0.016850918531417847
      ]
    },
    "num_results": 32
  },
  "target_metric_score": 0.016847838647663593,
  "timestamp": "2025-06-04T19:30:05.620585"
}