{
  "experiment_name": "candidate_q_net_2_neuron_0",
  "coalition_neurons": [
    "q_net.0_neuron_33",
    "q_net.0_neuron_7",
    "q_net.0_neuron_45",
    "q_net.2_neuron_0"
  ],
  "patch_config": {
    "q_net.0": [
      33,
      7,
      45
    ],
    "q_net.2": [
      0
    ]
  },
  "noising": {
    "metrics": {
      "mean": 0.00906298030167818,
      "std": 0.004704887848633522,
      "count": 32,
      "values": [
        0.006860911846160889,
        0.006601274013519287,
        0.013310343027114868,
        0.012248635292053223,
        0.013729989528656006,
        0.0087147057056427,
        0.015411525964736938,
        0.013709425926208496,
        0.007236987352371216,
        0.010641694068908691,
        0.0022392868995666504,
        0.015096515417098999,
        0.004231184720993042,
        0.009914517402648926,
        0.013057410717010498,
        0.01398557424545288,
        0.01311686635017395,
        0.014802813529968262,
        0.013417184352874756,
        0.008008688688278198,
        0.0102958083152771,
        0.016414523124694824,
        0.0012784302234649658,
        0.007219970226287842,
        0.003966659307479858,
        0.0,
        0.004700273275375366,
        0.010534882545471191,
        0.002802252769470215,
        0.008208662271499634,
        0.00769805908203125,
        0.0005603134632110596
      ]
    },
    "num_results": 32
  },
  "denoising": {
    "metrics": {
      "mean": 0.009871340356767178,
      "std": 0.004779912579279717,
      "count": 32,
      "values": [
        0.006676524877548218,
        0.006601303815841675,
        0.01371389627456665,
        0.012268483638763428,
        0.014302551746368408,
        0.008641600608825684,
        0.015411555767059326,
        0.016827881336212158,
        0.006759017705917358,
        0.010641634464263916,
        0.01017102599143982,
        0.014794915914535522,
        0.004257500171661377,
        0.010386943817138672,
        0.013057410717010498,
        0.014588415622711182,
        0.013226449489593506,
        0.020189940929412842,
        0.014114290475845337,
        0.006808966398239136,
        0.010295748710632324,
        0.016414523124694824,
        0.0012784600257873535,
        0.008005142211914062,
        0.0043420493602752686,
        0.0,
        0.004275470972061157,
        0.010534882545471191,
        0.0022676587104797363,
        0.008140325546264648,
        0.0078965425491333,
        0.008991777896881104
      ]
    },
    "num_results": 32
  },
  "target_metric_score": 0.009871340356767178,
  "timestamp": "2025-06-04T19:29:39.392639"
}