{
  "experiment_name": "candidate_q_net_2_neuron_0",
  "coalition_neurons": [
    "q_net.0_neuron_33",
    "q_net.0_neuron_7",
    "q_net.0_neuron_45",
    "q_net.0_neuron_20",
    "q_net.2_neuron_59",
    "q_net.2_neuron_62",
    "q_net.0_neuron_14",
    "q_net.2_neuron_0"
  ],
  "patch_config": {
    "q_net.0": [
      33,
      7,
      45,
      20,
      14
    ],
    "q_net.2": [
      59,
      62,
      0
    ]
  },
  "noising": {
    "metrics": {
      "mean": 0.012968667782843113,
      "std": 0.007019275935171456,
      "count": 32,
      "values": [
        0.011858165264129639,
        0.005253195762634277,
        0.022305220365524292,
        0.019074290990829468,
        0.01926282048225403,
        0.008709490299224854,
        0.02045685052871704,
        0.023713618516921997,
        0.013982027769088745,
        0.012989044189453125,
        0.0031403303146362305,
        0.022730857133865356,
        0.00896376371383667,
        0.012572824954986572,
        0.018519043922424316,
        0.016613245010375977,
        0.02104964852333069,
        0.025131136178970337,
        0.017658919095993042,
        0.007567286491394043,
        0.013733923435211182,
        0.022069543600082397,
        0.0013507306575775146,
        0.007070779800415039,
        0.008669108152389526,
        0.002309262752532959,
        0.005859881639480591,
        0.014161765575408936,
        0.008481860160827637,
        0.008999615907669067,
        0.010657429695129395,
        8.168816566467285e-05
      ]
    },
    "num_results": 32
  },
  "denoising": {
    "metrics": {
      "mean": 0.01371842809021473,
      "std": 0.0066268750371583475,
      "count": 32,
      "values": [
        0.011755585670471191,
        0.005253225564956665,
        0.02231067419052124,
        0.01896718144416809,
        0.01970076560974121,
        0.008846580982208252,
        0.02045685052871704,
        0.025241494178771973,
        0.012881159782409668,
        0.012989044189453125,
        0.009997695684432983,
        0.022226810455322266,
        0.008661448955535889,
        0.01297035813331604,
        0.018519073724746704,
        0.01721605658531189,
        0.021149098873138428,
        0.027676403522491455,
        0.018503278493881226,
        0.006168335676193237,
        0.013733893632888794,
        0.02206951379776001,
        0.0013507604598999023,
        0.007480442523956299,
        0.011624962091445923,
        0.0032344460487365723,
        0.0059905946254730225,
        0.014161765575408936,
        0.008352428674697876,
        0.008930057287216187,
        0.01089698076248169,
        0.009672731161117554
      ]
    },
    "num_results": 32
  },
  "target_metric_score": 0.01371842809021473,
  "timestamp": "2025-06-04T19:29:45.364104"
}