{
  "experiment_name": "candidate_q_net_0_neuron_18",
  "coalition_neurons": [
    "q_net.0_neuron_33",
    "q_net.0_neuron_7",
    "q_net.0_neuron_45",
    "q_net.0_neuron_20",
    "q_net.2_neuron_59",
    "q_net.2_neuron_62",
    "q_net.0_neuron_14",
    "q_net.0_neuron_40",
    "q_net.0_neuron_18"
  ],
  "patch_config": {
    "q_net.0": [
      33,
      7,
      45,
      20,
      14,
      40,
      18
    ],
    "q_net.2": [
      59,
      62
    ]
  },
  "noising": {
    "metrics": {
      "mean": 0.01449971366673708,
      "std": 0.007248675882711232,
      "count": 32,
      "values": [
        0.0126265287399292,
        0.0074367523193359375,
        0.025499045848846436,
        0.02181658148765564,
        0.021016985177993774,
        0.00886756181716919,
        0.023518621921539307,
        0.024709999561309814,
        0.014468520879745483,
        0.01667255163192749,
        0.005181163549423218,
        0.023744821548461914,
        0.010891616344451904,
        0.015553206205368042,
        0.020347923040390015,
        0.015343725681304932,
        0.022310376167297363,
        0.025693953037261963,
        0.020551562309265137,
        0.008377313613891602,
        0.017731517553329468,
        0.023042142391204834,
        0.001260519027709961,
        0.009449392557144165,
        0.009897500276565552,
        0.0032427310943603516,
        0.007333517074584961,
        0.01721218228340149,
        0.008517682552337646,
        0.005619555711746216,
        0.011023998260498047,
        0.005031287670135498
      ]
    },
    "num_results": 32
  },
  "denoising": {
    "metrics": {
      "mean": 0.015397517941892147,
      "std": 0.00703941618746005,
      "count": 32,
      "values": [
        0.012596815824508667,
        0.0074367523193359375,
        0.02554762363433838,
        0.021664679050445557,
        0.02170354127883911,
        0.008793175220489502,
        0.023518621921539307,
        0.027673184871673584,
        0.013328015804290771,
        0.016672492027282715,
        0.012874573469161987,
        0.02324080467224121,
        0.010634005069732666,
        0.01595163345336914,
        0.019854485988616943,
        0.015946537256240845,
        0.02230238914489746,
        0.02868044376373291,
        0.021078139543533325,
        0.005875200033187866,
        0.017731457948684692,
        0.02304217219352722,
        0.0012605786323547363,
        0.00993606448173523,
        0.014768362045288086,
        0.005469322204589844,
        0.0068645179271698,
        0.017212212085723877,
        0.011016517877578735,
        0.0054514408111572266,
        0.011255532503128052,
        0.01333928108215332
      ]
    },
    "num_results": 32
  },
  "target_metric_score": 0.015397517941892147,
  "timestamp": "2025-06-04T19:29:46.287704"
}