{
  "experiment_name": "candidate_q_net_2_neuron_58",
  "coalition_neurons": [
    "q_net.0_neuron_33",
    "q_net.0_neuron_7",
    "q_net.0_neuron_45",
    "q_net.0_neuron_20",
    "q_net.2_neuron_59",
    "q_net.2_neuron_62",
    "q_net.0_neuron_14",
    "q_net.0_neuron_40",
    "q_net.0_neuron_9",
    "q_net.0_neuron_35",
    "q_net.0_neuron_18",
    "q_net.0_neuron_57",
    "q_net.0_neuron_15",
    "q_net.0_neuron_4",
    "q_net.0_neuron_16",
    "q_net.2_neuron_48",
    "q_net.2_neuron_41",
    "q_net.0_neuron_3",
    "q_net.2_neuron_63",
    "q_net.0_neuron_42",
    "q_net.0_neuron_55",
    "q_net.2_neuron_16",
    "q_net.0_neuron_8",
    "q_net.0_neuron_6",
    "q_net.0_neuron_47",
    "q_net.2_neuron_23",
    "q_net.0_neuron_27",
    "q_net.2_neuron_50",
    "q_net.2_neuron_58"
  ],
  "patch_config": {
    "q_net.0": [
      33,
      7,
      45,
      20,
      14,
      40,
      9,
      35,
      18,
      57,
      15,
      4,
      16,
      3,
      42,
      55,
      8,
      6,
      47,
      27
    ],
    "q_net.2": [
      59,
      62,
      48,
      41,
      63,
      16,
      23,
      50,
      58
    ]
  },
  "noising": {
    "metrics": {
      "mean": 0.016321426257491112,
      "std": 0.008408798662619777,
      "count": 32,
      "values": [
        0.01252824068069458,
        0.005332887172698975,
        0.021433472633361816,
        0.021828889846801758,
        0.018467962741851807,
        0.007058441638946533,
        0.024736106395721436,
        0.030011683702468872,
        0.015056520700454712,
        0.01814255118370056,
        0.0027718544006347656,
        0.024916142225265503,
        0.01736968755722046,
        0.015424966812133789,
        0.024006396532058716,
        0.026457250118255615,
        0.021894723176956177,
        0.03601771593093872,
        0.02333870530128479,
        0.010163098573684692,
        0.02031847834587097,
        0.027620911598205566,
        0.013021349906921387,
        0.007585197687149048,
        0.007665038108825684,
        0.004205524921417236,
        0.00851544737815857,
        0.017364501953125,
        0.01321554183959961,
        0.015027135610580444,
        0.008960872888565063,
        0.0018283426761627197
      ]
    },
    "num_results": 32
  },
  "denoising": {
    "metrics": {
      "mean": 0.0166791258379817,
      "std": 0.007343074667983116,
      "count": 32,
      "values": [
        0.012318342924118042,
        0.005332887172698975,
        0.02170586585998535,
        0.021522969007492065,
        0.018720686435699463,
        0.007058441638946533,
        0.024736106395721436,
        0.030050933361053467,
        0.015198320150375366,
        0.018142521381378174,
        0.014226317405700684,
        0.025327712297439575,
        0.017369747161865234,
        0.015446662902832031,
        0.024095356464385986,
        0.02692699432373047,
        0.021851271390914917,
        0.02920091152191162,
        0.023123979568481445,
        0.008687347173690796,
        0.020314842462539673,
        0.027620911598205566,
        0.013026714324951172,
        0.007684916257858276,
        0.012452542781829834,
        0.005089074373245239,
        0.007988303899765015,
        0.01735788583755493,
        0.007128208875656128,
        0.015008360147476196,
        0.009185373783111572,
        0.009831517934799194
      ]
    },
    "num_results": 32
  },
  "target_metric_score": 0.0166791258379817,
  "timestamp": "2025-06-04T19:30:20.850152"
}