{
  "experiment_name": "candidate_q_net_0_neuron_35",
  "coalition_neurons": [
    "q_net.0_neuron_33",
    "q_net.0_neuron_7",
    "q_net.0_neuron_35"
  ],
  "patch_config": {
    "q_net.0": [
      33,
      7,
      35
    ]
  },
  "noising": {
    "metrics": {
      "mean": 0.007162179797887802,
      "std": 0.004383465975640094,
      "count": 32,
      "values": [
        0.005793333053588867,
        0.009199321269989014,
        0.008222609758377075,
        0.0076965391635894775,
        0.01134386658668518,
        0.0010173916816711426,
        0.014487981796264648,
        0.003865838050842285,
        0.0005989372730255127,
        0.013458877801895142,
        0.00389862060546875,
        0.007865577936172485,
        0.005074501037597656,
        0.008933663368225098,
        0.010982096195220947,
        0.014848858118057251,
        0.006707340478897095,
        0.006889760494232178,
        0.010137706995010376,
        0.009075075387954712,
        0.012881726026535034,
        0.011205017566680908,
        0.0025421977043151855,
        0.009667694568634033,
        9.590387344360352e-05,
        0.0007182955741882324,
        0.0007822811603546143,
        0.012427181005477905,
        0.0017312467098236084,
        0.009472817182540894,
        0.002110004425048828,
        0.005457490682601929
      ]
    },
    "num_results": 32
  },
  "denoising": {
    "metrics": {
      "mean": 0.007949180901050568,
      "std": 0.004420285480489165,
      "count": 32,
      "values": [
        0.00564238429069519,
        0.009199321269989014,
        0.008609265089035034,
        0.00764155387878418,
        0.012027442455291748,
        0.0012673139572143555,
        0.014488041400909424,
        0.009112447500228882,
        0.0009070038795471191,
        0.013458818197250366,
        0.01037934422492981,
        0.00793120265007019,
        0.004878222942352295,
        0.009406119585037231,
        0.010521948337554932,
        0.015064924955368042,
        0.006701856851577759,
        0.012184083461761475,
        0.010194212198257446,
        0.00728955864906311,
        0.012881666421890259,
        0.011205017566680908,
        0.002542257308959961,
        0.010644733905792236,
        1.9103288650512695e-05,
        0.0007758736610412598,
        0.0002912282943725586,
        0.012427181005477905,
        0.003623276948928833,
        0.00934600830078125,
        0.0020974278450012207,
        0.011614948511123657
      ]
    },
    "num_results": 32
  },
  "target_metric_score": 0.007949180901050568,
  "timestamp": "2025-06-04T19:29:37.751034"
}