{
  "experiment_name": "candidate_q_net_0_neuron_24",
  "coalition_neurons": [
    "q_net.0_neuron_33",
    "q_net.0_neuron_7",
    "q_net.0_neuron_45",
    "q_net.0_neuron_20",
    "q_net.2_neuron_59",
    "q_net.2_neuron_62",
    "q_net.0_neuron_14",
    "q_net.0_neuron_40",
    "q_net.0_neuron_9",
    "q_net.0_neuron_35",
    "q_net.0_neuron_18",
    "q_net.0_neuron_57",
    "q_net.0_neuron_15",
    "q_net.0_neuron_4",
    "q_net.0_neuron_16",
    "q_net.2_neuron_48",
    "q_net.2_neuron_41",
    "q_net.0_neuron_24"
  ],
  "patch_config": {
    "q_net.0": [
      33,
      7,
      45,
      20,
      14,
      40,
      9,
      35,
      18,
      57,
      15,
      4,
      16,
      24
    ],
    "q_net.2": [
      59,
      62,
      48,
      41
    ]
  },
  "noising": {
    "metrics": {
      "mean": 0.01800160203129053,
      "std": 0.008836214014792263,
      "count": 32,
      "values": [
        0.014222502708435059,
        0.013273864984512329,
        0.025085389614105225,
        0.023618042469024658,
        0.02320358157157898,
        0.0062424540519714355,
        0.027257680892944336,
        0.03545987606048584,
        0.017746031284332275,
        0.021064847707748413,
        0.007420927286148071,
        0.029112905263900757,
        0.012999475002288818,
        0.020554959774017334,
        0.023002147674560547,
        0.01581662893295288,
        0.024008095264434814,
        0.038850754499435425,
        0.023269444704055786,
        0.015464872121810913,
        0.022250741720199585,
        0.02814328670501709,
        0.0034101009368896484,
        0.015556395053863525,
        0.014789164066314697,
        0.0026029348373413086,
        0.0073194801807403564,
        0.020898491144180298,
        0.018034011125564575,
        0.005976229906082153,
        0.012936413288116455,
        0.006459534168243408
      ]
    },
    "num_results": 32
  },
  "denoising": {
    "metrics": {
      "mean": 0.018366736359894276,
      "std": 0.008148791230622064,
      "count": 32,
      "values": [
        0.014445990324020386,
        0.013273894786834717,
        0.026389896869659424,
        0.02374914288520813,
        0.023997873067855835,
        0.0065566301345825195,
        0.027343004941940308,
        0.03556340932846069,
        0.01793140172958374,
        0.021064788103103638,
        0.01861262321472168,
        0.02929583191871643,
        0.012999564409255981,
        0.02055111527442932,
        0.022837698459625244,
        0.01637253165245056,
        0.023964673280715942,
        0.03364807367324829,
        0.023559749126434326,
        0.012974947690963745,
        0.02224329113960266,
        0.02814328670501709,
        0.0034151077270507812,
        0.015399128198623657,
        0.014414072036743164,
        0.004875391721725464,
        0.005855172872543335,
        0.0208875834941864,
        0.011717438697814941,
        0.005725771188735962,
        0.013138055801391602,
        0.01678842306137085
      ]
    },
    "num_results": 32
  },
  "target_metric_score": 0.018366736359894276,
  "timestamp": "2025-06-04T19:30:01.875121"
}