{
  "experiment_name": "candidate_q_net_0_neuron_13",
  "coalition_neurons": [
    "q_net.0_neuron_33",
    "q_net.0_neuron_7",
    "q_net.0_neuron_45",
    "q_net.0_neuron_20",
    "q_net.2_neuron_59",
    "q_net.2_neuron_62",
    "q_net.0_neuron_14",
    "q_net.0_neuron_40",
    "q_net.0_neuron_9",
    "q_net.0_neuron_35",
    "q_net.0_neuron_18",
    "q_net.0_neuron_57",
    "q_net.0_neuron_15",
    "q_net.0_neuron_4",
    "q_net.0_neuron_16",
    "q_net.2_neuron_48",
    "q_net.2_neuron_41",
    "q_net.0_neuron_3",
    "q_net.2_neuron_63",
    "q_net.0_neuron_42",
    "q_net.0_neuron_55",
    "q_net.2_neuron_16",
    "q_net.0_neuron_8",
    "q_net.0_neuron_6",
    "q_net.0_neuron_47",
    "q_net.2_neuron_23",
    "q_net.0_neuron_27",
    "q_net.0_neuron_13"
  ],
  "patch_config": {
    "q_net.0": [
      33,
      7,
      45,
      20,
      14,
      40,
      9,
      35,
      18,
      57,
      15,
      4,
      16,
      3,
      42,
      55,
      8,
      6,
      47,
      27,
      13
    ],
    "q_net.2": [
      59,
      62,
      48,
      41,
      63,
      16,
      23
    ]
  },
  "noising": {
    "metrics": {
      "mean": 0.01656247954815626,
      "std": 0.00944455191875421,
      "count": 32,
      "values": [
        0.015146255493164062,
        0.0004239082336425781,
        0.023381918668746948,
        0.023091822862625122,
        0.021632105112075806,
        0.007056176662445068,
        0.027101188898086548,
        0.031147420406341553,
        0.015275567770004272,
        0.01622694730758667,
        0.002551823854446411,
        0.026436269283294678,
        0.01616382598876953,
        0.011550039052963257,
        0.02544379234313965,
        0.02739894390106201,
        0.02571353316307068,
        0.037390291690826416,
        0.024852782487869263,
        0.003804713487625122,
        0.017410844564437866,
        0.02877676486968994,
        0.015181303024291992,
        0.0020246505737304688,
        0.012280762195587158,
        0.0043801069259643555,
        0.01138719916343689,
        0.01396787166595459,
        0.01443326473236084,
        0.014529109001159668,
        0.011316418647766113,
        0.002521723508834839
      ]
    },
    "num_results": 32
  },
  "denoising": {
    "metrics": {
      "mean": 0.01678045652806759,
      "std": 0.008883983853281848,
      "count": 32,
      "values": [
        0.014980167150497437,
        0.00042384862899780273,
        0.02468651533126831,
        0.022934049367904663,
        0.02209189534187317,
        0.007330209016799927,
        0.027101218700408936,
        0.032150447368621826,
        0.01539185643196106,
        0.016226917505264282,
        0.011119306087493896,
        0.02693745493888855,
        0.016163885593414307,
        0.01102474331855774,
        0.02571970224380493,
        0.02781328558921814,
        0.025670111179351807,
        0.03125268220901489,
        0.024570971727371216,
        0.002478271722793579,
        0.01741078495979309,
        0.02877679467201233,
        0.015183806419372559,
        0.0015680789947509766,
        0.016680240631103516,
        0.004669010639190674,
        0.010267764329910278,
        0.013965904712677002,
        0.010273367166519165,
        0.014705657958984375,
        0.011479705572128296,
        0.005925953388214111
      ]
    },
    "num_results": 32
  },
  "target_metric_score": 0.01678045652806759,
  "timestamp": "2025-06-04T19:30:17.626641"
}