{
  "experiment_name": "candidate_q_net_0_neuron_60",
  "coalition_neurons": [
    "q_net.0_neuron_33",
    "q_net.0_neuron_7",
    "q_net.0_neuron_45",
    "q_net.0_neuron_20",
    "q_net.2_neuron_59",
    "q_net.2_neuron_62",
    "q_net.0_neuron_14",
    "q_net.0_neuron_40",
    "q_net.0_neuron_9",
    "q_net.0_neuron_35",
    "q_net.0_neuron_18",
    "q_net.0_neuron_57",
    "q_net.0_neuron_15",
    "q_net.0_neuron_4",
    "q_net.0_neuron_60"
  ],
  "patch_config": {
    "q_net.0": [
      33,
      7,
      45,
      20,
      14,
      40,
      9,
      35,
      18,
      57,
      15,
      4,
      60
    ],
    "q_net.2": [
      59,
      62
    ]
  },
  "noising": {
    "metrics": {
      "mean": 0.016665843315422535,
      "std": 0.00810394272943629,
      "count": 32,
      "values": [
        0.013866692781448364,
        0.010882437229156494,
        0.023852497339248657,
        0.02288222312927246,
        0.02142956852912903,
        0.00850212574005127,
        0.025407522916793823,
        0.03195708990097046,
        0.01435193419456482,
        0.01955518126487732,
        0.00898122787475586,
        0.02724626660346985,
        0.012770116329193115,
        0.018244504928588867,
        0.02218461036682129,
        0.01384824514389038,
        0.022560983896255493,
        0.03574457764625549,
        0.02236124873161316,
        0.011942446231842041,
        0.02115851640701294,
        0.024370253086090088,
        0.0006024837493896484,
        0.013652890920639038,
        0.014064311981201172,
        0.0018350481986999512,
        0.007283926010131836,
        0.01950797438621521,
        0.014945268630981445,
        0.005322396755218506,
        0.013314962387084961,
        0.008677452802658081
      ]
    },
    "num_results": 32
  },
  "denoising": {
    "metrics": {
      "mean": 0.01692330837249756,
      "std": 0.007520325529583391,
      "count": 32,
      "values": [
        0.013634294271469116,
        0.010882467031478882,
        0.02524629235267639,
        0.02288922667503357,
        0.02207079529762268,
        0.008900642395019531,
        0.02540755271911621,
        0.0309906005859375,
        0.014408588409423828,
        0.01955515146255493,
        0.017091959714889526,
        0.027046412229537964,
        0.01277017593383789,
        0.018418043851852417,
        0.02172452211380005,
        0.014451086521148682,
        0.022509396076202393,
        0.031194746494293213,
        0.022400975227355957,
        0.008101969957351685,
        0.02115538716316223,
        0.024370253086090088,
        0.0006025433540344238,
        0.01417309045791626,
        0.014504969120025635,
        0.006163209676742554,
        0.00692412257194519,
        0.019504159688949585,
        0.008916527032852173,
        0.005175948143005371,
        0.013447225093841553,
        0.016913533210754395
      ]
    },
    "num_results": 32
  },
  "target_metric_score": 0.01692330837249756,
  "timestamp": "2025-06-04T19:29:55.909706"
}