{
  "experiment_name": "candidate_q_net_2_neuron_50",
  "coalition_neurons": [
    "q_net.0_neuron_33",
    "q_net.0_neuron_7",
    "q_net.0_neuron_45",
    "q_net.0_neuron_20",
    "q_net.2_neuron_59",
    "q_net.2_neuron_62",
    "q_net.0_neuron_14",
    "q_net.2_neuron_50"
  ],
  "patch_config": {
    "q_net.0": [
      33,
      7,
      45,
      20,
      14
    ],
    "q_net.2": [
      59,
      62,
      50
    ]
  },
  "noising": {
    "metrics": {
      "mean": 0.013450036756694317,
      "std": 0.006784096360119089,
      "count": 32,
      "values": [
        0.01100572943687439,
        0.008155465126037598,
        0.021066904067993164,
        0.01881587505340576,
        0.018429100513458252,
        0.007836490869522095,
        0.020672619342803955,
        0.024324655532836914,
        0.013357609510421753,
        0.016042202711105347,
        0.004239082336425781,
        0.022246956825256348,
        0.01124042272567749,
        0.014294743537902832,
        0.01845422387123108,
        0.01417452096939087,
        0.020354807376861572,
        0.02653682231903076,
        0.017900198698043823,
        0.009792327880859375,
        0.016806870698928833,
        0.022494077682495117,
        0.00023058056831359863,
        0.009556859731674194,
        0.008479833602905273,
        0.0023823976516723633,
        0.005379468202590942,
        0.016648828983306885,
        0.009098470211029053,
        0.006582111120223999,
        0.00968882441520691,
        0.0041120946407318115
      ]
    },
    "num_results": 32
  },
  "denoising": {
    "metrics": {
      "mean": 0.013991758227348328,
      "std": 0.006342004382077261,
      "count": 32,
      "values": [
        0.010903149843215942,
        0.008155465126037598,
        0.0210723876953125,
        0.018708765506744385,
        0.018867015838623047,
        0.007973551750183105,
        0.020672619342803955,
        0.02477341890335083,
        0.012256711721420288,
        0.01604217290878296,
        0.01065114140510559,
        0.021742939949035645,
        0.010938048362731934,
        0.0146922767162323,
        0.01799413561820984,
        0.01477736234664917,
        0.02045425772666931,
        0.026599496603012085,
        0.01874449849128723,
        0.007359623908996582,
        0.016806840896606445,
        0.02249404788017273,
        0.00023061037063598633,
        0.009966552257537842,
        0.011769980192184448,
        0.003786027431488037,
        0.005510151386260986,
        0.016648828983306885,
        0.008740127086639404,
        0.006512582302093506,
        0.009928345680236816,
        0.011963129043579102
      ]
    },
    "num_results": 32
  },
  "target_metric_score": 0.013991758227348328,
  "timestamp": "2025-06-04T19:29:45.518754"
}