{
  "experiment_name": "candidate_q_net_0_neuron_16",
  "coalition_neurons": [
    "q_net.0_neuron_33",
    "q_net.0_neuron_7",
    "q_net.0_neuron_45",
    "q_net.0_neuron_20",
    "q_net.2_neuron_59",
    "q_net.2_neuron_62",
    "q_net.0_neuron_14",
    "q_net.0_neuron_40",
    "q_net.0_neuron_9",
    "q_net.0_neuron_35",
    "q_net.0_neuron_16"
  ],
  "patch_config": {
    "q_net.0": [
      33,
      7,
      45,
      20,
      14,
      40,
      9,
      35,
      16
    ],
    "q_net.2": [
      59,
      62
    ]
  },
  "noising": {
    "metrics": {
      "mean": 0.015161585994064808,
      "std": 0.007645486612116994,
      "count": 32,
      "values": [
        0.013099521398544312,
        0.006689339876174927,
        0.025007575750350952,
        0.022805482149124146,
        0.02175682783126831,
        0.010649055242538452,
        0.026799708604812622,
        0.023142307996749878,
        0.017187803983688354,
        0.01605910062789917,
        0.004529774188995361,
        0.023828089237213135,
        0.008179247379302979,
        0.015875816345214844,
        0.022673487663269043,
        0.018137365579605103,
        0.023283332586288452,
        0.02622014284133911,
        0.0217837393283844,
        0.008750110864639282,
        0.017136991024017334,
        0.027907073497772217,
        0.005918979644775391,
        0.008781969547271729,
        0.010007083415985107,
        0.0020037293434143066,
        0.008105844259262085,
        0.015958786010742188,
        0.008488118648529053,
        0.009723037481307983,
        0.012644141912460327,
        0.0020371675491333008
      ]
    },
    "num_results": 32
  },
  "denoising": {
    "metrics": {
      "mean": 0.016344130970537663,
      "std": 0.0073352845683390495,
      "count": 32,
      "values": [
        0.013317912817001343,
        0.006689339876174927,
        0.025539100170135498,
        0.0230521559715271,
        0.022695094347000122,
        0.011234819889068604,
        0.026945561170578003,
        0.02986830472946167,
        0.016091734170913696,
        0.016059070825576782,
        0.009868115186691284,
        0.02364477515220642,
        0.008126378059387207,
        0.016064733266830444,
        0.02260729670524597,
        0.018494009971618652,
        0.023362278938293457,
        0.029318690299987793,
        0.023299068212509155,
        0.007370203733444214,
        0.01713693141937256,
        0.027907073497772217,
        0.005889892578125,
        0.00933152437210083,
        0.01398015022277832,
        0.006885170936584473,
        0.008052825927734375,
        0.0159587562084198,
        0.010322540998458862,
        0.009673535823822021,
        0.01297694444656372,
        0.011248201131820679
      ]
    },
    "num_results": 32
  },
  "target_metric_score": 0.016344130970537663,
  "timestamp": "2025-06-04T19:29:50.529240"
}