{
  "experiment_name": "candidate_q_net_0_neuron_61",
  "coalition_neurons": [
    "q_net.0_neuron_33",
    "q_net.0_neuron_7",
    "q_net.0_neuron_45",
    "q_net.0_neuron_20",
    "q_net.2_neuron_59",
    "q_net.2_neuron_62",
    "q_net.0_neuron_14",
    "q_net.0_neuron_40",
    "q_net.0_neuron_9",
    "q_net.0_neuron_35",
    "q_net.0_neuron_18",
    "q_net.0_neuron_57",
    "q_net.0_neuron_15",
    "q_net.0_neuron_4",
    "q_net.0_neuron_16",
    "q_net.2_neuron_48",
    "q_net.2_neuron_41",
    "q_net.0_neuron_3",
    "q_net.2_neuron_63",
    "q_net.0_neuron_42",
    "q_net.0_neuron_55",
    "q_net.2_neuron_16",
    "q_net.0_neuron_8",
    "q_net.0_neuron_61"
  ],
  "patch_config": {
    "q_net.0": [
      33,
      7,
      45,
      20,
      14,
      40,
      9,
      35,
      18,
      57,
      15,
      4,
      16,
      3,
      42,
      55,
      8,
      61
    ],
    "q_net.2": [
      59,
      62,
      48,
      41,
      63,
      16
    ]
  },
  "noising": {
    "metrics": {
      "mean": 0.018506956286728382,
      "std": 0.00857930231664791,
      "count": 32,
      "values": [
        0.017605125904083252,
        0.010761141777038574,
        0.025469213724136353,
        0.024715423583984375,
        0.02411717176437378,
        0.005044162273406982,
        0.02793535590171814,
        0.03410065174102783,
        0.016704291105270386,
        0.020574718713760376,
        0.00739625096321106,
        0.02627718448638916,
        0.011655092239379883,
        0.018909692764282227,
        0.02495625615119934,
        0.027402758598327637,
        0.02562776207923889,
        0.037149637937545776,
        0.02402171492576599,
        0.015041768550872803,
        0.021858274936676025,
        0.02913069725036621,
        0.006343364715576172,
        0.011974573135375977,
        0.014148294925689697,
        0.005260467529296875,
        0.01036033034324646,
        0.021176666021347046,
        0.018389225006103516,
        0.009334772825241089,
        0.013251394033432007,
        0.005529165267944336
      ]
    },
    "num_results": 32
  },
  "denoising": {
    "metrics": {
      "mean": 0.01907261088490486,
      "std": 0.00764287835738903,
      "count": 32,
      "values": [
        0.017395228147506714,
        0.010761141777038574,
        0.02693203091621399,
        0.024782657623291016,
        0.024882793426513672,
        0.005442678928375244,
        0.027935385704040527,
        0.03432300686836243,
        0.016889721155166626,
        0.02057468891143799,
        0.01805916428565979,
        0.02672940492630005,
        0.011655151844024658,
        0.01899796724319458,
        0.02475583553314209,
        0.027039527893066406,
        0.02558434009552002,
        0.03192496299743652,
        0.02390950918197632,
        0.011610448360443115,
        0.021851271390914917,
        0.02913069725036621,
        0.0063495934009552,
        0.01223832368850708,
        0.01746383309364319,
        0.009980499744415283,
        0.0091000497341156,
        0.021167397499084473,
        0.014022082090377808,
        0.009241640567779541,
        0.013596177101135254,
        0.015996336936950684
      ]
    },
    "num_results": 32
  },
  "target_metric_score": 0.01907261088490486,
  "timestamp": "2025-06-04T19:30:11.740608"
}