{
  "experiment_name": "candidate_q_net_2_neuron_52",
  "coalition_neurons": [
    "q_net.0_neuron_33",
    "q_net.0_neuron_7",
    "q_net.0_neuron_45",
    "q_net.0_neuron_20",
    "q_net.2_neuron_59",
    "q_net.2_neuron_62",
    "q_net.0_neuron_14",
    "q_net.0_neuron_40",
    "q_net.0_neuron_9",
    "q_net.0_neuron_35",
    "q_net.0_neuron_18",
    "q_net.0_neuron_57",
    "q_net.0_neuron_15",
    "q_net.0_neuron_4",
    "q_net.0_neuron_16",
    "q_net.2_neuron_48",
    "q_net.2_neuron_41",
    "q_net.0_neuron_3",
    "q_net.2_neuron_63",
    "q_net.0_neuron_42",
    "q_net.0_neuron_55",
    "q_net.2_neuron_16",
    "q_net.0_neuron_8",
    "q_net.0_neuron_6",
    "q_net.0_neuron_47",
    "q_net.2_neuron_52"
  ],
  "patch_config": {
    "q_net.0": [
      33,
      7,
      45,
      20,
      14,
      40,
      9,
      35,
      18,
      57,
      15,
      4,
      16,
      3,
      42,
      55,
      8,
      6,
      47
    ],
    "q_net.2": [
      59,
      62,
      48,
      41,
      63,
      16,
      52
    ]
  },
  "noising": {
    "metrics": {
      "mean": 0.018155370838940144,
      "std": 0.008413311098643992,
      "count": 32,
      "values": [
        0.016359716653823853,
        0.010591685771942139,
        0.025027185678482056,
        0.023943215608596802,
        0.023701518774032593,
        0.008038163185119629,
        0.02757275104522705,
        0.03146982192993164,
        0.015394926071166992,
        0.019527822732925415,
        0.004593968391418457,
        0.025503814220428467,
        0.018513023853302002,
        0.018473148345947266,
        0.024394869804382324,
        0.0269048810005188,
        0.024731457233428955,
        0.03845682740211487,
        0.024735242128372192,
        0.014793157577514648,
        0.02151244878768921,
        0.02630901336669922,
        0.006613731384277344,
        0.01257181167602539,
        0.01348412036895752,
        0.0022522807121276855,
        0.010217219591140747,
        0.020063400268554688,
        0.016775012016296387,
        0.011047452688217163,
        0.012996405363082886,
        0.00440177321434021
      ]
    },
    "num_results": 32
  },
  "denoising": {
    "metrics": {
      "mean": 0.018978715874254704,
      "std": 0.007006857685005376,
      "count": 32,
      "values": [
        0.016163766384124756,
        0.010591685771942139,
        0.02640700340270996,
        0.023937761783599854,
        0.024412721395492554,
        0.00801461935043335,
        0.027572810649871826,
        0.03143426775932312,
        0.015451431274414062,
        0.019527822732925415,
        0.01806056499481201,
        0.025926917791366577,
        0.018513143062591553,
        0.0184481143951416,
        0.02457869052886963,
        0.027374625205993652,
        0.024688035249710083,
        0.032868921756744385,
        0.024487286806106567,
        0.012704253196716309,
        0.021509915590286255,
        0.02630898356437683,
        0.006613790988922119,
        0.01314479112625122,
        0.016884803771972656,
        0.00969839096069336,
        0.009532332420349121,
        0.020058810710906982,
        0.01256510615348816,
        0.011218428611755371,
        0.013334274291992188,
        0.015284836292266846
      ]
    },
    "num_results": 32
  },
  "target_metric_score": 0.018978715874254704,
  "timestamp": "2025-06-04T19:30:15.429275"
}