{
  "experiment_name": "candidate_q_net_2_neuron_10",
  "coalition_neurons": [
    "q_net.0_neuron_33",
    "q_net.0_neuron_7",
    "q_net.0_neuron_45",
    "q_net.0_neuron_20",
    "q_net.2_neuron_59",
    "q_net.2_neuron_62",
    "q_net.0_neuron_14",
    "q_net.0_neuron_40",
    "q_net.0_neuron_9",
    "q_net.0_neuron_35",
    "q_net.0_neuron_18",
    "q_net.0_neuron_57",
    "q_net.0_neuron_15",
    "q_net.0_neuron_4",
    "q_net.0_neuron_16",
    "q_net.2_neuron_48",
    "q_net.2_neuron_41",
    "q_net.0_neuron_3",
    "q_net.2_neuron_63",
    "q_net.2_neuron_10"
  ],
  "patch_config": {
    "q_net.0": [
      33,
      7,
      45,
      20,
      14,
      40,
      9,
      35,
      18,
      57,
      15,
      4,
      16,
      3
    ],
    "q_net.2": [
      59,
      62,
      48,
      41,
      63,
      10
    ]
  },
  "noising": {
    "metrics": {
      "mean": 0.018124504946172237,
      "std": 0.008288490366658225,
      "count": 32,
      "values": [
        0.015551179647445679,
        0.012395769357681274,
        0.025111019611358643,
        0.024115175008773804,
        0.024276912212371826,
        0.006002902984619141,
        0.027817070484161377,
        0.03370693325996399,
        0.016689270734786987,
        0.020487427711486816,
        0.008851885795593262,
        0.025874316692352295,
        0.01225048303604126,
        0.019073307514190674,
        0.024435698986053467,
        0.01998087763786316,
        0.02435755729675293,
        0.038871318101882935,
        0.023993998765945435,
        0.01504024863243103,
        0.021128416061401367,
        0.0279843807220459,
        0.005735278129577637,
        0.013939708471298218,
        0.014581412076950073,
        0.004630863666534424,
        0.007565706968307495,
        0.019715070724487305,
        0.016210943460464478,
        0.009371429681777954,
        0.012640655040740967,
        0.0075969398021698
      ]
    },
    "num_results": 32
  },
  "denoising": {
    "metrics": {
      "mean": 0.018613253720104694,
      "std": 0.007430269537690549,
      "count": 32,
      "values": [
        0.015332967042922974,
        0.012395769357681274,
        0.02660304307937622,
        0.02422356605529785,
        0.025272637605667114,
        0.0064660608768463135,
        0.02783280611038208,
        0.033618539571762085,
        0.01687467098236084,
        0.02048736810684204,
        0.018511921167373657,
        0.02610120177268982,
        0.012250542640686035,
        0.018985003232955933,
        0.024239003658294678,
        0.020212173461914062,
        0.024314135313034058,
        0.032880306243896484,
        0.024338454008102417,
        0.012154161930084229,
        0.02112230658531189,
        0.02798435091972351,
        0.005741477012634277,
        0.014191895723342896,
        0.016932129859924316,
        0.008682817220687866,
        0.007183641195297241,
        0.019707322120666504,
        0.01282009482383728,
        0.00935661792755127,
        0.012886971235275269,
        0.015920162200927734
      ]
    },
    "num_results": 32
  },
  "target_metric_score": 0.018613253720104694,
  "timestamp": "2025-06-04T19:30:05.383317"
}