{
  "experiment_name": "candidate_q_net_2_neuron_61",
  "coalition_neurons": [
    "q_net.0_neuron_33",
    "q_net.0_neuron_7",
    "q_net.0_neuron_45",
    "q_net.0_neuron_20",
    "q_net.2_neuron_59",
    "q_net.2_neuron_62",
    "q_net.0_neuron_14",
    "q_net.0_neuron_40",
    "q_net.0_neuron_9",
    "q_net.0_neuron_35",
    "q_net.0_neuron_18",
    "q_net.0_neuron_57",
    "q_net.0_neuron_15",
    "q_net.2_neuron_61"
  ],
  "patch_config": {
    "q_net.0": [
      33,
      7,
      45,
      20,
      14,
      40,
      9,
      35,
      18,
      57,
      15
    ],
    "q_net.2": [
      59,
      62,
      61
    ]
  },
  "noising": {
    "metrics": {
      "mean": 0.016364949755370617,
      "std": 0.007353312207909399,
      "count": 32,
      "values": [
        0.013591974973678589,
        0.010005265474319458,
        0.024767011404037476,
        0.02356603741645813,
        0.022781342267990112,
        0.009623229503631592,
        0.027499258518218994,
        0.02439051866531372,
        0.017609745264053345,
        0.018198341131210327,
        0.00791969895362854,
        0.024928122758865356,
        0.012309074401855469,
        0.016968965530395508,
        0.02402365207672119,
        0.01666119694709778,
        0.023799806833267212,
        0.027052223682403564,
        0.023522764444351196,
        0.011478006839752197,
        0.020439743995666504,
        0.027808338403701782,
        0.0034421980381011963,
        0.012355625629425049,
        0.011626094579696655,
        0.003319263458251953,
        0.008448511362075806,
        0.018297046422958374,
        0.009060442447662354,
        0.006825834512710571,
        0.013532876968383789,
        0.007826179265975952
      ]
    },
    "num_results": 32
  },
  "denoising": {
    "metrics": {
      "mean": 0.017385215498507023,
      "std": 0.007354523668910744,
      "count": 32,
      "values": [
        0.013886362314224243,
        0.010005295276641846,
        0.02535983920097351,
        0.02374446392059326,
        0.023698419332504272,
        0.010051846504211426,
        0.02763587236404419,
        0.029774993658065796,
        0.016508877277374268,
        0.018198370933532715,
        0.015844881534576416,
        0.024744302034378052,
        0.012309134006500244,
        0.017040729522705078,
        0.024104148149490356,
        0.01726403832435608,
        0.0238686203956604,
        0.030489802360534668,
        0.024975508451461792,
        0.007949024438858032,
        0.020435214042663574,
        0.02780836820602417,
        0.0034484267234802246,
        0.012682050466537476,
        0.013787627220153809,
        0.007153630256652832,
        0.008420348167419434,
        0.018291354179382324,
        0.009928613901138306,
        0.006588578224182129,
        0.013875901699066162,
        0.016452252864837646
      ]
    },
    "num_results": 32
  },
  "target_metric_score": 0.017385215498507023,
  "timestamp": "2025-06-04T19:29:54.869837"
}