{
  "experiment_name": "candidate_q_net_2_neuron_32",
  "coalition_neurons": [
    "q_net.0_neuron_33",
    "q_net.0_neuron_7",
    "q_net.0_neuron_45",
    "q_net.0_neuron_20",
    "q_net.2_neuron_59",
    "q_net.2_neuron_62",
    "q_net.0_neuron_14",
    "q_net.0_neuron_40",
    "q_net.2_neuron_32"
  ],
  "patch_config": {
    "q_net.0": [
      33,
      7,
      45,
      20,
      14,
      40
    ],
    "q_net.2": [
      59,
      62,
      32
    ]
  },
  "noising": {
    "metrics": {
      "mean": 0.013865336775779724,
      "std": 0.007673737931827526,
      "count": 32,
      "values": [
        0.012180298566818237,
        0.004213273525238037,
        0.025265663862228394,
        0.02125808596611023,
        0.02129116654396057,
        0.009331166744232178,
        0.022779762744903564,
        0.025947540998458862,
        0.013982027769088745,
        0.01576569676399231,
        0.0024793148040771484,
        0.024229615926742554,
        0.008901476860046387,
        0.014175623655319214,
        0.019944190979003906,
        0.017257630825042725,
        0.022717028856277466,
        0.025852560997009277,
        0.01990547776222229,
        0.006596744060516357,
        0.015156924724578857,
        0.022069543600082397,
        0.0030042529106140137,
        0.005085945129394531,
        0.01121753454208374,
        0.0028831958770751953,
        0.0063700079917907715,
        0.015474915504455566,
        0.007847756147384644,
        0.007745534181594849,
        0.010920703411102295,
        0.0018401145935058594
      ]
    },
    "num_results": 32
  },
  "denoising": {
    "metrics": {
      "mean": 0.014599473215639591,
      "std": 0.007325182634629007,
      "count": 32,
      "values": [
        0.012125939130783081,
        0.004213273525238037,
        0.02534317970275879,
        0.02115669846534729,
        0.02197664976119995,
        0.009327709674835205,
        0.022779762744903564,
        0.028180807828903198,
        0.012881159782409668,
        0.015765666961669922,
        0.00858643651008606,
        0.023725569248199463,
        0.008622169494628906,
        0.014549970626831055,
        0.019453048706054688,
        0.01745125651359558,
        0.022750556468963623,
        0.027676403522491455,
        0.020506292581558228,
        0.004287749528884888,
        0.015156865119934082,
        0.02206951379776001,
        0.0030042827129364014,
        0.0056528449058532715,
        0.014965474605560303,
        0.004967629909515381,
        0.00625273585319519,
        0.015474915504455566,
        0.009931951761245728,
        0.0077051520347595215,
        0.011141031980514526,
        0.009500443935394287
      ]
    },
    "num_results": 32
  },
  "target_metric_score": 0.014599473215639591,
  "timestamp": "2025-06-04T19:29:46.906931"
}