{
  "experiment_name": "candidate_q_net_2_neuron_35",
  "coalition_neurons": [
    "q_net.0_neuron_33",
    "q_net.0_neuron_7",
    "q_net.0_neuron_45",
    "q_net.0_neuron_20",
    "q_net.2_neuron_59",
    "q_net.2_neuron_62",
    "q_net.0_neuron_14",
    "q_net.0_neuron_40",
    "q_net.0_neuron_9",
    "q_net.0_neuron_35",
    "q_net.0_neuron_18",
    "q_net.0_neuron_57",
    "q_net.0_neuron_15",
    "q_net.0_neuron_4",
    "q_net.0_neuron_16",
    "q_net.2_neuron_48",
    "q_net.2_neuron_41",
    "q_net.0_neuron_3",
    "q_net.2_neuron_63",
    "q_net.0_neuron_42",
    "q_net.0_neuron_55",
    "q_net.2_neuron_16",
    "q_net.0_neuron_8",
    "q_net.0_neuron_6",
    "q_net.0_neuron_47",
    "q_net.2_neuron_23",
    "q_net.2_neuron_35"
  ],
  "patch_config": {
    "q_net.0": [
      33,
      7,
      45,
      20,
      14,
      40,
      9,
      35,
      18,
      57,
      15,
      4,
      16,
      3,
      42,
      55,
      8,
      6,
      47
    ],
    "q_net.2": [
      59,
      62,
      48,
      41,
      63,
      16,
      23,
      35
    ]
  },
  "noising": {
    "metrics": {
      "mean": 0.01821749657392502,
      "std": 0.00832072601892374,
      "count": 32,
      "values": [
        0.016766399145126343,
        0.00811314582824707,
        0.025231480598449707,
        0.024330228567123413,
        0.02394697070121765,
        0.008449196815490723,
        0.028152436017990112,
        0.03128254413604736,
        0.013640522956848145,
        0.019070088863372803,
        0.005885601043701172,
        0.02481931447982788,
        0.01838904619216919,
        0.018346041440963745,
        0.02499842643737793,
        0.027111709117889404,
        0.02503928542137146,
        0.03893366456031799,
        0.025041937828063965,
        0.013736069202423096,
        0.02131551504135132,
        0.026701509952545166,
        0.006870448589324951,
        0.010076314210891724,
        0.013584554195404053,
        0.006525754928588867,
        0.010400980710983276,
        0.020148098468780518,
        0.016098856925964355,
        0.011324256658554077,
        0.013324201107025146,
        0.005305290222167969
      ]
    },
    "num_results": 32
  },
  "denoising": {
    "metrics": {
      "mean": 0.01851564832031727,
      "std": 0.007324726064756165,
      "count": 32,
      "values": [
        0.016570478677749634,
        0.008113175630569458,
        0.026611328125,
        0.024324744939804077,
        0.024658173322677612,
        0.008425652980804443,
        0.0281524658203125,
        0.030577093362808228,
        0.013640522956848145,
        0.019070059061050415,
        0.015982836484909058,
        0.025242388248443604,
        0.018389105796813965,
        0.01832100749015808,
        0.025182247161865234,
        0.027581453323364258,
        0.024995863437652588,
        0.031653910875320435,
        0.024794012308120728,
        0.011647164821624756,
        0.021312981843948364,
        0.026701509952545166,
        0.006870448589324951,
        0.010649293661117554,
        0.014949679374694824,
        0.007977873086929321,
        0.009716123342514038,
        0.020143479108810425,
        0.011177867650985718,
        0.011495232582092285,
        0.01366204023361206,
        0.013910531997680664
      ]
    },
    "num_results": 32
  },
  "target_metric_score": 0.01851564832031727,
  "timestamp": "2025-06-04T19:30:16.883922"
}