{
  "experiment_name": "candidate_q_net_2_neuron_25",
  "coalition_neurons": [
    "q_net.0_neuron_33",
    "q_net.0_neuron_7",
    "q_net.0_neuron_45",
    "q_net.0_neuron_20",
    "q_net.2_neuron_59",
    "q_net.2_neuron_62",
    "q_net.0_neuron_14",
    "q_net.0_neuron_40",
    "q_net.0_neuron_9",
    "q_net.0_neuron_35",
    "q_net.0_neuron_18",
    "q_net.0_neuron_57",
    "q_net.2_neuron_25"
  ],
  "patch_config": {
    "q_net.0": [
      33,
      7,
      45,
      20,
      14,
      40,
      9,
      35,
      18,
      57
    ],
    "q_net.2": [
      59,
      62,
      25
    ]
  },
  "noising": {
    "metrics": {
      "mean": 0.015599330887198448,
      "std": 0.007372949558482936,
      "count": 32,
      "values": [
        0.013453364372253418,
        0.00856250524520874,
        0.02444353699684143,
        0.023481518030166626,
        0.02183312177658081,
        0.00954023003578186,
        0.026984989643096924,
        0.02405303716659546,
        0.014900445938110352,
        0.015769898891448975,
        0.007634013891220093,
        0.024179458618164062,
        0.010256588459014893,
        0.01695835590362549,
        0.02371501922607422,
        0.017024636268615723,
        0.023167699575424194,
        0.026620686054229736,
        0.02346852421760559,
        0.009667664766311646,
        0.018676161766052246,
        0.02686440944671631,
        0.005231767892837524,
        0.01121675968170166,
        0.011061340570449829,
        0.0030991435050964355,
        0.007266253232955933,
        0.016294658184051514,
        0.008877694606781006,
        0.007941454648971558,
        0.013008743524551392,
        0.003924906253814697
      ]
    },
    "num_results": 32
  },
  "denoising": {
    "metrics": {
      "mean": 0.016456643119454384,
      "std": 0.007220726181649623,
      "count": 32,
      "values": [
        0.013747721910476685,
        0.00856250524520874,
        0.025036364793777466,
        0.023173213005065918,
        0.02183312177658081,
        0.010000646114349365,
        0.0269850492477417,
        0.0284576416015625,
        0.013799548149108887,
        0.015769898891448975,
        0.015535026788711548,
        0.02367544174194336,
        0.009905695915222168,
        0.017023563385009766,
        0.023795485496520996,
        0.017627477645874023,
        0.02323654294013977,
        0.029394447803497314,
        0.024457216262817383,
        0.0061386823654174805,
        0.01867613196372986,
        0.02686440944671631,
        0.005237966775894165,
        0.011543184518814087,
        0.012064933776855469,
        0.006889611482620239,
        0.007225006818771362,
        0.0162946879863739,
        0.0087394118309021,
        0.007704198360443115,
        0.013351798057556152,
        0.013865947723388672
      ]
    },
    "num_results": 32
  },
  "target_metric_score": 0.016456643119454384,
  "timestamp": "2025-06-04T19:29:53.382684"
}