{
  "experiment_name": "candidate_q_net_0_neuron_34",
  "coalition_neurons": [
    "q_net.0_neuron_33",
    "q_net.0_neuron_7",
    "q_net.0_neuron_45",
    "q_net.0_neuron_20",
    "q_net.2_neuron_59",
    "q_net.2_neuron_62",
    "q_net.0_neuron_14",
    "q_net.0_neuron_40",
    "q_net.0_neuron_9",
    "q_net.0_neuron_35",
    "q_net.0_neuron_18",
    "q_net.0_neuron_57",
    "q_net.0_neuron_15",
    "q_net.0_neuron_4",
    "q_net.0_neuron_34"
  ],
  "patch_config": {
    "q_net.0": [
      33,
      7,
      45,
      20,
      14,
      40,
      9,
      35,
      18,
      57,
      15,
      4,
      34
    ],
    "q_net.2": [
      59,
      62
    ]
  },
  "noising": {
    "metrics": {
      "mean": 0.017217010259628296,
      "std": 0.008145529534240406,
      "count": 32,
      "values": [
        0.012888342142105103,
        0.009309172630310059,
        0.023875504732131958,
        0.022641777992248535,
        0.02110883593559265,
        0.009600251913070679,
        0.027093559503555298,
        0.03403878211975098,
        0.017175644636154175,
        0.01904657483100891,
        0.007634013891220093,
        0.026599347591400146,
        0.01212233304977417,
        0.017450034618377686,
        0.023607194423675537,
        0.016550660133361816,
        0.02256190776824951,
        0.036939799785614014,
        0.023022472858428955,
        0.011338472366333008,
        0.020919442176818848,
        0.027387499809265137,
        0.004267990589141846,
        0.01178663969039917,
        0.015711218118667603,
        0.004418790340423584,
        0.008049935102462769,
        0.019129037857055664,
        0.017245829105377197,
        0.007366865873336792,
        0.01223134994506836,
        0.00782504677772522
      ]
    },
    "num_results": 32
  },
  "denoising": {
    "metrics": {
      "mean": 0.0172298364341259,
      "std": 0.007369140328634546,
      "count": 32,
      "values": [
        0.01273694634437561,
        0.009309172630310059,
        0.025449275970458984,
        0.022864311933517456,
        0.021854400634765625,
        0.010011941194534302,
        0.027093589305877686,
        0.031097859144210815,
        0.016074717044830322,
        0.01904657483100891,
        0.015535026788711548,
        0.02667716145515442,
        0.012122392654418945,
        0.017521798610687256,
        0.023372769355773926,
        0.017153501510620117,
        0.02251848578453064,
        0.030669808387756348,
        0.023681998252868652,
        0.007809489965438843,
        0.020914942026138306,
        0.02738747000694275,
        0.004273951053619385,
        0.012043893337249756,
        0.013460338115692139,
        0.006403833627700806,
        0.008299678564071655,
        0.019123315811157227,
        0.010850220918655396,
        0.007129013538360596,
        0.012415885925292969,
        0.016451001167297363
      ]
    },
    "num_results": 32
  },
  "target_metric_score": 0.0172298364341259,
  "timestamp": "2025-06-04T19:29:56.980479"
}