{
  "experiment_name": "candidate_q_net_2_neuron_15",
  "coalition_neurons": [
    "q_net.0_neuron_33",
    "q_net.0_neuron_7",
    "q_net.2_neuron_15"
  ],
  "patch_config": {
    "q_net.0": [
      33,
      7
    ],
    "q_net.2": [
      15
    ]
  },
  "noising": {
    "metrics": {
      "mean": 0.006351623684167862,
      "std": 0.0042915021195137895,
      "count": 32,
      "values": [
        0.0029474496841430664,
        0.011104673147201538,
        0.004141777753829956,
        0.0031014978885650635,
        0.008841723203659058,
        0.0020652413368225098,
        0.008818596601486206,
        0.006770670413970947,
        0.002727717161178589,
        0.014854401350021362,
        0.0028143227100372314,
        0.005595743656158447,
        0.007771968841552734,
        0.011793673038482666,
        0.0044168829917907715,
        0.010563075542449951,
        0.004300028085708618,
        0.00831305980682373,
        0.004971235990524292,
        0.01243603229522705,
        0.015010178089141846,
        0.0064935386180877686,
        0.0011004209518432617,
        0.011322736740112305,
        0.0001723170280456543,
        0.0012727975845336914,
        0.00246584415435791,
        0.013586044311523438,
        0.003726661205291748,
        0.005101382732391357,
        1.1861324310302734e-05,
        0.004638403654098511
      ]
    },
    "num_results": 32
  },
  "denoising": {
    "metrics": {
      "mean": 0.0068963635712862015,
      "std": 0.004532606754264542,
      "count": 32,
      "values": [
        0.0028047263622283936,
        0.011104702949523926,
        0.004430413246154785,
        0.0030209124088287354,
        0.009427636861801147,
        0.002125084400177002,
        0.008818566799163818,
        0.006070852279663086,
        0.002727687358856201,
        0.014854371547698975,
        0.012835711240768433,
        0.005529493093490601,
        0.007798314094543457,
        0.012266099452972412,
        0.004313766956329346,
        0.011165916919708252,
        0.0042861104011535645,
        0.009784072637557983,
        0.005088329315185547,
        0.010442525148391724,
        0.015010088682174683,
        0.006493568420410156,
        0.001100391149520874,
        0.012107938528060913,
        0.00032642483711242676,
        0.0032750964164733887,
        0.002648085355758667,
        0.013586044311523438,
        0.0002664625644683838,
        0.005091220140457153,
        2.2649765014648438e-05,
        0.011860370635986328
      ]
    },
    "num_results": 32
  },
  "target_metric_score": 0.0068963635712862015,
  "timestamp": "2025-06-04T19:29:36.935370"
}