{
  "experiment_name": "candidate_q_net_0_neuron_47",
  "coalition_neurons": [
    "q_net.0_neuron_33",
    "q_net.0_neuron_7",
    "q_net.0_neuron_45",
    "q_net.0_neuron_20",
    "q_net.2_neuron_59",
    "q_net.2_neuron_62",
    "q_net.0_neuron_14",
    "q_net.0_neuron_40",
    "q_net.0_neuron_9",
    "q_net.0_neuron_35",
    "q_net.0_neuron_18",
    "q_net.0_neuron_57",
    "q_net.0_neuron_15",
    "q_net.0_neuron_4",
    "q_net.0_neuron_16",
    "q_net.2_neuron_48",
    "q_net.2_neuron_41",
    "q_net.0_neuron_3",
    "q_net.2_neuron_63",
    "q_net.0_neuron_47"
  ],
  "patch_config": {
    "q_net.0": [
      33,
      7,
      45,
      20,
      14,
      40,
      9,
      35,
      18,
      57,
      15,
      4,
      16,
      3,
      47
    ],
    "q_net.2": [
      59,
      62,
      48,
      41,
      63
    ]
  },
  "noising": {
    "metrics": {
      "mean": 0.018003898672759533,
      "std": 0.008372972653626784,
      "count": 32,
      "values": [
        0.015776127576828003,
        0.010874956846237183,
        0.025253891944885254,
        0.024425864219665527,
        0.024648398160934448,
        0.007853329181671143,
        0.028216004371643066,
        0.03342151641845703,
        0.016772300004959106,
        0.0195256769657135,
        0.005980879068374634,
        0.025887906551361084,
        0.011898219585418701,
        0.017783820629119873,
        0.024864912033081055,
        0.020395427942276,
        0.024764031171798706,
        0.038503408432006836,
        0.024206578731536865,
        0.013557881116867065,
        0.02052175998687744,
        0.028027474880218506,
        0.006268113851547241,
        0.012703418731689453,
        0.014947772026062012,
        0.004530668258666992,
        0.008569031953811646,
        0.019230782985687256,
        0.017263144254684448,
        0.01077038049697876,
        0.012717843055725098,
        0.005963236093521118
      ]
    },
    "num_results": 32
  },
  "denoising": {
    "metrics": {
      "mean": 0.01870826445519924,
      "std": 0.007300585167198717,
      "count": 32,
      "values": [
        0.015565842390060425,
        0.010874956846237183,
        0.026658952236175537,
        0.024485737085342407,
        0.025593549013137817,
        0.008140265941619873,
        0.028216004371643066,
        0.03374713659286499,
        0.016778230667114258,
        0.019525647163391113,
        0.01783895492553711,
        0.02613428235054016,
        0.011898279190063477,
        0.01758691668510437,
        0.025058388710021973,
        0.020998269319534302,
        0.024720609188079834,
        0.03292998671531677,
        0.02454492449760437,
        0.011864066123962402,
        0.020520031452178955,
        0.028027474880218506,
        0.006268143653869629,
        0.013247907161712646,
        0.016937971115112305,
        0.009830683469772339,
        0.00870552659034729,
        0.019226372241973877,
        0.013427942991256714,
        0.010924220085144043,
        0.012958526611328125,
        0.015428662300109863
      ]
    },
    "num_results": 32
  },
  "target_metric_score": 0.01870826445519924,
  "timestamp": "2025-06-04T19:30:04.369870"
}