{
  "experiment_name": "candidate_q_net_0_neuron_4",
  "coalition_neurons": [
    "q_net.0_neuron_33",
    "q_net.0_neuron_7",
    "q_net.0_neuron_45",
    "q_net.0_neuron_20",
    "q_net.0_neuron_4"
  ],
  "patch_config": {
    "q_net.0": [
      33,
      7,
      45,
      20,
      4
    ]
  },
  "noising": {
    "metrics": {
      "mean": 0.01236493419855833,
      "std": 0.006454786399020197,
      "count": 32,
      "values": [
        0.009378105401992798,
        0.009344786405563354,
        0.017154008150100708,
        0.015393167734146118,
        0.01539197564125061,
        0.0076448917388916016,
        0.019121110439300537,
        0.026658058166503906,
        0.009443312883377075,
        0.014415532350540161,
        0.0032237768173217773,
        0.021842867136001587,
        0.008670389652252197,
        0.015103131532669067,
        0.015647530555725098,
        0.012452781200408936,
        0.015714198350906372,
        0.027463674545288086,
        0.01606518030166626,
        0.01011708378791809,
        0.015109211206436157,
        0.018079638481140137,
        0.000736236572265625,
        0.00974661111831665,
        0.010554969310760498,
        0.0,
        0.0042341649532318115,
        0.01516258716583252,
        0.011940479278564453,
        0.005326360464096069,
        0.009693622589111328,
        0.004848450422286987
      ]
    },
    "num_results": 32
  },
  "denoising": {
    "metrics": {
      "mean": 0.012416519224643707,
      "std": 0.005823406740541896,
      "count": 32,
      "values": [
        0.009581267833709717,
        0.009344816207885742,
        0.01785069704055786,
        0.015260159969329834,
        0.015795856714248657,
        0.007654756307601929,
        0.019121110439300537,
        0.023561954498291016,
        0.009163737297058105,
        0.014415472745895386,
        0.010610252618789673,
        0.021338820457458496,
        0.00840693712234497,
        0.015571236610412598,
        0.015428751707077026,
        0.013055622577667236,
        0.015708059072494507,
        0.02439984679222107,
        0.01580825448036194,
        0.00800064206123352,
        0.015109211206436157,
        0.018079638481140137,
        0.000736236572265625,
        0.010531783103942871,
        0.010717034339904785,
        0.0,
        0.003600090742111206,
        0.01516258716583252,
        0.007269561290740967,
        0.0052568018436431885,
        0.00973576307296753,
        0.011051654815673828
      ]
    },
    "num_results": 32
  },
  "target_metric_score": 0.012416519224643707,
  "timestamp": "2025-06-04T19:29:40.104577"
}