{
  "experiment_name": "candidate_q_net_2_neuron_50",
  "coalition_neurons": [
    "q_net.0_neuron_33",
    "q_net.0_neuron_7",
    "q_net.0_neuron_45",
    "q_net.0_neuron_20",
    "q_net.2_neuron_59",
    "q_net.2_neuron_62",
    "q_net.0_neuron_14",
    "q_net.0_neuron_40",
    "q_net.0_neuron_9",
    "q_net.0_neuron_35",
    "q_net.0_neuron_18",
    "q_net.0_neuron_57",
    "q_net.2_neuron_50"
  ],
  "patch_config": {
    "q_net.0": [
      33,
      7,
      45,
      20,
      14,
      40,
      9,
      35,
      18,
      57
    ],
    "q_net.2": [
      59,
      62,
      50
    ]
  },
  "noising": {
    "metrics": {
      "mean": 0.015914143063127995,
      "std": 0.007327868838789617,
      "count": 32,
      "values": [
        0.012845814228057861,
        0.009874582290649414,
        0.023325175046920776,
        0.023260384798049927,
        0.020770132541656494,
        0.011303454637527466,
        0.027494490146636963,
        0.024985790252685547,
        0.01672220230102539,
        0.016065925359725952,
        0.007634013891220093,
        0.024542540311813354,
        0.010508418083190918,
        0.016562730073928833,
        0.023715287446975708,
        0.015395164489746094,
        0.022341877222061157,
        0.027778834104537964,
        0.023554593324661255,
        0.011242270469665527,
        0.019328981637954712,
        0.028984546661376953,
        0.004857420921325684,
        0.01244458556175232,
        0.010825693607330322,
        0.0031557083129882812,
        0.009257107973098755,
        0.01640459895133972,
        0.010068118572235107,
        0.007768422365188599,
        0.012204885482788086,
        0.004028826951980591
      ]
    },
    "num_results": 32
  },
  "denoising": {
    "metrics": {
      "mean": 0.016878546215593815,
      "std": 0.007100186548795145,
      "count": 32,
      "values": [
        0.013140201568603516,
        0.009874612092971802,
        0.02391800284385681,
        0.023438841104507446,
        0.021687209606170654,
        0.01176387071609497,
        0.027631103992462158,
        0.029382288455963135,
        0.015621334314346313,
        0.016065895557403564,
        0.015535026788711548,
        0.024358689785003662,
        0.010157585144042969,
        0.01662793755531311,
        0.023795753717422485,
        0.015998005867004395,
        0.022410720586776733,
        0.029557228088378906,
        0.02500733733177185,
        0.007713288068771362,
        0.019328922033309937,
        0.02898457646369934,
        0.004863619804382324,
        0.012771040201187134,
        0.014133095741271973,
        0.00731620192527771,
        0.009215861558914185,
        0.01640459895133972,
        0.00956001877784729,
        0.007531166076660156,
        0.012547940015792847,
        0.013771504163742065
      ]
    },
    "num_results": 32
  },
  "target_metric_score": 0.016878546215593815,
  "timestamp": "2025-06-04T19:29:53.350833"
}