{
  "experiment_name": "candidate_q_net_0_neuron_56",
  "coalition_neurons": [
    "q_net.0_neuron_33",
    "q_net.0_neuron_7",
    "q_net.0_neuron_45",
    "q_net.0_neuron_20",
    "q_net.2_neuron_59",
    "q_net.2_neuron_62",
    "q_net.0_neuron_14",
    "q_net.0_neuron_40",
    "q_net.0_neuron_9",
    "q_net.0_neuron_35",
    "q_net.0_neuron_18",
    "q_net.0_neuron_57",
    "q_net.0_neuron_15",
    "q_net.0_neuron_4",
    "q_net.0_neuron_16",
    "q_net.2_neuron_48",
    "q_net.2_neuron_41",
    "q_net.0_neuron_3",
    "q_net.2_neuron_63",
    "q_net.0_neuron_42",
    "q_net.0_neuron_55",
    "q_net.2_neuron_16",
    "q_net.0_neuron_8",
    "q_net.0_neuron_6",
    "q_net.0_neuron_47",
    "q_net.0_neuron_56"
  ],
  "patch_config": {
    "q_net.0": [
      33,
      7,
      45,
      20,
      14,
      40,
      9,
      35,
      18,
      57,
      15,
      4,
      16,
      3,
      42,
      55,
      8,
      6,
      47,
      56
    ],
    "q_net.2": [
      59,
      62,
      48,
      41,
      63,
      16
    ]
  },
  "noising": {
    "metrics": {
      "mean": 0.01758971344679594,
      "std": 0.008228019377988892,
      "count": 32,
      "values": [
        0.014693647623062134,
        0.008306235074996948,
        0.024988651275634766,
        0.02374500036239624,
        0.022501766681671143,
        0.00822901725769043,
        0.026929259300231934,
        0.028919249773025513,
        0.014207243919372559,
        0.019255131483078003,
        0.004866838455200195,
        0.024013102054595947,
        0.01881653070449829,
        0.017568528652191162,
        0.024345219135284424,
        0.027981996536254883,
        0.02477368712425232,
        0.037354111671447754,
        0.024761229753494263,
        0.011961907148361206,
        0.022276610136032104,
        0.025199413299560547,
        0.00617101788520813,
        0.011718124151229858,
        0.011961579322814941,
        0.004368722438812256,
        0.009271383285522461,
        0.019693583250045776,
        0.01465374231338501,
        0.011032313108444214,
        0.013350337743759155,
        0.004955649375915527
      ]
    },
    "num_results": 32
  },
  "denoising": {
    "metrics": {
      "mean": 0.018379523418843746,
      "std": 0.007074022852655189,
      "count": 32,
      "values": [
        0.01450490951538086,
        0.00830620527267456,
        0.02642655372619629,
        0.02363002300262451,
        0.022913694381713867,
        0.00828641653060913,
        0.02692931890487671,
        0.029834449291229248,
        0.014352649450302124,
        0.019255131483078003,
        0.016589045524597168,
        0.02451416850090027,
        0.01881656050682068,
        0.017593413591384888,
        0.02442014217376709,
        0.02836468815803528,
        0.024730265140533447,
        0.031961023807525635,
        0.024440020322799683,
        0.010278671979904175,
        0.02227512001991272,
        0.02519938349723816,
        0.006171047687530518,
        0.012271136045455933,
        0.014896422624588013,
        0.010312080383300781,
        0.009228438138961792,
        0.01968875527381897,
        0.011017471551895142,
        0.011208295822143555,
        0.013688206672668457,
        0.016041040420532227
      ]
    },
    "num_results": 32
  },
  "target_metric_score": 0.018379523418843746,
  "timestamp": "2025-06-04T19:30:14.798639"
}