{
  "model.buffer_size": 180333,
  "model.learning_starts": 22250,
  "model.batch_size": 64,
  "model.learning_rate": 1.850672037498379e-05,
  "model.gamma": 0.9841522599165613,
  "model.train_freq": 84,
  "model.target_update_interval": 4968,
  "model.exploration_fraction": 0.6464990816152237,
  "model.exploration_final_eps": 0.09451661472640337
}