{
  "model.buffer_size": 80509,
  "model.learning_starts": 8520,
  "model.batch_size": 85,
  "model.learning_rate": 0.0002452994123794723,
  "model.gamma": 0.8486149747977351,
  "model.train_freq": 26,
  "model.target_update_interval": 2227,
  "model.exploration_fraction": 0.6281106317780669,
  "model.exploration_final_eps": 0.024224442810738153
}