{
  "model.buffer_size": 139535,
  "model.learning_starts": 11656,
  "model.batch_size": 106,
  "model.learning_rate": 0.0002984993865025119,
  "model.gamma": 0.8132780681141598,
  "model.train_freq": 81,
  "model.target_update_interval": 3629,
  "model.exploration_fraction": 0.8003897409124562,
  "model.exploration_final_eps": 0.02249447388397101
}