{
  "experiment_name": "candidate_q_net_2_neuron_61",
  "coalition_neurons": [
    "q_net.0_neuron_35",
    "q_net.0_neuron_29",
    "q_net.0_neuron_1",
    "q_net.0_neuron_49",
    "q_net.2_neuron_3",
    "q_net.2_neuron_61"
  ],
  "patch_config": {
    "q_net.0": [
      35,
      29,
      1,
      49
    ],
    "q_net.2": [
      3,
      61
    ]
  },
  "noising": {
    "metrics": {
      "mean": 0.5609547633073937,
      "std": 0.10738951267801554,
      "count": 6,
      "values": [
        0.53644102544939,
        0.631514885530799,
        0.48969636053179344,
        0.375240635652463,
        0.6363930658689668,
        0.6964426068109498
      ]
    },
    "num_results": 6
  },
  "denoising": {
    "metrics": {
      "mean": 0.5749881257454621,
      "std": 0.08859141822769852,
      "count": 6,
      "values": [
        0.519024483311858,
        0.6257440348016587,
        0.5034687912312975,
        0.45093205119839497,
        0.6563970109342313,
        0.6943623829953319
      ]
    },
    "num_results": 6
  },
  "target_metric_score": 0.5749881257454621,
  "timestamp": "2025-05-31T15:20:24.356455"
}