{
  "experiment_name": "candidate_q_net_0_neuron_40",
  "coalition_neurons": [
    "q_net.0_neuron_35",
    "q_net.0_neuron_29",
    "q_net.0_neuron_40"
  ],
  "patch_config": {
    "q_net.0": [
      35,
      29,
      40
    ]
  },
  "noising": {
    "metrics": {
      "mean": 0.6083507440413479,
      "std": 0.09222213083462746,
      "count": 6,
      "values": [
        0.5278495506370864,
        0.7436431202721802,
        0.5985825385519108,
        0.49156687197696514,
        0.5737458891444377,
        0.7147164936655069
      ]
    },
    "num_results": 6
  },
  "denoising": {
    "metrics": {
      "mean": 0.563180055557567,
      "std": 0.15217071945003288,
      "count": 6,
      "values": [
        0.29057233429532203,
        0.7338674866522191,
        0.5904686052320635,
        0.4666934981628814,
        0.5752839743100786,
        0.7221944346928371
      ]
    },
    "num_results": 6
  },
  "target_metric_score": 0.6083507440413479,
  "timestamp": "2025-05-31T15:20:23.300367"
}