{
  "experiment_name": "candidate_q_net_2_neuron_50",
  "coalition_neurons": [
    "q_net.0_neuron_35",
    "q_net.0_neuron_29",
    "q_net.0_neuron_1",
    "q_net.0_neuron_49",
    "q_net.2_neuron_3",
    "q_net.2_neuron_44",
    "q_net.0_neuron_8",
    "q_net.2_neuron_53",
    "q_net.0_neuron_61",
    "q_net.0_neuron_13",
    "q_net.0_neuron_28",
    "q_net.2_neuron_50"
  ],
  "patch_config": {
    "q_net.0": [
      35,
      29,
      1,
      49,
      8,
      61,
      13,
      28
    ],
    "q_net.2": [
      3,
      44,
      53,
      50
    ]
  },
  "noising": {
    "metrics": {
      "mean": 0.5766682237167363,
      "std": 0.09883340460623741,
      "count": 6,
      "values": [
        0.5418409158341297,
        0.6373282215496374,
        0.42935346570622435,
        0.5257120130268433,
        0.5775936905239946,
        0.7481810356595884
      ]
    },
    "num_results": 6
  },
  "denoising": {
    "metrics": {
      "mean": 0.6379990545050469,
      "std": 0.11746381749834145,
      "count": 6,
      "values": [
        0.6785330881000137,
        0.6210774967722975,
        0.4351192014213525,
        0.7696846085509408,
        0.5587758683874037,
        0.7648040637982729
      ]
    },
    "num_results": 6
  },
  "target_metric_score": 0.6379990545050469,
  "timestamp": "2025-05-31T15:20:27.030241"
}