{
  "experiment_name": "candidate_q_net_0_neuron_4",
  "coalition_neurons": [
    "q_net.0_neuron_35",
    "q_net.0_neuron_29",
    "q_net.0_neuron_1",
    "q_net.0_neuron_49",
    "q_net.2_neuron_3",
    "q_net.2_neuron_44",
    "q_net.0_neuron_8",
    "q_net.2_neuron_53",
    "q_net.0_neuron_61",
    "q_net.0_neuron_13",
    "q_net.0_neuron_28",
    "q_net.2_neuron_16",
    "q_net.0_neuron_14",
    "q_net.2_neuron_43",
    "q_net.2_neuron_33",
    "q_net.0_neuron_9",
    "q_net.2_neuron_22",
    "q_net.0_neuron_42",
    "q_net.0_neuron_40",
    "q_net.0_neuron_48",
    "q_net.0_neuron_54",
    "q_net.2_neuron_5",
    "q_net.2_neuron_32",
    "q_net.2_neuron_13",
    "q_net.2_neuron_10",
    "q_net.0_neuron_3",
    "q_net.0_neuron_47",
    "q_net.0_neuron_20",
    "q_net.0_neuron_38",
    "q_net.0_neuron_4"
  ],
  "patch_config": {
    "q_net.0": [
      35,
      29,
      1,
      49,
      8,
      61,
      13,
      28,
      14,
      9,
      42,
      40,
      48,
      54,
      3,
      47,
      20,
      38,
      4
    ],
    "q_net.2": [
      3,
      44,
      53,
      16,
      43,
      33,
      22,
      5,
      32,
      13,
      10
    ]
  },
  "noising": {
    "metrics": {
      "mean": 0.5571577702286711,
      "std": 0.1351728128246918,
      "count": 6,
      "values": [
        0.5660009765328141,
        0.5378866353271663,
        0.33208720164385624,
        0.7917010056744481,
        0.5157259115715389,
        0.5995448906222026
      ]
    },
    "num_results": 6
  },
  "denoising": {
    "metrics": {
      "mean": 0.5890244448230981,
      "std": 0.16092410482836608,
      "count": 6,
      "values": [
        0.5607240300762455,
        0.5381405026131427,
        0.3274332536318281,
        0.8713558029400694,
        0.5855318086005795,
        0.6509612710767241
      ]
    },
    "num_results": 6
  },
  "target_metric_score": 0.5890244448230981,
  "timestamp": "2025-05-31T15:20:34.715246"
}