{
  "model.buffer_size": 298615,
  "model.learning_starts": 71645,
  "model.batch_size": 86,
  "model.learning_rate": 0.0004499136943514192,
  "model.gamma": 0.8174402259664285,
  "model.train_freq": 45,
  "model.target_update_interval": 4085,
  "model.exploration_fraction": 0.6959309386060784,
  "model.exploration_final_eps": 0.02975527153778013
}