{
  "q_net.4_neuron_3": {
    "patch_configuration": {
      "q_net.4": [
        3
      ]
    },
    "results": {
      "baseline_output": [
        [
          0.507434606552124,
          0.49920427799224854,
          0.35874128341674805,
          0.495315819978714,
          0.5587242841720581
        ]
      ],
      "baseline_action": 4,
      "patched_output": [
        [
          0.507434606552124,
          0.49920427799224854,
          0.35874128341674805,
          0.4359796941280365,
          0.5587242841720581
        ]
      ],
      "patched_action": 4,
      "patched_layers": [
        "q_net.4"
      ],
      "action_changed": "False",
      "patch_configuration": {
        "q_net.4": [
          3
        ]
      }
    },
    "patch_analysis": {
      "output_logit_delta": 0.0,
      "logit_difference_norm": 0.05933612585067749,
      "action_probability_delta": 0.0025305985159762845,
      "kl_divergence": 0.0002802805296154014,
      "reverse_kl_divergence": 0.0002769427726523393,
      "top_action_probability_gap": {
        "gap": 0.0025305985159762845,
        "baseline_top_action": 4,
        "patched_top_action": 4
      },
      "logit_proportion_change": 0.0058060120402482485,
      "euclidean_distance": 0.05933612585067749,
      "chebyshev_distance_excluding_top": {
        "distance": 0.05933612585067749,
        "action": 3
      },
      "directed_saturating_chebyshev": {
        "ratio": 0.0,
        "top_logit_change": 0.0,
        "chebyshev_excl_top": 0.05933612585067749,
        "action": 3
      },
      "undirected_saturating_chebyshev": {
        "ratio": 0.0,
        "top_logit_change": 0.0,
        "chebyshev_excl_top": 0.05933612585067749,
        "action": 3
      },
      "cosine_similarity": 0.9987700881522208,
      "confidence_margin_change": {
        "margin_change": 0.0001265212308256547,
        "baseline_margin": 0.010753048113098296,
        "patched_margin": 0.01087956934392395,
        "top_action": 4,
        "second_action": 0,
        "baseline_top_prob": 0.2150757419892888,
        "baseline_second_prob": 0.2043226938761905,
        "patched_top_prob": 0.2176063405052651,
        "patched_second_prob": 0.20672677116134114
      },
      "confidence_margin_magnitude": {
        "magnitude": 0.0001265212308256547,
        "baseline_margin": 0.010753048113098296,
        "patched_margin": 0.01087956934392395,
        "top_action": 4,
        "second_action": 0
      },
      "pearson_correlation": {
        "correlation": 0.9390101055828949,
        "p_value": 0.017914601773521447
      },
      "reversed_pearson_correlation": {
        "reversed_correlation": 0.06098989441710512,
        "p_value": 0.017914601773521447
      },
      "reversed_undirected_saturating_chebyshev": {
        "ratio": 1.0,
        "top_logit_change": 0.0,
        "chebyshev_excl_top": 0.05933612585067749,
        "action": 3
      },
      "top_logit_delta_magnitude": 0.0,
      "hellinger_distance": 0.008345671323477754,
      "mahalanobis_distance": 0.05933612585067749
    }
  },
  "q_net.4_neurons_2_3": {
    "patch_configuration": {
      "q_net.4": [
        2,
        3
      ]
    },
    "results": {
      "baseline_output": [
        [
          0.507434606552124,
          0.49920427799224854,
          0.35874128341674805,
          0.495315819978714,
          0.5587242841720581
        ]
      ],
      "baseline_action": 4,
      "patched_output": [
        [
          0.507434606552124,
          0.49920427799224854,
          0.48550355434417725,
          0.4359796941280365,
          0.5587242841720581
        ]
      ],
      "patched_action": 4,
      "patched_layers": [
        "q_net.4"
      ],
      "action_changed": "False",
      "patch_configuration": {
        "q_net.4": [
          2,
          3
        ]
      }
    },
    "patch_analysis": {
      "output_logit_delta": 0.0,
      "logit_difference_norm": 0.13996231336201329,
      "action_probability_delta": -0.0025858099754843544,
      "kl_divergence": 0.0017514882334732484,
      "reverse_kl_divergence": 0.0017863472494788779,
      "top_action_probability_gap": {
        "gap": -0.0025858099754843544,
        "baseline_top_action": 4,
        "patched_top_action": 4
      },
      "logit_proportion_change": -0.006261315649774585,
      "euclidean_distance": 0.13996231336201329,
      "chebyshev_distance_excluding_top": {
        "distance": 0.1267622709274292,
        "action": 2
      },
      "directed_saturating_chebyshev": {
        "ratio": 0.0,
        "top_logit_change": 0.0,
        "chebyshev_excl_top": 0.1267622709274292,
        "action": 2
      },
      "undirected_saturating_chebyshev": {
        "ratio": 0.0,
        "top_logit_change": 0.0,
        "chebyshev_excl_top": 0.1267622709274292,
        "action": 2
      },
      "cosine_similarity": 0.9921872049922286,
      "confidence_margin_change": {
        "margin_change": -0.00012928161409805905,
        "baseline_margin": 0.010753048113098296,
        "patched_margin": 0.010623766499000237,
        "top_action": 4,
        "second_action": 0,
        "baseline_top_prob": 0.2150757419892888,
        "baseline_second_prob": 0.2043226938761905,
        "patched_top_prob": 0.21248993201380445,
        "patched_second_prob": 0.2018661655148042
      },
      "confidence_margin_magnitude": {
        "magnitude": 0.00012928161409805905,
        "baseline_margin": 0.010753048113098296,
        "patched_margin": 0.010623766499000237,
        "top_action": 4,
        "second_action": 0
      },
      "pearson_correlation": {
        "correlation": 0.4293760245618786,
        "p_value": 0.47059824821218266
      },
      "reversed_pearson_correlation": {
        "reversed_correlation": 0.5706239754381214,
        "p_value": 0.47059824821218266
      },
      "reversed_undirected_saturating_chebyshev": {
        "ratio": 1.0,
        "top_logit_change": 0.0,
        "chebyshev_excl_top": 0.1267622709274292,
        "action": 2
      },
      "top_logit_delta_magnitude": 0.0,
      "hellinger_distance": 0.021026940304211206,
      "mahalanobis_distance": 0.13996231336201329
    }
  },
  "q_net.4_neurons_2_3_4": {
    "patch_configuration": {
      "q_net.4": [
        2,
        3,
        4
      ]
    },
    "results": {
      "baseline_output": [
        [
          0.507434606552124,
          0.49920427799224854,
          0.35874128341674805,
          0.495315819978714,
          0.5587242841720581
        ]
      ],
      "baseline_action": 4,
      "patched_output": [
        [
          0.507434606552124,
          0.49920427799224854,
          0.48550355434417725,
          0.4359796941280365,
          0.5183006525039673
        ]
      ],
      "patched_action": 4,
      "patched_layers": [
        "q_net.4"
      ],
      "action_changed": "False",
      "patch_configuration": {
        "q_net.4": [
          2,
          3,
          4
        ]
      }
    },
    "patch_analysis": {
      "output_logit_delta": -0.04042363166809082,
      "logit_difference_norm": 0.14568294052113265,
      "action_probability_delta": -0.009271604027806885,
      "kl_divergence": 0.0019916777133127932,
      "reverse_kl_divergence": 0.002038804863989158,
      "top_action_probability_gap": {
        "gap": -0.009271604027806885,
        "baseline_top_action": 4,
        "patched_top_action": 4
      },
      "logit_proportion_change": -0.01907250322759735,
      "euclidean_distance": 0.14568294052113265,
      "chebyshev_distance_excluding_top": {
        "distance": 0.1267622709274292,
        "action": 2
      },
      "directed_saturating_chebyshev": {
        "ratio": -0.24178851814862992,
        "top_logit_change": -0.04042363166809082,
        "chebyshev_excl_top": 0.1267622709274292,
        "action": 2
      },
      "undirected_saturating_chebyshev": {
        "ratio": 0.24178851814862992,
        "top_logit_change": -0.04042363166809082,